  0
SECTION
  2
HEADER
  9
$ACADVER
  1
AC1009
  9
$DWGCODEPAGE
  3
ansi_1252
  9
$INSBASE
 10
0.0
 20
0.0
 30
0.0
  9
$EXTMIN
 10
-280.0
 20
242.9147920927062
 30
0.0
  9
$EXTMAX
 10
-109.0000000045198
 20
362.0000000045189
 30
0.0000000000000004
  9
$LIMMIN
 10
0.0
 20
0.0
  9
$LIMMAX
 10
12.0
 20
9.0
  9
$ORTHOMODE
 70
     0
  9
$REGENMODE
 70
     1
  9
$FILLMODE
 70
     1
  9
$QTEXTMODE
 70
     0
  9
$MIRRTEXT
 70
     1
  9
$DRAGMODE
 70
     2
  9
$LTSCALE
 40
1.0
  9
$OSMODE
 70
    37
  9
$ATTMODE
 70
     1
  9
$TEXTSIZE
 40
0.2
  9
$TRACEWID
 40
0.05
  9
$TEXTSTYLE
  7
STANDARD
  9
$CLAYER
  8
TRACES
  9
$CELTYPE
  6
BYLAYER
  9
$CECOLOR
 62
   256
  9
$DIMSCALE
 40
1.0
  9
$DIMASZ
 40
0.18
  9
$DIMEXO
 40
0.0625
  9
$DIMDLI
 40
0.38
  9
$DIMRND
 40
0.0
  9
$DIMDLE
 40
0.0
  9
$DIMEXE
 40
0.18
  9
$DIMTP
 40
0.0
  9
$DIMTM
 40
0.0
  9
$DIMTXT
 40
0.18
  9
$DIMCEN
 40
0.09
  9
$DIMTSZ
 40
0.0
  9
$DIMTOL
 70
     0
  9
$DIMLIM
 70
     0
  9
$DIMTIH
 70
     1
  9
$DIMTOH
 70
     1
  9
$DIMSE1
 70
     0
  9
$DIMSE2
 70
     0
  9
$DIMTAD
 70
     0
  9
$DIMZIN
 70
     0
  9
$DIMBLK
  1

  9
$DIMASO
 70
     1
  9
$DIMSHO
 70
     1
  9
$DIMPOST
  1

  9
$DIMAPOST
  1

  9
$DIMALT
 70
     0
  9
$DIMALTD
 70
     2
  9
$DIMALTF
 40
25.4
  9
$DIMLFAC
 40
1.0
  9
$DIMTOFL
 70
     0
  9
$DIMTVP
 40
0.0
  9
$DIMTIX
 70
     0
  9
$DIMSOXD
 70
     0
  9
$DIMSAH
 70
     0
  9
$DIMBLK1
  1

  9
$DIMBLK2
  1

  9
$DIMSTYLE
  2
STANDARD_ACAD
  9
$DIMCLRD
 70
     0
  9
$DIMCLRE
 70
     0
  9
$DIMCLRT
 70
     0
  9
$DIMTFAC
 40
1.0
  9
$DIMGAP
 40
0.09
  9
$LUNITS
 70
     2
  9
$LUPREC
 70
     3
  9
$SKETCHINC
 40
0.1
  9
$FILLETRAD
 40
0.0
  9
$AUNITS
 70
     0
  9
$AUPREC
 70
     0
  9
$MENU
  1
.
  9
$ELEVATION
 40
0.0
  9
$PELEVATION
 40
0.0
  9
$THICKNESS
 40
0.0
  9
$LIMCHECK
 70
     0
  9
$CHAMFERA
 40
0.0
  9
$CHAMFERB
 40
0.0
  9
$SKPOLY
 70
     0
  9
$TDCREATE
 40
2461209.608667118
  9
$TDUPDATE
 40
2461209.608678623
  9
$TDINDWG
 40
0.0000000116
  9
$TDUSRTIMER
 40
0.0000000116
  9
$USRTIMER
 70
     1
  9
$ANGBASE
 50
0.0
  9
$ANGDIR
 70
     0
  9
$PDMODE
 70
     0
  9
$PDSIZE
 40
0.0
  9
$PLINEWID
 40
0.0
  9
$COORDS
 70
     1
  9
$SPLFRAME
 70
     0
  9
$SPLINETYPE
 70
     6
  9
$SPLINESEGS
 70
     8
  9
$ATTDIA
 70
     0
  9
$ATTREQ
 70
     1
  9
$HANDLING
 70
     1
  9
$HANDSEED
  5
1469
  9
$SURFTAB1
 70
     6
  9
$SURFTAB2
 70
     6
  9
$SURFTYPE
 70
     6
  9
$SURFU
 70
     6
  9
$SURFV
 70
     6
  9
$UCSNAME
  2

  9
$UCSORG
 10
0.0
 20
0.0
 30
0.0
  9
$UCSXDIR
 10
1.0
 20
0.0
 30
0.0
  9
$UCSYDIR
 10
0.0
 20
1.0
 30
0.0
  9
$PUCSNAME
  2

  9
$PUCSORG
 10
0.0
 20
0.0
 30
0.0
  9
$PUCSXDIR
 10
1.0
 20
0.0
 30
0.0
  9
$PUCSYDIR
 10
0.0
 20
1.0
 30
0.0
  9
$USERI1
 70
     0
  9
$USERI2
 70
     0
  9
$USERI3
 70
     0
  9
$USERI4
 70
     0
  9
$USERI5
 70
     0
  9
$USERR1
 40
0.0
  9
$USERR2
 40
0.0
  9
$USERR3
 40
0.0
  9
$USERR4
 40
0.0
  9
$USERR5
 40
0.0
  9
$WORLDVIEW
 70
     1
  9
$SHADEDGE
 70
     3
  9
$SHADEDIF
 70
    70
  9
$TILEMODE
 70
     1
  9
$MAXACTVP
 70
    64
  9
$PLIMCHECK
 70
     0
  9
$PEXTMIN
 10
1.000000000000000E+20
 20
1.000000000000000E+20
 30
1.000000000000000E+20
  9
$PEXTMAX
 10
-1.000000000000000E+20
 20
-1.000000000000000E+20
 30
-1.000000000000000E+20
  9
$PLIMMIN
 10
0.0
 20
0.0
  9
$PLIMMAX
 10
12.0
 20
9.0
  9
$UNITMODE
 70
     0
  9
$VISRETAIN
 70
     1
  9
$PLINEGEN
 70
     0
  9
$PSLTSCALE
 70
     1
  0
ENDSEC
  0
SECTION
  2
TABLES
  0
TABLE
  2
VPORT
 70
     1
  0
VPORT
  2
*ACTIVE
 70
     0
 10
0.0
 20
0.0
 11
1.0
 21
1.0
 12
10.42990654205607
 22
4.5
 13
0.0
 23
0.0
 14
0.5
 24
0.5
 15
0.5
 25
0.5
 16
0.0
 26
0.0
 36
1.0
 17
0.0
 27
0.0
 37
0.0
 40
9.0
 41
1.972972972850329
 42
50.0
 43
0.0
 44
0.0
 50
0.0
 51
0.0
 71
     0
 72
   100
 73
     1
 74
     3
 75
     0
 76
     0
 77
     0
 78
     0
  0
ENDTAB
  0
TABLE
  2
LTYPE
 70
     1
  0
LTYPE
  2
CONTINUOUS
 70
     0
  3
Solid line
 72
    65
 73
     0
 40
0.0
  0
ENDTAB
  0
TABLE
  2
LAYER
 70
     6
  0
LAYER
  2
0
 70
     0
 62
     7
  6
CONTINUOUS
  0
LAYER
  2
DEFAULT
 70
     0
 62
     7
  6
CONTINUOUS
  0
LAYER
  2
CONNECTIONS
 70
     0
 62
     5
  6
CONTINUOUS
  0
LAYER
  2
MASK
 70
     0
 62
     7
  6
CONTINUOUS
  0
LAYER
  2
HOLES
 70
     0
 62
    12
  6
CONTINUOUS
  0
LAYER
  2
TRACES
 70
     0
 62
    96
  6
CONTINUOUS
  0
ENDTAB
  0
TABLE
  2
STYLE
 70
     2
  0
STYLE
  2
STANDARD
 70
     0
 40
0.0
 41
1.0
 50
0.0
 71
     0
 42
0.2
  3
txt
  4

  0
STYLE
  2
MILLIMETER_SMALL
 70
     0
 40
0.0
 41
1.0
 50
0.0
 71
     0
 42
0.2
  3

  4

  0
ENDTAB
  0
TABLE
  2
VIEW
 70
     0
  0
ENDTAB
  0
TABLE
  2
UCS
 70
     0
  0
ENDTAB
  0
TABLE
  2
APPID
 70
     3
  0
APPID
  2
ACAD
 70
     0
  0
APPID
  2
RHINO
 70
     0
  0
APPID
  2
ACADANNOTATIVE
 70
     0
  0
ENDTAB
  0
TABLE
  2
DIMSTYLE
 70
     1
  0
DIMSTYLE
  2
STANDARD_ACAD
 70
     0
  3

  4

  5

  6

  7

 40
1.0
 41
0.18
 42
0.0625
 43
0.38
 44
0.18
 45
0.0
 46
0.0
 47
0.0
 48
0.0
140
0.18
141
0.09
142
0.0
143
25.4
144
1.0
145
0.0
146
1.0
147
0.09
 71
     0
 72
     0
 73
     1
 74
     1
 75
     0
 76
     0
 77
     0
 78
     0
170
     0
171
     2
172
     0
173
     0
174
     0
175
     0
176
     0
177
     0
178
     0
  0
ENDTAB
  0
ENDSEC
  0
SECTION
  2
BLOCKS
  0
BLOCK
  8
0
  2
$MODEL_SPACE
 70
     0
 10
0.0
 20
0.0
 30
0.0
  3
$MODEL_SPACE
  1

  0
ENDBLK
  5
21
  8
0
  0
BLOCK
 67
     1
  8
0
  2
$PAPER_SPACE
 70
     0
 10
0.0
 20
0.0
 30
0.0
  3
$PAPER_SPACE
  1

  0
ENDBLK
  5
1D
 67
     1
  8
0
  0
ENDSEC
  0
SECTION
  2
ENTITIES
  0
POLYLINE
  5
60
  8
DEFAULT
 66
     1
 10
0.0
 20
0.0
 30
0.0
 70
     1
  0
VERTEX
  5
61
  8
DEFAULT
 10
-241.9280169387985
 20
303.3101679685474
 30
0.0
 42
-0.2840816496169962
  0
VERTEX
  5
62
  8
DEFAULT
 10
-240.9812682740675
 20
301.4323960936167
 30
0.0
  0
VERTEX
  5
63
  8
DEFAULT
 10
-240.9997396579078
 20
301.0510230648547
 30
0.0
 42
-0.1962615682814874
  0
VERTEX
  5
64
  8
DEFAULT
 10
-241.5854219586972
 20
299.6572187284214
 30
0.0
  0
VERTEX
  5
65
  8
DEFAULT
 10
-246.5857864376267
 20
294.6568542494924
 30
0.0
 42
-0.6681786379192356
  0
VERTEX
  5
66
  8
DEFAULT
 10
-249.9999999999999
 20
296.0710678118655
 30
0.0
  0
VERTEX
  5
67
  8
DEFAULT
 10
-250.0
 20
302.0
 30
0.0
 42
-0.4142135623731058
  0
VERTEX
  5
68
  8
DEFAULT
 10
-248.0
 20
304.0
 30
0.0
  0
VERTEX
  5
69
  8
DEFAULT
 10
-243.6421833083959
 20
303.9999999999993
 30
0.0
 42
-0.1298411442899863
  0
VERTEX
  5
6A
  8
DEFAULT
 10
-242.654547074344
 20
303.7391304347821
 30
0.0
  0
SEQEND
  5
6B
  8
DEFAULT
  0
POLYLINE
  5
6C
  8
DEFAULT
 66
     1
 10
0.0
 20
0.0
 30
0.0
 70
     1
  0
VERTEX
  5
6D
  8
DEFAULT
 10
-268.4145780413028
 20
299.6572187284219
 30
0.0
 42
-0.1962615682813894
  0
VERTEX
  5
6E
  8
DEFAULT
 10
-269.0002603420926
 20
301.0510230648536
 30
0.0
  0
VERTEX
  5
6F
  8
DEFAULT
 10
-269.0187317259328
 20
301.4323960936162
 30
0.0
 42
-0.2840816496171192
  0
VERTEX
  5
70
  8
DEFAULT
 10
-268.0719830612024
 20
303.3101679685457
 30
0.0
  0
VERTEX
  5
71
  8
DEFAULT
 10
-267.3454529256561
 20
303.7391304347818
 30
0.0
 42
-0.1298411442899801
  0
VERTEX
  5
72
  8
DEFAULT
 10
-266.3578166916031
 20
303.9999999999993
 30
0.0
  0
VERTEX
  5
73
  8
DEFAULT
 10
-262.0
 20
304.0
 30
0.0
 42
-0.4142135623730981
  0
VERTEX
  5
74
  8
DEFAULT
 10
-260.0000000000001
 20
301.9999999999998
 30
0.0
  0
VERTEX
  5
75
  8
DEFAULT
 10
-260.0
 20
296.0710678118653
 30
0.0
 42
-0.6681786379194004
  0
VERTEX
  5
76
  8
DEFAULT
 10
-263.4142135623725
 20
294.6568542494921
 30
0.0
  0
SEQEND
  5
77
  8
DEFAULT
  0
POLYLINE
  5
78
  8
DEFAULT
 66
     1
 10
0.0
 20
0.0
 30
0.0
 70
     1
  0
VERTEX
  5
79
  8
DEFAULT
 10
-241.5854219586972
 20
264.3427812715779
 30
0.0
 42
-0.1962615682813256
  0
VERTEX
  5
7A
  8
DEFAULT
 10
-240.9997396579074
 20
262.9489769351462
 30
0.0
  0
VERTEX
  5
7B
  8
DEFAULT
 10
-240.9812682740661
 20
262.5676039063842
 30
0.0
 42
-0.2840816496172342
  0
VERTEX
  5
7C
  8
DEFAULT
 10
-241.9280169387976
 20
260.6898320314542
 30
0.0
  0
VERTEX
  5
7D
  8
DEFAULT
 10
-242.6545470743445
 20
260.2608695652182
 30
0.0
 42
-0.1298411442900474
  0
VERTEX
  5
7E
  8
DEFAULT
 10
-243.6421833083959
 20
260.0000000000007
 30
0.0
  0
VERTEX
  5
7F
  8
DEFAULT
 10
-248.0
 20
260.0
 30
0.0
 42
-0.4142135623731744
  0
VERTEX
  5
80
  8
DEFAULT
 10
-250.0
 20
262.0000000000002
 30
0.0
  0
VERTEX
  5
81
  8
DEFAULT
 10
-250.0
 20
267.9289321881342
 30
0.0
 42
-0.6681786379192213
  0
VERTEX
  5
82
  8
DEFAULT
 10
-246.5857864376267
 20
269.3431457505076
 30
0.0
  0
SEQEND
  5
83
  8
DEFAULT
  0
POLYLINE
  5
84
  8
DEFAULT
 66
     1
 10
0.0
 20
0.0
 30
0.0
 70
     1
  0
VERTEX
  5
85
  8
DEFAULT
 10
-266.3578166917196
 20
260.0000000000259
 30
0.0
 42
-0.1298411442894558
  0
VERTEX
  5
86
  8
DEFAULT
 10
-267.345452925766
 20
260.260869565248
 30
0.0
  0
VERTEX
  5
87
  8
DEFAULT
 10
-268.0719830612329
 20
260.6898320314592
 30
0.0
 42
-0.2840816496131015
  0
VERTEX
  5
88
  8
DEFAULT
 10
-269.0187317259333
 20
262.5676039063749
 30
0.0
  0
VERTEX
  5
89
  8
DEFAULT
 10
-269.0002603420925
 20
262.9489769351463
 30
0.0
 42
-0.1962615682812772
  0
VERTEX
  5
8A
  8
DEFAULT
 10
-268.4145780413019
 20
264.3427812715784
 30
0.0
  0
VERTEX
  5
8B
  8
DEFAULT
 10
-263.4142135623724
 20
269.3431457505078
 30
0.0
 42
-0.6681786379195453
  0
VERTEX
  5
8C
  8
DEFAULT
 10
-259.9999999999999
 20
267.9289321881347
 30
0.0
  0
VERTEX
  5
8D
  8
DEFAULT
 10
-260.0
 20
262.0000000000082
 30
0.0
 42
-0.4142135623744089
  0
VERTEX
  5
8E
  8
DEFAULT
 10
-262.0000000000045
 20
260.0000000000054
 30
0.0
  0
SEQEND
  5
8F
  8
DEFAULT
  0
POLYLINE
  5
90
  8
DEFAULT
 66
     1
 10
0.0
 20
0.0
 30
0.0
 70
     1
  0
VERTEX
  5
91
  8
DEFAULT
 10
-276.7391304347821
 20
269.6545470743463
 30
0.0
 42
-0.1298411442900761
  0
VERTEX
  5
92
  8
DEFAULT
 10
-277.0
 20
270.6421833083984
 30
0.0
  0
VERTEX
  5
93
  8
DEFAULT
 10
-277.0
 20
293.3578166916018
 30
0.0
 42
-0.1298411442900205
  0
VERTEX
  5
94
  8
DEFAULT
 10
-276.7391304347821
 20
294.3454529256537
 30
0.0
  0
VERTEX
  5
95
  8
DEFAULT
 10
-276.3101679685457
 20
295.0719830612025
 30
0.0
  0
VERTEX
  5
96
  8
DEFAULT
 10
-276.274725512308
 20
295.127678240565
 30
0.0
  0
VERTEX
  5
97
  8
DEFAULT
 10
-276.2371257590284
 20
295.1826510934378
 30
0.0
  0
VERTEX
  5
98
  8
DEFAULT
 10
-276.1973800562031
 20
295.2367840915391
 30
0.0
  0
VERTEX
  5
99
  8
DEFAULT
 10
-276.1555079000308
 20
295.2899587763185
 30
0.0
  0
VERTEX
  5
9A
  8
DEFAULT
 10
-276.1115371510581
 20
295.342056440245
 30
0.0
  0
VERTEX
  5
9B
  8
DEFAULT
 10
-276.0655041834184
 20
295.392958842859
 30
0.0
  0
VERTEX
  5
9C
  8
DEFAULT
 10
-276.017453962166
 20
295.4425489542128
 30
0.0
  0
VERTEX
  5
9D
  8
DEFAULT
 10
-275.9674400441251
 20
295.4907117174136
 30
0.0
  0
VERTEX
  5
9E
  8
DEFAULT
 10
-275.9155244987497
 20
295.5373348211974
 30
0.0
  0
VERTEX
  5
9F
  8
DEFAULT
 10
-275.8888753021739
 20
295.5600348446595
 30
0.0
  0
VERTEX
  5
A0
  8
DEFAULT
 10
-275.8617777467185
 20
295.5823094728376
 30
0.0
  0
VERTEX
  5
A1
  8
DEFAULT
 10
-275.8342418997118
 20
295.6041457816391
 30
0.0
  0
VERTEX
  5
A2
  8
DEFAULT
 10
-275.8062783153191
 20
295.6255311612449
 30
0.0
  0
VERTEX
  5
A3
  8
DEFAULT
 10
-275.7778980223972
 20
295.6464533386899
 30
0.0
  0
VERTEX
  5
A4
  8
DEFAULT
 10
-275.7491125111055
 20
295.6669003998837
 30
0.0
  0
VERTEX
  5
A5
  8
DEFAULT
 10
-275.7199337183058
 20
295.6868608109947
 30
0.0
  0
VERTEX
  5
A6
  8
DEFAULT
 10
-275.6903740117841
 20
295.7063234391185
 30
0.0
  0
VERTEX
  5
A7
  8
DEFAULT
 10
-275.6604461733368
 20
295.725277572156
 30
0.0
  0
VERTEX
  5
A8
  8
DEFAULT
 10
-275.630163380767
 20
295.7437129378304
 30
0.0
  0
VERTEX
  5
A9
  8
DEFAULT
 10
-275.5995391888443
 20
295.7616197217716
 30
0.0
  0
VERTEX
  5
AA
  8
DEFAULT
 10
-275.5685875092818
 20
295.7789885846046
 30
0.0
  0
VERTEX
  5
AB
  8
DEFAULT
 10
-275.537322589795
 20
295.7958106779794
 30
0.0
  0
VERTEX
  5
AC
  8
DEFAULT
 10
-275.5057589923058
 20
295.8120776594853
 30
0.0
  0
VERTEX
  5
AD
  8
DEFAULT
 10
-275.4739115703638
 20
295.8277817063974
 30
0.0
  0
VERTEX
  5
AE
  8
DEFAULT
 10
-275.4417954458552
 20
295.8429155282075
 30
0.0
  0
VERTEX
  5
AF
  8
DEFAULT
 10
-275.4094259850792
 20
295.8574723778985
 30
0.0
  0
VERTEX
  5
B0
  8
DEFAULT
 10
-275.3768187742692
 20
295.8714460619233
 30
0.0
  0
VERTEX
  5
B1
  8
DEFAULT
 10
-275.3439895946411
 20
295.8848309488603
 30
0.0
  0
VERTEX
  5
B2
  8
DEFAULT
 10
-275.3109543970531
 20
295.8976219767179
 30
0.0
  0
VERTEX
  5
B3
  8
DEFAULT
 10
-275.2777292763606
 20
295.9098146588713
 30
0.0
  0
VERTEX
  5
B4
  8
DEFAULT
 10
-275.2443304455535
 20
295.9214050886172
 30
0.0
  0
VERTEX
  5
B5
  8
DEFAULT
 10
-275.2107742097626
 20
295.9323899423409
 30
0.0
  0
VERTEX
  5
B6
  8
DEFAULT
 10
-275.1770769402186
 20
295.9427664812944
 30
0.0
  0
VERTEX
  5
B7
  8
DEFAULT
 10
-275.1432550482533
 20
295.9525325519913
 30
0.0
  0
VERTEX
  5
B8
  8
DEFAULT
 10
-275.1093249594247
 20
295.9616865852305
 30
0.0
  0
VERTEX
  5
B9
  8
DEFAULT
 10
-275.0753030878516
 20
295.9702275937657
 30
0.0
  0
VERTEX
  5
BA
  8
DEFAULT
 10
-275.0412058108362
 20
295.9781551686436
 30
0.0
  0
VERTEX
  5
BB
  8
DEFAULT
 10
-274.9728502160027
 20
295.9921712420243
 30
0.0
  0
VERTEX
  5
BC
  8
DEFAULT
 10
-274.9043875184085
 20
296.0037428795524
 30
0.0
  0
VERTEX
  5
BD
  8
DEFAULT
 10
-274.8359449244872
 20
296.0128869619996
 30
0.0
  0
VERTEX
  5
BE
  8
DEFAULT
 10
-274.7676467862287
 20
296.0196288469008
 30
0.0
  0
VERTEX
  5
BF
  8
DEFAULT
 10
-274.6996139329748
 20
296.0240019727804
 30
0.0
  0
VERTEX
  5
C0
  8
DEFAULT
 10
-274.6319630588431
 20
296.0260474050355
 30
0.0
  0
VERTEX
  5
C1
  8
DEFAULT
 10
-274.5648061709895
 20
296.0258133316826
 30
0.0
  0
VERTEX
  5
C2
  8
DEFAULT
 10
-274.4982501026495
 20
296.0233545175803
 30
0.0
  0
VERTEX
  5
C3
  8
DEFAULT
 10
-274.432396093616
 20
296.0187317259332
 30
0.0
 42
0.0190979674740268
  0
VERTEX
  5
C4
  8
DEFAULT
 10
-274.0510230648537
 20
296.0002603420924
 30
0.0
 42
-0.1962615682812111
  0
VERTEX
  5
C5
  8
DEFAULT
 10
-272.6572187284216
 20
295.4145780413026
 30
0.0
  0
VERTEX
  5
C6
  8
DEFAULT
 10
-261.585786437627
 20
284.3431457505075
 30
0.0
 42
-0.1989123673796314
  0
VERTEX
  5
C7
  8
DEFAULT
 10
-261.0000000000001
 20
282.9289321881345
 30
0.0
  0
VERTEX
  5
C8
  8
DEFAULT
 10
-261.0000000000002
 20
281.0710678118655
 30
0.0
 42
-0.1989123673797749
  0
VERTEX
  5
C9
  8
DEFAULT
 10
-261.5857864376267
 20
279.6568542494924
 30
0.0
  0
VERTEX
  5
CA
  8
DEFAULT
 10
-272.6572187284216
 20
268.5854219586973
 30
0.0
 42
-0.1962615682817382
  0
VERTEX
  5
CB
  8
DEFAULT
 10
-274.0510230648537
 20
267.9997396579072
 30
0.0
 42
0.019097967473486
  0
VERTEX
  5
CC
  8
DEFAULT
 10
-274.4323960936157
 20
267.9812682740667
 30
0.0
  0
VERTEX
  5
CD
  8
DEFAULT
 10
-274.4982501026492
 20
267.9766454824195
 30
0.0
  0
VERTEX
  5
CE
  8
DEFAULT
 10
-274.5648061709891
 20
267.9741866683172
 30
0.0
  0
VERTEX
  5
CF
  8
DEFAULT
 10
-274.6319630588428
 20
267.9739525949644
 30
0.0
  0
VERTEX
  5
D0
  8
DEFAULT
 10
-274.6996139329746
 20
267.9759980272195
 30
0.0
  0
VERTEX
  5
D1
  8
DEFAULT
 10
-274.7676467862283
 20
267.9803711530992
 30
0.0
  0
VERTEX
  5
D2
  8
DEFAULT
 10
-274.835944924487
 20
267.9871130380003
 30
0.0
  0
VERTEX
  5
D3
  8
DEFAULT
 10
-274.9043875184084
 20
267.9962571204476
 30
0.0
  0
VERTEX
  5
D4
  8
DEFAULT
 10
-274.9728502160025
 20
268.0078287579756
 30
0.0
  0
VERTEX
  5
D5
  8
DEFAULT
 10
-275.0412058108361
 20
268.0218448313563
 30
0.0
  0
VERTEX
  5
D6
  8
DEFAULT
 10
-275.0753030878515
 20
268.0297724062343
 30
0.0
  0
VERTEX
  5
D7
  8
DEFAULT
 10
-275.1093249594247
 20
268.0383134147694
 30
0.0
  0
VERTEX
  5
D8
  8
DEFAULT
 10
-275.1432550482533
 20
268.0474674480086
 30
0.0
  0
VERTEX
  5
D9
  8
DEFAULT
 10
-275.1770769402186
 20
268.0572335187055
 30
0.0
  0
VERTEX
  5
DA
  8
DEFAULT
 10
-275.2107742097625
 20
268.067610057659
 30
0.0
  0
VERTEX
  5
DB
  8
DEFAULT
 10
-275.2443304455535
 20
268.0785949113828
 30
0.0
  0
VERTEX
  5
DC
  8
DEFAULT
 10
-275.2777292763606
 20
268.0901853411287
 30
0.0
  0
VERTEX
  5
DD
  8
DEFAULT
 10
-275.3109543970531
 20
268.1023780232821
 30
0.0
  0
VERTEX
  5
DE
  8
DEFAULT
 10
-275.3439895946412
 20
268.1151690511396
 30
0.0
  0
VERTEX
  5
DF
  8
DEFAULT
 10
-275.3768187742693
 20
268.1285539380765
 30
0.0
  0
VERTEX
  5
E0
  8
DEFAULT
 10
-275.4094259850793
 20
268.1425276221014
 30
0.0
  0
VERTEX
  5
E1
  8
DEFAULT
 10
-275.4417954458552
 20
268.1570844717924
 30
0.0
  0
VERTEX
  5
E2
  8
DEFAULT
 10
-275.4739115703638
 20
268.1722182936025
 30
0.0
  0
VERTEX
  5
E3
  8
DEFAULT
 10
-275.5057589923059
 20
268.1879223405145
 30
0.0
  0
VERTEX
  5
E4
  8
DEFAULT
 10
-275.5373225897951
 20
268.2041893220204
 30
0.0
  0
VERTEX
  5
E5
  8
DEFAULT
 10
-275.568587509282
 20
268.2210114153952
 30
0.0
  0
VERTEX
  5
E6
  8
DEFAULT
 10
-275.5995391888445
 20
268.2383802782282
 30
0.0
  0
VERTEX
  5
E7
  8
DEFAULT
 10
-275.6301633807672
 20
268.2562870621694
 30
0.0
  0
VERTEX
  5
E8
  8
DEFAULT
 10
-275.6604461733369
 20
268.2747224278438
 30
0.0
  0
VERTEX
  5
E9
  8
DEFAULT
 10
-275.6903740117842
 20
268.2936765608814
 30
0.0
  0
VERTEX
  5
EA
  8
DEFAULT
 10
-275.719933718306
 20
268.3131391890051
 30
0.0
  0
VERTEX
  5
EB
  8
DEFAULT
 10
-275.7491125111057
 20
268.3330996001161
 30
0.0
  0
VERTEX
  5
EC
  8
DEFAULT
 10
-275.7778980223974
 20
268.3535466613099
 30
0.0
  0
VERTEX
  5
ED
  8
DEFAULT
 10
-275.8062783153193
 20
268.3744688387548
 30
0.0
  0
VERTEX
  5
EE
  8
DEFAULT
 10
-275.834241899712
 20
268.3958542183607
 30
0.0
  0
VERTEX
  5
EF
  8
DEFAULT
 10
-275.8617777467188
 20
268.4176905271622
 30
0.0
  0
VERTEX
  5
F0
  8
DEFAULT
 10
-275.8888753021743
 20
268.4399651553403
 30
0.0
  0
VERTEX
  5
F1
  8
DEFAULT
 10
-275.91552449875
 20
268.4626651788024
 30
0.0
  0
VERTEX
  5
F2
  8
DEFAULT
 10
-275.9674400441254
 20
268.5092882825862
 30
0.0
  0
VERTEX
  5
F3
  8
DEFAULT
 10
-276.0174539621664
 20
268.5574510457869
 30
0.0
  0
VERTEX
  5
F4
  8
DEFAULT
 10
-276.0655041834187
 20
268.6070411571408
 30
0.0
  0
VERTEX
  5
F5
  8
DEFAULT
 10
-276.1115371510585
 20
268.6579435597548
 30
0.0
  0
VERTEX
  5
F6
  8
DEFAULT
 10
-276.1555079000312
 20
268.7100412236812
 30
0.0
  0
VERTEX
  5
F7
  8
DEFAULT
 10
-276.1973800562035
 20
268.7632159084605
 30
0.0
  0
VERTEX
  5
F8
  8
DEFAULT
 10
-276.2371257590289
 20
268.8173489065618
 30
0.0
  0
VERTEX
  5
F9
  8
DEFAULT
 10
-276.2747255123085
 20
268.8723217594347
 30
0.0
  0
VERTEX
  5
FA
  8
DEFAULT
 10
-276.3101679685463
 20
268.9280169387972
 30
0.0
  0
SEQEND
  5
FB
  8
DEFAULT
  0
POLYLINE
  5
FC
  8
DEFAULT
 66
     1
 10
0.0
 20
0.0
 30
0.0
 70
     1
  0
VERTEX
  5
FD
  8
DEFAULT
 10
-233.260869565217
 20
269.6545470743463
 30
0.0
 42
0.1298411442895995
  0
VERTEX
  5
FE
  8
DEFAULT
 10
-233.0
 20
270.6421833083984
 30
0.0
  0
VERTEX
  5
FF
  8
DEFAULT
 10
-233.0
 20
293.3578166916018
 30
0.0
 42
0.129841144290053
  0
VERTEX
  5
100
  8
DEFAULT
 10
-233.260869565217
 20
294.3454529256537
 30
0.0
  0
VERTEX
  5
101
  8
DEFAULT
 10
-233.6898320314544
 20
295.0719830612025
 30
0.0
  0
VERTEX
  5
102
  8
DEFAULT
 10
-233.7252744876922
 20
295.127678240565
 30
0.0
  0
VERTEX
  5
103
  8
DEFAULT
 10
-233.7628742409718
 20
295.1826510934378
 30
0.0
  0
VERTEX
  5
104
  8
DEFAULT
 10
-233.8026199437971
 20
295.2367840915391
 30
0.0
  0
VERTEX
  5
105
  8
DEFAULT
 10
-233.8444920999694
 20
295.2899587763185
 30
0.0
  0
VERTEX
  5
106
  8
DEFAULT
 10
-233.8884628489421
 20
295.342056440245
 30
0.0
  0
VERTEX
  5
107
  8
DEFAULT
 10
-233.9344958165819
 20
295.392958842859
 30
0.0
  0
VERTEX
  5
108
  8
DEFAULT
 10
-233.9825460378341
 20
295.4425489542128
 30
0.0
  0
VERTEX
  5
109
  8
DEFAULT
 10
-234.0325599558752
 20
295.4907117174136
 30
0.0
  0
VERTEX
  5
10A
  8
DEFAULT
 10
-234.0844755012506
 20
295.5373348211974
 30
0.0
  0
VERTEX
  5
10B
  8
DEFAULT
 10
-234.1111246978262
 20
295.5600348446595
 30
0.0
  0
VERTEX
  5
10C
  8
DEFAULT
 10
-234.1382222532817
 20
295.5823094728376
 30
0.0
  0
VERTEX
  5
10D
  8
DEFAULT
 10
-234.1657581002885
 20
295.6041457816391
 30
0.0
  0
VERTEX
  5
10E
  8
DEFAULT
 10
-234.1937216846811
 20
295.6255311612449
 30
0.0
  0
VERTEX
  5
10F
  8
DEFAULT
 10
-234.2221019776031
 20
295.6464533386899
 30
0.0
  0
VERTEX
  5
110
  8
DEFAULT
 10
-234.2508874888948
 20
295.6669003998837
 30
0.0
  0
VERTEX
  5
111
  8
DEFAULT
 10
-234.2800662816945
 20
295.6868608109947
 30
0.0
  0
VERTEX
  5
112
  8
DEFAULT
 10
-234.3096259882162
 20
295.7063234391185
 30
0.0
  0
VERTEX
  5
113
  8
DEFAULT
 10
-234.3395538266636
 20
295.725277572156
 30
0.0
  0
VERTEX
  5
114
  8
DEFAULT
 10
-234.3698366192332
 20
295.7437129378304
 30
0.0
  0
VERTEX
  5
115
  8
DEFAULT
 10
-234.4004608111559
 20
295.7616197217716
 30
0.0
  0
VERTEX
  5
116
  8
DEFAULT
 10
-234.4314124907184
 20
295.7789885846046
 30
0.0
  0
VERTEX
  5
117
  8
DEFAULT
 10
-234.4626774102053
 20
295.7958106779794
 30
0.0
  0
VERTEX
  5
118
  8
DEFAULT
 10
-234.4942410076945
 20
295.8120776594853
 30
0.0
  0
VERTEX
  5
119
  8
DEFAULT
 10
-234.5260884296365
 20
295.8277817063974
 30
0.0
  0
VERTEX
  5
11A
  8
DEFAULT
 10
-234.5582045541451
 20
295.8429155282075
 30
0.0
  0
VERTEX
  5
11B
  8
DEFAULT
 10
-234.590574014921
 20
295.8574723778985
 30
0.0
  0
VERTEX
  5
11C
  8
DEFAULT
 10
-234.623181225731
 20
295.8714460619233
 30
0.0
  0
VERTEX
  5
11D
  8
DEFAULT
 10
-234.6560104053591
 20
295.8848309488603
 30
0.0
  0
VERTEX
  5
11E
  8
DEFAULT
 10
-234.6890456029471
 20
295.8976219767179
 30
0.0
  0
VERTEX
  5
11F
  8
DEFAULT
 10
-234.7222707236398
 20
295.9098146588713
 30
0.0
  0
VERTEX
  5
120
  8
DEFAULT
 10
-234.7556695544467
 20
295.9214050886172
 30
0.0
  0
VERTEX
  5
121
  8
DEFAULT
 10
-234.7892257902376
 20
295.9323899423409
 30
0.0
  0
VERTEX
  5
122
  8
DEFAULT
 10
-234.8229230597816
 20
295.9427664812944
 30
0.0
  0
VERTEX
  5
123
  8
DEFAULT
 10
-234.856744951747
 20
295.9525325519913
 30
0.0
  0
VERTEX
  5
124
  8
DEFAULT
 10
-234.8906750405754
 20
295.9616865852305
 30
0.0
  0
VERTEX
  5
125
  8
DEFAULT
 10
-234.9246969121485
 20
295.9702275937657
 30
0.0
  0
VERTEX
  5
126
  8
DEFAULT
 10
-234.9587941891639
 20
295.9781551686436
 30
0.0
  0
VERTEX
  5
127
  8
DEFAULT
 10
-235.0271497839975
 20
295.9921712420243
 30
0.0
  0
VERTEX
  5
128
  8
DEFAULT
 10
-235.0956124815916
 20
296.0037428795524
 30
0.0
  0
VERTEX
  5
129
  8
DEFAULT
 10
-235.1640550755131
 20
296.0128869619996
 30
0.0
  0
VERTEX
  5
12A
  8
DEFAULT
 10
-235.2323532137716
 20
296.0196288469008
 30
0.0
  0
VERTEX
  5
12B
  8
DEFAULT
 10
-235.3003860670254
 20
296.0240019727804
 30
0.0
  0
VERTEX
  5
12C
  8
DEFAULT
 10
-235.3680369411571
 20
296.0260474050355
 30
0.0
  0
VERTEX
  5
12D
  8
DEFAULT
 10
-235.4351938290107
 20
296.0258133316826
 30
0.0
  0
VERTEX
  5
12E
  8
DEFAULT
 10
-235.5017498973506
 20
296.0233545175803
 30
0.0
  0
VERTEX
  5
12F
  8
DEFAULT
 10
-235.5676039063841
 20
296.0187317259332
 30
0.0
 42
-0.019097967474114
  0
VERTEX
  5
130
  8
DEFAULT
 10
-235.9489769351463
 20
296.0002603420924
 30
0.0
 42
0.1962615682809901
  0
VERTEX
  5
131
  8
DEFAULT
 10
-237.3427812715784
 20
295.4145780413026
 30
0.0
  0
VERTEX
  5
132
  8
DEFAULT
 10
-248.4142135623731
 20
284.3431457505075
 30
0.0
 42
0.1989123673796658
  0
VERTEX
  5
133
  8
DEFAULT
 10
-249.0
 20
282.9289321881345
 30
0.0
  0
VERTEX
  5
134
  8
DEFAULT
 10
-248.9999999999997
 20
281.0710678118655
 30
0.0
 42
0.1989123673797628
  0
VERTEX
  5
135
  8
DEFAULT
 10
-248.4142135623724
 20
279.6568542494924
 30
0.0
  0
VERTEX
  5
136
  8
DEFAULT
 10
-237.3427812715775
 20
268.5854219586973
 30
0.0
 42
0.1962615682816866
  0
VERTEX
  5
137
  8
DEFAULT
 10
-235.9489769351463
 20
267.9997396579073
 30
0.0
 42
-0.0190979674735747
  0
VERTEX
  5
138
  8
DEFAULT
 10
-235.5676039063847
 20
267.9812682740667
 30
0.0
  0
VERTEX
  5
139
  8
DEFAULT
 10
-235.5017498973512
 20
267.9766454824195
 30
0.0
  0
VERTEX
  5
13A
  8
DEFAULT
 10
-235.4351938290113
 20
267.9741866683172
 30
0.0
  0
VERTEX
  5
13B
  8
DEFAULT
 10
-235.3680369411576
 20
267.9739525949644
 30
0.0
  0
VERTEX
  5
13C
  8
DEFAULT
 10
-235.3003860670259
 20
267.9759980272195
 30
0.0
  0
VERTEX
  5
13D
  8
DEFAULT
 10
-235.2323532137721
 20
267.9803711530992
 30
0.0
  0
VERTEX
  5
13E
  8
DEFAULT
 10
-235.1640550755135
 20
267.9871130380003
 30
0.0
  0
VERTEX
  5
13F
  8
DEFAULT
 10
-235.0956124815922
 20
267.9962571204476
 30
0.0
  0
VERTEX
  5
140
  8
DEFAULT
 10
-235.027149783998
 20
268.0078287579756
 30
0.0
  0
VERTEX
  5
141
  8
DEFAULT
 10
-234.9587941891645
 20
268.0218448313563
 30
0.0
  0
VERTEX
  5
142
  8
DEFAULT
 10
-234.924696912149
 20
268.0297724062343
 30
0.0
  0
VERTEX
  5
143
  8
DEFAULT
 10
-234.890675040576
 20
268.0383134147694
 30
0.0
  0
VERTEX
  5
144
  8
DEFAULT
 10
-234.8567449517475
 20
268.0474674480086
 30
0.0
  0
VERTEX
  5
145
  8
DEFAULT
 10
-234.8229230597821
 20
268.0572335187055
 30
0.0
  0
VERTEX
  5
146
  8
DEFAULT
 10
-234.789225790238
 20
268.067610057659
 30
0.0
  0
VERTEX
  5
147
  8
DEFAULT
 10
-234.7556695544471
 20
268.0785949113828
 30
0.0
  0
VERTEX
  5
148
  8
DEFAULT
 10
-234.7222707236402
 20
268.0901853411287
 30
0.0
  0
VERTEX
  5
149
  8
DEFAULT
 10
-234.6890456029475
 20
268.1023780232821
 30
0.0
  0
VERTEX
  5
14A
  8
DEFAULT
 10
-234.6560104053594
 20
268.1151690511396
 30
0.0
  0
VERTEX
  5
14B
  8
DEFAULT
 10
-234.6231812257313
 20
268.1285539380765
 30
0.0
  0
VERTEX
  5
14C
  8
DEFAULT
 10
-234.5905740149213
 20
268.1425276221014
 30
0.0
  0
VERTEX
  5
14D
  8
DEFAULT
 10
-234.5582045541454
 20
268.1570844717924
 30
0.0
  0
VERTEX
  5
14E
  8
DEFAULT
 10
-234.5260884296368
 20
268.1722182936025
 30
0.0
  0
VERTEX
  5
14F
  8
DEFAULT
 10
-234.4942410076947
 20
268.1879223405145
 30
0.0
  0
VERTEX
  5
150
  8
DEFAULT
 10
-234.4626774102055
 20
268.2041893220204
 30
0.0
  0
VERTEX
  5
151
  8
DEFAULT
 10
-234.4314124907186
 20
268.2210114153952
 30
0.0
  0
VERTEX
  5
152
  8
DEFAULT
 10
-234.4004608111561
 20
268.2383802782282
 30
0.0
  0
VERTEX
  5
153
  8
DEFAULT
 10
-234.3698366192334
 20
268.2562870621694
 30
0.0
  0
VERTEX
  5
154
  8
DEFAULT
 10
-234.3395538266637
 20
268.2747224278438
 30
0.0
  0
VERTEX
  5
155
  8
DEFAULT
 10
-234.3096259882164
 20
268.2936765608814
 30
0.0
  0
VERTEX
  5
156
  8
DEFAULT
 10
-234.2800662816947
 20
268.3131391890051
 30
0.0
  0
VERTEX
  5
157
  8
DEFAULT
 10
-234.250887488895
 20
268.3330996001161
 30
0.0
  0
VERTEX
  5
158
  8
DEFAULT
 10
-234.2221019776032
 20
268.3535466613099
 30
0.0
  0
VERTEX
  5
159
  8
DEFAULT
 10
-234.1937216846812
 20
268.3744688387548
 30
0.0
  0
VERTEX
  5
15A
  8
DEFAULT
 10
-234.1657581002886
 20
268.3958542183607
 30
0.0
  0
VERTEX
  5
15B
  8
DEFAULT
 10
-234.1382222532818
 20
268.4176905271622
 30
0.0
  0
VERTEX
  5
15C
  8
DEFAULT
 10
-234.1111246978264
 20
268.4399651553403
 30
0.0
  0
VERTEX
  5
15D
  8
DEFAULT
 10
-234.0844755012506
 20
268.4626651788024
 30
0.0
  0
VERTEX
  5
15E
  8
DEFAULT
 10
-234.0325599558752
 20
268.5092882825862
 30
0.0
  0
VERTEX
  5
15F
  8
DEFAULT
 10
-233.9825460378341
 20
268.5574510457869
 30
0.0
  0
VERTEX
  5
160
  8
DEFAULT
 10
-233.9344958165817
 20
268.6070411571408
 30
0.0
  0
VERTEX
  5
161
  8
DEFAULT
 10
-233.8884628489419
 20
268.6579435597548
 30
0.0
  0
VERTEX
  5
162
  8
DEFAULT
 10
-233.8444920999692
 20
268.7100412236812
 30
0.0
  0
VERTEX
  5
163
  8
DEFAULT
 10
-233.8026199437969
 20
268.7632159084605
 30
0.0
  0
VERTEX
  5
164
  8
DEFAULT
 10
-233.7628742409715
 20
268.8173489065618
 30
0.0
  0
VERTEX
  5
165
  8
DEFAULT
 10
-233.7252744876919
 20
268.8723217594347
 30
0.0
  0
VERTEX
  5
166
  8
DEFAULT
 10
-233.6898320314541
 20
268.9280169387972
 30
0.0
  0
SEQEND
  5
167
  8
DEFAULT
  0
CIRCLE
  5
169
  8
CONNECTIONS
 10
-273.7383297029519
 20
300.7383296999355
 30
0.0
 40
1.500000000000013
  0
CIRCLE
  5
16A
  8
CONNECTIONS
 10
-236.2616702970472
 20
300.7383296999355
 30
0.0
 40
1.50000000000001
  0
CIRCLE
  5
16B
  8
CONNECTIONS
 10
-236.2616703000622
 20
263.2616702970463
 30
0.0
 40
1.50000000000008
  0
CIRCLE
  5
16C
  8
CONNECTIONS
 10
-273.738329699936
 20
263.2616702970463
 30
0.0
 40
1.500000000000326
  0
POLYLINE
  5
16D
  8
DEFAULT
 66
     1
 10
0.0
 20
0.0
 30
0.0
 70
     1
  0
VERTEX
  5
16E
  8
DEFAULT
 10
-247.5358983848612
 20
257.0
 30
0.0
 42
-0.2679491924309851
  0
VERTEX
  5
16F
  8
DEFAULT
 10
-250.1339745962141
 20
258.4999999999981
 30
0.0
 42
0.2679491924304311
  0
VERTEX
  5
170
  8
DEFAULT
 10
-250.9999999999982
 20
258.9999999999968
 30
0.0
  0
VERTEX
  5
171
  8
DEFAULT
 10
-259.0
 20
258.9999999999968
 30
0.0
 42
0.4142135623729785
  0
VERTEX
  5
172
  8
DEFAULT
 10
-260.0
 20
257.9999999999968
 30
0.0
 42
-0.4142135623731109
  0
VERTEX
  5
173
  8
DEFAULT
 10
-261.0
 20
256.999999999997
 30
0.0
  0
VERTEX
  5
174
  8
DEFAULT
 10
-266.8743420870433
 20
257.0
 30
0.0
 42
-0.1243688756261289
  0
VERTEX
  5
175
  8
DEFAULT
 10
-268.2992631374887
 20
257.3600000000006
 30
0.0
 42
-0.0411682485955703
  0
VERTEX
  5
176
  8
DEFAULT
 10
-272.1565236986617
 20
259.8718800035477
 30
0.0
 42
0.1549822773063393
  0
VERTEX
  5
177
  8
DEFAULT
 10
-273.8613320222521
 20
260.4980430261119
 30
0.0
 42
-0.3883924295854644
  0
VERTEX
  5
178
  8
DEFAULT
 10
-276.50195697085
 20
263.1386679742853
 30
0.0
 42
0.1549822773062605
  0
VERTEX
  5
179
  8
DEFAULT
 10
-277.1281199936887
 20
264.8434762977742
 30
0.0
 42
-0.0411682486360768
  0
VERTEX
  5
17A
  8
DEFAULT
 10
-279.6399999999999
 20
268.7007368625132
 30
0.0
 42
-0.1243688756257575
  0
VERTEX
  5
17B
  8
DEFAULT
 10
-280.0
 20
270.1256579129581
 30
0.0
  0
VERTEX
  5
17C
  8
DEFAULT
 10
-280.0
 20
293.8743420870389
 30
0.0
 42
-0.1243688756260879
  0
VERTEX
  5
17D
  8
DEFAULT
 10
-279.6399999999996
 20
295.2992631374836
 30
0.0
 42
-0.0411682485991776
  0
VERTEX
  5
17E
  8
DEFAULT
 10
-277.1281199962173
 20
299.1565236989601
 30
0.0
 42
0.1549822772945426
  0
VERTEX
  5
17F
  8
DEFAULT
 10
-276.5019569736359
 20
300.8613320224047
 30
0.0
 42
-0.3883924295515667
  0
VERTEX
  5
180
  8
DEFAULT
 10
-273.8613320258657
 20
303.5019569706
 30
0.0
 42
0.1549822772946196
  0
VERTEX
  5
181
  8
DEFAULT
 10
-272.1565237025214
 20
304.1281199934559
 30
0.0
 42
-0.041168248639501
  0
VERTEX
  5
182
  8
DEFAULT
 10
-268.2992631374825
 20
306.6399999999999
 30
0.0
 42
-0.1243688756258945
  0
VERTEX
  5
183
  8
DEFAULT
 10
-266.8743420870378
 20
307.0
 30
0.0
  0
VERTEX
  5
184
  8
DEFAULT
 10
-261.0
 20
307.0
 30
0.0
 42
-0.4142135623731186
  0
VERTEX
  5
185
  8
DEFAULT
 10
-260.0
 20
306.0
 30
0.0
 42
0.4142135623730382
  0
VERTEX
  5
186
  8
DEFAULT
 10
-259.0
 20
304.9999999999999
 30
0.0
  0
VERTEX
  5
187
  8
DEFAULT
 10
-250.9999999999982
 20
305.0
 30
0.0
 42
0.4142135623729428
  0
VERTEX
  5
188
  8
DEFAULT
 10
-249.9999999999982
 20
306.0
 30
0.0
 42
-0.4142135623730107
  0
VERTEX
  5
189
  8
DEFAULT
 10
-248.9999999999982
 20
307.0000000000001
 30
0.0
  0
VERTEX
  5
18A
  8
DEFAULT
 10
-243.1256579129613
 20
307.0
 30
0.0
 42
-0.1243688756257628
  0
VERTEX
  5
18B
  8
DEFAULT
 10
-241.7007368625164
 20
306.6399999999999
 30
0.0
 42
-0.0411682486151095
  0
VERTEX
  5
18C
  8
DEFAULT
 10
-237.84347629963
 20
304.1281199951254
 30
0.0
 42
0.1549822773790076
  0
VERTEX
  5
18D
  8
DEFAULT
 10
-236.1386679752363
 20
303.5019569723918
 30
0.0
 42
-0.3883924297973061
  0
VERTEX
  5
18E
  8
DEFAULT
 10
-233.4980430245713
 20
300.8613320213022
 30
0.0
 42
0.1549822773790193
  0
VERTEX
  5
18F
  8
DEFAULT
 10
-232.8718800021122
 20
299.1565236968079
 30
0.0
 42
-0.0411682485746178
  0
VERTEX
  5
190
  8
DEFAULT
 10
-230.359999999999
 20
295.2992631374836
 30
0.0
 42
-0.1243688756258871
  0
VERTEX
  5
191
  8
DEFAULT
 10
-229.9999999999991
 20
293.8743420870392
 30
0.0
  0
VERTEX
  5
192
  8
DEFAULT
 10
-229.9999999999991
 20
270.1256579129579
 30
0.0
 42
-0.1243688756261347
  0
VERTEX
  5
193
  8
DEFAULT
 10
-230.359999999999
 20
268.7007368625132
 30
0.0
 42
-0.0411682485561349
  0
VERTEX
  5
194
  8
DEFAULT
 10
-232.8718800008397
 20
264.8434763048286
 30
0.0
 42
0.1549822775829409
  0
VERTEX
  5
195
  8
DEFAULT
 10
-233.4980430232788
 20
263.1386679779007
 30
0.0
 42
-0.3883924303910922
  0
VERTEX
  5
196
  8
DEFAULT
 10
-236.1386679813614
 20
260.4980430202436
 30
0.0
 42
0.1549822775830808
  0
VERTEX
  5
197
  8
DEFAULT
 10
-237.8434763083912
 20
259.8718799980786
 30
0.0
 42
-0.0411682485158043
  0
VERTEX
  5
198
  8
DEFAULT
 10
-241.70073686251
 20
257.3600000000001
 30
0.0
 42
-0.1243688756261191
  0
VERTEX
  5
199
  8
DEFAULT
 10
-243.1256579129549
 20
257.0
 30
0.0
  0
SEQEND
  5
19A
  8
DEFAULT
  0
POLYLINE
  5
19C
  8
MASK
 66
     1
 10
0.0
 20
0.0
 30
0.0
 70
     1
  0
VERTEX
  5
19D
  8
MASK
 10
-164.4793226318884
 20
344.0961617692903
 30
0.0
  0
VERTEX
  5
19E
  8
MASK
 10
-164.4793226318884
 20
329.8824433125028
 30
0.0
  0
VERTEX
  5
19F
  8
MASK
 10
-160.5618820727264
 20
329.8824433125028
 30
0.0
  0
VERTEX
  5
1A0
  8
MASK
 10
-160.5618820727264
 20
344.0961617692903
 30
0.0
  0
SEQEND
  5
1A1
  8
MASK
  0
POLYLINE
  5
1A2
  8
MASK
 66
     1
 10
0.0
 20
0.0
 30
0.0
 70
     1
  0
VERTEX
  5
1A3
  8
MASK
 10
-160.5673627835606
 20
341.7837106173399
 30
0.0
  0
VERTEX
  5
1A4
  8
MASK
 10
-160.5673627835606
 20
332.1948944644532
 30
0.0
  0
VERTEX
  5
1A5
  8
MASK
 10
-152.7210298948007
 20
332.1948944644532
 30
0.0
  0
VERTEX
  5
1A6
  8
MASK
 10
-152.7210298948007
 20
341.7837106173399
 30
0.0
  0
SEQEND
  5
1A7
  8
MASK
  0
POLYLINE
  5
1A8
  8
MASK
 66
     1
 10
0.0
 20
0.0
 30
0.0
 70
     1
  0
VERTEX
  5
1A9
  8
MASK
 10
-142.365886476387
 20
314.8314147827061
 30
0.0
  0
VERTEX
  5
1AA
  8
MASK
 10
-133.6322347651829
 20
314.8314147827061
 30
0.0
  0
VERTEX
  5
1AB
  8
MASK
 10
-133.6322347651829
 20
322.3597457202402
 30
0.0
  0
VERTEX
  5
1AC
  8
MASK
 10
-142.365886476387
 20
322.3597457202402
 30
0.0
  0
SEQEND
  5
1AD
  8
MASK
  0
TEXT
  5
1AF
  8
MASK
 10
-138.3207963933881
 20
345.6447063713529
 30
0.0
 40
1.5
  1
VCC
  7
MILLIMETER_SMALL
1001
ACADANNOTATIVE
1000
AnnotativeData
1002
{
1070
     1
1070
     0
1002
}
  0
TEXT
  5
1B0
  8
MASK
 10
-138.626600741214
 20
350.7247063713531
 30
0.0
 40
1.5
  1
GND
  7
MILLIMETER_SMALL
1001
ACADANNOTATIVE
1000
AnnotativeData
1002
{
1070
     1
1070
     0
1002
}
  0
TEXT
  5
1B1
  8
MASK
 10
-150.877350741214
 20
327.8842063713532
 30
0.0
 40
1.5
  1
8
  7
MILLIMETER_SMALL
1001
ACADANNOTATIVE
1000
AnnotativeData
1002
{
1070
     1
1070
     0
1002
}
  0
TEXT
  5
1B2
  8
MASK
 10
-150.890850741214
 20
330.4302063713532
 30
0.0
 40
1.5
  1
7
  7
MILLIMETER_SMALL
1001
ACADANNOTATIVE
1000
AnnotativeData
1002
{
1070
     1
1070
     0
1002
}
  0
TEXT
  5
1B3
  8
MASK
 10
-153.0012380007018
 20
333.0838236152513
 30
0.0
 40
2.5
  1
LED
 50
89.99999999999943
  7
MILLIMETER_SMALL
1001
ACADANNOTATIVE
1000
AnnotativeData
1002
{
1070
     1
1070
     0
1002
}
  0
TEXT
  5
1B4
  8
MASK
 10
-150.7782028174184
 20
338.1000000015073
 30
0.0
 40
1.5
  1
V
 50
180.0
  7
MILLIMETER_SMALL
1001
ACADANNOTATIVE
1000
AnnotativeData
1002
{
1070
     1
1070
     0
1002
}
  0
TEXT
  5
1B5
  8
MASK
 10
-137.5855622728874
 20
325.4848688530635
 30
0.0000000000000001
 40
1.5
  1
V
 50
315.0000000000001
  7
MILLIMETER_SMALL
1001
ACADANNOTATIVE
1000
AnnotativeData
1002
{
1070
     1
1070
     0
1002
}
  0
TEXT
  5
1B6
  8
MASK
 10
-125.1956521724041
 20
340.3019347871311
 30
0.0000000000000001
 40
1.5
  1
V
 50
270.0000000000022
  7
MILLIMETER_SMALL
1001
ACADANNOTATIVE
1000
AnnotativeData
1002
{
1070
     1
1070
     0
1002
}
  0
POLYLINE
  5
1B7
  8
MASK
 66
     1
 10
0.0
 20
0.0
 30
0.0
 70
     1
  0
VERTEX
  5
1B8
  8
MASK
 10
-148.4829920455621
 20
358.0661302843965
 30
0.0
  0
VERTEX
  5
1B9
  8
MASK
 10
-148.4829920455621
 20
324.0661302843965
 30
0.0
  0
VERTEX
  5
1BA
  8
MASK
 10
-129.4829920455621
 20
324.0661302843965
 30
0.0
  0
VERTEX
  5
1BB
  8
MASK
 10
-129.4829920455621
 20
358.0661302843965
 30
0.0
  0
SEQEND
  5
1BC
  8
MASK
  0
POLYLINE
  5
1BD
  8
DEFAULT
 66
     1
 10
0.0
 20
0.0
 30
0.0
 70
     1
  0
VERTEX
  5
1BE
  8
DEFAULT
 10
-149.8743420825153
 20
312.0000000045189
 30
0.0
 42
-0.1243688756258555
  0
VERTEX
  5
1BF
  8
DEFAULT
 10
-151.2992631329603
 20
312.360000004519
 30
0.0
 42
-0.0411682485747763
  0
VERTEX
  5
1C0
  8
DEFAULT
 10
-155.1565236922866
 20
314.8718800066327
 30
0.0
 42
0.1549822773790353
  0
VERTEX
  5
1C1
  8
DEFAULT
 10
-156.861332016781
 20
315.4980430290919
 30
0.0
 42
-0.3883924297971948
  0
VERTEX
  5
1C2
  8
DEFAULT
 10
-159.5019569678705
 20
318.1386679797569
 30
0.0
 42
0.1549822773790355
  0
VERTEX
  5
1C3
  8
DEFAULT
 10
-160.1281199906043
 20
319.8434763041495
 30
0.0
 42
-0.3422534837141475
  0
VERTEX
  5
1C4
  8
DEFAULT
 10
-160.1281199906038
 20
354.1565237048917
 30
0.0
 42
0.1549822773788876
  0
VERTEX
  5
1C5
  8
DEFAULT
 10
-159.5019569678698
 20
355.8613320292839
 30
0.0
 42
-0.3883924297972151
  0
VERTEX
  5
1C6
  8
DEFAULT
 10
-156.8613320167819
 20
358.5019569799474
 30
0.0
 42
0.1549822773790457
  0
VERTEX
  5
1C7
  8
DEFAULT
 10
-155.1565236922885
 20
359.1281200024069
 30
0.0
 42
-0.0411682485746361
  0
VERTEX
  5
1C8
  8
DEFAULT
 10
-151.2992631329667
 20
361.6400000045188
 30
0.0
 42
-0.1243688756261557
  0
VERTEX
  5
1C9
  8
DEFAULT
 10
-149.8743420825217
 20
362.0000000045189
 30
0.0
  0
VERTEX
  5
1CA
  8
DEFAULT
 10
-125.8399436227191
 20
362.0000000045189
 30
0.0
 42
-0.12436887562616
  0
VERTEX
  5
1CB
  8
DEFAULT
 10
-124.4150225722741
 20
361.6400000045188
 30
0.0
 42
-0.0411682485746225
  0
VERTEX
  5
1CC
  8
DEFAULT
 10
-120.5577620129524
 20
359.1281200024068
 30
0.0
 42
0.154982277379021
  0
VERTEX
  5
1CD
  8
DEFAULT
 10
-118.852953688459
 20
358.5019569799473
 30
0.0
 42
-0.3883924297972275
  0
VERTEX
  5
1CE
  8
DEFAULT
 10
-116.212328737371
 20
355.8613320292839
 30
0.0
 42
0.1549822773788321
  0
VERTEX
  5
1CF
  8
DEFAULT
 10
-115.5861657146371
 20
354.1565237048915
 30
0.0
 42
-0.3422534837141477
  0
VERTEX
  5
1D0
  8
DEFAULT
 10
-115.5861657146366
 20
319.8434763041495
 30
0.0
 42
0.1549822773790129
  0
VERTEX
  5
1D1
  8
DEFAULT
 10
-116.2123287373704
 20
318.1386679797569
 30
0.0
 42
-0.3883924297972034
  0
VERTEX
  5
1D2
  8
DEFAULT
 10
-118.8529536884599
 20
315.4980430290919
 30
0.0
 42
0.1549822773790383
  0
VERTEX
  5
1D3
  8
DEFAULT
 10
-120.5577620129543
 20
314.8718800066327
 30
0.0
 42
-0.0411682485747608
  0
VERTEX
  5
1D4
  8
DEFAULT
 10
-124.4150225722806
 20
312.3600000045191
 30
0.0
 42
-0.1243688756258565
  0
VERTEX
  5
1D5
  8
DEFAULT
 10
-125.8399436227255
 20
312.0000000045189
 30
0.0
  0
SEQEND
  5
1D6
  8
DEFAULT
  0
CIRCLE
  5
1D7
  8
DEFAULT
 10
-156.7383296954144
 20
318.2616703015687
 30
0.0
 40
1.499999999999537
  0
CIRCLE
  5
1D8
  8
DEFAULT
 10
-119.2616702955406
 20
355.7383297074726
 30
0.0
 40
1.500000000000241
  0
CIRCLE
  5
1D9
  8
DEFAULT
 10
-156.7383296984295
 20
355.7383297044576
 30
0.0
 40
1.500000000000018
  0
CIRCLE
  5
1DA
  8
DEFAULT
 10
-119.2616702955406
 20
318.2616703015686
 30
0.0
 40
1.499999999243699
  0
CIRCLE
  5
1DC
  8
HOLES
 10
-162.4599999984919
 20
342.9609879405915
 30
0.0
 40
0.5
  0
CIRCLE
  5
1DD
  8
HOLES
 10
-162.4599999984919
 20
331.1100000015075
 30
0.0
 40
0.5
  0
CIRCLE
  5
1DE
  8
HOLES
 10
-137.9999999984918
 20
318.0000000015074
 30
0.0
 40
0.5
  0
CIRCLE
  5
1DF
  8
HOLES
 10
-140.5399999984918
 20
318.0000000015074
 30
0.0
 40
0.5
  0
CIRCLE
  5
1E0
  8
HOLES
 10
-135.4599999984919
 20
318.0000000015074
 30
0.0
 40
0.5
  0
CIRCLE
  5
1E1
  8
HOLES
 10
-157.4599999984919
 20
334.4600000015074
 30
0.0
 40
0.5
  0
CIRCLE
  5
1E2
  8
HOLES
 10
-157.4599999984919
 20
339.5400000015073
 30
0.0
 40
0.5
  0
CIRCLE
  5
1E3
  8
HOLES
 10
-157.4599999984919
 20
337.0000000015074
 30
0.0
 40
0.5
  0
POLYLINE
  5
1E4
  8
DEFAULT
 66
     1
 10
0.0
 20
0.0
 30
0.0000000000000004
 70
     1
  0
VERTEX
  5
1E5
  8
DEFAULT
 10
-133.4999999954775
 20
341.0000000045225
 30
0.0000000000000004
  0
VERTEX
  5
1E6
  8
DEFAULT
 10
-142.4999999954775
 20
341.0000000045225
 30
0.0000000000000004
  0
VERTEX
  5
1E7
  8
DEFAULT
 10
-142.4999999954775
 20
331.2500000045225
 30
0.0000000000000004
  0
VERTEX
  5
1E8
  8
DEFAULT
 10
-133.4999999954775
 20
331.2500000045225
 30
0.0000000000000004
  0
SEQEND
  5
1E9
  8
DEFAULT
  0
CIRCLE
  5
1EA
  8
HOLES
 10
-131.3799999984919
 20
346.3500000015073
 30
0.0
 40
0.43
  0
CIRCLE
  5
1EB
  8
HOLES
 10
-131.3799999984919
 20
326.0300000015073
 30
0.0
 40
0.43
  0
CIRCLE
  5
1EC
  8
HOLES
 10
-131.3799999984919
 20
353.9700000015074
 30
0.0
 40
0.43
  0
CIRCLE
  5
1ED
  8
HOLES
 10
-131.3799999984919
 20
351.4300000015074
 30
0.0
 40
0.43
  0
CIRCLE
  5
1EE
  8
HOLES
 10
-146.6199999984917
 20
331.1100000015075
 30
0.0
 40
0.43
  0
CIRCLE
  5
1EF
  8
HOLES
 10
-146.6199999984917
 20
346.3500000015073
 30
0.0
 40
0.43
  0
CIRCLE
  5
1F0
  8
HOLES
 10
-146.6199999984917
 20
353.9700000015074
 30
0.0
 40
0.43
  0
CIRCLE
  5
1F1
  8
HOLES
 10
-146.6199999984917
 20
328.5700000015074
 30
0.0
 40
0.43
  0
CIRCLE
  5
1F3
  8
TRACES
 10
-151.4801376000271
 20
339.3500000015073
 30
0.0
 40
0.5
  0
POLYLINE
  5
1F4
  8
TRACES
 66
     1
 10
0.0
 20
0.0
 30
0.0000000000000004
 70
     1
  0
VERTEX
  5
1F5
  8
TRACES
 10
-140.8499999954774
 20
340.0500000045225
 30
0.0000000000000004
 42
1.000000170429848
  0
VERTEX
  5
1F6
  8
TRACES
 10
-140.8499998420905
 20
339.1500000045225
 30
0.0000000000000004
  0
VERTEX
  5
1F7
  8
TRACES
 10
-137.1499999954775
 20
339.1500000045224
 30
0.0000000000000004
 42
1.000000129639951
  0
VERTEX
  5
1F8
  8
TRACES
 10
-137.1500001121534
 20
340.0500000045224
 30
0.0000000000000004
  0
SEQEND
  5
1F9
  8
TRACES
  0
POLYLINE
  5
1FA
  8
TRACES
 66
     1
 10
0.0
 20
0.0
 30
0.0
 70
     1
  0
VERTEX
  5
1FB
  8
TRACES
 10
-138.6846554991472
 20
336.9727274122886
 30
0.0
  0
VERTEX
  5
1FC
  8
TRACES
 10
-134.7153444918077
 20
336.9727274122886
 30
0.0
  0
VERTEX
  5
1FD
  8
TRACES
 10
-134.7153444918077
 20
337.8272725967563
 30
0.0
  0
VERTEX
  5
1FE
  8
TRACES
 10
-138.6846554991472
 20
337.8272725967563
 30
0.0
  0
SEQEND
  5
1FF
  8
TRACES
  0
POLYLINE
  5
200
  8
TRACES
 66
     1
 10
0.0
 20
0.0
 30
0.0
 70
     1
  0
VERTEX
  5
201
  8
TRACES
 10
-140.8499999954775
 20
335.8500000045224
 30
0.0
 42
1.000000170429942
  0
VERTEX
  5
202
  8
TRACES
 10
-141.7499999954775
 20
335.8499998511355
 30
0.0
  0
VERTEX
  5
203
  8
TRACES
 10
-141.7499999954775
 20
332.1500000045224
 30
0.0
 42
1.000000129639825
  0
VERTEX
  5
204
  8
TRACES
 10
-140.8499999954775
 20
332.1500001211983
 30
0.0
  0
SEQEND
  5
205
  8
TRACES
  0
CIRCLE
  5
206
  8
HOLES
 10
-131.3799999984924
 20
343.8100000015073
 30
0.0
 40
0.43
  0
CIRCLE
  5
207
  8
TRACES
 10
-138.0588893422641
 20
324.01885609422
 30
0.0000000000000001
 40
0.5
  0
CIRCLE
  5
208
  8
TRACES
 10
-126.445652172404
 20
339.6000000045224
 30
0.0000000000000001
 40
0.5
  0
POLYLINE
  5
209
  8
TRACES
 66
     1
 10
0.0
 20
0.0
 30
0.0
  0
VERTEX
  5
20A
  8
TRACES
 10
-126.8456521724045
 20
351.0253526301783
 30
0.0
  0
VERTEX
  5
20B
  8
TRACES
 10
-126.8456521724047
 20
351.0300000015073
 30
0.0
  0
VERTEX
  5
20C
  8
TRACES
 10
-126.8502995437332
 20
351.0300000015073
 30
0.0
  0
SEQEND
  5
20D
  8
TRACES
  0
POLYLINE
  5
20E
  8
MASK
 66
     1
 10
0.0
 20
0.0
 30
0.0
 70
     1
  0
VERTEX
  5
20F
  8
MASK
 10
-142.9829920455621
 20
356.0661302843965
 30
0.0
  0
VERTEX
  5
210
  8
MASK
 10
-134.9829920455621
 20
356.0661302843965
 30
0.0
  0
VERTEX
  5
211
  8
MASK
 10
-134.9829920455621
 20
360.0661302843965
 30
0.0
  0
VERTEX
  5
212
  8
MASK
 10
-142.9829920455621
 20
360.0661302843965
 30
0.0
  0
SEQEND
  5
213
  8
MASK
  0
TEXT
  5
214
  8
MASK
 10
-161.2963592926001
 20
332.5401617017417
 30
0.0
 40
2.5
  1
R220
 50
89.99999999999996
  7
MILLIMETER_SMALL
1001
ACADANNOTATIVE
1000
AnnotativeData
1002
{
1070
     1
1070
     0
1002
}
  0
TEXT
  5
215
  8
MASK
 10
-158.7421145017904
 20
336.2505056095947
 30
0.0
 40
1.5
  1
V
 50
90.00000000000026
  7
MILLIMETER_SMALL
1001
ACADANNOTATIVE
1000
AnnotativeData
1002
{
1070
     1
1070
     0
1002
}
  0
TEXT
  5
216
  8
MASK
 10
-158.7206905887464
 20
338.6352962078653
 30
0.0
 40
1.5
  1
G
 50
89.99999999999997
  7
MILLIMETER_SMALL
1001
ACADANNOTATIVE
1000
AnnotativeData
1002
{
1070
     1
1070
     0
1002
}
  0
TEXT
  5
217
  8
MASK
 10
-158.7421145017904
 20
333.2674817284546
 30
0.0
 40
1.5
  1
DI
 50
90.00000000000006
  7
MILLIMETER_SMALL
1001
ACADANNOTATIVE
1000
AnnotativeData
1002
{
1070
     1
1070
     0
1002
}
  0
TEXT
  5
218
  8
MASK
 10
-142.2023316823569
 20
319.4812801321226
 30
0.0
 40
2.5
  1
IR
  7
MILLIMETER_SMALL
1001
ACADANNOTATIVE
1000
AnnotativeData
1002
{
1070
     1
1070
     0
1002
}
  0
TEXT
  5
219
  8
MASK
 10
-138.9205239813292
 20
315.174351284742
 30
0.0
 40
1.5
  1
G
  7
MILLIMETER_SMALL
1001
ACADANNOTATIVE
1000
AnnotativeData
1002
{
1070
     1
1070
     0
1002
}
  0
TEXT
  5
21A
  8
MASK
 10
-136.122843258573
 20
315.1957751977856
 30
0.0
 40
1.5
  1
V
  7
MILLIMETER_SMALL
1001
ACADANNOTATIVE
1000
AnnotativeData
1002
{
1070
     1
1070
     0
1002
}
  0
TEXT
  5
21B
  8
MASK
 10
-141.3273145005
 20
315.174351284742
 30
0.0
 40
1.5
  1
S
  7
MILLIMETER_SMALL
1001
ACADANNOTATIVE
1000
AnnotativeData
1002
{
1070
     1
1070
     0
1002
}
  0
TEXT
  5
21C
  8
MASK
 10
-139.072606712083
 20
332.870958492273
 30
0.0
 40
2.5
  1
DC
  7
MILLIMETER_SMALL
1001
ACADANNOTATIVE
1000
AnnotativeData
1002
{
1070
     1
1070
     0
1002
}
  0
TEXT
  5
21D
  8
MASK
 10
-143.9345558938482
 20
336.9858728313081
 30
0.0
 40
1.5
  1
+5V
  7
MILLIMETER_SMALL
1001
ACADANNOTATIVE
1000
AnnotativeData
1002
{
1070
     1
1070
     0
1002
}
  0
TEXT
  5
21E
  8
MASK
 10
-139.8100395335363
 20
340.5883379817992
 30
0.0
 40
2.5
  1
-
  7
MILLIMETER_SMALL
1001
ACADANNOTATIVE
1000
AnnotativeData
1002
{
1070
     1
1070
     0
1002
}
  0
POLYLINE
  5
21F
  8
DEFAULT
 66
     1
 10
0.0
 20
0.0
 30
0.0000000000000004
 70
     1
  0
VERTEX
  5
220
  8
DEFAULT
 10
-193.4999999954775
 20
341.0000000045225
 30
0.0000000000000004
  0
VERTEX
  5
221
  8
DEFAULT
 10
-202.4999999954775
 20
341.0000000045225
 30
0.0000000000000004
  0
VERTEX
  5
222
  8
DEFAULT
 10
-202.4999999954775
 20
331.2500000045225
 30
0.0000000000000004
  0
VERTEX
  5
223
  8
DEFAULT
 10
-193.4999999954775
 20
331.2500000045225
 30
0.0000000000000004
  0
SEQEND
  5
224
  8
DEFAULT
  0
TEXT
  5
225
  8
MASK
 10
-198.637204459897
 20
341.013205182975
 30
0.0000000000000004
 40
1.5
  1
-
 50
180.0
  7
MILLIMETER_SMALL
1001
ACADANNOTATIVE
1000
AnnotativeData
1002
{
1070
     1
1070
     0
1002
}
  0
TEXT
  5
226
  8
MASK
 10
-202.3007708997254
 20
334.7345922725916
 30
0.0
 40
1.5
  1
+
 50
269.9999999999999
  7
MILLIMETER_SMALL
1001
ACADANNOTATIVE
1000
AnnotativeData
1002
{
1070
     1
1070
     0
1002
}
  0
POLYLINE
  5
227
  8
TRACES
 66
     1
 10
0.0
 20
0.0
 30
0.0
 70
     1
  0
VERTEX
  5
228
  8
TRACES
 10
-212.361028958878
 20
340.0527967219683
 30
0.0
 42
-0.1571160887174823
  0
VERTEX
  5
229
  8
TRACES
 10
-212.872127813647
 20
339.7137620792225
 30
0.0
 42
0.1288157958925197
  0
VERTEX
  5
22A
  8
TRACES
 10
-213.3085786422546
 20
339.457106782694
 30
0.0
  0
VERTEX
  5
22B
  8
TRACES
 10
-215.0727922046271
 20
337.692893220321
 30
0.0
 42
-0.1162841622254108
  0
VERTEX
  5
22C
  8
TRACES
 10
-215.46311094465
 20
337.4515036457022
 30
0.0
 42
-0.2958287811325426
  0
VERTEX
  5
22D
  8
TRACES
 10
-215.9898495600221
 20
337.5876360749497
 30
0.0
 42
0.2070037998914639
  0
VERTEX
  5
22E
  8
TRACES
 10
-216.6300225546754
 20
337.8689865479481
 30
0.0
  0
VERTEX
  5
22F
  8
TRACES
 10
-218.2899774423083
 20
337.8689865479481
 30
0.0
 42
0.9999999999995256
  0
VERTEX
  5
230
  8
TRACES
 10
-218.2899774423083
 20
336.1310134550666
 30
0.0
  0
VERTEX
  5
231
  8
TRACES
 10
-216.6300225546754
 20
336.1310134550666
 30
0.0
 42
0.1830391505862073
  0
VERTEX
  5
232
  8
TRACES
 10
-216.0543259919066
 20
336.3490690639178
 30
0.0
 42
-0.1786773091680631
  0
VERTEX
  5
233
  8
TRACES
 10
-215.4205947801845
 20
336.5995863268657
 30
0.0
 42
0.1916978761010634
  0
VERTEX
  5
234
  8
TRACES
 10
-214.7422487040085
 20
336.8920658710413
 30
0.0
  0
VERTEX
  5
235
  8
TRACES
 10
-213.3549125636621
 20
338.279402011388
 30
0.0
 42
-0.3555851431576226
  0
VERTEX
  5
236
  8
TRACES
 10
-212.0988045075398
 20
338.4081167423195
 30
0.0
 42
1.115572207882976
  0
VERTEX
  5
237
  8
TRACES
 10
-211.080137600027
 20
340.4035145084739
 30
0.0
  0
VERTEX
  5
238
  8
TRACES
 10
-211.0801376000271
 20
340.5141022137767
 30
0.0
 42
-0.1989123673796529
  0
VERTEX
  5
239
  8
TRACES
 10
-210.7872443812136
 20
341.2212089949633
 30
0.0
  0
VERTEX
  5
23A
  8
TRACES
 10
-209.4951566760014
 20
342.5132967001756
 30
0.0
 42
-0.1989123673796707
  0
VERTEX
  5
23B
  8
TRACES
 10
-208.7880498948148
 20
342.8061899189891
 30
0.0
  0
VERTEX
  5
23C
  8
TRACES
 10
-199.1221254489101
 20
342.806189918989
 30
0.0
 42
0.1989123673796898
  0
VERTEX
  5
23D
  8
TRACES
 10
-198.4150186677235
 20
343.0990831378025
 30
0.0
  0
VERTEX
  5
23E
  8
TRACES
 10
-195.8569950228326
 20
345.6571067826938
 30
0.0
 42
-0.1989123673796316
  0
VERTEX
  5
23F
  8
TRACES
 10
-195.149888241646
 20
345.9500000015072
 30
0.0
  0
VERTEX
  5
240
  8
TRACES
 10
-193.4481659218122
 20
345.9500000015073
 30
0.0
 42
-0.1830391505854483
  0
VERTEX
  5
241
  8
TRACES
 10
-192.785674005077
 20
345.6990690639177
 30
0.0
 42
0.1830391505852721
  0
VERTEX
  5
242
  8
TRACES
 10
-192.2099774423084
 20
345.4810134550667
 30
0.0
  0
VERTEX
  5
243
  8
TRACES
 10
-190.5500225546755
 20
345.4810134550667
 30
0.0
 42
1.000000000000016
  0
VERTEX
  5
244
  8
TRACES
 10
-190.5500225546755
 20
347.218986547948
 30
0.0
  0
VERTEX
  5
245
  8
TRACES
 10
-192.2099774423084
 20
347.218986547948
 30
0.0
 42
0.1830391505853577
  0
VERTEX
  5
246
  8
TRACES
 10
-192.7856740050769
 20
347.0009309390969
 30
0.0
 42
-0.1830391505854824
  0
VERTEX
  5
247
  8
TRACES
 10
-193.4481659218121
 20
346.7500000015074
 30
0.0
  0
VERTEX
  5
248
  8
TRACES
 10
-195.4812590915451
 20
346.7500000015073
 30
0.0
 42
0.1989123673796546
  0
VERTEX
  5
249
  8
TRACES
 10
-196.1883658727317
 20
346.4571067826939
 30
0.0
  0
VERTEX
  5
24A
  8
TRACES
 10
-198.7463895176227
 20
343.8990831378026
 30
0.0
 42
-0.1989123673796835
  0
VERTEX
  5
24B
  8
TRACES
 10
-199.4534962988093
 20
343.6061899189891
 30
0.0
  0
VERTEX
  5
24C
  8
TRACES
 10
-209.1194207447139
 20
343.6061899189892
 30
0.0
 42
0.1989123673797169
  0
VERTEX
  5
24D
  8
TRACES
 10
-209.8265275259005
 20
343.3132967001757
 30
0.0
  0
VERTEX
  5
24E
  8
TRACES
 10
-211.5872443812137
 20
341.5525798448623
 30
0.0
 42
0.1848776809623933
  0
VERTEX
  5
24F
  8
TRACES
 10
-211.8786721612509
 20
340.8995908063451
 30
0.0
 42
-0.2027119586920152
  0
VERTEX
  5
250
  8
TRACES
 10
-212.2203482579453
 20
340.1996946515288
 30
0.0
  0
SEQEND
  5
251
  8
TRACES
  0
POLYLINE
  5
252
  8
TRACES
 66
     1
 10
0.0
 20
0.0
 30
0.0000000000000001
 70
     1
  0
VERTEX
  5
253
  8
TRACES
 10
-185.7038886444282
 20
338.7516606355468
 30
0.0000000000000001
 42
0.2163651637560832
  0
VERTEX
  5
254
  8
TRACES
 10
-186.0456521724036
 20
337.998849406289
 30
0.0000000000000001
  0
VERTEX
  5
255
  8
TRACES
 10
-186.0456521724041
 20
320.2485281389351
 30
0.0000000000000001
 42
-0.1989123673805814
  0
VERTEX
  5
256
  8
TRACES
 10
-186.3385453912186
 20
319.5414213577449
 30
0.0000000000000001
  0
VERTEX
  5
257
  8
TRACES
 10
-192.8860375188999
 20
312.9939292300626
 30
0.0000000000000001
 42
-0.1989123673796799
  0
VERTEX
  5
258
  8
TRACES
 10
-193.5931443000861
 20
312.7010360112494
 30
0.0000000000000001
  0
VERTEX
  5
259
  8
TRACES
 10
-195.8525078708105
 20
312.7010360112494
 30
0.0000000000000001
 42
-0.1989123673796808
  0
VERTEX
  5
25A
  8
TRACES
 10
-196.5596146519972
 20
312.9939292300627
 30
0.0000000000000001
  0
VERTEX
  5
25B
  8
TRACES
 10
-198.1071067796779
 20
314.5414213577438
 30
0.0000000000000001
 42
-0.1989123673800169
  0
VERTEX
  5
25C
  8
TRACES
 10
-198.3999999984915
 20
315.2485281389303
 30
0.0000000000000001
  0
VERTEX
  5
25D
  8
TRACES
 10
-198.3999999984915
 20
316.1018566343708
 30
0.0000000000000001
 42
0.1862373641465335
  0
VERTEX
  5
25E
  8
TRACES
 10
-198.6509309360813
 20
316.7643485511066
 30
0.0000000000000001
 42
-0.1830391505864405
  0
VERTEX
  5
25F
  8
TRACES
 10
-198.8689865449321
 20
317.3400451138749
 30
0.0000000000000001
  0
VERTEX
  5
260
  8
TRACES
 10
-198.8689865449321
 20
319.0000000015074
 30
0.0000000000000001
 42
-0.9999999999999999
  0
VERTEX
  5
261
  8
TRACES
 10
-197.1310134520506
 20
319.0000000015074
 30
0.0000000000000001
  0
VERTEX
  5
262
  8
TRACES
 10
-197.1310134520506
 20
317.3400451138749
 30
0.0000000000000001
 42
-0.1798436133597551
  0
VERTEX
  5
263
  8
TRACES
 10
-197.3490690609021
 20
316.7643485511063
 30
0.0000000000000001
 42
0.1830391505849316
  0
VERTEX
  5
264
  8
TRACES
 10
-197.5999999984913
 20
316.1018566343708
 30
0.0000000000000001
  0
VERTEX
  5
265
  8
TRACES
 10
-197.5999999984913
 20
315.5798989888305
 30
0.0000000000000001
 42
0.1989123673795932
  0
VERTEX
  5
266
  8
TRACES
 10
-197.3071067796777
 20
314.8727922076438
 30
0.0000000000000001
  0
VERTEX
  5
267
  8
TRACES
 10
-196.2282438020979
 20
313.7939292300638
 30
0.0000000000000001
 42
0.1989123673799962
  0
VERTEX
  5
268
  8
TRACES
 10
-195.5211370209113
 20
313.5010360112504
 30
0.0000000000000001
  0
VERTEX
  5
269
  8
TRACES
 10
-193.9245151499833
 20
313.5010360112504
 30
0.0000000000000001
 42
0.1194816149654304
  0
VERTEX
  5
26A
  8
TRACES
 10
-193.4502244866364
 20
313.5611131122246
 30
0.0000000000000001
  0
VERTEX
  5
26B
  8
TRACES
 10
-187.1385453912177
 20
319.872792207643
 30
0.0000000000000001
 42
0.1989123673798745
  0
VERTEX
  5
26C
  8
TRACES
 10
-186.8456521724043
 20
320.5798989888295
 30
0.0000000000000001
  0
VERTEX
  5
26D
  8
TRACES
 10
-186.8456521724044
 20
337.998849406289
 30
0.0000000000000001
 42
0.2163651637560731
  0
VERTEX
  5
26E
  8
TRACES
 10
-187.1874157003798
 20
338.7516606355468
 30
0.0000000000000001
 42
-0.4539830367732003
  0
VERTEX
  5
26F
  8
TRACES
 10
-187.1874157003798
 20
340.4483393734981
 30
0.0000000000000001
 42
0.2163651637560907
  0
VERTEX
  5
270
  8
TRACES
 10
-186.8456521724044
 20
341.2011506027559
 30
0.0000000000000001
  0
VERTEX
  5
271
  8
TRACES
 10
-186.8456521724045
 20
349.4797682179058
 30
0.0000000000000001
 42
0.1989123673796444
  0
VERTEX
  5
272
  8
TRACES
 10
-187.1385453912179
 20
350.1868749990923
 30
0.0000000000000001
  0
VERTEX
  5
273
  8
TRACES
 10
-187.6887771748193
 20
350.7371067826938
 30
0.0000000000000001
 42
0.1989123673796604
  0
VERTEX
  5
274
  8
TRACES
 10
-188.3958839560059
 20
351.0300000015073
 30
0.0000000000000001
  0
VERTEX
  5
275
  8
TRACES
 10
-189.3118340751714
 20
351.0300000015073
 30
0.0000000000000001
 42
0.1830391505854723
  0
VERTEX
  5
276
  8
TRACES
 10
-189.9743259919064
 20
350.7790690639177
 30
0.0000000000000001
 42
-0.1798436133591962
  0
VERTEX
  5
277
  8
TRACES
 10
-190.5500225546755
 20
350.5610134550667
 30
0.0000000000000001
  0
VERTEX
  5
278
  8
TRACES
 10
-192.2099774423075
 20
350.5610134550667
 30
0.0000000000000001
 42
-0.1830391505839449
  0
VERTEX
  5
279
  8
TRACES
 10
-192.7856740050754
 20
350.7790690639177
 30
0.0000000000000001
  0
VERTEX
  5
27A
  8
TRACES
 10
-193.0888641156016
 20
351.0300000015074
 30
0.0000000000000001
  0
VERTEX
  5
27B
  8
TRACES
 10
-212.2299208228285
 20
351.0300000015073
 30
0.0000000000000001
  0
VERTEX
  5
27C
  8
TRACES
 10
-212.3009104361509
 20
350.9934041388984
 30
0.0000000000000001
  0
VERTEX
  5
27D
  8
TRACES
 10
-216.767106779678
 20
346.5272077953715
 30
0.0000000000000001
 42
0.1989123673792538
  0
VERTEX
  5
27E
  8
TRACES
 10
-217.0599999984913
 20
345.8201010141851
 30
0.0000000000000001
  0
VERTEX
  5
27F
  8
TRACES
 10
-217.0599999984913
 20
341.3199396061619
 30
0.0000000000000001
 42
0.3260895571032397
  0
VERTEX
  5
280
  8
TRACES
 10
-216.3649901854301
 20
340.3675841127292
 30
0.0000000000000001
 42
-0.8559117307187327
  0
VERTEX
  5
281
  8
TRACES
 10
-216.6300225546754
 20
338.6710134550667
 30
0.0000000000000001
  0
VERTEX
  5
282
  8
TRACES
 10
-218.2899774423083
 20
338.6710134550666
 30
0.0000000000000001
 42
-0.8559117307182033
  0
VERTEX
  5
283
  8
TRACES
 10
-218.5550098115538
 20
340.3675841127292
 30
0.0000000000000001
 42
0.3352410841251847
  0
VERTEX
  5
284
  8
TRACES
 10
-217.8599999984916
 20
341.3199396061619
 30
0.0000000000000001
  0
VERTEX
  5
285
  8
TRACES
 10
-217.8599999984915
 20
346.1514718640836
 30
0.0000000000000001
 42
-0.1983856913594607
  0
VERTEX
  5
286
  8
TRACES
 10
-217.6103492126233
 20
346.8153362123248
 30
0.0000000000000001
  0
VERTEX
  5
287
  8
TRACES
 10
-212.8885786422541
 20
351.537106782694
 30
0.0000000000000001
 42
-0.1983607098187904
  0
VERTEX
  5
288
  8
TRACES
 10
-212.2434363902791
 20
351.8300000015073
 30
0.0000000000000001
  0
VERTEX
  5
289
  8
TRACES
 10
-193.4441768103463
 20
351.8300000015073
 30
0.0000000000000001
 42
0.1830691240886542
  0
VERTEX
  5
28A
  8
TRACES
 10
-192.7856740050761
 20
352.0809309390968
 30
0.0000000000000001
 42
-0.1798436133593362
  0
VERTEX
  5
28B
  8
TRACES
 10
-192.2099774423075
 20
352.2989865479479
 30
0.0000000000000001
  0
VERTEX
  5
28C
  8
TRACES
 10
-190.5500225546755
 20
352.2989865479479
 30
0.0000000000000001
 42
-0.183039150585501
  0
VERTEX
  5
28D
  8
TRACES
 10
-189.9743259919069
 20
352.0809309390968
 30
0.0000000000000001
 42
0.1862373641483004
  0
VERTEX
  5
28E
  8
TRACES
 10
-189.3118340751714
 20
351.8300000015072
 30
0.0000000000000001
  0
VERTEX
  5
28F
  8
TRACES
 10
-188.0645131061059
 20
351.8300000015073
 30
0.0000000000000001
 42
-0.1989123673797986
  0
VERTEX
  5
290
  8
TRACES
 10
-187.3574063249192
 20
351.5371067826937
 30
0.0000000000000001
  0
VERTEX
  5
291
  8
TRACES
 10
-186.3385453912166
 20
350.5182458489904
 30
0.0000000000000001
 42
-0.1989123673795959
  0
VERTEX
  5
292
  8
TRACES
 10
-186.0456521724034
 20
349.811139067804
 30
0.0000000000000001
  0
VERTEX
  5
293
  8
TRACES
 10
-186.0456521724035
 20
341.2011506027558
 30
0.0000000000000001
 42
0.2163651637560855
  0
VERTEX
  5
294
  8
TRACES
 10
-185.7038886444282
 20
340.448339373498
 30
0.0000000000000001
 42
-0.4539830367731731
  0
SEQEND
  5
295
  8
TRACES
  0
POLYLINE
  5
296
  8
CONNECTIONS
 66
     1
 10
0.0
 20
0.0
 30
0.0000000000000001
 70
     1
  0
VERTEX
  5
297
  8
CONNECTIONS
 10
-198.1342498421324
 20
325.1432286354397
 30
0.0000000000000001
 42
-0.2163651637530993
  0
VERTEX
  5
298
  8
CONNECTIONS
 10
-198.9082310754761
 20
325.4338832524088
 30
0.0000000000000001
  0
VERTEX
  5
299
  8
CONNECTIONS
 10
-200.6071067766649
 20
327.1327589535995
 30
0.0000000000000001
 42
-0.1989123673794273
  0
VERTEX
  5
29A
  8
CONNECTIONS
 10
-200.8999999954779
 20
327.8398657347854
 30
0.0000000000000001
  0
VERTEX
  5
29B
  8
CONNECTIONS
 10
-200.8999999954781
 20
330.8115017576372
 30
0.0000000000000001
 42
-0.1939573301341047
  0
VERTEX
  5
29C
  8
CONNECTIONS
 10
-200.6204714419355
 20
331.5049863608114
 30
0.0000000000000001
 42
0.1939573301340813
  0
VERTEX
  5
29D
  8
CONNECTIONS
 10
-200.3568279143588
 20
332.1590616772109
 30
0.0000000000000001
  0
VERTEX
  5
29E
  8
CONNECTIONS
 10
-200.3568279143587
 20
335.840938331834
 30
0.0000000000000001
 42
0.9999999999999397
  0
VERTEX
  5
29F
  8
CONNECTIONS
 10
-202.2431720765961
 20
335.840938331834
 30
0.0000000000000001
  0
VERTEX
  5
2A0
  8
CONNECTIONS
 10
-202.2431720765962
 20
335.4000000045225
 30
0.0000000000000001
 42
-0.4142135623730745
  0
VERTEX
  5
2A1
  8
CONNECTIONS
 10
-203.2431720765962
 20
334.4000000045226
 30
0.0000000000000001
  0
VERTEX
  5
2A2
  8
CONNECTIONS
 10
-203.288730167301
 20
334.4000000045226
 30
0.0000000000000001
 42
-0.198912367379683
  0
VERTEX
  5
2A3
  8
CONNECTIONS
 10
-203.9958369484876
 20
334.6928932233361
 30
0.0000000000000001
  0
VERTEX
  5
2A4
  8
CONNECTIONS
 10
-208.7600505078451
 20
339.4571067826939
 30
0.0000000000000001
 42
0.1989123673796739
  0
VERTEX
  5
2A5
  8
CONNECTIONS
 10
-209.4671572890316
 20
339.7500000015074
 30
0.0000000000000001
  0
VERTEX
  5
2A6
  8
CONNECTIONS
 10
-209.8789870017728
 20
339.7500000015033
 30
0.0000000000000001
 42
-0.2163651637595918
  0
VERTEX
  5
2A7
  8
CONNECTIONS
 10
-210.6317982310417
 20
340.0917635294837
 30
0.0000000000000001
 42
2.662889863689347
  0
VERTEX
  5
2A8
  8
CONNECTIONS
 10
-210.6317982310418
 20
338.608236473531
 30
0.0000000000000001
 42
-0.2163651637594831
  0
VERTEX
  5
2A9
  8
CONNECTIONS
 10
-209.8789870017728
 20
338.9500000015113
 30
0.0000000000000001
  0
VERTEX
  5
2AA
  8
CONNECTIONS
 10
-209.7985281389201
 20
338.9500000015104
 30
0.0000000000000001
 42
-0.1989123673759661
  0
VERTEX
  5
2AB
  8
CONNECTIONS
 10
-209.0914213577477
 20
338.657106782697
 30
0.0000000000000001
  0
VERTEX
  5
2AC
  8
CONNECTIONS
 10
-204.3272077983867
 20
333.8928932233358
 30
0.0000000000000001
 42
0.1989123673796412
  0
VERTEX
  5
2AD
  8
CONNECTIONS
 10
-203.6201010172001
 20
333.6000000045224
 30
0.0000000000000001
  0
VERTEX
  5
2AE
  8
CONNECTIONS
 10
-203.2431720765962
 20
333.6000000045224
 30
0.0000000000000001
 42
-0.414213562373095
  0
VERTEX
  5
2AF
  8
CONNECTIONS
 10
-202.2431720765962
 20
332.6000000045224
 30
0.0000000000000001
 42
0.2223688257545177
  0
VERTEX
  5
2B0
  8
CONNECTIONS
 10
-201.9795285490193
 20
331.5049863608115
 30
0.0000000000000001
 42
-0.1939573301340878
  0
VERTEX
  5
2B1
  8
CONNECTIONS
 10
-201.6999999954767
 20
330.8115017576372
 30
0.0000000000000001
  0
VERTEX
  5
2B2
  8
CONNECTIONS
 10
-201.6999999954767
 20
327.5084948847554
 30
0.0000000000000001
 42
0.198912367382849
  0
VERTEX
  5
2B3
  8
CONNECTIONS
 10
-201.4071067766546
 20
326.8013881035601
 30
0.0000000000000001
  0
VERTEX
  5
2B4
  8
CONNECTIONS
 10
-199.4739165004628
 20
324.8681978274155
 30
0.0000000000000001
 42
-0.216365163753134
  0
VERTEX
  5
2B5
  8
CONNECTIONS
 10
-199.1832618834846
 20
324.0942165940752
 30
0.0000000000000001
 42
2.662889863607307
  0
SEQEND
  5
2B6
  8
CONNECTIONS
  0
POLYLINE
  5
2B7
  8
CONNECTIONS
 66
     1
 10
0.0
 20
0.0
 30
0.0000000000000004
 70
     1
  0
VERTEX
  5
2B8
  8
CONNECTIONS
 10
-195.8115017485932
 20
340.0000000045225
 30
0.0000000000000004
 42
-0.1939573301339443
  0
VERTEX
  5
2B9
  8
CONNECTIONS
 10
-196.5049863517668
 20
340.2795285580647
 30
0.0000000000000004
 42
0.1939573301337654
  0
VERTEX
  5
2BA
  8
CONNECTIONS
 10
-197.159061668166
 20
340.5431720856412
 30
0.0000000000000004
  0
VERTEX
  5
2BB
  8
CONNECTIONS
 10
-200.840938322789
 20
340.5431720856412
 30
0.0000000000000004
 42
0.9999999999999699
  0
VERTEX
  5
2BC
  8
CONNECTIONS
 10
-200.840938322789
 20
338.6568279234038
 30
0.0000000000000004
  0
VERTEX
  5
2BD
  8
CONNECTIONS
 10
-197.159061668166
 20
338.6568279234037
 30
0.0000000000000004
 42
0.1939573301338221
  0
VERTEX
  5
2BE
  8
CONNECTIONS
 10
-196.5049863517668
 20
338.9204714509802
 30
0.0000000000000004
 42
-0.1939573301340025
  0
VERTEX
  5
2BF
  8
CONNECTIONS
 10
-195.8115017485932
 20
339.2000000045224
 30
0.0000000000000004
  0
VERTEX
  5
2C0
  8
CONNECTIONS
 10
-188.0468027706584
 20
339.2000000045264
 30
0.0000000000000004
 42
-0.2163651637595883
  0
VERTEX
  5
2C1
  8
CONNECTIONS
 10
-187.2939915413894
 20
338.858236476546
 30
0.0000000000000004
 42
2.662889863689649
  0
VERTEX
  5
2C2
  8
CONNECTIONS
 10
-187.2939915413894
 20
340.3417635324988
 30
0.0000000000000004
 42
-0.2163651637595451
  0
VERTEX
  5
2C3
  8
CONNECTIONS
 10
-188.0468027706584
 20
340.0000000045184
 30
0.0000000000000004
  0
SEQEND
  5
2C4
  8
CONNECTIONS
  0
POLYLINE
  5
2C5
  8
TRACES
 66
     1
 10
0.0
 20
0.0
 30
0.0
  0
VERTEX
  5
2C6
  8
TRACES
 10
-186.8456521724045
 20
351.0253526301783
 30
0.0
  0
VERTEX
  5
2C7
  8
TRACES
 10
-186.8456521724047
 20
351.0300000015073
 30
0.0
  0
VERTEX
  5
2C8
  8
TRACES
 10
-186.8502995437332
 20
351.0300000015073
 30
0.0
  0
SEQEND
  5
2C9
  8
TRACES
  0
CIRCLE
  5
2CA
  8
TRACES
 10
-186.445652172404
 20
339.6000000045224
 30
0.0000000000000001
 40
0.5
  0
POLYLINE
  5
2CB
  8
TRACES
 66
     1
 10
0.0
 20
0.0
 30
0.0
 70
     1
  0
VERTEX
  5
2CC
  8
TRACES
 10
-205.7900225546753
 20
329.4389865479479
 30
0.0
  0
VERTEX
  5
2CD
  8
TRACES
 10
-207.4499774423073
 20
329.4389865479479
 30
0.0
 42
0.9999999999999675
  0
VERTEX
  5
2CE
  8
TRACES
 10
-207.4499774423073
 20
327.7010134550668
 30
0.0
  0
VERTEX
  5
2CF
  8
TRACES
 10
-207.0199999984907
 20
327.7010134550669
 30
0.0
  0
VERTEX
  5
2D0
  8
TRACES
 10
-207.0199999984907
 20
320.4395772701162
 30
0.0
  0
VERTEX
  5
2D1
  8
TRACES
 10
-204.1804227298122
 20
317.6000000015073
 30
0.0
  0
VERTEX
  5
2D2
  8
TRACES
 10
-201.4089865449319
 20
317.6000000015073
 30
0.0
  0
VERTEX
  5
2D3
  8
TRACES
 10
-201.4089865449319
 20
317.1700225576914
 30
0.0
 42
1.000000000000033
  0
VERTEX
  5
2D4
  8
TRACES
 10
-199.6710134520507
 20
317.1700225576914
 30
0.0
  0
VERTEX
  5
2D5
  8
TRACES
 10
-199.6710134520508
 20
318.8299774453234
 30
0.0
 42
1.000000000000033
  0
VERTEX
  5
2D6
  8
TRACES
 10
-201.408986544932
 20
318.8299774453234
 30
0.0
  0
VERTEX
  5
2D7
  8
TRACES
 10
-201.4089865449319
 20
318.4000000015075
 30
0.0
  0
VERTEX
  5
2D8
  8
TRACES
 10
-203.8490518798849
 20
318.4000000015075
 30
0.0
  0
VERTEX
  5
2D9
  8
TRACES
 10
-206.2199999984919
 20
320.7709481201172
 30
0.0
  0
VERTEX
  5
2DA
  8
TRACES
 10
-206.2199999984919
 20
327.7010134550669
 30
0.0
  0
VERTEX
  5
2DB
  8
TRACES
 10
-205.7900225546753
 20
327.7010134550669
 30
0.0
 42
0.9999999999999999
  0
SEQEND
  5
2DC
  8
TRACES
  0
POLYLINE
  5
2DD
  8
TRACES
 66
     1
 10
0.0
 20
0.0
 30
0.0000000000000001
 70
     1
  0
VERTEX
  5
2DE
  8
TRACES
 10
-197.59678480279
 20
322.9910661297884
 30
0.0000000000000001
  0
VERTEX
  5
2DF
  8
TRACES
 10
-196.1528932173093
 20
321.547174544336
 30
0.0000000000000001
 42
-0.1989123673809442
  0
VERTEX
  5
2E0
  8
TRACES
 10
-195.8599999984923
 20
320.8400677631461
 30
0.0000000000000001
  0
VERTEX
  5
2E1
  8
TRACES
 10
-195.8599999984921
 20
320.5323294180398
 30
0.0000000000000001
  0
VERTEX
  5
2E2
  8
TRACES
 10
-195.8599999984915
 20
320.0681659248279
 30
0.0000000000000001
 42
-0.1830391505860743
  0
VERTEX
  5
2E3
  8
TRACES
 10
-196.1109309360814
 20
319.405674008092
 30
0.0000000000000001
 42
0.1756084598407043
  0
VERTEX
  5
2E4
  8
TRACES
 10
-196.3289865449321
 20
318.8299774453236
 30
0.0000000000000001
  0
VERTEX
  5
2E5
  8
TRACES
 10
-196.3289865449321
 20
317.1700225576911
 30
0.0000000000000001
 42
1.000000000000245
  0
VERTEX
  5
2E6
  8
TRACES
 10
-194.5910134520506
 20
317.1700225576911
 30
0.0000000000000001
  0
VERTEX
  5
2E7
  8
TRACES
 10
-194.5910134520507
 20
318.8299774453236
 30
0.0000000000000001
 42
0.1830391505854395
  0
VERTEX
  5
2E8
  8
TRACES
 10
-194.8090690609021
 20
319.405674008092
 30
0.0000000000000001
 42
-0.1904775429622438
  0
VERTEX
  5
2E9
  8
TRACES
 10
-195.0599999984913
 20
320.0681659248279
 30
0.0000000000000001
  0
VERTEX
  5
2EA
  8
TRACES
 10
-195.0599999984913
 20
320.5323294180398
 30
0.0000000000000001
  0
VERTEX
  5
2EB
  8
TRACES
 10
-195.0599999984908
 20
321.171438613046
 30
0.0000000000000001
 42
0.1989123673797534
  0
VERTEX
  5
2EC
  8
TRACES
 10
-195.3528932173041
 20
321.8785453942329
 30
0.0000000000000001
  0
VERTEX
  5
2ED
  8
TRACES
 10
-197.0310993778272
 20
323.5567515547578
 30
0.0000000000000001
 42
5.451024294534621
  0
SEQEND
  5
2EE
  8
TRACES
  0
CIRCLE
  5
2EF
  8
TRACES
 10
-198.0588893422641
 20
324.01885609422
 30
0.0000000000000001
 40
0.5
  0
CIRCLE
  5
2F0
  8
HOLES
 10
-191.3799999984924
 20
343.8100000015073
 30
0.0
 40
0.43
  0
POLYLINE
  5
2F1
  8
TRACES
 66
     1
 10
0.0
 20
0.0
 30
0.0
 70
     1
  0
VERTEX
  5
2F2
  8
TRACES
 10
-192.2099774423079
 20
342.9410134550666
 30
0.0
  0
VERTEX
  5
2F3
  8
TRACES
 10
-190.5500225546759
 20
342.9410134550666
 30
0.0
 42
1.000000000000033
  0
VERTEX
  5
2F4
  8
TRACES
 10
-190.5500225546759
 20
344.6789865479479
 30
0.0
  0
VERTEX
  5
2F5
  8
TRACES
 10
-192.2099774423079
 20
344.6789865479481
 30
0.0
 42
1.000000000000033
  0
SEQEND
  5
2F6
  8
TRACES
  0
POLYLINE
  5
2F7
  8
TRACES
 66
     1
 10
0.0
 20
0.0
 30
0.0
 70
     1
  0
VERTEX
  5
2F8
  8
TRACES
 10
-200.8499999954775
 20
335.8500000045224
 30
0.0
 42
1.000000170429942
  0
VERTEX
  5
2F9
  8
TRACES
 10
-201.7499999954775
 20
335.8499998511355
 30
0.0
  0
VERTEX
  5
2FA
  8
TRACES
 10
-201.7499999954775
 20
332.1500000045224
 30
0.0
 42
1.000000129639825
  0
VERTEX
  5
2FB
  8
TRACES
 10
-200.8499999954775
 20
332.1500001211983
 30
0.0
  0
SEQEND
  5
2FC
  8
TRACES
  0
POLYLINE
  5
2FD
  8
TRACES
 66
     1
 10
0.0
 20
0.0
 30
0.0
 70
     1
  0
VERTEX
  5
2FE
  8
TRACES
 10
-198.6846554991472
 20
336.9727274122886
 30
0.0
  0
VERTEX
  5
2FF
  8
TRACES
 10
-194.7153444918078
 20
336.9727274122886
 30
0.0
  0
VERTEX
  5
300
  8
TRACES
 10
-194.7153444918078
 20
337.8272725967563
 30
0.0
  0
VERTEX
  5
301
  8
TRACES
 10
-198.6846554991472
 20
337.8272725967563
 30
0.0
  0
SEQEND
  5
302
  8
TRACES
  0
POLYLINE
  5
303
  8
TRACES
 66
     1
 10
0.0
 20
0.0
 30
0.0000000000000004
 70
     1
  0
VERTEX
  5
304
  8
TRACES
 10
-200.8499999954775
 20
340.0500000045225
 30
0.0000000000000004
 42
1.000000170429848
  0
VERTEX
  5
305
  8
TRACES
 10
-200.8499998420906
 20
339.1500000045225
 30
0.0000000000000004
  0
VERTEX
  5
306
  8
TRACES
 10
-197.1499999954775
 20
339.1500000045224
 30
0.0000000000000004
 42
1.000000129639951
  0
VERTEX
  5
307
  8
TRACES
 10
-197.1500001121534
 20
340.0500000045224
 30
0.0000000000000004
  0
SEQEND
  5
308
  8
TRACES
  0
CIRCLE
  5
309
  8
TRACES
 10
-211.4801376000271
 20
339.3500000015073
 30
0.0
 40
0.5
  0
CIRCLE
  5
30A
  8
HOLES
 10
-206.6199999984917
 20
328.5700000015074
 30
0.0
 40
0.43
  0
POLYLINE
  5
30B
  8
TRACES
 66
     1
 10
0.0
 20
0.0
 30
0.0
 70
     1
  0
VERTEX
  5
30C
  8
TRACES
 10
-207.4499774423082
 20
353.1010134550667
 30
0.0
  0
VERTEX
  5
30D
  8
TRACES
 10
-205.7900225546753
 20
353.1010134550667
 30
0.0
 42
1.000000000000033
  0
VERTEX
  5
30E
  8
TRACES
 10
-205.7900225546753
 20
354.838986547948
 30
0.0
  0
VERTEX
  5
30F
  8
TRACES
 10
-207.4499774423082
 20
354.8389865479479
 30
0.0
 42
0.9999999999999675
  0
SEQEND
  5
310
  8
TRACES
  0
POLYLINE
  5
311
  8
TRACES
 66
     1
 10
0.0
 20
0.0
 30
0.0
 70
     1
  0
VERTEX
  5
312
  8
TRACES
 10
-192.2099774423075
 20
353.1010134550667
 30
0.0
  0
VERTEX
  5
313
  8
TRACES
 10
-190.5500225546755
 20
353.1010134550667
 30
0.0
 42
1.000000000000033
  0
VERTEX
  5
314
  8
TRACES
 10
-190.5500225546755
 20
354.838986547948
 30
0.0
  0
VERTEX
  5
315
  8
TRACES
 10
-192.2099774423075
 20
354.8389865479479
 30
0.0
 42
0.9999999999999675
  0
SEQEND
  5
316
  8
TRACES
  0
POLYLINE
  5
317
  8
TRACES
 66
     1
 10
0.0
 20
0.0
 30
0.0
 70
     1
  0
VERTEX
  5
318
  8
TRACES
 10
-216.9999999984914
 20
330.7100000015074
 30
0.0
  0
VERTEX
  5
319
  8
TRACES
 10
-208.6881659218113
 20
330.7100000015074
 30
0.0
 42
-0.1830391505857226
  0
VERTEX
  5
31A
  8
TRACES
 10
-208.0256740050763
 20
330.4590690639178
 30
0.0
 42
0.1798436133586484
  0
VERTEX
  5
31B
  8
TRACES
 10
-207.4499774423082
 20
330.2410134550668
 30
0.0
  0
VERTEX
  5
31C
  8
TRACES
 10
-205.7900225546753
 20
330.2410134550668
 30
0.0
 42
0.999999999999542
  0
VERTEX
  5
31D
  8
TRACES
 10
-205.7900225546753
 20
331.978986547948
 30
0.0
  0
VERTEX
  5
31E
  8
TRACES
 10
-207.4499774423082
 20
331.978986547948
 30
0.0
 42
0.1830391505852644
  0
VERTEX
  5
31F
  8
TRACES
 10
-208.0256740050764
 20
331.7609309390967
 30
0.0
 42
-0.1862373641462723
  0
VERTEX
  5
320
  8
TRACES
 10
-208.6881659218113
 20
331.5100000015073
 30
0.0
  0
VERTEX
  5
321
  8
TRACES
 10
-220.3918340751713
 20
331.5100000015074
 30
0.0
 42
-0.183039150586872
  0
VERTEX
  5
322
  8
TRACES
 10
-221.0543259919066
 20
331.7609309390972
 30
0.0
 42
0.1798436133580754
  0
VERTEX
  5
323
  8
TRACES
 10
-221.6300225546754
 20
331.978986547948
 30
0.0
  0
VERTEX
  5
324
  8
TRACES
 10
-223.2899774423083
 20
331.978986547948
 30
0.0
 42
0.9999999999996402
  0
VERTEX
  5
325
  8
TRACES
 10
-223.2899774423083
 20
330.2410134550669
 30
0.0
  0
VERTEX
  5
326
  8
TRACES
 10
-221.6300225546754
 20
330.2410134550668
 30
0.0
 42
0.1830391505857064
  0
VERTEX
  5
327
  8
TRACES
 10
-221.0543259919075
 20
330.4590690639176
 30
0.0
 42
-0.1862373641461033
  0
VERTEX
  5
328
  8
TRACES
 10
-220.3918340751713
 20
330.7100000015074
 30
0.0
  0
SEQEND
  5
329
  8
TRACES
  0
CIRCLE
  5
32A
  8
HOLES
 10
-206.6199999984917
 20
353.9700000015074
 30
0.0
 40
0.43
  0
CIRCLE
  5
32B
  8
HOLES
 10
-206.6199999984917
 20
346.3500000015073
 30
0.0
 40
0.43
  0
CIRCLE
  5
32C
  8
HOLES
 10
-206.6199999984917
 20
331.1100000015075
 30
0.0
 40
0.43
  0
CIRCLE
  5
32D
  8
HOLES
 10
-191.3799999984919
 20
351.4300000015074
 30
0.0
 40
0.43
  0
POLYLINE
  5
32E
  8
TRACES
 66
     1
 10
0.0
 20
0.0
 30
0.0
 70
     1
  0
VERTEX
  5
32F
  8
TRACES
 10
-207.4499774423082
 20
345.4810134550668
 30
0.0
  0
VERTEX
  5
330
  8
TRACES
 10
-205.7900225546753
 20
345.4810134550668
 30
0.0
 42
0.9999999999999675
  0
VERTEX
  5
331
  8
TRACES
 10
-205.7900225546753
 20
347.2189865479479
 30
0.0
  0
VERTEX
  5
332
  8
TRACES
 10
-207.4499774423082
 20
347.218986547948
 30
0.0
 42
1.000000000000033
  0
SEQEND
  5
333
  8
TRACES
  0
CIRCLE
  5
334
  8
HOLES
 10
-191.3799999984919
 20
353.9700000015074
 30
0.0
 40
0.43
  0
POLYLINE
  5
335
  8
TRACES
 66
     1
 10
0.0
 20
0.0
 30
0.0
 70
     1
  0
VERTEX
  5
336
  8
TRACES
 10
-192.2099774423075
 20
325.1610134550668
 30
0.0
  0
VERTEX
  5
337
  8
TRACES
 10
-190.5500225546755
 20
325.1610134550668
 30
0.0
 42
0.9999999999999675
  0
VERTEX
  5
338
  8
TRACES
 10
-190.5500225546755
 20
326.898986547948
 30
0.0
  0
VERTEX
  5
339
  8
TRACES
 10
-192.2099774423075
 20
326.8989865479479
 30
0.0
 42
0.9999999999999675
  0
SEQEND
  5
33A
  8
TRACES
  0
CIRCLE
  5
33B
  8
HOLES
 10
-191.3799999984919
 20
326.0300000015073
 30
0.0
 40
0.43
  0
CIRCLE
  5
33C
  8
HOLES
 10
-191.3799999984919
 20
346.3500000015073
 30
0.0
 40
0.43
  0
CIRCLE
  5
33D
  8
HOLES
 10
-217.4599999984919
 20
337.0000000015074
 30
0.0
 40
0.5
  0
CIRCLE
  5
33E
  8
HOLES
 10
-217.4599999984919
 20
339.5400000015073
 30
0.0
 40
0.5
  0
CIRCLE
  5
33F
  8
HOLES
 10
-217.4599999984919
 20
334.4600000015074
 30
0.0
 40
0.5
  0
CIRCLE
  5
340
  8
HOLES
 10
-195.4599999984919
 20
318.0000000015074
 30
0.0
 40
0.5
  0
CIRCLE
  5
341
  8
HOLES
 10
-200.5399999984918
 20
318.0000000015074
 30
0.0
 40
0.5
  0
CIRCLE
  5
342
  8
HOLES
 10
-197.9999999984918
 20
318.0000000015074
 30
0.0
 40
0.5
  0
CIRCLE
  5
343
  8
HOLES
 10
-222.4599999984919
 20
331.1100000015075
 30
0.0
 40
0.5
  0
CIRCLE
  5
344
  8
HOLES
 10
-222.4599999984919
 20
342.9609879405915
 30
0.0
 40
0.5
  0
POLYLINE
  5
345
  8
TRACES
 66
     1
 10
0.0
 20
0.0
 30
0.0
 70
     1
  0
VERTEX
  5
346
  8
TRACES
 10
-222.5671067796775
 20
335.819421710907
 30
0.0
  0
VERTEX
  5
347
  8
TRACES
 10
-221.1005782890913
 20
334.3528932203209
 30
0.0
 42
0.1989123673795301
  0
VERTEX
  5
348
  8
TRACES
 10
-220.3934715079054
 20
334.0600000015073
 30
0.0
  0
VERTEX
  5
349
  8
TRACES
 10
-219.5281659218115
 20
334.0600000015073
 30
0.0
 42
-0.1830391505856053
  0
VERTEX
  5
34A
  8
TRACES
 10
-218.8656740050765
 20
333.8090690639177
 30
0.0
 42
0.1798436133582355
  0
VERTEX
  5
34B
  8
TRACES
 10
-218.2899774423083
 20
333.5910134550666
 30
0.0
  0
VERTEX
  5
34C
  8
TRACES
 10
-216.6300225546754
 20
333.5910134550667
 30
0.0
 42
0.9999999999995256
  0
VERTEX
  5
34D
  8
TRACES
 10
-216.6300225546754
 20
335.3289865479481
 30
0.0
  0
VERTEX
  5
34E
  8
TRACES
 10
-218.2899774423083
 20
335.3289865479481
 30
0.0
 42
0.1830391505848767
  0
VERTEX
  5
34F
  8
TRACES
 10
-218.8656740050765
 20
335.1109309390971
 30
0.0
 42
-0.1862373641465261
  0
VERTEX
  5
350
  8
TRACES
 10
-219.5281659218115
 20
334.8600000015074
 30
0.0
  0
VERTEX
  5
351
  8
TRACES
 10
-220.0621006580063
 20
334.8600000015075
 30
0.0
 42
-0.1989123673797961
  0
VERTEX
  5
352
  8
TRACES
 10
-220.7692074391932
 20
335.1528932203213
 30
0.0
  0
VERTEX
  5
353
  8
TRACES
 10
-221.7671067796784
 20
336.1507925608063
 30
0.0
 42
-0.1989123673797503
  0
VERTEX
  5
354
  8
TRACES
 10
-222.0599999984918
 20
336.8578993419932
 30
0.0
  0
VERTEX
  5
355
  8
TRACES
 10
-222.0599999984913
 20
341.1810483359371
 30
0.0
 42
-0.3260895571028171
  0
VERTEX
  5
356
  8
TRACES
 10
-221.3649901854301
 20
342.1334038293697
 30
0.0
 42
0.8559117307186472
  0
VERTEX
  5
357
  8
TRACES
 10
-221.6300225546754
 20
343.8299744870322
 30
0.0
  0
VERTEX
  5
358
  8
TRACES
 10
-223.2899774423083
 20
343.8299744870322
 30
0.0
 42
0.8559117307182622
  0
VERTEX
  5
359
  8
TRACES
 10
-223.5550098115537
 20
342.1334038293698
 30
0.0
 42
-0.3352410841252697
  0
VERTEX
  5
35A
  8
TRACES
 10
-222.8599999984915
 20
341.1810483359371
 30
0.0
  0
VERTEX
  5
35B
  8
TRACES
 10
-222.8599999984913
 20
336.5265284920944
 30
0.0
 42
0.1989123673799155
  0
SEQEND
  5
35C
  8
TRACES
  0
CIRCLE
  5
35D
  8
DEFAULT
 10
-179.2616702955407
 20
318.2616703015686
 30
0.0
 40
1.499999999243631
  0
CIRCLE
  5
35E
  8
DEFAULT
 10
-216.7383296984295
 20
355.7383297044576
 30
0.0
 40
1.500000000000018
  0
CIRCLE
  5
35F
  8
DEFAULT
 10
-179.2616702955406
 20
355.7383297074726
 30
0.0
 40
1.500000000000246
  0
CIRCLE
  5
360
  8
DEFAULT
 10
-216.7383296954144
 20
318.2616703015687
 30
0.0
 40
1.499999999999537
  0
POLYLINE
  5
361
  8
DEFAULT
 66
     1
 10
0.0
 20
0.0
 30
0.0
 70
     1
  0
VERTEX
  5
362
  8
DEFAULT
 10
-209.8743420825153
 20
312.0000000045189
 30
0.0
 42
-0.1243688756258508
  0
VERTEX
  5
363
  8
DEFAULT
 10
-211.2992631329603
 20
312.360000004519
 30
0.0
 42
-0.0411682485747854
  0
VERTEX
  5
364
  8
DEFAULT
 10
-215.1565236922866
 20
314.8718800066327
 30
0.0
 42
0.1549822773790339
  0
VERTEX
  5
365
  8
DEFAULT
 10
-216.861332016781
 20
315.4980430290919
 30
0.0
 42
-0.3883924297972034
  0
VERTEX
  5
366
  8
DEFAULT
 10
-219.5019569678706
 20
318.1386679797569
 30
0.0
 42
0.1549822773790639
  0
VERTEX
  5
367
  8
DEFAULT
 10
-220.1281199906043
 20
319.8434763041495
 30
0.0
 42
-0.3422534837141456
  0
VERTEX
  5
368
  8
DEFAULT
 10
-220.1281199906038
 20
354.1565237048916
 30
0.0
 42
0.154982277378893
  0
VERTEX
  5
369
  8
DEFAULT
 10
-219.5019569678698
 20
355.8613320292839
 30
0.0
 42
-0.3883924297972202
  0
VERTEX
  5
36A
  8
DEFAULT
 10
-216.8613320167819
 20
358.5019569799474
 30
0.0
 42
0.1549822773790742
  0
VERTEX
  5
36B
  8
DEFAULT
 10
-215.1565236922884
 20
359.1281200024068
 30
0.0
 42
-0.0411682485746432
  0
VERTEX
  5
36C
  8
DEFAULT
 10
-211.2992631329667
 20
361.6400000045188
 30
0.0
 42
-0.1243688756261288
  0
VERTEX
  5
36D
  8
DEFAULT
 10
-209.8743420825217
 20
362.0000000045189
 30
0.0
  0
VERTEX
  5
36E
  8
DEFAULT
 10
-185.8399436227191
 20
362.0000000045189
 30
0.0
 42
-0.1243688756261622
  0
VERTEX
  5
36F
  8
DEFAULT
 10
-184.4150225722742
 20
361.6400000045188
 30
0.0
 42
-0.0411682485746161
  0
VERTEX
  5
370
  8
DEFAULT
 10
-180.5577620129524
 20
359.1281200024068
 30
0.0
 42
0.1549822773790132
  0
VERTEX
  5
371
  8
DEFAULT
 10
-178.852953688459
 20
358.5019569799473
 30
0.0
 42
-0.3883924297972038
  0
VERTEX
  5
372
  8
DEFAULT
 10
-176.212328737371
 20
355.8613320292839
 30
0.0
 42
0.1549822773788475
  0
VERTEX
  5
373
  8
DEFAULT
 10
-175.5861657146371
 20
354.1565237048916
 30
0.0
 42
-0.3422534837141432
  0
VERTEX
  5
374
  8
DEFAULT
 10
-175.5861657146366
 20
319.8434763041495
 30
0.0
 42
0.1549822773789699
  0
VERTEX
  5
375
  8
DEFAULT
 10
-176.2123287373703
 20
318.1386679797569
 30
0.0
 42
-0.388392429797188
  0
VERTEX
  5
376
  8
DEFAULT
 10
-178.8529536884599
 20
315.4980430290919
 30
0.0
 42
0.1549822773790248
  0
VERTEX
  5
377
  8
DEFAULT
 10
-180.5577620129543
 20
314.8718800066327
 30
0.0
 42
-0.0411682485747647
  0
VERTEX
  5
378
  8
DEFAULT
 10
-184.4150225722806
 20
312.360000004519
 30
0.0
 42
-0.1243688756258457
  0
VERTEX
  5
379
  8
DEFAULT
 10
-185.8399436227255
 20
312.0000000045189
 30
0.0
  0
SEQEND
  5
37A
  8
DEFAULT
  0
CIRCLE
  5
37B
  8
DEFAULT
 10
155.7383297044594
 20
263.2616703015686
 30
0.0
 40
1.499999999243655
210
0.0
220
0.0
230
-1.0
  0
CIRCLE
  5
37C
  8
DEFAULT
 10
155.7383297044593
 20
300.7383297074726
 30
0.0
 40
1.500000000000225
210
0.0
220
0.0
230
-1.0
  0
CIRCLE
  5
37D
  8
DEFAULT
 10
118.2616703015706
 20
300.7383297044576
 30
0.0
 40
1.499999999999991
210
0.0
220
0.0
230
-1.0
  0
CIRCLE
  5
37E
  8
DEFAULT
 10
118.2616703045855
 20
263.2616703015687
 30
0.0
 40
1.499999999999543
210
0.0
220
0.0
230
-1.0
  0
POLYLINE
  5
37F
  8
DEFAULT
 66
     1
 10
0.0
 20
0.0
 30
0.0
 70
     1
  0
VERTEX
  5
380
  8
DEFAULT
 10
-128.3047034764826
 20
245.8064076346285
 30
0.0
  0
VERTEX
  5
381
  8
DEFAULT
 10
-128.3035584952283
 20
245.7208668839468
 30
0.0
  0
VERTEX
  5
382
  8
DEFAULT
 10
-128.3001235514656
 20
245.6380687627812
 30
0.0
  0
VERTEX
  5
383
  8
DEFAULT
 10
-128.2943986451943
 20
245.5580132711316
 30
0.0
  0
VERTEX
  5
384
  8
DEFAULT
 10
-128.2863837764144
 20
245.480700408998
 30
0.0
  0
VERTEX
  5
385
  8
DEFAULT
 10
-128.2815176060838
 20
245.4430724639997
 30
0.0
  0
VERTEX
  5
386
  8
DEFAULT
 10
-128.2760789451261
 20
245.4061301763804
 30
0.0
  0
VERTEX
  5
387
  8
DEFAULT
 10
-128.2700677935412
 20
245.3698735461401
 30
0.0
  0
VERTEX
  5
388
  8
DEFAULT
 10
-128.2634841513292
 20
245.3343025732788
 30
0.0
  0
VERTEX
  5
389
  8
DEFAULT
 10
-128.2563280184901
 20
245.2994172577965
 30
0.0
  0
VERTEX
  5
38A
  8
DEFAULT
 10
-128.2485993950239
 20
245.2652175996932
 30
0.0
  0
VERTEX
  5
38B
  8
DEFAULT
 10
-128.2402982809305
 20
245.231703598969
 30
0.0
  0
VERTEX
  5
38C
  8
DEFAULT
 10
-128.2314246762099
 20
245.1988752556237
 30
0.0
  0
VERTEX
  5
38D
  8
DEFAULT
 10
-128.2219785808623
 20
245.1667325696574
 30
0.0
  0
VERTEX
  5
38E
  8
DEFAULT
 10
-128.2119599948875
 20
245.1352755410702
 30
0.0
  0
VERTEX
  5
38F
  8
DEFAULT
 10
-128.2013689182856
 20
245.104504169862
 30
0.0
  0
VERTEX
  5
390
  8
DEFAULT
 10
-128.1902053510566
 20
245.0744184560327
 30
0.0
  0
VERTEX
  5
391
  8
DEFAULT
 10
-128.1784692932004
 20
245.0450183995825
 30
0.0
  0
VERTEX
  5
392
  8
DEFAULT
 10
-128.1661607447171
 20
245.0163040005112
 30
0.0
  0
VERTEX
  5
393
  8
DEFAULT
 10
-128.1532797056067
 20
244.988275258819
 30
0.0
  0
VERTEX
  5
394
  8
DEFAULT
 10
-128.1398261758691
 20
244.9609321745058
 30
0.0
  0
VERTEX
  5
395
  8
DEFAULT
 10
-128.1258001555044
 20
244.9342747475716
 30
0.0
  0
VERTEX
  5
396
  8
DEFAULT
 10
-128.1112016445126
 20
244.9083029780164
 30
0.0
  0
VERTEX
  5
397
  8
DEFAULT
 10
-128.0960306428937
 20
244.8830168658401
 30
0.0
  0
VERTEX
  5
398
  8
DEFAULT
 10
-128.0802871506476
 20
244.8584164110429
 30
0.0
  0
VERTEX
  5
399
  8
DEFAULT
 10
-128.0639711677744
 20
244.8345016136247
 30
0.0
  0
VERTEX
  5
39A
  8
DEFAULT
 10
-128.047082694274
 20
244.8112724735855
 30
0.0
  0
VERTEX
  5
39B
  8
DEFAULT
 10
-128.0296217301465
 20
244.7887289909253
 30
0.0
  0
VERTEX
  5
39C
  8
DEFAULT
 10
-128.0115882753919
 20
244.7668711656442
 30
0.0
  0
VERTEX
  5
39D
  8
DEFAULT
 10
-127.9931653938735
 20
244.7456923408743
 30
0.0
  0
VERTEX
  5
39E
  8
DEFAULT
 10
-127.9745361494547
 20
244.7251858597478
 30
0.0
  0
VERTEX
  5
39F
  8
DEFAULT
 10
-127.9557005421353
 20
244.7053517222648
 30
0.0
  0
VERTEX
  5
3A0
  8
DEFAULT
 10
-127.9366585719155
 20
244.6861899284254
 30
0.0
  0
VERTEX
  5
3A1
  8
DEFAULT
 10
-127.9174102387952
 20
244.6677004782294
 30
0.0
  0
VERTEX
  5
3A2
  8
DEFAULT
 10
-127.8979555427744
 20
244.6498833716769
 30
0.0
  0
VERTEX
  5
3A3
  8
DEFAULT
 10
-127.8782944838531
 20
244.6327386087679
 30
0.0
  0
VERTEX
  5
3A4
  8
DEFAULT
 10
-127.8584270620314
 20
244.6162661895024
 30
0.0
  0
VERTEX
  5
3A5
  8
DEFAULT
 10
-127.8383532773091
 20
244.6004661138804
 30
0.0
  0
VERTEX
  5
3A6
  8
DEFAULT
 10
-127.8180731296864
 20
244.5853383819019
 30
0.0
  0
VERTEX
  5
3A7
  8
DEFAULT
 10
-127.7975866191633
 20
244.5708829935668
 30
0.0
  0
VERTEX
  5
3A8
  8
DEFAULT
 10
-127.7768937457396
 20
244.5570999488753
 30
0.0
  0
VERTEX
  5
3A9
  8
DEFAULT
 10
-127.7559945094155
 20
244.5439892478272
 30
0.0
  0
VERTEX
  5
3AA
  8
DEFAULT
 10
-127.7348889101909
 20
244.5315508904226
 30
0.0
  0
VERTEX
  5
3AB
  8
DEFAULT
 10
-127.7135769480658
 20
244.5197848766616
 30
0.0
  0
VERTEX
  5
3AC
  8
DEFAULT
 10
-127.6920586230402
 20
244.508691206544
 30
0.0
  0
VERTEX
  5
3AD
  8
DEFAULT
 10
-127.6703339351142
 20
244.4982698800699
 30
0.0
  0
VERTEX
  5
3AE
  8
DEFAULT
 10
-127.6484028842877
 20
244.4885208972393
 30
0.0
  0
VERTEX
  5
3AF
  8
DEFAULT
 10
-127.6262654705607
 20
244.4794442580521
 30
0.0
  0
VERTEX
  5
3B0
  8
DEFAULT
 10
-127.6039216939332
 20
244.4710399625085
 30
0.0
  0
VERTEX
  5
3B1
  8
DEFAULT
 10
-127.5813715544053
 20
244.4633080106084
 30
0.0
  0
VERTEX
  5
3B2
  8
DEFAULT
 10
-127.5586150519768
 20
244.4562484023517
 30
0.0
  0
VERTEX
  5
3B3
  8
DEFAULT
 10
-127.5356521866479
 20
244.4498611377386
 30
0.0
  0
VERTEX
  5
3B4
  8
DEFAULT
 10
-127.5124829584185
 20
244.4441462167689
 30
0.0
  0
VERTEX
  5
3B5
  8
DEFAULT
 10
-127.4891073672887
 20
244.4391036394427
 30
0.0
  0
VERTEX
  5
3B6
  8
DEFAULT
 10
-127.4655254132583
 20
244.43473340576
 30
0.0
  0
VERTEX
  5
3B7
  8
DEFAULT
 10
-127.4417370963275
 20
244.4310355157209
 30
0.0
  0
VERTEX
  5
3B8
  8
DEFAULT
 10
-127.4177424164963
 20
244.4280099693252
 30
0.0
  0
VERTEX
  5
3B9
  8
DEFAULT
 10
-127.3935413737645
 20
244.425656766573
 30
0.0
  0
VERTEX
  5
3BA
  8
DEFAULT
 10
-127.3691339681322
 20
244.4239759074642
 30
0.0
  0
VERTEX
  5
3BB
  8
DEFAULT
 10
-127.3445201995995
 20
244.422967391999
 30
0.0
  0
VERTEX
  5
3BC
  8
DEFAULT
 10
-127.3197000681663
 20
244.4226312201772
 30
0.0
  0
VERTEX
  5
3BD
  8
DEFAULT
 10
-127.2946818949173
 20
244.4229524140465
 30
0.0
  0
VERTEX
  5
3BE
  8
DEFAULT
 10
-127.2699000404738
 20
244.4239159956544
 30
0.0
  0
VERTEX
  5
3BF
  8
DEFAULT
 10
-127.2453545048355
 20
244.4255219650009
 30
0.0
  0
VERTEX
  5
3C0
  8
DEFAULT
 10
-127.2210452880027
 20
244.4277703220859
 30
0.0
  0
VERTEX
  5
3C1
  8
DEFAULT
 10
-127.1969723899753
 20
244.4306610669095
 30
0.0
  0
VERTEX
  5
3C2
  8
DEFAULT
 10
-127.1731358107532
 20
244.4341941994717
 30
0.0
  0
VERTEX
  5
3C3
  8
DEFAULT
 10
-127.1495355503366
 20
244.4383697197725
 30
0.0
  0
VERTEX
  5
3C4
  8
DEFAULT
 10
-127.1261716087253
 20
244.4431876278119
 30
0.0
  0
VERTEX
  5
3C5
  8
DEFAULT
 10
-127.1030439859194
 20
244.4486479235898
 30
0.0
  0
VERTEX
  5
3C6
  8
DEFAULT
 10
-127.0801526819189
 20
244.4547506071063
 30
0.0
  0
VERTEX
  5
3C7
  8
DEFAULT
 10
-127.0574976967237
 20
244.4614956783615
 30
0.0
  0
VERTEX
  5
3C8
  8
DEFAULT
 10
-127.035079030334
 20
244.4688831373551
 30
0.0
  0
VERTEX
  5
3C9
  8
DEFAULT
 10
-127.0128966827497
 20
244.4769129840874
 30
0.0
  0
VERTEX
  5
3CA
  8
DEFAULT
 10
-126.9909506539707
 20
244.4855852185583
 30
0.0
  0
VERTEX
  5
3CB
  8
DEFAULT
 10
-126.9692409439971
 20
244.4948998407677
 30
0.0
  0
VERTEX
  5
3CC
  8
DEFAULT
 10
-126.9477675528289
 20
244.5048568507157
 30
0.0
  0
VERTEX
  5
3CD
  8
DEFAULT
 10
-126.9265304804661
 20
244.5154562484023
 30
0.0
  0
VERTEX
  5
3CE
  8
DEFAULT
 10
-126.9055297269087
 20
244.5266980338275
 30
0.0
  0
VERTEX
  5
3CF
  8
DEFAULT
 10
-126.8847652921566
 20
244.5385822069913
 30
0.0
  0
VERTEX
  5
3D0
  8
DEFAULT
 10
-126.86423717621
 20
244.5511087678936
 30
0.0
  0
VERTEX
  5
3D1
  8
DEFAULT
 10
-126.8439453790687
 20
244.5642777165345
 30
0.0
  0
VERTEX
  5
3D2
  8
DEFAULT
 10
-126.8238899007328
 20
244.5780890529141
 30
0.0
  0
VERTEX
  5
3D3
  8
DEFAULT
 10
-126.8040707412023
 20
244.5925427770322
 30
0.0
  0
VERTEX
  5
3D4
  8
DEFAULT
 10
-126.7844879004772
 20
244.6076388888889
 30
0.0
  0
VERTEX
  5
3D5
  8
DEFAULT
 10
-126.7651413785574
 20
244.6233773884841
 30
0.0
  0
VERTEX
  5
3D6
  8
DEFAULT
 10
-126.7460311754431
 20
244.639758275818
 30
0.0
  0
VERTEX
  5
3D7
  8
DEFAULT
 10
-126.7271572911341
 20
244.6567815508904
 30
0.0
  0
VERTEX
  5
3D8
  8
DEFAULT
 10
-126.7085197256305
 20
244.6744472137014
 30
0.0
  0
VERTEX
  5
3D9
  8
DEFAULT
 10
-126.6901184789323
 20
244.692755264251
 30
0.0
  0
VERTEX
  5
3DA
  8
DEFAULT
 10
-126.6719535510395
 20
244.7117057025392
 30
0.0
  0
VERTEX
  5
3DB
  8
DEFAULT
 10
-126.6540249419521
 20
244.731298528566
 30
0.0
  0
VERTEX
  5
3DC
  8
DEFAULT
 10
-126.6363326516701
 20
244.7515337423313
 30
0.0
  0
VERTEX
  5
3DD
  8
DEFAULT
 10
-126.6190331165857
 20
244.7724279860046
 30
0.0
  0
VERTEX
  5
3DE
  8
DEFAULT
 10
-126.6022827730913
 20
244.7939979017553
 30
0.0
  0
VERTEX
  5
3DF
  8
DEFAULT
 10
-126.5860816211869
 20
244.8162434895833
 30
0.0
  0
VERTEX
  5
3E0
  8
DEFAULT
 10
-126.5704296608725
 20
244.8391647494888
 30
0.0
  0
VERTEX
  5
3E1
  8
DEFAULT
 10
-126.5553268921481
 20
244.8627616814715
 30
0.0
  0
VERTEX
  5
3E2
  8
DEFAULT
 10
-126.5407733150136
 20
244.8870342855317
 30
0.0
  0
VERTEX
  5
3E3
  8
DEFAULT
 10
-126.5267689294692
 20
244.9119825616692
 30
0.0
  0
VERTEX
  5
3E4
  8
DEFAULT
 10
-126.5133137355147
 20
244.9376065098841
 30
0.0
  0
VERTEX
  5
3E5
  8
DEFAULT
 10
-126.5004077331501
 20
244.9639061301764
 30
0.0
  0
VERTEX
  5
3E6
  8
DEFAULT
 10
-126.4880509223756
 20
244.990881422546
 30
0.0
  0
VERTEX
  5
3E7
  8
DEFAULT
 10
-126.476243303191
 20
245.018532386993
 30
0.0
  0
VERTEX
  5
3E8
  8
DEFAULT
 10
-126.4649848755965
 20
245.0468590235174
 30
0.0
  0
VERTEX
  5
3E9
  8
DEFAULT
 10
-126.4542756395919
 20
245.0758613321191
 30
0.0
  0
VERTEX
  5
3EA
  8
DEFAULT
 10
-126.4441155951772
 20
245.1055393127982
 30
0.0
  0
VERTEX
  5
3EB
  8
DEFAULT
 10
-126.4345047423526
 20
245.1358929655547
 30
0.0
  0
VERTEX
  5
3EC
  8
DEFAULT
 10
-126.4254430811179
 20
245.1669222903885
 30
0.0
  0
VERTEX
  5
3ED
  8
DEFAULT
 10
-126.4169306114733
 20
245.1986272872998
 30
0.0
  0
VERTEX
  5
3EE
  8
DEFAULT
 10
-126.4089673334186
 20
245.2310079562884
 30
0.0
  0
VERTEX
  5
3EF
  8
DEFAULT
 10
-126.4015532469538
 20
245.2640642973543
 30
0.0
  0
VERTEX
  5
3F0
  8
DEFAULT
 10
-126.3946883520791
 20
245.2977963104976
 30
0.0
  0
VERTEX
  5
3F1
  8
DEFAULT
 10
-126.3883726487943
 20
245.3322039957183
 30
0.0
  0
VERTEX
  5
3F2
  8
DEFAULT
 10
-126.3826061370995
 20
245.3672873530164
 30
0.0
  0
VERTEX
  5
3F3
  8
DEFAULT
 10
-126.3727206884799
 20
245.4394810838446
 30
0.0
  0
VERTEX
  5
3F4
  8
DEFAULT
 10
-126.3650320062202
 20
245.5143775029823
 30
0.0
  0
VERTEX
  5
3F5
  8
DEFAULT
 10
-126.3595400903204
 20
245.5919766104294
 30
0.0
  0
VERTEX
  5
3F6
  8
DEFAULT
 10
-126.3562449407805
 20
245.6722784061861
 30
0.0
  0
VERTEX
  5
3F7
  8
DEFAULT
 10
-126.3551465576006
 20
245.7552828902522
 30
0.0
  0
VERTEX
  5
3F8
  8
DEFAULT
 10
-126.3562649113838
 20
245.8466151158827
 30
0.0
  0
VERTEX
  5
3F9
  8
DEFAULT
 10
-126.3596199727335
 20
245.9348585548739
 30
0.0
  0
VERTEX
  5
3FA
  8
DEFAULT
 10
-126.3652117416496
 20
246.0200132072256
 30
0.0
  0
VERTEX
  5
3FB
  8
DEFAULT
 10
-126.3730402181323
 20
246.102079072938
 30
0.0
  0
VERTEX
  5
3FC
  8
DEFAULT
 10
-126.3831054021813
 20
246.1810561520109
 30
0.0
  0
VERTEX
  5
3FD
  8
DEFAULT
 10
-126.3889767595433
 20
246.2193863965576
 30
0.0
  0
VERTEX
  5
3FE
  8
DEFAULT
 10
-126.3954072937969
 20
246.2569444444445
 30
0.0
  0
VERTEX
  5
3FF
  8
DEFAULT
 10
-126.4023970049421
 20
246.2937302956715
 30
0.0
  0
VERTEX
  5
400
  8
DEFAULT
 10
-126.4099458929789
 20
246.3297439502386
 30
0.0
  0
VERTEX
  5
401
  8
DEFAULT
 10
-126.4180539579073
 20
246.3649854081459
 30
0.0
  0
VERTEX
  5
402
  8
DEFAULT
 10
-126.4267211997274
 20
246.3994546693933
 30
0.0
  0
VERTEX
  5
403
  8
DEFAULT
 10
-126.435947618439
 20
246.4331517339809
 30
0.0
  0
VERTEX
  5
404
  8
DEFAULT
 10
-126.4457332140423
 20
246.4660766019086
 30
0.0
  0
VERTEX
  5
405
  8
DEFAULT
 10
-126.4560779865372
 20
246.4982292731765
 30
0.0
  0
VERTEX
  5
406
  8
DEFAULT
 10
-126.4669819359237
 20
246.5296097477846
 30
0.0
  0
VERTEX
  5
407
  8
DEFAULT
 10
-126.4784450622018
 20
246.5602180257328
 30
0.0
  0
VERTEX
  5
408
  8
DEFAULT
 10
-126.4904673653715
 20
246.5900541070211
 30
0.0
  0
VERTEX
  5
409
  8
DEFAULT
 10
-126.5030488454329
 20
246.6191179916496
 30
0.0
  0
VERTEX
  5
40A
  8
DEFAULT
 10
-126.5161895023858
 20
246.6474096796182
 30
0.0
  0
VERTEX
  5
40B
  8
DEFAULT
 10
-126.5298893362304
 20
246.674929170927
 30
0.0
  0
VERTEX
  5
40C
  8
DEFAULT
 10
-126.5441483469666
 20
246.701676465576
 30
0.0
  0
VERTEX
  5
40D
  8
DEFAULT
 10
-126.5589665345944
 20
246.7276515635651
 30
0.0
  0
VERTEX
  5
40E
  8
DEFAULT
 10
-126.5743438991138
 20
246.7528544648943
 30
0.0
  0
VERTEX
  5
40F
  8
DEFAULT
 10
-126.5902804405249
 20
246.7772851695637
 30
0.0
  0
VERTEX
  5
410
  8
DEFAULT
 10
-126.6067761588275
 20
246.8009436775733
 30
0.0
  0
VERTEX
  5
411
  8
DEFAULT
 10
-126.6238310540218
 20
246.823829988923
 30
0.0
  0
VERTEX
  5
412
  8
DEFAULT
 10
-126.6414451261077
 20
246.8459441036128
 30
0.0
  0
VERTEX
  5
413
  8
DEFAULT
 10
-126.6594685955607
 20
246.8673326197171
 30
0.0
  0
VERTEX
  5
414
  8
DEFAULT
 10
-126.6777516828562
 20
246.8880421353102
 30
0.0
  0
VERTEX
  5
415
  8
DEFAULT
 10
-126.6962943879942
 20
246.908072650392
 30
0.0
  0
VERTEX
  5
416
  8
DEFAULT
 10
-126.7150967109748
 20
246.9274241649625
 30
0.0
  0
VERTEX
  5
417
  8
DEFAULT
 10
-126.7341586517979
 20
246.9460966790218
 30
0.0
  0
VERTEX
  5
418
  8
DEFAULT
 10
-126.7534802104635
 20
246.9640901925699
 30
0.0
  0
VERTEX
  5
419
  8
DEFAULT
 10
-126.7730613869717
 20
246.9814047056067
 30
0.0
  0
VERTEX
  5
41A
  8
DEFAULT
 10
-126.7929021813224
 20
246.9980402181322
 30
0.0
  0
VERTEX
  5
41B
  8
DEFAULT
 10
-126.8130025935157
 20
247.0139967301466
 30
0.0
  0
VERTEX
  5
41C
  8
DEFAULT
 10
-126.8333626235515
 20
247.0292742416496
 30
0.0
  0
VERTEX
  5
41D
  8
DEFAULT
 10
-126.8539822714298
 20
247.0438727526414
 30
0.0
  0
VERTEX
  5
41E
  8
DEFAULT
 10
-126.8748615371507
 20
247.057792263122
 30
0.0
  0
VERTEX
  5
41F
  8
DEFAULT
 10
-126.896000420714
 20
247.0710327730914
 30
0.0
  0
VERTEX
  5
420
  8
DEFAULT
 10
-126.91739892212
 20
247.0835942825494
 30
0.0
  0
VERTEX
  5
421
  8
DEFAULT
 10
-126.9390570413684
 20
247.0954767914963
 30
0.0
  0
VERTEX
  5
422
  8
DEFAULT
 10
-126.9609747784594
 20
247.1066802999318
 30
0.0
  0
VERTEX
  5
423
  8
DEFAULT
 10
-126.983152133393
 20
247.1172048078562
 30
0.0
  0
VERTEX
  5
424
  8
DEFAULT
 10
-127.0055891061691
 20
247.1270503152693
 30
0.0
  0
VERTEX
  5
425
  8
DEFAULT
 10
-127.0282856967877
 20
247.1362168221711
 30
0.0
  0
VERTEX
  5
426
  8
DEFAULT
 10
-127.0512419052488
 20
247.1447043285617
 30
0.0
  0
VERTEX
  5
427
  8
DEFAULT
 10
-127.0744577315525
 20
247.152512834441
 30
0.0
  0
VERTEX
  5
428
  8
DEFAULT
 10
-127.0979331756987
 20
247.1596423398091
 30
0.0
  0
VERTEX
  5
429
  8
DEFAULT
 10
-127.1216682376874
 20
247.166092844666
 30
0.0
  0
VERTEX
  5
42A
  8
DEFAULT
 10
-127.1456629175187
 20
247.1718643490116
 30
0.0
  0
VERTEX
  5
42B
  8
DEFAULT
 10
-127.1699172151926
 20
247.1769568528459
 30
0.0
  0
VERTEX
  5
42C
  8
DEFAULT
 10
-127.1944311307089
 20
247.1813703561691
 30
0.0
  0
VERTEX
  5
42D
  8
DEFAULT
 10
-127.2192046640678
 20
247.1851048589809
 30
0.0
  0
VERTEX
  5
42E
  8
DEFAULT
 10
-127.2442378152692
 20
247.1881603612815
 30
0.0
  0
VERTEX
  5
42F
  8
DEFAULT
 10
-127.2695305843132
 20
247.1905368630709
 30
0.0
  0
VERTEX
  5
430
  8
DEFAULT
 10
-127.2950829711997
 20
247.192234364349
 30
0.0
  0
VERTEX
  5
431
  8
DEFAULT
 10
-127.3208949759288
 20
247.1932528651159
 30
0.0
  0
VERTEX
  5
432
  8
DEFAULT
 10
-127.3469665985003
 20
247.1935923653715
 30
0.0
  0
VERTEX
  5
433
  8
DEFAULT
 10
-127.3723974975503
 20
247.1932661788514
 30
0.0
  0
VERTEX
  5
434
  8
DEFAULT
 10
-127.3975654503238
 20
247.1922876192911
 30
0.0
  0
VERTEX
  5
435
  8
DEFAULT
 10
-127.4224704568209
 20
247.1906566866905
 30
0.0
  0
VERTEX
  5
436
  8
DEFAULT
 10
-127.4471125170416
 20
247.1883733810498
 30
0.0
  0
VERTEX
  5
437
  8
DEFAULT
 10
-127.4714916309859
 20
247.1854377023688
 30
0.0
  0
VERTEX
  5
438
  8
DEFAULT
 10
-127.4956077986537
 20
247.1818496506476
 30
0.0
  0
VERTEX
  5
439
  8
DEFAULT
 10
-127.5194610200452
 20
247.1776092258862
 30
0.0
  0
VERTEX
  5
43A
  8
DEFAULT
 10
-127.5430512951602
 20
247.1727164280845
 30
0.0
  0
VERTEX
  5
43B
  8
DEFAULT
 10
-127.5663786239988
 20
247.1671712572427
 30
0.0
  0
VERTEX
  5
43C
  8
DEFAULT
 10
-127.589443006561
 20
247.1609737133606
 30
0.0
  0
VERTEX
  5
43D
  8
DEFAULT
 10
-127.6122444428468
 20
247.1541237964383
 30
0.0
  0
VERTEX
  5
43E
  8
DEFAULT
 10
-127.6347829328562
 20
247.1466215064758
 30
0.0
  0
VERTEX
  5
43F
  8
DEFAULT
 10
-127.6570584765891
 20
247.1384668434731
 30
0.0
  0
VERTEX
  5
440
  8
DEFAULT
 10
-127.6790710740457
 20
247.1296598074301
 30
0.0
  0
VERTEX
  5
441
  8
DEFAULT
 10
-127.7008207252258
 20
247.120200398347
 30
0.0
  0
VERTEX
  5
442
  8
DEFAULT
 10
-127.7223074301295
 20
247.1100886162236
 30
0.0
  0
VERTEX
  5
443
  8
DEFAULT
 10
-127.7435311887568
 20
247.09932446106
 30
0.0
  0
VERTEX
  5
444
  8
DEFAULT
 10
-127.7644920011077
 20
247.0879079328561
 30
0.0
  0
VERTEX
  5
445
  8
DEFAULT
 10
-127.7851898671822
 20
247.0758390316121
 30
0.0
  0
VERTEX
  5
446
  8
DEFAULT
 10
-127.8056247869802
 20
247.0631177573279
 30
0.0
  0
VERTEX
  5
447
  8
DEFAULT
 10
-127.8257967605019
 20
247.0497441100034
 30
0.0
  0
VERTEX
  5
448
  8
DEFAULT
 10
-127.8457057877471
 20
247.0357180896387
 30
0.0
  0
VERTEX
  5
449
  8
DEFAULT
 10
-127.8653518687159
 20
247.0210396962338
 30
0.0
  0
VERTEX
  5
44A
  8
DEFAULT
 10
-127.8847350034083
 20
247.0057089297887
 30
0.0
  0
VERTEX
  5
44B
  8
DEFAULT
 10
-127.9038551918243
 20
246.9897257903033
 30
0.0
  0
VERTEX
  5
44C
  8
DEFAULT
 10
-127.9227124339639
 20
246.9730902777778
 30
0.0
  0
VERTEX
  5
44D
  8
DEFAULT
 10
-127.941306729827
 20
246.955802392212
 30
0.0
  0
VERTEX
  5
44E
  8
DEFAULT
 10
-127.9596380794138
 20
246.937862133606
 30
0.0
  0
VERTEX
  5
44F
  8
DEFAULT
 10
-127.9777064827241
 20
246.9192695019598
 30
0.0
  0
VERTEX
  5
450
  8
DEFAULT
 10
-127.995511939758
 20
246.9000244972733
 30
0.0
  0
VERTEX
  5
451
  8
DEFAULT
 10
-128.0130544505155
 20
246.8801271195467
 30
0.0
  0
VERTEX
  5
452
  8
DEFAULT
 10
-128.0303340149966
 20
246.8595773687798
 30
0.0
  0
VERTEX
  5
453
  8
DEFAULT
 10
-128.0472141674122
 20
246.8383253184645
 30
0.0
  0
VERTEX
  5
454
  8
DEFAULT
 10
-128.0635584419734
 20
246.8163210420927
 30
0.0
  0
VERTEX
  5
455
  8
DEFAULT
 10
-128.0793668386801
 20
246.7935645396643
 30
0.0
  0
VERTEX
  5
456
  8
DEFAULT
 10
-128.0946393575324
 20
246.7700558111793
 30
0.0
  0
VERTEX
  5
457
  8
DEFAULT
 10
-128.1093759985302
 20
246.7457948566377
 30
0.0
  0
VERTEX
  5
458
  8
DEFAULT
 10
-128.1235767616735
 20
246.7207816760395
 30
0.0
  0
VERTEX
  5
459
  8
DEFAULT
 10
-128.1372416469623
 20
246.6950162693848
 30
0.0
  0
VERTEX
  5
45A
  8
DEFAULT
 10
-128.1503706543967
 20
246.6684986366735
 30
0.0
  0
VERTEX
  5
45B
  8
DEFAULT
 10
-128.1629637839766
 20
246.6412287779056
 30
0.0
  0
VERTEX
  5
45C
  8
DEFAULT
 10
-128.1750210357021
 20
246.6132066930811
 30
0.0
  0
VERTEX
  5
45D
  8
DEFAULT
 10
-128.1865424095731
 20
246.5844323822001
 30
0.0
  0
VERTEX
  5
45E
  8
DEFAULT
 10
-128.1975279055896
 20
246.5549058452625
 30
0.0
  0
VERTEX
  5
45F
  8
DEFAULT
 10
-128.2079775237517
 20
246.5246270822682
 30
0.0
  0
VERTEX
  5
460
  8
DEFAULT
 10
-128.2178912640593
 20
246.4935960932174
 30
0.0
  0
VERTEX
  5
461
  8
DEFAULT
 10
-128.2272691265124
 20
246.4618128781101
 30
0.0
  0
VERTEX
  5
462
  8
DEFAULT
 10
-128.2361111111111
 20
246.4292774369461
 30
0.0
  0
VERTEX
  5
463
  8
DEFAULT
 10
-128.2444172178553
 20
246.3959897697256
 30
0.0
  0
VERTEX
  5
464
  8
DEFAULT
 10
-128.252187446745
 20
246.3619498764485
 30
0.0
  0
VERTEX
  5
465
  8
DEFAULT
 10
-128.2594217977803
 20
246.3271577571149
 30
0.0
  0
VERTEX
  5
466
  8
DEFAULT
 10
-128.2661202709611
 20
246.2916134117246
 30
0.0
  0
VERTEX
  5
467
  8
DEFAULT
 10
-128.2722828662875
 20
246.2553168402778
 30
0.0
  0
VERTEX
  5
468
  8
DEFAULT
 10
-128.2779095837594
 20
246.2182680427744
 30
0.0
  0
VERTEX
  5
469
  8
DEFAULT
 10
-128.2875553851397
 20
246.1419137695978
 30
0.0
  0
VERTEX
  5
46A
  8
DEFAULT
 10
-128.2950576751022
 20
246.062550592195
 30
0.0
  0
VERTEX
  5
46B
  8
DEFAULT
 10
-128.3004164536469
 20
245.9801785105658
 30
0.0
  0
VERTEX
  5
46C
  8
DEFAULT
 10
-128.3036317207737
 20
245.8947975247103
 30
0.0
  0
SEQEND
  5
46D
  8
DEFAULT
  0
POLYLINE
  5
46E
  8
DEFAULT
 66
     1
 10
0.0
 20
0.0
 30
0.0
 70
     1
  0
VERTEX
  5
46F
  8
DEFAULT
 10
-126.3653715064758
 20
244.4567143830947
 30
0.0
  0
VERTEX
  5
470
  8
DEFAULT
 10
-126.3653715064758
 20
244.0
 30
0.0
  0
VERTEX
  5
471
  8
DEFAULT
 10
-125.7961826857533
 20
244.0
 30
0.0
  0
VERTEX
  5
472
  8
DEFAULT
 10
-125.7961826857533
 20
248.9965916837083
 30
0.0
  0
VERTEX
  5
473
  8
DEFAULT
 10
-126.4062713019768
 20
248.9965916837083
 30
0.0
  0
VERTEX
  5
474
  8
DEFAULT
 10
-126.4062713019768
 20
247.2038173142467
 30
0.0
  0
VERTEX
  5
475
  8
DEFAULT
 10
-126.4266679447853
 20
247.2311836975971
 30
0.0
  0
VERTEX
  5
476
  8
DEFAULT
 10
-126.4478101567826
 20
247.2578977079073
 30
0.0
  0
VERTEX
  5
477
  8
DEFAULT
 10
-126.4696979379687
 20
247.2839593451772
 30
0.0
  0
VERTEX
  5
478
  8
DEFAULT
 10
-126.4923312883436
 20
247.3093686094069
 30
0.0
  0
VERTEX
  5
479
  8
DEFAULT
 10
-126.5157102079073
 20
247.3341255005964
 30
0.0
  0
VERTEX
  5
47A
  8
DEFAULT
 10
-126.5398346966599
 20
247.3582300187457
 30
0.0
  0
VERTEX
  5
47B
  8
DEFAULT
 10
-126.5647047546012
 20
247.3816821638548
 30
0.0
  0
VERTEX
  5
47C
  8
DEFAULT
 10
-126.5903203817314
 20
247.4044819359236
 30
0.0
  0
VERTEX
  5
47D
  8
DEFAULT
 10
-126.6166815780504
 20
247.4266293349523
 30
0.0
  0
VERTEX
  5
47E
  8
DEFAULT
 10
-126.6437883435583
 20
247.4481243609407
 30
0.0
  0
VERTEX
  5
47F
  8
DEFAULT
 10
-126.671640678255
 20
247.4689670138889
 30
0.0
  0
VERTEX
  5
480
  8
DEFAULT
 10
-126.7002385821404
 20
247.4891572937968
 30
0.0
  0
VERTEX
  5
481
  8
DEFAULT
 10
-126.7295820552147
 20
247.5086952006646
 30
0.0
  0
VERTEX
  5
482
  8
DEFAULT
 10
-126.7596710974778
 20
247.5275807344921
 30
0.0
  0
VERTEX
  5
483
  8
DEFAULT
 10
-126.7905057089298
 20
247.5458138952795
 30
0.0
  0
VERTEX
  5
484
  8
DEFAULT
 10
-126.8220858895706
 20
247.5633946830266
 30
0.0
  0
VERTEX
  5
485
  8
DEFAULT
 10
-126.8543184432515
 20
247.5801100779652
 30
0.0
  0
VERTEX
  5
486
  8
DEFAULT
 10
-126.8871101738241
 20
247.5957470603272
 30
0.0
  0
VERTEX
  5
487
  8
DEFAULT
 10
-126.9204610812884
 20
247.6103056301125
 30
0.0
  0
VERTEX
  5
488
  8
DEFAULT
 10
-126.9543711656442
 20
247.6237857873211
 30
0.0
  0
VERTEX
  5
489
  8
DEFAULT
 10
-126.9888404268916
 20
247.636187531953
 30
0.0
  0
VERTEX
  5
48A
  8
DEFAULT
 10
-127.0238688650307
 20
247.6475108640082
 30
0.0
  0
VERTEX
  5
48B
  8
DEFAULT
 10
-127.0594564800613
 20
247.6577557834867
 30
0.0
  0
VERTEX
  5
48C
  8
DEFAULT
 10
-127.0956032719836
 20
247.6669222903886
 30
0.0
  0
VERTEX
  5
48D
  8
DEFAULT
 10
-127.1323092407975
 20
247.6750103847137
 30
0.0
  0
VERTEX
  5
48E
  8
DEFAULT
 10
-127.1695743865031
 20
247.6820200664622
 30
0.0
  0
VERTEX
  5
48F
  8
DEFAULT
 10
-127.2073987091002
 20
247.687951335634
 30
0.0
  0
VERTEX
  5
490
  8
DEFAULT
 10
-127.2457822085889
 20
247.6928041922291
 30
0.0
  0
VERTEX
  5
491
  8
DEFAULT
 10
-127.2847248849693
 20
247.6965786362475
 30
0.0
  0
VERTEX
  5
492
  8
DEFAULT
 10
-127.3242267382413
 20
247.6992746676892
 30
0.0
  0
VERTEX
  5
493
  8
DEFAULT
 10
-127.3642877684049
 20
247.7008922865542
 30
0.0
  0
VERTEX
  5
494
  8
DEFAULT
 10
-127.4049079754601
 20
247.7014314928425
 30
0.0
  0
VERTEX
  5
495
  8
DEFAULT
 10
-127.4603863113497
 20
247.700512845092
 30
0.0
  0
VERTEX
  5
496
  8
DEFAULT
 10
-127.5151989604635
 20
247.6977569018405
 30
0.0
  0
VERTEX
  5
497
  8
DEFAULT
 10
-127.5693459228016
 20
247.6931636630879
 30
0.0
  0
VERTEX
  5
498
  8
DEFAULT
 10
-127.5961697714298
 20
247.6901780578988
 30
0.0
  0
VERTEX
  5
499
  8
DEFAULT
 10
-127.622827198364
 20
247.6867331288344
 30
0.0
  0
VERTEX
  5
49A
  8
DEFAULT
 10
-127.6493182036043
 20
247.6828288758947
 30
0.0
  0
VERTEX
  5
49B
  8
DEFAULT
 10
-127.6756427871507
 20
247.6784652990798
 30
0.0
  0
VERTEX
  5
49C
  8
DEFAULT
 10
-127.7018009490031
 20
247.6736423983896
 30
0.0
  0
VERTEX
  5
49D
  8
DEFAULT
 10
-127.7277926891616
 20
247.6683601738242
 30
0.0
  0
VERTEX
  5
49E
  8
DEFAULT
 10
-127.7536180076261
 20
247.6626186253835
 30
0.0
  0
VERTEX
  5
49F
  8
DEFAULT
 10
-127.7792769043967
 20
247.6564177530675
 30
0.0
  0
VERTEX
  5
4A0
  8
DEFAULT
 10
-127.8047693794734
 20
247.6497575568763
 30
0.0
  0
VERTEX
  5
4A1
  8
DEFAULT
 10
-127.8300954328562
 20
247.6426380368098
 30
0.0
  0
VERTEX
  5
4A2
  8
DEFAULT
 10
-127.855255064545
 20
247.6350591928681
 30
0.0
  0
VERTEX
  5
4A3
  8
DEFAULT
 10
-127.8802482745399
 20
247.6270210250512
 30
0.0
  0
VERTEX
  5
4A4
  8
DEFAULT
 10
-127.9050750628408
 20
247.6185235333589
 30
0.0
  0
VERTEX
  5
4A5
  8
DEFAULT
 10
-127.9297354294478
 20
247.6095667177914
 30
0.0
  0
VERTEX
  5
4A6
  8
DEFAULT
 10
-127.9542293743609
 20
247.6001505783487
 30
0.0
  0
VERTEX
  5
4A7
  8
DEFAULT
 10
-127.9785568975801
 20
247.5902751150307
 30
0.0
  0
VERTEX
  5
4A8
  8
DEFAULT
 10
-128.0027179991053
 20
247.5799403278374
 30
0.0
  0
VERTEX
  5
4A9
  8
DEFAULT
 10
-128.0267126789366
 20
247.5691462167689
 30
0.0
  0
VERTEX
  5
4AA
  8
DEFAULT
 10
-128.0505409370739
 20
247.5578927818252
 30
0.0
  0
VERTEX
  5
4AB
  8
DEFAULT
 10
-128.0742027735174
 20
247.5461800230061
 30
0.0
  0
VERTEX
  5
4AC
  8
DEFAULT
 10
-128.0976981882668
 20
247.5340079403119
 30
0.0
  0
VERTEX
  5
4AD
  8
DEFAULT
 10
-128.1210271813224
 20
247.5213765337423
 30
0.0
  0
VERTEX
  5
4AE
  8
DEFAULT
 10
-128.144189752684
 20
247.5082858032976
 30
0.0
  0
VERTEX
  5
4AF
  8
DEFAULT
 10
-128.1671859023517
 20
247.4947357489775
 30
0.0
  0
VERTEX
  5
4B0
  8
DEFAULT
 10
-128.1900156303255
 20
247.4807263707822
 30
0.0
  0
VERTEX
  5
4B1
  8
DEFAULT
 10
-128.2126789366053
 20
247.4662576687116
 30
0.0
  0
VERTEX
  5
4B2
  8
DEFAULT
 10
-128.2350826250426
 20
247.4513579344538
 30
0.0
  0
VERTEX
  5
4B3
  8
DEFAULT
 10
-128.2571334994888
 20
247.4360554596967
 30
0.0
  0
VERTEX
  5
4B4
  8
DEFAULT
 10
-128.2788315599437
 20
247.4203502444402
 30
0.0
  0
VERTEX
  5
4B5
  8
DEFAULT
 10
-128.3001768064076
 20
247.4042422886844
 30
0.0
  0
VERTEX
  5
4B6
  8
DEFAULT
 10
-128.3211692388803
 20
247.3877315924292
 30
0.0
  0
VERTEX
  5
4B7
  8
DEFAULT
 10
-128.3418088573619
 20
247.3708181556748
 30
0.0
  0
VERTEX
  5
4B8
  8
DEFAULT
 10
-128.3620956618524
 20
247.3535019784211
 30
0.0
  0
VERTEX
  5
4B9
  8
DEFAULT
 10
-128.3820296523517
 20
247.335783060668
 30
0.0
  0
VERTEX
  5
4BA
  8
DEFAULT
 10
-128.4016108288599
 20
247.3176614024156
 30
0.0
  0
VERTEX
  5
4BB
  8
DEFAULT
 10
-128.420839191377
 20
247.2991370036639
 30
0.0
  0
VERTEX
  5
4BC
  8
DEFAULT
 10
-128.4397147399029
 20
247.2802098644129
 30
0.0
  0
VERTEX
  5
4BD
  8
DEFAULT
 10
-128.4582374744376
 20
247.2608799846626
 30
0.0
  0
VERTEX
  5
4BE
  8
DEFAULT
 10
-128.4764073949813
 20
247.2411473644129
 30
0.0
  0
VERTEX
  5
4BF
  8
DEFAULT
 10
-128.4942245015338
 20
247.2210120036639
 30
0.0
  0
VERTEX
  5
4C0
  8
DEFAULT
 10
-128.5116887940951
 20
247.2004739024156
 30
0.0
  0
VERTEX
  5
4C1
  8
DEFAULT
 10
-128.5288002726653
 20
247.179533060668
 30
0.0
  0
VERTEX
  5
4C2
  8
DEFAULT
 10
-128.5455589372444
 20
247.1581894784211
 30
0.0
  0
VERTEX
  5
4C3
  8
DEFAULT
 10
-128.5619647878323
 20
247.1364431556748
 30
0.0
  0
VERTEX
  5
4C4
  8
DEFAULT
 10
-128.5780178244291
 20
247.1142940924292
 30
0.0
  0
VERTEX
  5
4C5
  8
DEFAULT
 10
-128.5937180470348
 20
247.0917422886844
 30
0.0
  0
VERTEX
  5
4C6
  8
DEFAULT
 10
-128.6090654556493
 20
247.0687877444402
 30
0.0
  0
VERTEX
  5
4C7
  8
DEFAULT
 10
-128.6240600502727
 20
247.0454304596967
 30
0.0
  0
VERTEX
  5
4C8
  8
DEFAULT
 10
-128.6387018309049
 20
247.0216704344538
 30
0.0
  0
VERTEX
  5
4C9
  8
DEFAULT
 10
-128.652990797546
 20
246.9975076687116
 30
0.0
  0
VERTEX
  5
4CA
  8
DEFAULT
 10
-128.666926950196
 20
246.9729421624702
 30
0.0
  0
VERTEX
  5
4CB
  8
DEFAULT
 10
-128.6805102888548
 20
246.9479739157294
 30
0.0
  0
VERTEX
  5
4CC
  8
DEFAULT
 10
-128.7066185241991
 20
246.8968292007498
 30
0.0
  0
VERTEX
  5
4CD
  8
DEFAULT
 10
-128.7313155035787
 20
246.844073523773
 30
0.0
  0
VERTEX
  5
4CE
  8
DEFAULT
 10
-128.7546012269939
 20
246.7897068847989
 30
0.0
  0
VERTEX
  5
4CF
  8
DEFAULT
 10
-128.7764756944445
 20
246.7341420096285
 30
0.0
  0
VERTEX
  5
4D0
  8
DEFAULT
 10
-128.7969389059305
 20
246.6777916240627
 30
0.0
  0
VERTEX
  5
4D1
  8
DEFAULT
 10
-128.815990861452
 20
246.6206557281016
 30
0.0
  0
VERTEX
  5
4D2
  8
DEFAULT
 10
-128.8336315610089
 20
246.562734321745
 30
0.0
  0
VERTEX
  5
4D3
  8
DEFAULT
 10
-128.8498610046013
 20
246.5040274049932
 30
0.0
  0
VERTEX
  5
4D4
  8
DEFAULT
 10
-128.8646791922291
 20
246.444534977846
 30
0.0
  0
VERTEX
  5
4D5
  8
DEFAULT
 10
-128.8780861238923
 20
246.3842570403034
 30
0.0
  0
VERTEX
  5
4D6
  8
DEFAULT
 10
-128.890081799591
 20
246.3231935923654
 30
0.0
  0
VERTEX
  5
4D7
  8
DEFAULT
 10
-128.9006662193252
 20
246.261344634032
 30
0.0
  0
VERTEX
  5
4D8
  8
DEFAULT
 10
-128.9098393830948
 20
246.1987101653033
 30
0.0
  0
VERTEX
  5
4D9
  8
DEFAULT
 10
-128.9176012908998
 20
246.1352901861793
 30
0.0
  0
VERTEX
  5
4DA
  8
DEFAULT
 10
-128.9239519427403
 20
246.0710846966599
 30
0.0
  0
VERTEX
  5
4DB
  8
DEFAULT
 10
-128.9288913386162
 20
246.0060936967451
 30
0.0
  0
VERTEX
  5
4DC
  8
DEFAULT
 10
-128.9324194785276
 20
245.9403171864349
 30
0.0
  0
VERTEX
  5
4DD
  8
DEFAULT
 10
-128.9345363624744
 20
245.8737551657294
 30
0.0
  0
VERTEX
  5
4DE
  8
DEFAULT
 10
-128.9352419904567
 20
245.8064076346285
 30
0.0
  0
VERTEX
  5
4DF
  8
DEFAULT
 10
-128.9344631369291
 20
245.7374624552658
 30
0.0
  0
VERTEX
  5
4E0
  8
DEFAULT
 10
-128.9321265763463
 20
245.6695158060668
 30
0.0
  0
VERTEX
  5
4E1
  8
DEFAULT
 10
-128.9282323087082
 20
245.6025676870314
 30
0.0
  0
VERTEX
  5
4E2
  8
DEFAULT
 10
-128.922780334015
 20
245.5366180981595
 30
0.0
  0
VERTEX
  5
4E3
  8
DEFAULT
 10
-128.9157706522665
 20
245.4716670394513
 30
0.0
  0
VERTEX
  5
4E4
  8
DEFAULT
 10
-128.9072032634629
 20
245.4077145109066
 30
0.0
  0
VERTEX
  5
4E5
  8
DEFAULT
 10
-128.897078167604
 20
245.3447605125255
 30
0.0
  0
VERTEX
  5
4E6
  8
DEFAULT
 10
-128.8853953646898
 20
245.2828050443081
 30
0.0
  0
VERTEX
  5
4E7
  8
DEFAULT
 10
-128.8721548547205
 20
245.2218481062543
 30
0.0
  0
VERTEX
  5
4E8
  8
DEFAULT
 10
-128.857356637696
 20
245.161889698364
 30
0.0
  0
VERTEX
  5
4E9
  8
DEFAULT
 10
-128.8410007136162
 20
245.1029298206373
 30
0.0
  0
VERTEX
  5
4EA
  8
DEFAULT
 10
-128.8230870824813
 20
245.0449684730743
 30
0.0
  0
VERTEX
  5
4EB
  8
DEFAULT
 10
-128.8036157442911
 20
244.9880056556748
 30
0.0
  0
VERTEX
  5
4EC
  8
DEFAULT
 10
-128.7825866990457
 20
244.932041368439
 30
0.0
  0
VERTEX
  5
4ED
  8
DEFAULT
 10
-128.7599999467451
 20
244.8770756113667
 30
0.0
  0
VERTEX
  5
4EE
  8
DEFAULT
 10
-128.7358554873892
 20
244.8231083844581
 30
0.0
  0
VERTEX
  5
4EF
  8
DEFAULT
 10
-128.7102931152011
 20
244.7703793349523
 30
0.0
  0
VERTEX
  5
4F0
  8
DEFAULT
 10
-128.6834526244036
 20
244.7191281100886
 30
0.0
  0
VERTEX
  5
4F1
  8
DEFAULT
 10
-128.6553340149966
 20
244.6693547098671
 30
0.0
  0
VERTEX
  5
4F2
  8
DEFAULT
 10
-128.6259372869802
 20
244.6210591342877
 30
0.0
  0
VERTEX
  5
4F3
  8
DEFAULT
 10
-128.5952624403545
 20
244.5742413833504
 30
0.0
  0
VERTEX
  5
4F4
  8
DEFAULT
 10
-128.5633094751193
 20
244.5289014570552
 30
0.0
  0
VERTEX
  5
4F5
  8
DEFAULT
 10
-128.5300783912747
 20
244.4850393554022
 30
0.0
  0
VERTEX
  5
4F6
  8
DEFAULT
 10
-128.5129835548739
 20
244.4636624888165
 30
0.0
  0
VERTEX
  5
4F7
  8
DEFAULT
 10
-128.4955691888207
 20
244.4426550783913
 30
0.0
  0
VERTEX
  5
4F8
  8
DEFAULT
 10
-128.4778352931152
 20
244.4220171241266
 30
0.0
  0
VERTEX
  5
4F9
  8
DEFAULT
 10
-128.4597818677573
 20
244.4017486260225
 30
0.0
  0
VERTEX
  5
4FA
  8
DEFAULT
 10
-128.4414089127471
 20
244.3818495840789
 30
0.0
  0
VERTEX
  5
4FB
  8
DEFAULT
 10
-128.4227164280845
 20
244.3623199982958
 30
0.0
  0
VERTEX
  5
4FC
  8
DEFAULT
 10
-128.4037044137696
 20
244.3431598686733
 30
0.0
  0
VERTEX
  5
4FD
  8
DEFAULT
 10
-128.3843728698023
 20
244.3243691952113
 30
0.0
  0
VERTEX
  5
4FE
  8
DEFAULT
 10
-128.3647217961827
 20
244.3059479779099
 30
0.0
  0
VERTEX
  5
4FF
  8
DEFAULT
 10
-128.3447511929107
 20
244.2878962167689
 30
0.0
  0
VERTEX
  5
500
  8
DEFAULT
 10
-128.3244610599864
 20
244.2702139117885
 30
0.0
  0
VERTEX
  5
501
  8
DEFAULT
 10
-128.3038513974097
 20
244.2529010629686
 30
0.0
  0
VERTEX
  5
502
  8
DEFAULT
 10
-128.2829222051807
 20
244.2359576703093
 30
0.0
  0
VERTEX
  5
503
  8
DEFAULT
 10
-128.2616734832993
 20
244.2193837338105
 30
0.0
  0
VERTEX
  5
504
  8
DEFAULT
 10
-128.2401052317655
 20
244.2031792534722
 30
0.0
  0
VERTEX
  5
505
  8
DEFAULT
 10
-128.2182174505794
 20
244.1873442292945
 30
0.0
  0
VERTEX
  5
506
  8
DEFAULT
 10
-128.196010139741
 20
244.1718786612773
 30
0.0
  0
VERTEX
  5
507
  8
DEFAULT
 10
-128.1734832992502
 20
244.1567825494206
 30
0.0
  0
VERTEX
  5
508
  8
DEFAULT
 10
-128.1278371570382
 20
244.1278917433538
 30
0.0
  0
VERTEX
  5
509
  8
DEFAULT
 10
-128.1048093872486
 20
244.1141453114349
 30
0.0
  0
VERTEX
  5
50A
  8
DEFAULT
 10
-128.08164515167
 20
244.100864860259
 30
0.0
  0
VERTEX
  5
50B
  8
DEFAULT
 10
-128.0583444503025
 20
244.0880503898262
 30
0.0
  0
VERTEX
  5
50C
  8
DEFAULT
 10
-128.0349072831459
 20
244.0757019001363
 30
0.0
  0
VERTEX
  5
50D
  8
DEFAULT
 10
-128.0113336502002
 20
244.0638193911895
 30
0.0
  0
VERTEX
  5
50E
  8
DEFAULT
 10
-127.9876235514656
 20
244.0524028629857
 30
0.0
  0
VERTEX
  5
50F
  8
DEFAULT
 10
-127.9637769869419
 20
244.0414523155249
 30
0.0
  0
VERTEX
  5
510
  8
DEFAULT
 10
-127.9397939566292
 20
244.0309677488071
 30
0.0
  0
VERTEX
  5
511
  8
DEFAULT
 10
-127.9156744605274
 20
244.0209491628323
 30
0.0
  0
VERTEX
  5
512
  8
DEFAULT
 10
-127.8914184986367
 20
244.0113965576006
 30
0.0
  0
VERTEX
  5
513
  8
DEFAULT
 10
-127.8670260709569
 20
244.0023099331118
 30
0.0
  0
VERTEX
  5
514
  8
DEFAULT
 10
-127.8424971774881
 20
243.9936892893661
 30
0.0
  0
VERTEX
  5
515
  8
DEFAULT
 10
-127.8178318182302
 20
243.9855346263633
 30
0.0
  0
VERTEX
  5
516
  8
DEFAULT
 10
-127.7930299931834
 20
243.9778459441036
 30
0.0
  0
VERTEX
  5
517
  8
DEFAULT
 10
-127.7680917023475
 20
243.9706232425869
 30
0.0
  0
VERTEX
  5
518
  8
DEFAULT
 10
-127.7430169457225
 20
243.9638665218132
 30
0.0
  0
VERTEX
  5
519
  8
DEFAULT
 10
-127.7178057233086
 20
243.9575757817826
 30
0.0
  0
VERTEX
  5
51A
  8
DEFAULT
 10
-127.6924580351056
 20
243.9517510224949
 30
0.0
  0
VERTEX
  5
51B
  8
DEFAULT
 10
-127.6669738811136
 20
243.9463922439502
 30
0.0
  0
VERTEX
  5
51C
  8
DEFAULT
 10
-127.6413532613326
 20
243.9414994461486
 30
0.0
  0
VERTEX
  5
51D
  8
DEFAULT
 10
-127.6155961757626
 20
243.93707262909
 30
0.0
  0
VERTEX
  5
51E
  8
DEFAULT
 10
-127.5897026244035
 20
243.9331117927744
 30
0.0
  0
VERTEX
  5
51F
  8
DEFAULT
 10
-127.5636726072555
 20
243.9296169372018
 30
0.0
  0
VERTEX
  5
520
  8
DEFAULT
 10
-127.5375061243183
 20
243.9265880623722
 30
0.0
  0
VERTEX
  5
521
  8
DEFAULT
 10
-127.5112031755922
 20
243.9240251682856
 30
0.0
  0
VERTEX
  5
522
  8
DEFAULT
 10
-127.484763761077
 20
243.9219282549421
 30
0.0
  0
VERTEX
  5
523
  8
DEFAULT
 10
-127.4581878807728
 20
243.9202973223415
 30
0.0
  0
VERTEX
  5
524
  8
DEFAULT
 10
-127.4314755346796
 20
243.919132370484
 30
0.0
  0
VERTEX
  5
525
  8
DEFAULT
 10
-127.3776414451261
 20
243.918200408998
 30
0.0
  0
VERTEX
  5
526
  8
DEFAULT
 10
-127.3362057717706
 20
243.9187263015508
 30
0.0
  0
VERTEX
  5
527
  8
DEFAULT
 10
-127.2954025008521
 20
243.9203039792093
 30
0.0
  0
VERTEX
  5
528
  8
DEFAULT
 10
-127.2552316323705
 20
243.9229334419734
 30
0.0
  0
VERTEX
  5
529
  8
DEFAULT
 10
-127.2156931663258
 20
243.9266146898432
 30
0.0
  0
VERTEX
  5
52A
  8
DEFAULT
 10
-127.1767871027181
 20
243.9313477228187
 30
0.0
  0
VERTEX
  5
52B
  8
DEFAULT
 10
-127.1385134415474
 20
243.9371325408998
 30
0.0
  0
VERTEX
  5
52C
  8
DEFAULT
 10
-127.1008721828136
 20
243.9439691440866
 30
0.0
  0
VERTEX
  5
52D
  8
DEFAULT
 10
-127.0638633265167
 20
243.951857532379
 30
0.0
  0
VERTEX
  5
52E
  8
DEFAULT
 10
-127.0274868726568
 20
243.9607977057771
 30
0.0
  0
VERTEX
  5
52F
  8
DEFAULT
 10
-126.9917428212338
 20
243.9707896642809
 30
0.0
  0
VERTEX
  5
530
  8
DEFAULT
 10
-126.9566311722478
 20
243.9818334078903
 30
0.0
  0
VERTEX
  5
531
  8
DEFAULT
 10
-126.9221519256987
 20
243.9939289366053
 30
0.0
  0
VERTEX
  5
532
  8
DEFAULT
 10
-126.8883050815866
 20
244.0070762504261
 30
0.0
  0
VERTEX
  5
533
  8
DEFAULT
 10
-126.8550906399114
 20
244.0212753493524
 30
0.0
  0
VERTEX
  5
534
  8
DEFAULT
 10
-126.8225086006732
 20
244.0365262333844
 30
0.0
  0
VERTEX
  5
535
  8
DEFAULT
 10
-126.7905589638719
 20
244.0528289025222
 30
0.0
  0
VERTEX
  5
536
  8
DEFAULT
 10
-126.7592417295075
 20
244.0701833567655
 30
0.0
  0
VERTEX
  5
537
  8
DEFAULT
 10
-126.7285568975801
 20
244.0885895961145
 30
0.0
  0
VERTEX
  5
538
  8
DEFAULT
 10
-126.6985044680897
 20
244.1080476205692
 30
0.0
  0
VERTEX
  5
539
  8
DEFAULT
 10
-126.6690844410361
 20
244.1285574301295
 30
0.0
  0
VERTEX
  5
53A
  8
DEFAULT
 10
-126.6402968164196
 20
244.1501190247955
 30
0.0
  0
VERTEX
  5
53B
  8
DEFAULT
 10
-126.61214159424
 20
244.1727324045671
 30
0.0
  0
VERTEX
  5
53C
  8
DEFAULT
 10
-126.5846187744973
 20
244.1963975694444
 30
0.0
  0
VERTEX
  5
53D
  8
DEFAULT
 10
-126.5577283571916
 20
244.2211145194274
 30
0.0
  0
VERTEX
  5
53E
  8
DEFAULT
 10
-126.5314703423228
 20
244.246883254516
 30
0.0
  0
VERTEX
  5
53F
  8
DEFAULT
 10
-126.505844729891
 20
244.2737037747103
 30
0.0
  0
VERTEX
  5
540
  8
DEFAULT
 10
-126.4808515198961
 20
244.3015760800102
 30
0.0
  0
VERTEX
  5
541
  8
DEFAULT
 10
-126.4564907123381
 20
244.3305001704158
 30
0.0
  0
VERTEX
  5
542
  8
DEFAULT
 10
-126.4327623072171
 20
244.3604760459271
 30
0.0
  0
VERTEX
  5
543
  8
DEFAULT
 10
-126.4096663045331
 20
244.391503706544
 30
0.0
  0
VERTEX
  5
544
  8
DEFAULT
 10
-126.387202704286
 20
244.4235831522665
 30
0.0
  0
SEQEND
  5
545
  8
DEFAULT
  0
POLYLINE
  5
546
  8
DEFAULT
 66
     1
 10
0.0
 20
0.0
 30
0.0
 70
     1
  0
VERTEX
  5
547
  8
DEFAULT
 10
-132.0436264485344
 20
247.104976141786
 30
0.0
  0
VERTEX
  5
548
  8
DEFAULT
 10
-132.0436264485344
 20
247.6196319018405
 30
0.0
  0
VERTEX
  5
549
  8
DEFAULT
 10
-132.5957736877982
 20
247.6196319018405
 30
0.0
  0
VERTEX
  5
54A
  8
DEFAULT
 10
-132.5957736877982
 20
244.0
 30
0.0
  0
VERTEX
  5
54B
  8
DEFAULT
 10
-131.9822767552829
 20
244.0
 30
0.0
  0
VERTEX
  5
54C
  8
DEFAULT
 10
-131.9822767552829
 20
245.9768234492161
 30
0.0
  0
VERTEX
  5
54D
  8
DEFAULT
 10
-131.9811650583674
 20
246.0619914153033
 30
0.0
  0
VERTEX
  5
54E
  8
DEFAULT
 10
-131.977829967621
 20
246.1436711826858
 30
0.0
  0
VERTEX
  5
54F
  8
DEFAULT
 10
-131.9722714830436
 20
246.2218627513633
 30
0.0
  0
VERTEX
  5
550
  8
DEFAULT
 10
-131.9644896046353
 20
246.2965661213361
 30
0.0
  0
VERTEX
  5
551
  8
DEFAULT
 10
-131.9597648927446
 20
246.3326097318081
 30
0.0
  0
VERTEX
  5
552
  8
DEFAULT
 10
-131.9544843323961
 20
246.3677812926039
 30
0.0
  0
VERTEX
  5
553
  8
DEFAULT
 10
-131.9486479235898
 20
246.4020808037235
 30
0.0
  0
VERTEX
  5
554
  8
DEFAULT
 10
-131.9422556663258
 20
246.435508265167
 30
0.0
  0
VERTEX
  5
555
  8
DEFAULT
 10
-131.9353075606041
 20
246.4680636769342
 30
0.0
  0
VERTEX
  5
556
  8
DEFAULT
 10
-131.9278036064247
 20
246.4997470390252
 30
0.0
  0
VERTEX
  5
557
  8
DEFAULT
 10
-131.9197438037875
 20
246.53055835144
 30
0.0
  0
VERTEX
  5
558
  8
DEFAULT
 10
-131.9111281526926
 20
246.5604976141786
 30
0.0
  0
VERTEX
  5
559
  8
DEFAULT
 10
-131.9019566531399
 20
246.589564827241
 30
0.0
  0
VERTEX
  5
55A
  8
DEFAULT
 10
-131.8922293051295
 20
246.6177599906271
 30
0.0
  0
VERTEX
  5
55B
  8
DEFAULT
 10
-131.8819461086614
 20
246.6450831043371
 30
0.0
  0
VERTEX
  5
55C
  8
DEFAULT
 10
-131.8711070637355
 20
246.6715341683708
 30
0.0
  0
VERTEX
  5
55D
  8
DEFAULT
 10
-131.8597121703519
 20
246.6971131827283
 30
0.0
  0
VERTEX
  5
55E
  8
DEFAULT
 10
-131.8477614285106
 20
246.7218201474097
 30
0.0
  0
VERTEX
  5
55F
  8
DEFAULT
 10
-131.8352548382115
 20
246.7456550624148
 30
0.0
  0
VERTEX
  5
560
  8
DEFAULT
 10
-131.8221923994547
 20
246.7686179277437
 30
0.0
  0
VERTEX
  5
561
  8
DEFAULT
 10
-131.8154527369047
 20
246.7797723417796
 30
0.0
  0
VERTEX
  5
562
  8
DEFAULT
 10
-131.8085741122402
 20
246.7907087433964
 30
0.0
  0
VERTEX
  5
563
  8
DEFAULT
 10
-131.8015565254612
 20
246.8014271325941
 30
0.0
  0
VERTEX
  5
564
  8
DEFAULT
 10
-131.7943999765679
 20
246.8119275093729
 30
0.0
  0
VERTEX
  5
565
  8
DEFAULT
 10
-131.78710446556
 20
246.8222098737325
 30
0.0
  0
VERTEX
  5
566
  8
DEFAULT
 10
-131.7796699924378
 20
246.8322742256731
 30
0.0
  0
VERTEX
  5
567
  8
DEFAULT
 10
-131.7720965572012
 20
246.8421205651947
 30
0.0
  0
VERTEX
  5
568
  8
DEFAULT
 10
-131.7643841598501
 20
246.8517488922972
 30
0.0
  0
VERTEX
  5
569
  8
DEFAULT
 10
-131.7565328003845
 20
246.8611592069807
 30
0.0
  0
VERTEX
  5
56A
  8
DEFAULT
 10
-131.7485424788046
 20
246.8703515092451
 30
0.0
  0
VERTEX
  5
56B
  8
DEFAULT
 10
-131.7404131951101
 20
246.8793257990904
 30
0.0
  0
VERTEX
  5
56C
  8
DEFAULT
 10
-131.7321449493013
 20
246.8880820765167
 30
0.0
  0
VERTEX
  5
56D
  8
DEFAULT
 10
-131.723737741378
 20
246.8966203415239
 30
0.0
  0
VERTEX
  5
56E
  8
DEFAULT
 10
-131.7151915713403
 20
246.9049405941121
 30
0.0
  0
VERTEX
  5
56F
  8
DEFAULT
 10
-131.7065064391882
 20
246.9130428342813
 30
0.0
  0
VERTEX
  5
570
  8
DEFAULT
 10
-131.6976823449216
 20
246.9209270620314
 30
0.0
  0
VERTEX
  5
571
  8
DEFAULT
 10
-131.6797903486068
 20
246.9362345294393
 30
0.0
  0
VERTEX
  5
572
  8
DEFAULT
 10
-131.6616886609577
 20
246.951056045501
 30
0.0
  0
VERTEX
  5
573
  8
DEFAULT
 10
-131.6433772819743
 20
246.9653916102164
 30
0.0
  0
VERTEX
  5
574
  8
DEFAULT
 10
-131.6248562116564
 20
246.9792412235855
 30
0.0
  0
VERTEX
  5
575
  8
DEFAULT
 10
-131.6061254500042
 20
246.9926048856084
 30
0.0
  0
VERTEX
  5
576
  8
DEFAULT
 10
-131.5871849970177
 20
247.0054825962849
 30
0.0
  0
VERTEX
  5
577
  8
DEFAULT
 10
-131.5680348526968
 20
247.0178743556152
 30
0.0
  0
VERTEX
  5
578
  8
DEFAULT
 10
-131.5486750170416
 20
247.0297801635992
 30
0.0
  0
VERTEX
  5
579
  8
DEFAULT
 10
-131.529105490052
 20
247.0412000202369
 30
0.0
  0
VERTEX
  5
57A
  8
DEFAULT
 10
-131.509326271728
 20
247.0521339255283
 30
0.0
  0
VERTEX
  5
57B
  8
DEFAULT
 10
-131.4893373620697
 20
247.0625818794734
 30
0.0
  0
VERTEX
  5
57C
  8
DEFAULT
 10
-131.469138761077
 20
247.0725438820722
 30
0.0
  0
VERTEX
  5
57D
  8
DEFAULT
 10
-131.44873046875
 20
247.0820199333248
 30
0.0
  0
VERTEX
  5
57E
  8
DEFAULT
 10
-131.4281124850886
 20
247.091010033231
 30
0.0
  0
VERTEX
  5
57F
  8
DEFAULT
 10
-131.4072848100929
 20
247.0995141817911
 30
0.0
  0
VERTEX
  5
580
  8
DEFAULT
 10
-131.3862474437628
 20
247.1075323790048
 30
0.0
  0
VERTEX
  5
581
  8
DEFAULT
 10
-131.3650003860983
 20
247.1150646248722
 30
0.0
  0
VERTEX
  5
582
  8
DEFAULT
 10
-131.3435436370995
 20
247.1221109193933
 30
0.0
  0
VERTEX
  5
583
  8
DEFAULT
 10
-131.3218771967664
 20
247.1286712625682
 30
0.0
  0
VERTEX
  5
584
  8
DEFAULT
 10
-131.3000010650989
 20
247.1347456543967
 30
0.0
  0
VERTEX
  5
585
  8
DEFAULT
 10
-131.277915242097
 20
247.140334094879
 30
0.0
  0
VERTEX
  5
586
  8
DEFAULT
 10
-131.2556197277607
 20
247.145436584015
 30
0.0
  0
VERTEX
  5
587
  8
DEFAULT
 10
-131.2331145220901
 20
247.1500531218047
 30
0.0
  0
VERTEX
  5
588
  8
DEFAULT
 10
-131.2103996250852
 20
247.1541837082481
 30
0.0
  0
VERTEX
  5
589
  8
DEFAULT
 10
-131.1874750367459
 20
247.1578283433453
 30
0.0
  0
VERTEX
  5
58A
  8
DEFAULT
 10
-131.1643407570723
 20
247.1609870270961
 30
0.0
  0
VERTEX
  5
58B
  8
DEFAULT
 10
-131.1409967860642
 20
247.1636597595007
 30
0.0
  0
VERTEX
  5
58C
  8
DEFAULT
 10
-131.1174431237219
 20
247.165846540559
 30
0.0
  0
VERTEX
  5
58D
  8
DEFAULT
 10
-131.0936797700452
 20
247.167547370271
 30
0.0
  0
VERTEX
  5
58E
  8
DEFAULT
 10
-131.0697067250341
 20
247.1687622486367
 30
0.0
  0
VERTEX
  5
58F
  8
DEFAULT
 10
-131.0455239886887
 20
247.1694911756561
 30
0.0
  0
VERTEX
  5
590
  8
DEFAULT
 10
-131.0211315610089
 20
247.1697341513292
 30
0.0
  0
VERTEX
  5
591
  8
DEFAULT
 10
-130.9907030184901
 20
247.169301454925
 30
0.0
  0
VERTEX
  5
592
  8
DEFAULT
 10
-130.9607670841854
 20
247.1680033657123
 30
0.0
  0
VERTEX
  5
593
  8
DEFAULT
 10
-130.9313237580947
 20
247.1658398836912
 30
0.0
  0
VERTEX
  5
594
  8
DEFAULT
 10
-130.9023730402181
 20
247.1628110088616
 30
0.0
  0
VERTEX
  5
595
  8
DEFAULT
 10
-130.8739149305555
 20
247.1589167412236
 30
0.0
  0
VERTEX
  5
596
  8
DEFAULT
 10
-130.845949429107
 20
247.1541570807771
 30
0.0
  0
VERTEX
  5
597
  8
DEFAULT
 10
-130.8184765358725
 20
247.1485320275222
 30
0.0
  0
VERTEX
  5
598
  8
DEFAULT
 10
-130.7914962508521
 20
247.1420415814588
 30
0.0
  0
VERTEX
  5
599
  8
DEFAULT
 10
-130.7781908364221
 20
247.1384718361239
 30
0.0
  0
VERTEX
  5
59A
  8
DEFAULT
 10
-130.7650085740457
 20
247.1346857425869
 30
0.0
  0
VERTEX
  5
59B
  8
DEFAULT
 10
-130.7519494637228
 20
247.1306833008478
 30
0.0
  0
VERTEX
  5
59C
  8
DEFAULT
 10
-130.7390135054533
 20
247.1264645109066
 30
0.0
  0
VERTEX
  5
59D
  8
DEFAULT
 10
-130.7262006992374
 20
247.1220293727633
 30
0.0
  0
VERTEX
  5
59E
  8
DEFAULT
 10
-130.713511045075
 20
247.1173778864179
 30
0.0
  0
VERTEX
  5
59F
  8
DEFAULT
 10
-130.7009445429661
 20
247.1125100518703
 30
0.0
  0
VERTEX
  5
5A0
  8
DEFAULT
 10
-130.6885011929107
 20
247.1074258691207
 30
0.0
  0
VERTEX
  5
5A1
  8
DEFAULT
 10
-130.6761809949088
 20
247.1021253381689
 30
0.0
  0
VERTEX
  5
5A2
  8
DEFAULT
 10
-130.6639839489605
 20
247.096608459015
 30
0.0
  0
VERTEX
  5
5A3
  8
DEFAULT
 10
-130.6519100550656
 20
247.090875231659
 30
0.0
  0
VERTEX
  5
5A4
  8
DEFAULT
 10
-130.6399593132243
 20
247.0849256561009
 30
0.0
  0
VERTEX
  5
5A5
  8
DEFAULT
 10
-130.6281317234364
 20
247.0787597323407
 30
0.0
  0
VERTEX
  5
5A6
  8
DEFAULT
 10
-130.6164272857021
 20
247.0723774603783
 30
0.0
  0
VERTEX
  5
5A7
  8
DEFAULT
 10
-130.6048460000213
 20
247.0657788402139
 30
0.0
  0
VERTEX
  5
5A8
  8
DEFAULT
 10
-130.593387866394
 20
247.0589638718473
 30
0.0
  0
VERTEX
  5
5A9
  8
DEFAULT
 10
-130.5820994828945
 20
247.0519675038344
 30
0.0
  0
VERTEX
  5
5AA
  8
DEFAULT
 10
-130.5710274475971
 20
247.0448246847307
 30
0.0
  0
VERTEX
  5
5AB
  8
DEFAULT
 10
-130.5601717605019
 20
247.0375354145365
 30
0.0
  0
VERTEX
  5
5AC
  8
DEFAULT
 10
-130.5495324216087
 20
247.0300996932515
 30
0.0
  0
VERTEX
  5
5AD
  8
DEFAULT
 10
-130.5391094309177
 20
247.0225175208759
 30
0.0
  0
VERTEX
  5
5AE
  8
DEFAULT
 10
-130.5289027884288
 20
247.0147888974097
 30
0.0
  0
VERTEX
  5
5AF
  8
DEFAULT
 10
-130.518912494142
 20
247.0069138228528
 30
0.0
  0
VERTEX
  5
5B0
  8
DEFAULT
 10
-130.5091385480573
 20
246.9988922972052
 30
0.0
  0
VERTEX
  5
5B1
  8
DEFAULT
 10
-130.4995809501747
 20
246.9907243204669
 30
0.0
  0
VERTEX
  5
5B2
  8
DEFAULT
 10
-130.4902397004942
 20
246.9824098926381
 30
0.0
  0
VERTEX
  5
5B3
  8
DEFAULT
 10
-130.4811147990159
 20
246.9739490137185
 30
0.0
  0
VERTEX
  5
5B4
  8
DEFAULT
 10
-130.4722062457396
 20
246.9653416837083
 30
0.0
  0
VERTEX
  5
5B5
  8
DEFAULT
 10
-130.4635140406655
 20
246.9565879026073
 30
0.0
  0
VERTEX
  5
5B6
  8
DEFAULT
 10
-130.4550381837935
 20
246.9476876704158
 30
0.0
  0
VERTEX
  5
5B7
  8
DEFAULT
 10
-130.4467786751236
 20
246.9386409871336
 30
0.0
  0
VERTEX
  5
5B8
  8
DEFAULT
 10
-130.4387355146558
 20
246.9294478527607
 30
0.0
  0
VERTEX
  5
5B9
  8
DEFAULT
 10
-130.4309087023901
 20
246.9201082672972
 30
0.0
  0
VERTEX
  5
5BA
  8
DEFAULT
 10
-130.4232982383265
 20
246.910622230743
 30
0.0
  0
VERTEX
  5
5BB
  8
DEFAULT
 10
-130.4159041224651
 20
246.9009897430982
 30
0.0
  0
VERTEX
  5
5BC
  8
DEFAULT
 10
-130.4087263548057
 20
246.8912108043627
 30
0.0
  0
VERTEX
  5
5BD
  8
DEFAULT
 10
-130.4017649353485
 20
246.8812854145365
 30
0.0
  0
VERTEX
  5
5BE
  8
DEFAULT
 10
-130.3950198640934
 20
246.8712135736197
 30
0.0
  0
VERTEX
  5
5BF
  8
DEFAULT
 10
-130.3884911410404
 20
246.8609952816122
 30
0.0
  0
VERTEX
  5
5C0
  8
DEFAULT
 10
-130.3821787661895
 20
246.850630538514
 30
0.0
  0
VERTEX
  5
5C1
  8
DEFAULT
 10
-130.3760827395407
 20
246.8401193443252
 30
0.0
  0
VERTEX
  5
5C2
  8
DEFAULT
 10
-130.3702030610941
 20
246.8294616990457
 30
0.0
  0
VERTEX
  5
5C3
  8
DEFAULT
 10
-130.3645397308495
 20
246.8186576026756
 30
0.0
  0
VERTEX
  5
5C4
  8
DEFAULT
 10
-130.3590927488071
 20
246.8077070552147
 30
0.0
  0
VERTEX
  5
5C5
  8
DEFAULT
 10
-130.3538621149668
 20
246.7966100566633
 30
0.0
  0
VERTEX
  5
5C6
  8
DEFAULT
 10
-130.3488478293285
 20
246.7853666070211
 30
0.0
  0
VERTEX
  5
5C7
  8
DEFAULT
 10
-130.3440498918924
 20
246.7739767062884
 30
0.0
  0
VERTEX
  5
5C8
  8
DEFAULT
 10
-130.3394683026585
 20
246.7624403544649
 30
0.0
  0
VERTEX
  5
5C9
  8
DEFAULT
 10
-130.335064784637
 20
246.7506460490159
 30
0.0
  0
VERTEX
  5
5CA
  8
DEFAULT
 10
-130.3308010608384
 20
246.7384822874063
 30
0.0
  0
VERTEX
  5
5CB
  8
DEFAULT
 10
-130.3266771312628
 20
246.7259490696362
 30
0.0
  0
VERTEX
  5
5CC
  8
DEFAULT
 10
-130.32269299591
 20
246.7130463957055
 30
0.0
  0
VERTEX
  5
5CD
  8
DEFAULT
 10
-130.3151441078732
 20
246.6861326793627
 30
0.0
  0
VERTEX
  5
5CE
  8
DEFAULT
 10
-130.308154396728
 20
246.6577411383776
 30
0.0
  0
VERTEX
  5
5CF
  8
DEFAULT
 10
-130.3017238624744
 20
246.6278717727505
 30
0.0
  0
VERTEX
  5
5D0
  8
DEFAULT
 10
-130.2958525051125
 20
246.5965245824813
 30
0.0
  0
VERTEX
  5
5D1
  8
DEFAULT
 10
-130.2905403246421
 20
246.5636995675699
 30
0.0
  0
VERTEX
  5
5D2
  8
DEFAULT
 10
-130.2857873210634
 20
246.5293967280164
 30
0.0
  0
VERTEX
  5
5D3
  8
DEFAULT
 10
-130.2815934943763
 20
246.4936160638207
 30
0.0
  0
VERTEX
  5
5D4
  8
DEFAULT
 10
-130.2779588445808
 20
246.4563575749829
 30
0.0
  0
VERTEX
  5
5D5
  8
DEFAULT
 10
-130.2723670756646
 20
246.377407123381
 30
0.0
  0
VERTEX
  5
5D6
  8
DEFAULT
 10
-130.2690120143149
 20
246.2925453732106
 30
0.0
  0
VERTEX
  5
5D7
  8
DEFAULT
 10
-130.2678936605317
 20
246.2017723244717
 30
0.0
  0
VERTEX
  5
5D8
  8
DEFAULT
 10
-130.2678936605317
 20
244.0
 30
0.0
  0
VERTEX
  5
5D9
  8
DEFAULT
 10
-129.6543967280164
 20
244.0
 30
0.0
  0
VERTEX
  5
5DA
  8
DEFAULT
 10
-129.6543967280164
 20
246.225630538514
 30
0.0
  0
VERTEX
  5
5DB
  8
DEFAULT
 10
-129.6565269256987
 20
246.4226738241309
 30
0.0
  0
VERTEX
  5
5DC
  8
DEFAULT
 10
-129.6629175187458
 20
246.5877641445126
 30
0.0
  0
VERTEX
  5
5DD
  8
DEFAULT
 10
-129.667710463531
 20
246.6583269427403
 30
0.0
  0
VERTEX
  5
5DE
  8
DEFAULT
 10
-129.6735685071575
 20
246.7209014996592
 30
0.0
  0
VERTEX
  5
5DF
  8
DEFAULT
 10
-129.6768969410361
 20
246.7491931876278
 30
0.0
  0
VERTEX
  5
5E0
  8
DEFAULT
 10
-129.6804916496251
 20
246.7754878152693
 30
0.0
  0
VERTEX
  5
5E1
  8
DEFAULT
 10
-129.6843526329243
 20
246.7997853825835
 30
0.0
  0
VERTEX
  5
5E2
  8
DEFAULT
 10
-129.6884798909339
 20
246.8220858895706
 30
0.0
  0
VERTEX
  5
5E3
  8
DEFAULT
 10
-129.6956160531697
 20
246.8546113454329
 30
0.0
  0
VERTEX
  5
5E4
  8
DEFAULT
 10
-129.7033912747103
 20
246.8865776244036
 30
0.0
  0
VERTEX
  5
5E5
  8
DEFAULT
 10
-129.7118055555556
 20
246.9179847264826
 30
0.0
  0
VERTEX
  5
5E6
  8
DEFAULT
 10
-129.7208588957055
 20
246.9488326516701
 30
0.0
  0
VERTEX
  5
5E7
  8
DEFAULT
 10
-129.7305512951602
 20
246.9791213999659
 30
0.0
  0
VERTEX
  5
5E8
  8
DEFAULT
 10
-129.7408827539196
 20
247.0088509713702
 30
0.0
  0
VERTEX
  5
5E9
  8
DEFAULT
 10
-129.7518532719836
 20
247.0380213658827
 30
0.0
  0
VERTEX
  5
5EA
  8
DEFAULT
 10
-129.7634628493524
 20
247.0666325835037
 30
0.0
  0
VERTEX
  5
5EB
  8
DEFAULT
 10
-129.7757114860259
 20
247.0946846242331
 30
0.0
  0
VERTEX
  5
5EC
  8
DEFAULT
 10
-129.7885991820041
 20
247.1221774880709
 30
0.0
  0
VERTEX
  5
5ED
  8
DEFAULT
 10
-129.802125937287
 20
247.149111175017
 30
0.0
  0
VERTEX
  5
5EE
  8
DEFAULT
 10
-129.8162917518746
 20
247.1754856850716
 30
0.0
  0
VERTEX
  5
5EF
  8
DEFAULT
 10
-129.8310966257669
 20
247.2013010182345
 30
0.0
  0
VERTEX
  5
5F0
  8
DEFAULT
 10
-129.8465405589639
 20
247.2265571745058
 30
0.0
  0
VERTEX
  5
5F1
  8
DEFAULT
 10
-129.8626235514656
 20
247.2512541538855
 30
0.0
  0
VERTEX
  5
5F2
  8
DEFAULT
 10
-129.879345603272
 20
247.2753919563735
 30
0.0
  0
VERTEX
  5
5F3
  8
DEFAULT
 10
-129.8880011955735
 20
247.2872495020663
 30
0.0
  0
VERTEX
  5
5F4
  8
DEFAULT
 10
-129.8969263910191
 20
247.2989639251022
 30
0.0
  0
VERTEX
  5
5F5
  8
DEFAULT
 10
-129.9061211896089
 20
247.3105352254814
 30
0.0
  0
VERTEX
  5
5F6
  8
DEFAULT
 10
-129.9155855913429
 20
247.3219634032038
 30
0.0
  0
VERTEX
  5
5F7
  8
DEFAULT
 10
-129.925319596221
 20
247.3332484582694
 30
0.0
  0
VERTEX
  5
5F8
  8
DEFAULT
 10
-129.9353232042434
 20
247.3443903906783
 30
0.0
  0
VERTEX
  5
5F9
  8
DEFAULT
 10
-129.9455964154099
 20
247.3553892004303
 30
0.0
  0
VERTEX
  5
5FA
  8
DEFAULT
 10
-129.9561392297205
 20
247.3662448875256
 30
0.0
  0
VERTEX
  5
5FB
  8
DEFAULT
 10
-129.9669516471753
 20
247.376957451964
 30
0.0
  0
VERTEX
  5
5FC
  8
DEFAULT
 10
-129.9780336677744
 20
247.3875268937457
 30
0.0
  0
VERTEX
  5
5FD
  8
DEFAULT
 10
-129.9893852915175
 20
247.3979532128706
 30
0.0
  0
VERTEX
  5
5FE
  8
DEFAULT
 10
-130.0010065184049
 20
247.4082364093388
 30
0.0
  0
VERTEX
  5
5FF
  8
DEFAULT
 10
-130.0128973484364
 20
247.4183764831501
 30
0.0
  0
VERTEX
  5
600
  8
DEFAULT
 10
-130.0250577816121
 20
247.4283734343047
 30
0.0
  0
VERTEX
  5
601
  8
DEFAULT
 10
-130.037487817932
 20
247.4382272628025
 30
0.0
  0
VERTEX
  5
602
  8
DEFAULT
 10
-130.050187457396
 20
247.4479379686435
 30
0.0
  0
VERTEX
  5
603
  8
DEFAULT
 10
-130.0763955457566
 20
247.4669300123552
 30
0.0
  0
VERTEX
  5
604
  8
DEFAULT
 10
-130.1036820466939
 20
247.4853495654397
 30
0.0
  0
VERTEX
  5
605
  8
DEFAULT
 10
-130.1320469602079
 20
247.5031966278971
 30
0.0
  0
VERTEX
  5
606
  8
DEFAULT
 10
-130.1614902862986
 20
247.5204711997274
 30
0.0
  0
VERTEX
  5
607
  8
DEFAULT
 10
-130.1920120249659
 20
247.5371732809305
 30
0.0
  0
VERTEX
  5
608
  8
DEFAULT
 10
-130.22361217621
 20
247.5533028715065
 30
0.0
  0
VERTEX
  5
609
  8
DEFAULT
 10
-130.2562907400307
 20
247.5688599714553
 30
0.0
  0
VERTEX
  5
60A
  8
DEFAULT
 10
-130.2900477164281
 20
247.5838445807771
 30
0.0
  0
VERTEX
  5
60B
  8
DEFAULT
 10
-130.3245502620143
 20
247.59808362091
 30
0.0
  0
VERTEX
  5
60C
  8
DEFAULT
 10
-130.3594655334015
 20
247.6114040132924
 30
0.0
  0
VERTEX
  5
60D
  8
DEFAULT
 10
-130.3947935305897
 20
247.6238057579243
 30
0.0
  0
VERTEX
  5
60E
  8
DEFAULT
 10
-130.4305342535787
 20
247.6352888548057
 30
0.0
  0
VERTEX
  5
60F
  8
DEFAULT
 10
-130.4666877023688
 20
247.6458533039366
 30
0.0
  0
VERTEX
  5
610
  8
DEFAULT
 10
-130.5032538769598
 20
247.6554991053169
 30
0.0
  0
VERTEX
  5
611
  8
DEFAULT
 10
-130.5402327773517
 20
247.6642262589468
 30
0.0
  0
VERTEX
  5
612
  8
DEFAULT
 10
-130.5776244035446
 20
247.6720347648262
 30
0.0
  0
VERTEX
  5
613
  8
DEFAULT
 10
-130.6154287555385
 20
247.678924622955
 30
0.0
  0
VERTEX
  5
614
  8
DEFAULT
 10
-130.6536458333333
 20
247.6848958333333
 30
0.0
  0
VERTEX
  5
615
  8
DEFAULT
 10
-130.6922756369291
 20
247.6899483959612
 30
0.0
  0
VERTEX
  5
616
  8
DEFAULT
 10
-130.7313181663258
 20
247.6940823108384
 30
0.0
  0
VERTEX
  5
617
  8
DEFAULT
 10
-130.7707734215235
 20
247.6972975779652
 30
0.0
  0
VERTEX
  5
618
  8
DEFAULT
 10
-130.8106414025222
 20
247.6995941973415
 30
0.0
  0
VERTEX
  5
619
  8
DEFAULT
 10
-130.8509221093218
 20
247.7009721689673
 30
0.0
  0
VERTEX
  5
61A
  8
DEFAULT
 10
-130.8916155419223
 20
247.7014314928425
 30
0.0
  0
VERTEX
  5
61B
  8
DEFAULT
 10
-130.9383467535787
 20
247.7008490169138
 30
0.0
  0
VERTEX
  5
61C
  8
DEFAULT
 10
-130.9843856509884
 20
247.6991015891275
 30
0.0
  0
VERTEX
  5
61D
  8
DEFAULT
 10
-131.0297322341514
 20
247.6961892094837
 30
0.0
  0
VERTEX
  5
61E
  8
DEFAULT
 10
-131.0743865030675
 20
247.6921118779823
 30
0.0
  0
VERTEX
  5
61F
  8
DEFAULT
 10
-131.1183484577369
 20
247.6868695946234
 30
0.0
  0
VERTEX
  5
620
  8
DEFAULT
 10
-131.1616180981595
 20
247.680462359407
 30
0.0
  0
VERTEX
  5
621
  8
DEFAULT
 10
-131.2041954243354
 20
247.672890172333
 30
0.0
  0
VERTEX
  5
622
  8
DEFAULT
 10
-131.2460804362645
 20
247.6641530334015
 30
0.0
  0
VERTEX
  5
623
  8
DEFAULT
 10
-131.2872731339468
 20
247.6542509426125
 30
0.0
  0
VERTEX
  5
624
  8
DEFAULT
 10
-131.3277735173824
 20
247.6431838999659
 30
0.0
  0
VERTEX
  5
625
  8
DEFAULT
 10
-131.3675815865712
 20
247.6309519054619
 30
0.0
  0
VERTEX
  5
626
  8
DEFAULT
 10
-131.4066973415133
 20
247.6175549591002
 30
0.0
  0
VERTEX
  5
627
  8
DEFAULT
 10
-131.4451207822086
 20
247.6029930608811
 30
0.0
  0
VERTEX
  5
628
  8
DEFAULT
 10
-131.4828519086571
 20
247.5872662108044
 30
0.0
  0
VERTEX
  5
629
  8
DEFAULT
 10
-131.5198907208589
 20
247.5703744088702
 30
0.0
  0
VERTEX
  5
62A
  8
DEFAULT
 10
-131.5562372188139
 20
247.5523176550784
 30
0.0
  0
VERTEX
  5
62B
  8
DEFAULT
 10
-131.5918914025222
 20
247.5330959494291
 30
0.0
  0
VERTEX
  5
62C
  8
DEFAULT
 10
-131.6268532719837
 20
247.5127092919223
 30
0.0
  0
VERTEX
  5
62D
  8
DEFAULT
 10
-131.6611228271984
 20
247.491157682558
 30
0.0
  0
VERTEX
  5
62E
  8
DEFAULT
 10
-131.6947000681664
 20
247.4684411213361
 30
0.0
  0
VERTEX
  5
62F
  8
DEFAULT
 10
-131.7275849948875
 20
247.4445596082567
 30
0.0
  0
VERTEX
  5
630
  8
DEFAULT
 10
-131.759777607362
 20
247.4195131433197
 30
0.0
  0
VERTEX
  5
631
  8
DEFAULT
 10
-131.7912779055897
 20
247.3933017265252
 30
0.0
  0
VERTEX
  5
632
  8
DEFAULT
 10
-131.8220858895706
 20
247.3659253578732
 30
0.0
  0
VERTEX
  5
633
  8
DEFAULT
 10
-131.8522015593047
 20
247.3373840373637
 30
0.0
  0
VERTEX
  5
634
  8
DEFAULT
 10
-131.8816249147921
 20
247.3076777649966
 30
0.0
  0
VERTEX
  5
635
  8
DEFAULT
 10
-131.9103559560327
 20
247.276806540772
 30
0.0
  0
VERTEX
  5
636
  8
DEFAULT
 10
-131.9383946830266
 20
247.2447703646898
 30
0.0
  0
VERTEX
  5
637
  8
DEFAULT
 10
-131.9657410957737
 20
247.2115692367502
 30
0.0
  0
VERTEX
  5
638
  8
DEFAULT
 10
-131.9923951942741
 20
247.1772031569529
 30
0.0
  0
VERTEX
  5
639
  8
DEFAULT
 10
-132.0183569785276
 20
247.1416721252982
 30
0.0
  0
SEQEND
  5
63A
  8
DEFAULT
  0
POLYLINE
  5
63B
  8
DEFAULT
 66
     1
 10
0.0
 20
0.0
 30
0.0
 70
     1
  0
VERTEX
  5
63C
  8
DEFAULT
 10
-136.7266530334015
 20
244.0
 30
0.0
  0
VERTEX
  5
63D
  8
DEFAULT
 10
-133.4239945466939
 20
244.0
 30
0.0
  0
VERTEX
  5
63E
  8
DEFAULT
 10
-133.4239945466939
 20
244.5896387184731
 30
0.0
  0
VERTEX
  5
63F
  8
DEFAULT
 10
-135.8745739604635
 20
244.5896387184731
 30
0.0
 42
-0.0918026043876619
  0
VERTEX
  5
640
  8
DEFAULT
 10
-134.906612133606
 20
245.5507839127471
 30
0.0
  0
VERTEX
  5
641
  8
DEFAULT
 10
-134.599544137696
 20
245.8153544648944
 30
0.0
  0
VERTEX
  5
642
  8
DEFAULT
 10
-134.3395535105658
 20
246.0501022494888
 30
0.0
  0
VERTEX
  5
643
  8
DEFAULT
 10
-134.2272122102931
 20
246.1562926039537
 30
0.0
  0
VERTEX
  5
644
  8
DEFAULT
 10
-134.1266402522154
 20
246.2550272665304
 30
0.0
  0
VERTEX
  5
645
  8
DEFAULT
 10
-134.0378376363327
 20
246.3463062372188
 30
0.0
  0
VERTEX
  5
646
  8
DEFAULT
 10
-133.9608043626449
 20
246.4301295160191
 30
0.0
  0
VERTEX
  5
647
  8
DEFAULT
 10
-133.8921853698023
 20
246.5097456543967
 30
0.0
  0
VERTEX
  5
648
  8
DEFAULT
 10
-133.8286255964554
 20
246.5884032038173
 30
0.0
  0
VERTEX
  5
649
  8
DEFAULT
 10
-133.7987429170927
 20
246.6273725076687
 30
0.0
  0
VERTEX
  5
64A
  8
DEFAULT
 10
-133.770125042604
 20
246.6661021642809
 30
0.0
  0
VERTEX
  5
64B
  8
DEFAULT
 10
-133.7427719729891
 20
246.7045921736537
 30
0.0
  0
VERTEX
  5
64C
  8
DEFAULT
 10
-133.7166837082481
 20
246.7428425357873
 30
0.0
  0
VERTEX
  5
64D
  8
DEFAULT
 10
-133.691860248381
 20
246.7808532506817
 30
0.0
  0
VERTEX
  5
64E
  8
DEFAULT
 10
-133.6683015933879
 20
246.8186243183368
 30
0.0
  0
VERTEX
  5
64F
  8
DEFAULT
 10
-133.6460077432686
 20
246.8561557387526
 30
0.0
  0
VERTEX
  5
650
  8
DEFAULT
 10
-133.6249786980232
 20
246.8934475119291
 30
0.0
  0
VERTEX
  5
651
  8
DEFAULT
 10
-133.6052144576517
 20
246.9304996378664
 30
0.0
  0
VERTEX
  5
652
  8
DEFAULT
 10
-133.5867150221541
 20
246.9673121165644
 30
0.0
  0
VERTEX
  5
653
  8
DEFAULT
 10
-133.5694803915304
 20
247.0038849480232
 30
0.0
  0
VERTEX
  5
654
  8
DEFAULT
 10
-133.5535105657805
 20
247.0402181322427
 30
0.0
  0
VERTEX
  5
655
  8
DEFAULT
 10
-133.5386524369461
 20
247.0764714340491
 30
0.0
  0
VERTEX
  5
656
  8
DEFAULT
 10
-133.5247528970688
 20
247.1128046182686
 30
0.0
  0
VERTEX
  5
657
  8
DEFAULT
 10
-133.5118119461486
 20
247.1492176849011
 30
0.0
  0
VERTEX
  5
658
  8
DEFAULT
 10
-133.4998295841854
 20
247.1857106339468
 30
0.0
  0
VERTEX
  5
659
  8
DEFAULT
 10
-133.4888058111793
 20
247.2222834654056
 30
0.0
  0
VERTEX
  5
65A
  8
DEFAULT
 10
-133.4787406271302
 20
247.2589361792774
 30
0.0
  0
VERTEX
  5
65B
  8
DEFAULT
 10
-133.4696340320382
 20
247.2956687755623
 30
0.0
  0
VERTEX
  5
65C
  8
DEFAULT
 10
-133.4614860259032
 20
247.3324812542604
 30
0.0
  0
VERTEX
  5
65D
  8
DEFAULT
 10
-133.4542966087253
 20
247.3693736153715
 30
0.0
  0
VERTEX
  5
65E
  8
DEFAULT
 10
-133.4480657805044
 20
247.4063458588957
 30
0.0
  0
VERTEX
  5
65F
  8
DEFAULT
 10
-133.4427935412406
 20
247.443397984833
 30
0.0
  0
VERTEX
  5
660
  8
DEFAULT
 10
-133.4384798909339
 20
247.4805299931834
 30
0.0
  0
VERTEX
  5
661
  8
DEFAULT
 10
-133.4351248295842
 20
247.5177418839468
 30
0.0
  0
VERTEX
  5
662
  8
DEFAULT
 10
-133.4327283571915
 20
247.5550336571234
 30
0.0
  0
VERTEX
  5
663
  8
DEFAULT
 10
-133.431290473756
 20
247.5924053127131
 30
0.0
  0
VERTEX
  5
664
  8
DEFAULT
 10
-133.4308111792774
 20
247.6298568507158
 30
0.0
  0
VERTEX
  5
665
  8
DEFAULT
 10
-133.4312205766445
 20
247.6665228783231
 30
0.0
  0
VERTEX
  5
666
  8
DEFAULT
 10
-133.4324487687458
 20
247.7028161213361
 30
0.0
  0
VERTEX
  5
667
  8
DEFAULT
 10
-133.4344957555811
 20
247.7387365797546
 30
0.0
  0
VERTEX
  5
668
  8
DEFAULT
 10
-133.4373615371507
 20
247.7742842535787
 30
0.0
  0
VERTEX
  5
669
  8
DEFAULT
 10
-133.4410461134543
 20
247.8094591428084
 30
0.0
  0
VERTEX
  5
66A
  8
DEFAULT
 10
-133.4455494844922
 20
247.8442612474437
 30
0.0
  0
VERTEX
  5
66B
  8
DEFAULT
 10
-133.4508716502642
 20
247.8786905674847
 30
0.0
  0
VERTEX
  5
66C
  8
DEFAULT
 10
-133.4570126107703
 20
247.9127471029311
 30
0.0
  0
VERTEX
  5
66D
  8
DEFAULT
 10
-133.4639723660106
 20
247.9464308537832
 30
0.0
  0
VERTEX
  5
66E
  8
DEFAULT
 10
-133.471750915985
 20
247.9797418200409
 30
0.0
  0
VERTEX
  5
66F
  8
DEFAULT
 10
-133.4803482606936
 20
248.0126800017042
 30
0.0
  0
VERTEX
  5
670
  8
DEFAULT
 10
-133.4897644001363
 20
248.045245398773
 30
0.0
  0
VERTEX
  5
671
  8
DEFAULT
 10
-133.4999993343132
 20
248.0774380112474
 30
0.0
  0
VERTEX
  5
672
  8
DEFAULT
 10
-133.5110530632243
 20
248.1092578391275
 30
0.0
  0
VERTEX
  5
673
  8
DEFAULT
 10
-133.5229255868695
 20
248.140704882413
 30
0.0
  0
VERTEX
  5
674
  8
DEFAULT
 10
-133.5356169052488
 20
248.1717791411043
 30
0.0
  0
VERTEX
  5
675
  8
DEFAULT
 10
-133.5491270183624
 20
248.2024806152011
 30
0.0
  0
VERTEX
  5
676
  8
DEFAULT
 10
-133.56345592621
 20
248.2328093047035
 30
0.0
  0
VERTEX
  5
677
  8
DEFAULT
 10
-133.5786036287918
 20
248.2627652096114
 30
0.0
  0
VERTEX
  5
678
  8
DEFAULT
 10
-133.5945701261077
 20
248.292348329925
 30
0.0
  0
VERTEX
  5
679
  8
DEFAULT
 10
-133.6113554181578
 20
248.3215586656441
 30
0.0
  0
VERTEX
  5
67A
  8
DEFAULT
 10
-133.6289595049421
 20
248.3503962167689
 30
0.0
  0
VERTEX
  5
67B
  8
DEFAULT
 10
-133.6473823864605
 20
248.3788609832992
 30
0.0
  0
VERTEX
  5
67C
  8
DEFAULT
 10
-133.666624062713
 20
248.4069529652352
 30
0.0
  0
VERTEX
  5
67D
  8
DEFAULT
 10
-133.6866845336997
 20
248.4346721625767
 30
0.0
  0
VERTEX
  5
67E
  8
DEFAULT
 10
-133.7075637994206
 20
248.4620185753238
 30
0.0
  0
VERTEX
  5
67F
  8
DEFAULT
 10
-133.7292618598756
 20
248.4889922034765
 30
0.0
  0
VERTEX
  5
680
  8
DEFAULT
 10
-133.7517787150647
 20
248.5155930470348
 30
0.0
  0
VERTEX
  5
681
  8
DEFAULT
 10
-133.775114364988
 20
248.5418211059986
 30
0.0
  0
VERTEX
  5
682
  8
DEFAULT
 10
-133.7992688096455
 20
248.5676763803681
 30
0.0
  0
VERTEX
  5
683
  8
DEFAULT
 10
-133.8242420490371
 20
248.5931588701432
 30
0.0
  0
VERTEX
  5
684
  8
DEFAULT
 10
-133.8500340831629
 20
248.6182685753238
 30
0.0
  0
VERTEX
  5
685
  8
DEFAULT
 10
-133.8765284168371
 20
248.6428024614434
 30
0.0
  0
VERTEX
  5
686
  8
DEFAULT
 10
-133.9036085548739
 20
248.6665574940354
 30
0.0
  0
VERTEX
  5
687
  8
DEFAULT
 10
-133.9312744972734
 20
248.6895336730998
 30
0.0
  0
VERTEX
  5
688
  8
DEFAULT
 10
-133.9595262440354
 20
248.7117309986367
 30
0.0
  0
VERTEX
  5
689
  8
DEFAULT
 10
-133.9883637951602
 20
248.7331494706459
 30
0.0
  0
VERTEX
  5
68A
  8
DEFAULT
 10
-134.0177871506476
 20
248.7537890891275
 30
0.0
  0
VERTEX
  5
68B
  8
DEFAULT
 10
-134.0477963104976
 20
248.7736498540814
 30
0.0
  0
VERTEX
  5
68C
  8
DEFAULT
 10
-134.0783912747103
 20
248.7927317655078
 30
0.0
  0
VERTEX
  5
68D
  8
DEFAULT
 10
-134.1095720432856
 20
248.8110348234066
 30
0.0
  0
VERTEX
  5
68E
  8
DEFAULT
 10
-134.1413386162236
 20
248.8285590277778
 30
0.0
  0
VERTEX
  5
68F
  8
DEFAULT
 10
-134.1736909935242
 20
248.8453043786213
 30
0.0
  0
VERTEX
  5
690
  8
DEFAULT
 10
-134.2066291751875
 20
248.8612708759373
 30
0.0
  0
VERTEX
  5
691
  8
DEFAULT
 10
-134.2401531612134
 20
248.8764585197256
 30
0.0
  0
VERTEX
  5
692
  8
DEFAULT
 10
-134.2742629516019
 20
248.8908673099864
 30
0.0
  0
VERTEX
  5
693
  8
DEFAULT
 10
-134.3089585463531
 20
248.9044972467195
 30
0.0
  0
VERTEX
  5
694
  8
DEFAULT
 10
-134.3442399454669
 20
248.917348329925
 30
0.0
  0
VERTEX
  5
695
  8
DEFAULT
 10
-134.3801071489434
 20
248.9294205596029
 30
0.0
  0
VERTEX
  5
696
  8
DEFAULT
 10
-134.4165601567826
 20
248.9407139357532
 30
0.0
  0
VERTEX
  5
697
  8
DEFAULT
 10
-134.4535989689844
 20
248.9512284583759
 30
0.0
  0
VERTEX
  5
698
  8
DEFAULT
 10
-134.4912235855487
 20
248.960964127471
 30
0.0
  0
VERTEX
  5
699
  8
DEFAULT
 10
-134.5294340064758
 20
248.9699209430385
 30
0.0
  0
VERTEX
  5
69A
  8
DEFAULT
 10
-134.5682302317655
 20
248.9780989050784
 30
0.0
  0
VERTEX
  5
69B
  8
DEFAULT
 10
-134.6076122614179
 20
248.9854980135907
 30
0.0
  0
VERTEX
  5
69C
  8
DEFAULT
 10
-134.6475800954329
 20
248.9921182685753
 30
0.0
  0
VERTEX
  5
69D
  8
DEFAULT
 10
-134.6881337338105
 20
248.9979596700324
 30
0.0
  0
VERTEX
  5
69E
  8
DEFAULT
 10
-134.7292731765508
 20
249.0030222179618
 30
0.0
  0
VERTEX
  5
69F
  8
DEFAULT
 10
-134.7709984236537
 20
249.0073059123636
 30
0.0
  0
VERTEX
  5
6A0
  8
DEFAULT
 10
-134.8133094751193
 20
249.0108107532379
 30
0.0
  0
VERTEX
  5
6A1
  8
DEFAULT
 10
-134.8562063309475
 20
249.0135367405845
 30
0.0
  0
VERTEX
  5
6A2
  8
DEFAULT
 10
-134.8996889911384
 20
249.0154838744035
 30
0.0
  0
VERTEX
  5
6A3
  8
DEFAULT
 10
-134.9437574556919
 20
249.016652154695
 30
0.0
  0
VERTEX
  5
6A4
  8
DEFAULT
 10
-134.9884117246081
 20
249.0170415814588
 30
0.0
  0
VERTEX
  5
6A5
  8
DEFAULT
 10
-135.0763223202113
 20
249.0155970411554
 30
0.0
  0
VERTEX
  5
6A6
  8
DEFAULT
 10
-135.1194288673739
 20
249.0137913657762
 30
0.0
  0
VERTEX
  5
6A7
  8
DEFAULT
 10
-135.1619695807771
 20
249.0112634202454
 30
0.0
  0
VERTEX
  5
6A8
  8
DEFAULT
 10
-135.2039444604209
 20
249.0080132045629
 30
0.0
  0
VERTEX
  5
6A9
  8
DEFAULT
 10
-135.2453535063054
 20
249.0040407187287
 30
0.0
  0
VERTEX
  5
6AA
  8
DEFAULT
 10
-135.2861967184305
 20
248.9993459627428
 30
0.0
  0
VERTEX
  5
6AB
  8
DEFAULT
 10
-135.3264740967962
 20
248.9939289366053
 30
0.0
  0
VERTEX
  5
6AC
  8
DEFAULT
 10
-135.3661856414026
 20
248.9877896403161
 30
0.0
  0
VERTEX
  5
6AD
  8
DEFAULT
 10
-135.4053313522495
 20
248.9809280738752
 30
0.0
  0
VERTEX
  5
6AE
  8
DEFAULT
 10
-135.4439112293371
 20
248.9733442372827
 30
0.0
  0
VERTEX
  5
6AF
  8
DEFAULT
 10
-135.4819252726653
 20
248.9650381305385
 30
0.0
  0
VERTEX
  5
6B0
  8
DEFAULT
 10
-135.5193734822342
 20
248.9560097536426
 30
0.0
  0
VERTEX
  5
6B1
  8
DEFAULT
 10
-135.5562558580436
 20
248.9462591065951
 30
0.0
  0
VERTEX
  5
6B2
  8
DEFAULT
 10
-135.5925724000937
 20
248.9357861893959
 30
0.0
  0
VERTEX
  5
6B3
  8
DEFAULT
 10
-135.6283231083844
 20
248.924591002045
 30
0.0
  0
VERTEX
  5
6B4
  8
DEFAULT
 10
-135.6635079829158
 20
248.9126735445424
 30
0.0
  0
VERTEX
  5
6B5
  8
DEFAULT
 10
-135.6981270236878
 20
248.9000338168882
 30
0.0
  0
VERTEX
  5
6B6
  8
DEFAULT
 10
-135.7321802307004
 20
248.8866718190823
 30
0.0
  0
VERTEX
  5
6B7
  8
DEFAULT
 10
-135.7656676039536
 20
248.8725875511247
 30
0.0
  0
VERTEX
  5
6B8
  8
DEFAULT
 10
-135.7985891434475
 20
248.8577810130155
 30
0.0
  0
VERTEX
  5
6B9
  8
DEFAULT
 10
-135.830944849182
 20
248.8422522047546
 30
0.0
  0
VERTEX
  5
6BA
  8
DEFAULT
 10
-135.8627347211571
 20
248.826001126342
 30
0.0
  0
VERTEX
  5
6BB
  8
DEFAULT
 10
-135.8939587593729
 20
248.8090277777778
 30
0.0
  0
VERTEX
  5
6BC
  8
DEFAULT
 10
-135.9246169638292
 20
248.7913321590619
 30
0.0
  0
VERTEX
  5
6BD
  8
DEFAULT
 10
-135.9547093345263
 20
248.7729142701943
 30
0.0
  0
VERTEX
  5
6BE
  8
DEFAULT
 10
-135.9842358714639
 20
248.753774111175
 30
0.0
  0
VERTEX
  5
6BF
  8
DEFAULT
 10
-136.0131965746421
 20
248.7339116820041
 30
0.0
  0
VERTEX
  5
6C0
  8
DEFAULT
 10
-136.041591444061
 20
248.7133269826815
 30
0.0
  0
VERTEX
  5
6C1
  8
DEFAULT
 10
-136.0694204797205
 20
248.6920200132072
 30
0.0
  0
VERTEX
  5
6C2
  8
DEFAULT
 10
-136.0966836816206
 20
248.6699907735813
 30
0.0
  0
VERTEX
  5
6C3
  8
DEFAULT
 10
-136.1233810497614
 20
248.6472392638037
 30
0.0
  0
VERTEX
  5
6C4
  8
DEFAULT
 10
-136.1494460154652
 20
248.6237987682132
 30
0.0
  0
VERTEX
  5
6C5
  8
DEFAULT
 10
-136.1748120100545
 20
248.5997025711486
 30
0.0
  0
VERTEX
  5
6C6
  8
DEFAULT
 10
-136.1994790335293
 20
248.5749506726099
 30
0.0
  0
VERTEX
  5
6C7
  8
DEFAULT
 10
-136.2234470858895
 20
248.5495430725971
 30
0.0
  0
VERTEX
  5
6C8
  8
DEFAULT
 10
-136.2467161671353
 20
248.5234797711103
 30
0.0
  0
VERTEX
  5
6C9
  8
DEFAULT
 10
-136.2692862772665
 20
248.4967607681493
 30
0.0
  0
VERTEX
  5
6CA
  8
DEFAULT
 10
-136.2911574162832
 20
248.4693860637142
 30
0.0
  0
VERTEX
  5
6CB
  8
DEFAULT
 10
-136.3123295841854
 20
248.441355657805
 30
0.0
  0
VERTEX
  5
6CC
  8
DEFAULT
 10
-136.3328027809731
 20
248.4126695504218
 30
0.0
  0
VERTEX
  5
6CD
  8
DEFAULT
 10
-136.3525770066462
 20
248.3833277415644
 30
0.0
  0
VERTEX
  5
6CE
  8
DEFAULT
 10
-136.3716522612048
 20
248.353330231233
 30
0.0
  0
VERTEX
  5
6CF
  8
DEFAULT
 10
-136.3900285446489
 20
248.3226770194274
 30
0.0
  0
VERTEX
  5
6D0
  8
DEFAULT
 10
-136.4077058569785
 20
248.2913681061477
 30
0.0
  0
VERTEX
  5
6D1
  8
DEFAULT
 10
-136.4246841981936
 20
248.259403491394
 30
0.0
  0
VERTEX
  5
6D2
  8
DEFAULT
 10
-136.4409635682941
 20
248.2267831751661
 30
0.0
  0
VERTEX
  5
6D3
  8
DEFAULT
 10
-136.4565439672801
 20
248.1935071574642
 30
0.0
  0
VERTEX
  5
6D4
  8
DEFAULT
 10
-136.4714253951516
 20
248.1595754382882
 30
0.0
  0
VERTEX
  5
6D5
  8
DEFAULT
 10
-136.4856078519086
 20
248.124988017638
 30
0.0
  0
VERTEX
  5
6D6
  8
DEFAULT
 10
-136.4990913375511
 20
248.0897448955138
 30
0.0
  0
VERTEX
  5
6D7
  8
DEFAULT
 10
-136.5118758520791
 20
248.0538460719155
 30
0.0
  0
VERTEX
  5
6D8
  8
DEFAULT
 10
-136.5239613954925
 20
248.017291546843
 30
0.0
  0
VERTEX
  5
6D9
  8
DEFAULT
 10
-136.5353479677914
 20
247.9800813202965
 30
0.0
  0
VERTEX
  5
6DA
  8
DEFAULT
 10
-136.5460355689758
 20
247.9422153922759
 30
0.0
  0
VERTEX
  5
6DB
  8
DEFAULT
 10
-136.5560241990457
 20
247.9036937627812
 30
0.0
  0
VERTEX
  5
6DC
  8
DEFAULT
 10
-136.565313858001
 20
247.8645164318124
 30
0.0
  0
VERTEX
  5
6DD
  8
DEFAULT
 10
-136.5739045458418
 20
247.8246833993695
 30
0.0
  0
VERTEX
  5
6DE
  8
DEFAULT
 10
-136.5817962625682
 20
247.7841946654524
 30
0.0
  0
VERTEX
  5
6DF
  8
DEFAULT
 10
-136.5889890081799
 20
247.7430502300614
 30
0.0
  0
VERTEX
  5
6E0
  8
DEFAULT
 10
-136.5954827826772
 20
247.7012500931962
 30
0.0
  0
VERTEX
  5
6E1
  8
DEFAULT
 10
-136.60127758606
 20
247.6587942548568
 30
0.0
  0
VERTEX
  5
6E2
  8
DEFAULT
 10
-136.6063734183282
 20
247.6156827150434
 30
0.0
  0
VERTEX
  5
6E3
  8
DEFAULT
 10
-136.6107702794819
 20
247.571915473756
 30
0.0
  0
VERTEX
  5
6E4
  8
DEFAULT
 10
-135.9802317655078
 20
247.5071574642127
 30
0.0
  0
VERTEX
  5
6E5
  8
DEFAULT
 10
-135.9797624563309
 20
247.5363544861963
 30
0.0
  0
VERTEX
  5
6E6
  8
DEFAULT
 10
-135.9787805683367
 20
247.5651520961145
 30
0.0
  0
VERTEX
  5
6E7
  8
DEFAULT
 10
-135.9772861015252
 20
247.5935502939673
 30
0.0
  0
VERTEX
  5
6E8
  8
DEFAULT
 10
-135.9752790558964
 20
247.6215490797546
 30
0.0
  0
VERTEX
  5
6E9
  8
DEFAULT
 10
-135.9727594314502
 20
247.6491484534764
 30
0.0
  0
VERTEX
  5
6EA
  8
DEFAULT
 10
-135.9697272281868
 20
247.6763484151329
 30
0.0
  0
VERTEX
  5
6EB
  8
DEFAULT
 10
-135.966182446106
 20
247.7031489647239
 30
0.0
  0
VERTEX
  5
6EC
  8
DEFAULT
 10
-135.9621250852079
 20
247.7295501022495
 30
0.0
  0
VERTEX
  5
6ED
  8
DEFAULT
 10
-135.9575551454925
 20
247.7555518277096
 30
0.0
  0
VERTEX
  5
6EE
  8
DEFAULT
 10
-135.9524726269598
 20
247.7811541411043
 30
0.0
  0
VERTEX
  5
6EF
  8
DEFAULT
 10
-135.9468775296098
 20
247.8063570424335
 30
0.0
  0
VERTEX
  5
6F0
  8
DEFAULT
 10
-135.9407698534424
 20
247.8311605316973
 30
0.0
  0
VERTEX
  5
6F1
  8
DEFAULT
 10
-135.9341495984577
 20
247.8555646088957
 30
0.0
  0
VERTEX
  5
6F2
  8
DEFAULT
 10
-135.9270167646558
 20
247.8795692740286
 30
0.0
  0
VERTEX
  5
6F3
  8
DEFAULT
 10
-135.9193713520365
 20
247.9031745270961
 30
0.0
  0
VERTEX
  5
6F4
  8
DEFAULT
 10
-135.9112133605999
 20
247.9263803680982
 30
0.0
  0
VERTEX
  5
6F5
  8
DEFAULT
 10
-135.902542790346
 20
247.9491867970348
 30
0.0
  0
VERTEX
  5
6F6
  8
DEFAULT
 10
-135.8933596412747
 20
247.9715938139059
 30
0.0
  0
VERTEX
  5
6F7
  8
DEFAULT
 10
-135.8836639133862
 20
247.9936014187116
 30
0.0
  0
VERTEX
  5
6F8
  8
DEFAULT
 10
-135.8734556066803
 20
248.015209611452
 30
0.0
  0
VERTEX
  5
6F9
  8
DEFAULT
 10
-135.8627347211571
 20
248.0364183921268
 30
0.0
  0
VERTEX
  5
6FA
  8
DEFAULT
 10
-135.8515012568166
 20
248.0572277607362
 30
0.0
  0
VERTEX
  5
6FB
  8
DEFAULT
 10
-135.8397552136589
 20
248.0776377172802
 30
0.0
  0
VERTEX
  5
6FC
  8
DEFAULT
 10
-135.8274965916837
 20
248.0976482617587
 30
0.0
  0
VERTEX
  5
6FD
  8
DEFAULT
 10
-135.8147253908913
 20
248.1172593941718
 30
0.0
  0
VERTEX
  5
6FE
  8
DEFAULT
 10
-135.8014416112815
 20
248.1364711145195
 30
0.0
  0
VERTEX
  5
6FF
  8
DEFAULT
 10
-135.7876452528545
 20
248.1552834228016
 30
0.0
  0
VERTEX
  5
700
  8
DEFAULT
 10
-135.7733363156101
 20
248.1736963190184
 30
0.0
  0
VERTEX
  5
701
  8
DEFAULT
 10
-135.7585147995484
 20
248.1917098031697
 30
0.0
  0
VERTEX
  5
702
  8
DEFAULT
 10
-135.7431807046694
 20
248.2093238752556
 30
0.0
  0
VERTEX
  5
703
  8
DEFAULT
 10
-135.7273340309731
 20
248.2265385352761
 30
0.0
  0
VERTEX
  5
704
  8
DEFAULT
 10
-135.7109747784594
 20
248.2433537832311
 30
0.0
  0
VERTEX
  5
705
  8
DEFAULT
 10
-135.6941861579755
 20
248.2597097073108
 30
0.0
  0
VERTEX
  5
706
  8
DEFAULT
 10
-135.6770513803681
 20
248.2755463957055
 30
0.0
  0
VERTEX
  5
707
  8
DEFAULT
 10
-135.6595704456373
 20
248.2908638484151
 30
0.0
  0
VERTEX
  5
708
  8
DEFAULT
 10
-135.6417433537832
 20
248.3056620654397
 30
0.0
  0
VERTEX
  5
709
  8
DEFAULT
 10
-135.6235701048057
 20
248.3199410467791
 30
0.0
  0
VERTEX
  5
70A
  8
DEFAULT
 10
-135.6050506987048
 20
248.3337007924335
 30
0.0
  0
VERTEX
  5
70B
  8
DEFAULT
 10
-135.5861851354805
 20
248.3469413024029
 30
0.0
  0
VERTEX
  5
70C
  8
DEFAULT
 10
-135.5669734151329
 20
248.3596625766871
 30
0.0
  0
VERTEX
  5
70D
  8
DEFAULT
 10
-135.5474155376619
 20
248.3718646152863
 30
0.0
  0
VERTEX
  5
70E
  8
DEFAULT
 10
-135.5275115030675
 20
248.3835474182004
 30
0.0
  0
VERTEX
  5
70F
  8
DEFAULT
 10
-135.5072613113497
 20
248.3947109854295
 30
0.0
  0
VERTEX
  5
710
  8
DEFAULT
 10
-135.4866649625085
 20
248.4053553169734
 30
0.0
  0
VERTEX
  5
711
  8
DEFAULT
 10
-135.465722456544
 20
248.4154804128324
 30
0.0
  0
VERTEX
  5
712
  8
DEFAULT
 10
-135.444433793456
 20
248.4250862730062
 30
0.0
  0
VERTEX
  5
713
  8
DEFAULT
 10
-135.4227989732447
 20
248.4341728974949
 30
0.0
  0
VERTEX
  5
714
  8
DEFAULT
 10
-135.40081799591
 20
248.4427402862986
 30
0.0
  0
VERTEX
  5
715
  8
DEFAULT
 10
-135.378490861452
 20
248.4507884394172
 30
0.0
  0
VERTEX
  5
716
  8
DEFAULT
 10
-135.3558175698705
 20
248.4583173568507
 30
0.0
  0
VERTEX
  5
717
  8
DEFAULT
 10
-135.3327981211657
 20
248.4653270385992
 30
0.0
  0
VERTEX
  5
718
  8
DEFAULT
 10
-135.3094325153374
 20
248.4718174846626
 30
0.0
  0
VERTEX
  5
719
  8
DEFAULT
 10
-135.2857207523858
 20
248.4777886950409
 30
0.0
  0
VERTEX
  5
71A
  8
DEFAULT
 10
-135.2616628323108
 20
248.4832406697342
 30
0.0
  0
VERTEX
  5
71B
  8
DEFAULT
 10
-135.2372587551125
 20
248.4881734087423
 30
0.0
  0
VERTEX
  5
71C
  8
DEFAULT
 10
-135.2125085207907
 20
248.4925869120655
 30
0.0
  0
VERTEX
  5
71D
  8
DEFAULT
 10
-135.1874121293456
 20
248.4964811797035
 30
0.0
  0
VERTEX
  5
71E
  8
DEFAULT
 10
-135.1619695807771
 20
248.4998562116565
 30
0.0
  0
VERTEX
  5
71F
  8
DEFAULT
 10
-135.1361808750852
 20
248.5027120079243
 30
0.0
  0
VERTEX
  5
720
  8
DEFAULT
 10
-135.1100460122699
 20
248.5050485685072
 30
0.0
  0
VERTEX
  5
721
  8
DEFAULT
 10
-135.0835649923313
 20
248.5068658934049
 30
0.0
  0
VERTEX
  5
722
  8
DEFAULT
 10
-135.0567378152693
 20
248.5081639826176
 30
0.0
  0
VERTEX
  5
723
  8
DEFAULT
 10
-135.0295644810838
 20
248.5089428361452
 30
0.0
  0
VERTEX
  5
724
  8
DEFAULT
 10
-135.002044989775
 20
248.5092024539877
 30
0.0
  0
VERTEX
  5
725
  8
DEFAULT
 10
-134.9759983304575
 20
248.5089578140976
 30
0.0
  0
VERTEX
  5
726
  8
DEFAULT
 10
-134.9502612154908
 20
248.5082238944274
 30
0.0
  0
VERTEX
  5
727
  8
DEFAULT
 10
-134.9248336448747
 20
248.507000694977
 30
0.0
  0
VERTEX
  5
728
  8
DEFAULT
 10
-134.8997156186094
 20
248.5052882157464
 30
0.0
  0
VERTEX
  5
729
  8
DEFAULT
 10
-134.8749071366948
 20
248.5030864567357
 30
0.0
  0
VERTEX
  5
72A
  8
DEFAULT
 10
-134.8504081991309
 20
248.5003954179448
 30
0.0
  0
VERTEX
  5
72B
  8
DEFAULT
 10
-134.8262188059177
 20
248.4972150993737
 30
0.0
  0
VERTEX
  5
72C
  8
DEFAULT
 10
-134.8023389570552
 20
248.4935455010225
 30
0.0
  0
VERTEX
  5
72D
  8
DEFAULT
 10
-134.7787686525434
 20
248.4893866228911
 30
0.0
  0
VERTEX
  5
72E
  8
DEFAULT
 10
-134.7555078923824
 20
248.4847384649796
 30
0.0
  0
VERTEX
  5
72F
  8
DEFAULT
 10
-134.7325566765721
 20
248.4796010272879
 30
0.0
  0
VERTEX
  5
730
  8
DEFAULT
 10
-134.7099150051125
 20
248.473974309816
 30
0.0
  0
VERTEX
  5
731
  8
DEFAULT
 10
-134.6875828780036
 20
248.4678583125639
 30
0.0
  0
VERTEX
  5
732
  8
DEFAULT
 10
-134.6655602952454
 20
248.4612530355317
 30
0.0
  0
VERTEX
  5
733
  8
DEFAULT
 10
-134.6438472568379
 20
248.4541584787193
 30
0.0
  0
VERTEX
  5
734
  8
DEFAULT
 10
-134.6224437627812
 20
248.4465746421268
 30
0.0
  0
VERTEX
  5
735
  8
DEFAULT
 10
-134.6013498130752
 20
248.4385015257541
 30
0.0
  0
VERTEX
  5
736
  8
DEFAULT
 10
-134.5805654077199
 20
248.4299391296012
 30
0.0
  0
VERTEX
  5
737
  8
DEFAULT
 10
-134.5600905467153
 20
248.4208874536682
 30
0.0
  0
VERTEX
  5
738
  8
DEFAULT
 10
-134.5399252300614
 20
248.411346497955
 30
0.0
  0
VERTEX
  5
739
  8
DEFAULT
 10
-134.5200694577582
 20
248.4013162624617
 30
0.0
  0
VERTEX
  5
73A
  8
DEFAULT
 10
-134.5005232298057
 20
248.3907967471882
 30
0.0
  0
VERTEX
  5
73B
  8
DEFAULT
 10
-134.481286546204
 20
248.3797879521345
 30
0.0
  0
VERTEX
  5
73C
  8
DEFAULT
 10
-134.462359406953
 20
248.3682898773006
 30
0.0
  0
VERTEX
  5
73D
  8
DEFAULT
 10
-134.4437418120527
 20
248.3563025226866
 30
0.0
  0
VERTEX
  5
73E
  8
DEFAULT
 10
-134.4254337615031
 20
248.3438258882924
 30
0.0
  0
VERTEX
  5
73F
  8
DEFAULT
 10
-134.4074352553042
 20
248.3308599741181
 30
0.0
  0
VERTEX
  5
740
  8
DEFAULT
 10
-134.389746293456
 20
248.3174047801636
 30
0.0
  0
VERTEX
  5
741
  8
DEFAULT
 10
-134.3723668759586
 20
248.3034603064289
 30
0.0
  0
VERTEX
  5
742
  8
DEFAULT
 10
-134.3552970028119
 20
248.2890265529141
 30
0.0
  0
VERTEX
  5
743
  8
DEFAULT
 10
-134.3385366740158
 20
248.2741035196191
 30
0.0
  0
VERTEX
  5
744
  8
DEFAULT
 10
-134.3220858895706
 20
248.258691206544
 30
0.0
  0
VERTEX
  5
745
  8
DEFAULT
 10
-134.3060445024923
 20
248.2429227510438
 30
0.0
  0
VERTEX
  5
746
  8
DEFAULT
 10
-134.2905123657976
 20
248.2269312904738
 30
0.0
  0
VERTEX
  5
747
  8
DEFAULT
 10
-134.2754894794862
 20
248.2107168248339
 30
0.0
  0
VERTEX
  5
748
  8
DEFAULT
 10
-134.2609758435583
 20
248.1942793541241
 30
0.0
  0
VERTEX
  5
749
  8
DEFAULT
 10
-134.2469714580138
 20
248.1776188783444
 30
0.0
  0
VERTEX
  5
74A
  8
DEFAULT
 10
-134.2334763228528
 20
248.1607353974949
 30
0.0
  0
VERTEX
  5
74B
  8
DEFAULT
 10
-134.2204904380752
 20
248.1436289115755
 30
0.0
  0
VERTEX
  5
74C
  8
DEFAULT
 10
-134.208013803681
 20
248.1262994205862
 30
0.0
  0
VERTEX
  5
74D
  8
DEFAULT
 10
-134.1960464196702
 20
248.1087469245271
 30
0.0
  0
VERTEX
  5
74E
  8
DEFAULT
 10
-134.1845882860429
 20
248.0909714233981
 30
0.0
  0
VERTEX
  5
74F
  8
DEFAULT
 10
-134.173639402799
 20
248.0729729171992
 30
0.0
  0
VERTEX
  5
750
  8
DEFAULT
 10
-134.1631997699386
 20
248.0547514059305
 30
0.0
  0
VERTEX
  5
751
  8
DEFAULT
 10
-134.1532693874617
 20
248.0363068895919
 30
0.0
  0
VERTEX
  5
752
  8
DEFAULT
 10
-134.1438482553681
 20
248.0176393681834
 30
0.0
  0
VERTEX
  5
753
  8
DEFAULT
 10
-134.134936373658
 20
247.998748841705
 30
0.0
  0
VERTEX
  5
754
  8
DEFAULT
 10
-134.1265337423313
 20
247.9796353101568
 30
0.0
  0
VERTEX
  5
755
  8
DEFAULT
 10
-134.1186403613881
 20
247.9602987735387
 30
0.0
  0
VERTEX
  5
756
  8
DEFAULT
 10
-134.1112562308282
 20
247.9407392318507
 30
0.0
  0
VERTEX
  5
757
  8
DEFAULT
 10
-134.1043813506519
 20
247.9209566850928
 30
0.0
  0
VERTEX
  5
758
  8
DEFAULT
 10
-134.0980157208589
 20
247.9009511332652
 30
0.0
  0
VERTEX
  5
759
  8
DEFAULT
 10
-134.0921593414494
 20
247.8807225763676
 30
0.0
  0
VERTEX
  5
75A
  8
DEFAULT
 10
-134.0868122124234
 20
247.8602710144001
 30
0.0
  0
VERTEX
  5
75B
  8
DEFAULT
 10
-134.0819743337807
 20
247.8395964473628
 30
0.0
  0
VERTEX
  5
75C
  8
DEFAULT
 10
-134.0776457055215
 20
247.8186988752556
 30
0.0
  0
VERTEX
  5
75D
  8
DEFAULT
 10
-134.0738263276457
 20
247.7975782980785
 30
0.0
  0
VERTEX
  5
75E
  8
DEFAULT
 10
-134.0705162001534
 20
247.7762347158316
 30
0.0
  0
VERTEX
  5
75F
  8
DEFAULT
 10
-134.0677153230445
 20
247.7546681285148
 30
0.0
  0
VERTEX
  5
760
  8
DEFAULT
 10
-134.065423696319
 20
247.7328785361281
 30
0.0
  0
VERTEX
  5
761
  8
DEFAULT
 10
-134.063641319977
 20
247.7108659386716
 30
0.0
  0
VERTEX
  5
762
  8
DEFAULT
 10
-134.0623681940184
 20
247.6886303361452
 30
0.0
  0
VERTEX
  5
763
  8
DEFAULT
 10
-134.0616043184432
 20
247.6661717285489
 30
0.0
  0
VERTEX
  5
764
  8
DEFAULT
 10
-134.0613496932515
 20
247.6434901158827
 30
0.0
  0
VERTEX
  5
765
  8
DEFAULT
 10
-134.0616292816973
 20
247.6217204940993
 30
0.0
  0
VERTEX
  5
766
  8
DEFAULT
 10
-134.0624680470348
 20
247.599867661469
 30
0.0
  0
VERTEX
  5
767
  8
DEFAULT
 10
-134.0638659892638
 20
247.5779316179917
 30
0.0
  0
VERTEX
  5
768
  8
DEFAULT
 10
-134.0658231083844
 20
247.5559123636673
 30
0.0
  0
VERTEX
  5
769
  8
DEFAULT
 10
-134.0683394043967
 20
247.5338098984961
 30
0.0
  0
VERTEX
  5
76A
  8
DEFAULT
 10
-134.0714148773006
 20
247.5116242224778
 30
0.0
  0
VERTEX
  5
76B
  8
DEFAULT
 10
-134.0750495270961
 20
247.4893553356127
 30
0.0
  0
VERTEX
  5
76C
  8
DEFAULT
 10
-134.0792433537832
 20
247.4670032379005
 30
0.0
  0
VERTEX
  5
76D
  8
DEFAULT
 10
-134.083996357362
 20
247.4445679293414
 30
0.0
  0
VERTEX
  5
76E
  8
DEFAULT
 10
-134.0893085378323
 20
247.4220494099353
 30
0.0
  0
VERTEX
  5
76F
  8
DEFAULT
 10
-134.0951798951943
 20
247.3994476796822
 30
0.0
  0
VERTEX
  5
770
  8
DEFAULT
 10
-134.1016104294479
 20
247.3767627385822
 30
0.0
  0
VERTEX
  5
771
  8
DEFAULT
 10
-134.1086001405931
 20
247.3539945866352
 30
0.0
  0
VERTEX
  5
772
  8
DEFAULT
 10
-134.1161490286299
 20
247.3311432238412
 30
0.0
  0
VERTEX
  5
773
  8
DEFAULT
 10
-134.1242570935583
 20
247.3082086502002
 30
0.0
  0
VERTEX
  5
774
  8
DEFAULT
 10
-134.1329243353783
 20
247.2851908657123
 30
0.0
  0
VERTEX
  5
775
  8
DEFAULT
 10
-134.14215075409
 20
247.2620898703775
 30
0.0
  0
VERTEX
  5
776
  8
DEFAULT
 10
-134.1519363496932
 20
247.2389056641956
 30
0.0
  0
VERTEX
  5
777
  8
DEFAULT
 10
-134.1622811221881
 20
247.2156382471669
 30
0.0
  0
VERTEX
  5
778
  8
DEFAULT
 10
-134.1731850715746
 20
247.1922876192911
 30
0.0
  0
VERTEX
  5
779
  8
DEFAULT
 10
-134.1846481978528
 20
247.1688537805683
 30
0.0
  0
VERTEX
  5
77A
  8
DEFAULT
 10
-134.1966705010225
 20
247.1453367309986
 30
0.0
  0
VERTEX
  5
77B
  8
DEFAULT
 10
-134.2223926380368
 20
247.0980529993183
 30
0.0
  0
VERTEX
  5
77C
  8
DEFAULT
 10
-134.2503514826176
 20
247.0504364242502
 30
0.0
  0
VERTEX
  5
77D
  8
DEFAULT
 10
-134.2805470347648
 20
247.0024870057941
 30
0.0
  0
VERTEX
  5
77E
  8
DEFAULT
 10
-134.3129792944785
 20
246.9542047439502
 30
0.0
  0
VERTEX
  5
77F
  8
DEFAULT
 10
-134.3476482617587
 20
246.9055896387185
 30
0.0
  0
VERTEX
  5
780
  8
DEFAULT
 10
-134.3854992118269
 20
246.8557230423483
 30
0.0
  0
VERTEX
  5
781
  8
DEFAULT
 10
-134.4274774199046
 20
246.8036863070893
 30
0.0
  0
VERTEX
  5
782
  8
DEFAULT
 10
-134.4735828859918
 20
246.7494794329414
 30
0.0
  0
VERTEX
  5
783
  8
DEFAULT
 10
-134.5238156100886
 20
246.6931024199046
 30
0.0
  0
VERTEX
  5
784
  8
DEFAULT
 10
-134.578175592195
 20
246.6345552679788
 30
0.0
  0
VERTEX
  5
785
  8
DEFAULT
 10
-134.6366628323109
 20
246.5738379771643
 30
0.0
  0
VERTEX
  5
786
  8
DEFAULT
 10
-134.7660190865712
 20
246.4458929788684
 30
0.0
  0
VERTEX
  5
787
  8
DEFAULT
 10
-134.9118843728698
 20
246.309267425017
 30
0.0
  0
VERTEX
  5
788
  8
DEFAULT
 10
-135.0742586912066
 20
246.1639613156101
 30
0.0
  0
VERTEX
  5
789
  8
DEFAULT
 10
-135.4485344239945
 20
245.8473074301295
 30
0.0
  0
VERTEX
  5
78A
  8
DEFAULT
 10
-135.6955308452625
 20
245.6389740967962
 30
0.0
  0
VERTEX
  5
78B
  8
DEFAULT
 10
-135.8074461059986
 20
245.5396003749148
 30
0.0
  0
VERTEX
  5
78C
  8
DEFAULT
 10
-135.9116394001363
 20
245.4434219495569
 30
0.0
  0
VERTEX
  5
78D
  8
DEFAULT
 10
-136.0081107276755
 20
245.3504388207226
 30
0.0
  0
VERTEX
  5
78E
  8
DEFAULT
 10
-136.0968600886162
 20
245.2606509884117
 30
0.0
  0
VERTEX
  5
78F
  8
DEFAULT
 10
-136.1778874829584
 20
245.1740584526244
 30
0.0
  0
VERTEX
  5
790
  8
DEFAULT
 10
-136.2511929107021
 20
245.0906612133606
 30
0.0
  0
VERTEX
  5
791
  8
DEFAULT
 10
-136.285322671694
 20
245.049721476653
 30
0.0
  0
VERTEX
  5
792
  8
DEFAULT
 10
-136.318267510225
 20
245.0087018575324
 30
0.0
  0
VERTEX
  5
793
  8
DEFAULT
 10
-136.3500274262952
 20
244.9676023559986
 30
0.0
  0
VERTEX
  5
794
  8
DEFAULT
 10
-136.3806024199046
 20
244.9264229720518
 30
0.0
  0
VERTEX
  5
795
  8
DEFAULT
 10
-136.4099924910532
 20
244.8851637056919
 30
0.0
  0
VERTEX
  5
796
  8
DEFAULT
 10
-136.438197639741
 20
244.8438245569189
 30
0.0
  0
VERTEX
  5
797
  8
DEFAULT
 10
-136.4652178659679
 20
244.8024055257328
 30
0.0
  0
VERTEX
  5
798
  8
DEFAULT
 10
-136.4910531697341
 20
244.7609066121336
 30
0.0
  0
VERTEX
  5
799
  8
DEFAULT
 10
-136.5157035510395
 20
244.7193278161213
 30
0.0
  0
VERTEX
  5
79A
  8
DEFAULT
 10
-136.5391690098841
 20
244.677669137696
 30
0.0
  0
VERTEX
  5
79B
  8
DEFAULT
 10
-136.5614495462679
 20
244.6359305768575
 30
0.0
  0
VERTEX
  5
79C
  8
DEFAULT
 10
-136.5825451601908
 20
244.594112133606
 30
0.0
  0
VERTEX
  5
79D
  8
DEFAULT
 10
-136.602455851653
 20
244.5522138079414
 30
0.0
  0
VERTEX
  5
79E
  8
DEFAULT
 10
-136.6211816206544
 20
244.5102355998636
 30
0.0
  0
VERTEX
  5
79F
  8
DEFAULT
 10
-136.6387224671949
 20
244.4681775093729
 30
0.0
  0
VERTEX
  5
7A0
  8
DEFAULT
 10
-136.6550783912747
 20
244.426039536469
 30
0.0
  0
VERTEX
  5
7A1
  8
DEFAULT
 10
-136.6645444572256
 20
244.4004105956033
 30
0.0
  0
VERTEX
  5
7A2
  8
DEFAULT
 10
-136.6733448364008
 20
244.3746485173824
 30
0.0
  0
VERTEX
  5
7A3
  8
DEFAULT
 10
-136.6814795288003
 20
244.3487533018064
 30
0.0
  0
VERTEX
  5
7A4
  8
DEFAULT
 10
-136.688948534424
 20
244.3227249488752
 30
0.0
  0
VERTEX
  5
7A5
  8
DEFAULT
 10
-136.695751853272
 20
244.2965634585889
 30
0.0
  0
VERTEX
  5
7A6
  8
DEFAULT
 10
-136.7018894853443
 20
244.2702688309475
 30
0.0
  0
VERTEX
  5
7A7
  8
DEFAULT
 10
-136.7073614306408
 20
244.2438410659509
 30
0.0
  0
VERTEX
  5
7A8
  8
DEFAULT
 10
-136.7121676891616
 20
244.2172801635992
 30
0.0
  0
VERTEX
  5
7A9
  8
DEFAULT
 10
-136.7163082609066
 20
244.1905861238923
 30
0.0
  0
VERTEX
  5
7AA
  8
DEFAULT
 10
-136.7197831458759
 20
244.1637589468303
 30
0.0
  0
VERTEX
  5
7AB
  8
DEFAULT
 10
-136.7225923440695
 20
244.1367986324131
 30
0.0
  0
VERTEX
  5
7AC
  8
DEFAULT
 10
-136.7247358554874
 20
244.1097051806408
 30
0.0
  0
VERTEX
  5
7AD
  8
DEFAULT
 10
-136.7262136801295
 20
244.0824785915133
 30
0.0
  0
VERTEX
  5
7AE
  8
DEFAULT
 10
-136.7270258179959
 20
244.0551188650307
 30
0.0
  0
VERTEX
  5
7AF
  8
DEFAULT
 10
-136.7271722690866
 20
244.0276260011929
 30
0.0
  0
SEQEND
  5
7B0
  8
DEFAULT
  0
POLYLINE
  5
7B1
  8
DEFAULT
 66
     1
 10
0.0
 20
0.0
 30
0.0
 70
     1
  0
VERTEX
  5
7B2
  8
DEFAULT
 10
-139.8145875937287
 20
245.7518745739605
 30
0.0
  0
VERTEX
  5
7B3
  8
DEFAULT
 10
-139.8326011266364
 20
245.6742688096455
 30
0.0
  0
VERTEX
  5
7B4
  8
DEFAULT
 10
-139.8525584584284
 20
245.5990861451943
 30
0.0
  0
VERTEX
  5
7B5
  8
DEFAULT
 10
-139.8744595891046
 20
245.5263265806067
 30
0.0
  0
VERTEX
  5
7B6
  8
DEFAULT
 10
-139.8861390790244
 20
245.4908554607618
 30
0.0
  0
VERTEX
  5
7B7
  8
DEFAULT
 10
-139.8983045186652
 20
245.4559901158827
 30
0.0
  0
VERTEX
  5
7B8
  8
DEFAULT
 10
-139.9109559080271
 20
245.4217305459696
 30
0.0
  0
VERTEX
  5
7B9
  8
DEFAULT
 10
-139.9240932471101
 20
245.3880767510225
 30
0.0
  0
VERTEX
  5
7BA
  8
DEFAULT
 10
-139.9377165359141
 20
245.3550287310412
 30
0.0
  0
VERTEX
  5
7BB
  8
DEFAULT
 10
-139.9518257744392
 20
245.3225864860259
 30
0.0
  0
VERTEX
  5
7BC
  8
DEFAULT
 10
-139.9664209626854
 20
245.2907500159765
 30
0.0
  0
VERTEX
  5
7BD
  8
DEFAULT
 10
-139.9815021006526
 20
245.259519320893
 30
0.0
  0
VERTEX
  5
7BE
  8
DEFAULT
 10
-139.997069188341
 20
245.2288944007754
 30
0.0
  0
VERTEX
  5
7BF
  8
DEFAULT
 10
-140.0131222257504
 20
245.1988752556237
 30
0.0
  0
VERTEX
  5
7C0
  8
DEFAULT
 10
-140.0296612128809
 20
245.169461885438
 30
0.0
  0
VERTEX
  5
7C1
  8
DEFAULT
 10
-140.0466861497324
 20
245.1406542902181
 30
0.0
  0
VERTEX
  5
7C2
  8
DEFAULT
 10
-140.064197036305
 20
245.1124524699642
 30
0.0
  0
VERTEX
  5
7C3
  8
DEFAULT
 10
-140.0821938725987
 20
245.0848564246762
 30
0.0
  0
VERTEX
  5
7C4
  8
DEFAULT
 10
-140.1006766586135
 20
245.0578661543541
 30
0.0
  0
VERTEX
  5
7C5
  8
DEFAULT
 10
-140.1196453943493
 20
245.031481658998
 30
0.0
  0
VERTEX
  5
7C6
  8
DEFAULT
 10
-140.1391000798062
 20
245.0057029386077
 30
0.0
  0
VERTEX
  5
7C7
  8
DEFAULT
 10
-140.1590407149842
 20
244.9805299931834
 30
0.0
  0
VERTEX
  5
7C8
  8
DEFAULT
 10
-140.1794672998833
 20
244.9559628227249
 30
0.0
  0
VERTEX
  5
7C9
  8
DEFAULT
 10
-140.2003798345034
 20
244.9320014272324
 30
0.0
  0
VERTEX
  5
7CA
  8
DEFAULT
 10
-140.2217783188447
 20
244.9086458067059
 30
0.0
  0
VERTEX
  5
7CB
  8
DEFAULT
 10
-140.2436627529069
 20
244.8858959611452
 30
0.0
  0
VERTEX
  5
7CC
  8
DEFAULT
 10
-140.2660331366903
 20
244.8637518905504
 30
0.0
  0
VERTEX
  5
7CD
  8
DEFAULT
 10
-140.2888894701947
 20
244.8422135949216
 30
0.0
  0
VERTEX
  5
7CE
  8
DEFAULT
 10
-140.3122317534201
 20
244.8212810742587
 30
0.0
  0
VERTEX
  5
7CF
  8
DEFAULT
 10
-140.3360599863667
 20
244.8009543285617
 30
0.0
  0
VERTEX
  5
7D0
  8
DEFAULT
 10
-140.3602976418712
 20
244.7812433431322
 30
0.0
  0
VERTEX
  5
7D1
  8
DEFAULT
 10
-140.3848681407634
 20
244.762158103272
 30
0.0
  0
VERTEX
  5
7D2
  8
DEFAULT
 10
-140.4097714830436
 20
244.7436986089809
 30
0.0
  0
VERTEX
  5
7D3
  8
DEFAULT
 10
-140.4350076687116
 20
244.725864860259
 30
0.0
  0
VERTEX
  5
7D4
  8
DEFAULT
 10
-140.4605766977676
 20
244.7086568571063
 30
0.0
  0
VERTEX
  5
7D5
  8
DEFAULT
 10
-140.4864785702113
 20
244.6920745995228
 30
0.0
  0
VERTEX
  5
7D6
  8
DEFAULT
 10
-140.512713286043
 20
244.6761180875085
 30
0.0
  0
VERTEX
  5
7D7
  8
DEFAULT
 10
-140.5392808452625
 20
244.6607873210634
 30
0.0
  0
VERTEX
  5
7D8
  8
DEFAULT
 10
-140.5661812478698
 20
244.6460823001875
 30
0.0
  0
VERTEX
  5
7D9
  8
DEFAULT
 10
-140.5934144938651
 20
244.6320030248807
 30
0.0
  0
VERTEX
  5
7DA
  8
DEFAULT
 10
-140.6209805832481
 20
244.6185494951432
 30
0.0
  0
VERTEX
  5
7DB
  8
DEFAULT
 10
-140.6488795160191
 20
244.6057217109748
 30
0.0
  0
VERTEX
  5
7DC
  8
DEFAULT
 10
-140.6771112921779
 20
244.5935196723756
 30
0.0
  0
VERTEX
  5
7DD
  8
DEFAULT
 10
-140.7056759117246
 20
244.5819433793456
 30
0.0
  0
VERTEX
  5
7DE
  8
DEFAULT
 10
-140.7345733746592
 20
244.5709928318848
 30
0.0
  0
VERTEX
  5
7DF
  8
DEFAULT
 10
-140.7638036809816
 20
244.5606680299932
 30
0.0
  0
VERTEX
  5
7E0
  8
DEFAULT
 10
-140.7933668306919
 20
244.5509689736708
 30
0.0
  0
VERTEX
  5
7E1
  8
DEFAULT
 10
-140.8232628237901
 20
244.5418956629175
 30
0.0
  0
VERTEX
  5
7E2
  8
DEFAULT
 10
-140.8534916602761
 20
244.5334480977335
 30
0.0
  0
VERTEX
  5
7E3
  8
DEFAULT
 10
-140.88405334015
 20
244.5256262781186
 30
0.0
  0
VERTEX
  5
7E4
  8
DEFAULT
 10
-140.9149478634117
 20
244.5184302040729
 30
0.0
  0
VERTEX
  5
7E5
  8
DEFAULT
 10
-140.9461752300613
 20
244.5118598755964
 30
0.0
  0
VERTEX
  5
7E6
  8
DEFAULT
 10
-140.9777354400988
 20
244.5059152926892
 30
0.0
  0
VERTEX
  5
7E7
  8
DEFAULT
 10
-141.0096284935242
 20
244.5005964553511
 30
0.0
  0
VERTEX
  5
7E8
  8
DEFAULT
 10
-141.0418543903374
 20
244.4959033635822
 30
0.0
  0
VERTEX
  5
7E9
  8
DEFAULT
 10
-141.0744131305385
 20
244.4918360173824
 30
0.0
  0
VERTEX
  5
7EA
  8
DEFAULT
 10
-141.1073047141275
 20
244.4883944167519
 30
0.0
  0
VERTEX
  5
7EB
  8
DEFAULT
 10
-141.1405291411043
 20
244.4855785616905
 30
0.0
  0
VERTEX
  5
7EC
  8
DEFAULT
 10
-141.174086411469
 20
244.4833884521984
 30
0.0
  0
VERTEX
  5
7ED
  8
DEFAULT
 10
-141.2079765252215
 20
244.4818240882754
 30
0.0
  0
VERTEX
  5
7EE
  8
DEFAULT
 10
-141.2421994823619
 20
244.4808854699216
 30
0.0
  0
VERTEX
  5
7EF
  8
DEFAULT
 10
-141.2767552828902
 20
244.480572597137
 30
0.0
  0
VERTEX
  5
7F0
  8
DEFAULT
 10
-141.3335916198023
 20
244.4814912448875
 30
0.0
  0
VERTEX
  5
7F1
  8
DEFAULT
 10
-141.3899220347648
 20
244.4842471881391
 30
0.0
  0
VERTEX
  5
7F2
  8
DEFAULT
 10
-141.4457465277778
 20
244.4888404268916
 30
0.0
  0
VERTEX
  5
7F3
  8
DEFAULT
 10
-141.5010650988412
 20
244.4952709611452
 30
0.0
  0
VERTEX
  5
7F4
  8
DEFAULT
 10
-141.555877747955
 20
244.5035387908998
 30
0.0
  0
VERTEX
  5
7F5
  8
DEFAULT
 10
-141.6101844751193
 20
244.5136439161554
 30
0.0
  0
VERTEX
  5
7F6
  8
DEFAULT
 10
-141.663985280334
 20
244.5255863369121
 30
0.0
  0
VERTEX
  5
7F7
  8
DEFAULT
 10
-141.7172801635992
 20
244.5393660531697
 30
0.0
  0
VERTEX
  5
7F8
  8
DEFAULT
 10
-141.7700691249148
 20
244.5549830649284
 30
0.0
  0
VERTEX
  5
7F9
  8
DEFAULT
 10
-141.8223521642809
 20
244.5724373721881
 30
0.0
  0
VERTEX
  5
7FA
  8
DEFAULT
 10
-141.8741292816974
 20
244.5917289749489
 30
0.0
  0
VERTEX
  5
7FB
  8
DEFAULT
 10
-141.9254004771643
 20
244.6128578732106
 30
0.0
  0
VERTEX
  5
7FC
  8
DEFAULT
 10
-141.9761657506817
 20
244.6358240669734
 30
0.0
  0
VERTEX
  5
7FD
  8
DEFAULT
 10
-142.0264251022495
 20
244.6606275562372
 30
0.0
  0
VERTEX
  5
7FE
  8
DEFAULT
 10
-142.0761785318678
 20
244.687268341002
 30
0.0
  0
VERTEX
  5
7FF
  8
DEFAULT
 10
-142.1254260395365
 20
244.7157464212679
 30
0.0
  0
VERTEX
  5
800
  8
DEFAULT
 10
-142.1497219426338
 20
244.7306794398645
 30
0.0
  0
VERTEX
  5
801
  8
DEFAULT
 10
-142.1736151052318
 20
244.746081767638
 30
0.0
  0
VERTEX
  5
802
  8
DEFAULT
 10
-142.1971055273305
 20
244.7619534045884
 30
0.0
  0
VERTEX
  5
803
  8
DEFAULT
 10
-142.2201932089298
 20
244.7782943507157
 30
0.0
  0
VERTEX
  5
804
  8
DEFAULT
 10
-142.2428781500298
 20
244.7951046060199
 30
0.0
  0
VERTEX
  5
805
  8
DEFAULT
 10
-142.2651603506305
 20
244.812384170501
 30
0.0
  0
VERTEX
  5
806
  8
DEFAULT
 10
-142.2870398107319
 20
244.830133044159
 30
0.0
  0
VERTEX
  5
807
  8
DEFAULT
 10
-142.308516530334
 20
244.8483512269938
 30
0.0
  0
VERTEX
  5
808
  8
DEFAULT
 10
-142.3295905094368
 20
244.8670387190056
 30
0.0
  0
VERTEX
  5
809
  8
DEFAULT
 10
-142.3502617480403
 20
244.8861955201942
 30
0.0
  0
VERTEX
  5
80A
  8
DEFAULT
 10
-142.3705302461444
 20
244.9058216305598
 30
0.0
  0
VERTEX
  5
80B
  8
DEFAULT
 10
-142.3903960037492
 20
244.9259170501022
 30
0.0
  0
VERTEX
  5
80C
  8
DEFAULT
 10
-142.4098590208546
 20
244.9464817788216
 30
0.0
  0
VERTEX
  5
80D
  8
DEFAULT
 10
-142.4289192974608
 20
244.9675158167178
 30
0.0
  0
VERTEX
  5
80E
  8
DEFAULT
 10
-142.4475768335677
 20
244.9890191637909
 30
0.0
  0
VERTEX
  5
80F
  8
DEFAULT
 10
-142.4658316291752
 20
245.0109918200409
 30
0.0
  0
VERTEX
  5
810
  8
DEFAULT
 10
-142.4836836842834
 20
245.0334337854678
 30
0.0
  0
VERTEX
  5
811
  8
DEFAULT
 10
-142.5011329988923
 20
245.0563450600715
 30
0.0
  0
VERTEX
  5
812
  8
DEFAULT
 10
-142.5181795730019
 20
245.0797256438522
 30
0.0
  0
VERTEX
  5
813
  8
DEFAULT
 10
-142.5348234066121
 20
245.1035755368098
 30
0.0
  0
VERTEX
  5
814
  8
DEFAULT
 10
-142.5510644997231
 20
245.1278947389442
 30
0.0
  0
VERTEX
  5
815
  8
DEFAULT
 10
-142.5669028523347
 20
245.1526832502556
 30
0.0
  0
VERTEX
  5
816
  8
DEFAULT
 10
-142.582338464447
 20
245.1779410707438
 30
0.0
  0
VERTEX
  5
817
  8
DEFAULT
 10
-142.59737133606
 20
245.203668200409
 30
0.0
  0
VERTEX
  5
818
  8
DEFAULT
 10
-142.6120014671737
 20
245.229864639251
 30
0.0
  0
VERTEX
  5
819
  8
DEFAULT
 10
-142.626228857788
 20
245.2565303872699
 30
0.0
  0
VERTEX
  5
81A
  8
DEFAULT
 10
-142.640053507903
 20
245.2836654444657
 30
0.0
  0
VERTEX
  5
81B
  8
DEFAULT
 10
-142.6534754175188
 20
245.3112698108384
 30
0.0
  0
VERTEX
  5
81C
  8
DEFAULT
 10
-142.6664945866352
 20
245.339343486388
 30
0.0
  0
VERTEX
  5
81D
  8
DEFAULT
 10
-142.6791110152523
 20
245.3678864711145
 30
0.0
  0
VERTEX
  5
81E
  8
DEFAULT
 10
-142.7031356509884
 20
245.4263803680982
 30
0.0
  0
VERTEX
  5
81F
  8
DEFAULT
 10
-142.7256292071404
 20
245.4864452858725
 30
0.0
  0
VERTEX
  5
820
  8
DEFAULT
 10
-142.7466715661213
 20
245.5477750085208
 30
0.0
  0
VERTEX
  5
821
  8
DEFAULT
 10
-142.7662627279311
 20
245.610369536043
 30
0.0
  0
VERTEX
  5
822
  8
DEFAULT
 10
-142.7844026925699
 20
245.674228868439
 30
0.0
  0
VERTEX
  5
823
  8
DEFAULT
 10
-142.8010914600375
 20
245.7393530057089
 30
0.0
  0
VERTEX
  5
824
  8
DEFAULT
 10
-142.816329030334
 20
245.8057419478528
 30
0.0
  0
VERTEX
  5
825
  8
DEFAULT
 10
-142.8301154034594
 20
245.8733956948705
 30
0.0
  0
VERTEX
  5
826
  8
DEFAULT
 10
-142.8424505794138
 20
245.9423142467621
 30
0.0
  0
VERTEX
  5
827
  8
DEFAULT
 10
-142.853334558197
 20
246.0124976035276
 30
0.0
  0
VERTEX
  5
828
  8
DEFAULT
 10
-142.8627673398091
 20
246.083945765167
 30
0.0
  0
VERTEX
  5
829
  8
DEFAULT
 10
-142.8707489242502
 20
246.1566587316803
 30
0.0
  0
VERTEX
  5
82A
  8
DEFAULT
 10
-142.8772793115201
 20
246.2306365030675
 30
0.0
  0
VERTEX
  5
82B
  8
DEFAULT
 10
-142.8823585016189
 20
246.3058790793286
 30
0.0
  0
VERTEX
  5
82C
  8
DEFAULT
 10
-142.8859864945467
 20
246.3823864604635
 30
0.0
  0
VERTEX
  5
82D
  8
DEFAULT
 10
-142.8881632903033
 20
246.4601586464724
 30
0.0
  0
VERTEX
  5
82E
  8
DEFAULT
 10
-142.8888888888889
 20
246.5391956373551
 30
0.0
  0
VERTEX
  5
82F
  8
DEFAULT
 10
-142.8882764570552
 20
246.6008582033913
 30
0.0
  0
VERTEX
  5
830
  8
DEFAULT
 10
-142.8864391615542
 20
246.6622944359237
 30
0.0
  0
VERTEX
  5
831
  8
DEFAULT
 10
-142.8833770023858
 20
246.7235043349523
 30
0.0
  0
VERTEX
  5
832
  8
DEFAULT
 10
-142.8790899795501
 20
246.7844879004772
 30
0.0
  0
VERTEX
  5
833
  8
DEFAULT
 10
-142.873578093047
 20
246.8452451324983
 30
0.0
  0
VERTEX
  5
834
  8
DEFAULT
 10
-142.8668413428766
 20
246.9057760310157
 30
0.0
  0
VERTEX
  5
835
  8
DEFAULT
 10
-142.8588797290388
 20
246.9660805960293
 30
0.0
  0
VERTEX
  5
836
  8
DEFAULT
 10
-142.8496932515337
 20
247.0261588275392
 30
0.0
  0
VERTEX
  5
837
  8
DEFAULT
 10
-142.8392819103613
 20
247.0860107255453
 30
0.0
  0
VERTEX
  5
838
  8
DEFAULT
 10
-142.8276457055215
 20
247.1456362900477
 30
0.0
  0
VERTEX
  5
839
  8
DEFAULT
 10
-142.8147846370143
 20
247.2050355210463
 30
0.0
  0
VERTEX
  5
83A
  8
DEFAULT
 10
-142.8006987048398
 20
247.2642084185412
 30
0.0
  0
VERTEX
  5
83B
  8
DEFAULT
 10
-142.785387908998
 20
247.3231549825324
 30
0.0
  0
VERTEX
  5
83C
  8
DEFAULT
 10
-142.7688522494888
 20
247.3818752130198
 30
0.0
  0
VERTEX
  5
83D
  8
DEFAULT
 10
-142.7510917263122
 20
247.4403691100034
 30
0.0
  0
VERTEX
  5
83E
  8
DEFAULT
 10
-142.7321063394683
 20
247.4986366734833
 30
0.0
  0
VERTEX
  5
83F
  8
DEFAULT
 10
-142.7220827608427
 20
247.5275291437671
 30
0.0
  0
VERTEX
  5
840
  8
DEFAULT
 10
-142.7116098436435
 20
247.5560521578903
 30
0.0
  0
VERTEX
  5
841
  8
DEFAULT
 10
-142.7006875878707
 20
247.5842057158529
 30
0.0
  0
VERTEX
  5
842
  8
DEFAULT
 10
-142.6893159935242
 20
247.6119898176551
 30
0.0
  0
VERTEX
  5
843
  8
DEFAULT
 10
-142.6774950606041
 20
247.6394044632967
 30
0.0
  0
VERTEX
  5
844
  8
DEFAULT
 10
-142.6652247891105
 20
247.6664496527778
 30
0.0
  0
VERTEX
  5
845
  8
DEFAULT
 10
-142.6525051790431
 20
247.6931253860983
 30
0.0
  0
VERTEX
  5
846
  8
DEFAULT
 10
-142.6393362304022
 20
247.7194316632583
 30
0.0
  0
VERTEX
  5
847
  8
DEFAULT
 10
-142.6257179431876
 20
247.7453684842578
 30
0.0
  0
VERTEX
  5
848
  8
DEFAULT
 10
-142.6116503173995
 20
247.7709358490968
 30
0.0
  0
VERTEX
  5
849
  8
DEFAULT
 10
-142.5971333530377
 20
247.7961337577752
 30
0.0
  0
VERTEX
  5
84A
  8
DEFAULT
 10
-142.5821670501023
 20
247.8209622102931
 30
0.0
  0
VERTEX
  5
84B
  8
DEFAULT
 10
-142.5667514085932
 20
247.8454212066505
 30
0.0
  0
VERTEX
  5
84C
  8
DEFAULT
 10
-142.5508864285106
 20
247.8695107468473
 30
0.0
  0
VERTEX
  5
84D
  8
DEFAULT
 10
-142.5345721098543
 20
247.8932308308836
 30
0.0
  0
VERTEX
  5
84E
  8
DEFAULT
 10
-142.5178084526244
 20
247.9165814587594
 30
0.0
  0
VERTEX
  5
84F
  8
DEFAULT
 10
-142.5005954568209
 20
247.9395626304746
 30
0.0
  0
VERTEX
  5
850
  8
DEFAULT
 10
-142.4829331224438
 20
247.9621743460293
 30
0.0
  0
VERTEX
  5
851
  8
DEFAULT
 10
-142.464821449493
 20
247.9844166054235
 30
0.0
  0
VERTEX
  5
852
  8
DEFAULT
 10
-142.4462604379686
 20
248.0062894086571
 30
0.0
  0
VERTEX
  5
853
  8
DEFAULT
 10
-142.4272500878707
 20
248.0277927557302
 30
0.0
  0
VERTEX
  5
854
  8
DEFAULT
 10
-142.4077903991991
 20
248.0489266466428
 30
0.0
  0
VERTEX
  5
855
  8
DEFAULT
 10
-142.3878813719538
 20
248.0696910813948
 30
0.0
  0
VERTEX
  5
856
  8
DEFAULT
 10
-142.367523006135
 20
248.0900860599864
 30
0.0
  0
VERTEX
  5
857
  8
DEFAULT
 10
-142.3467153017425
 20
248.1101115824174
 30
0.0
  0
VERTEX
  5
858
  8
DEFAULT
 10
-142.3254582587764
 20
248.1297676486878
 30
0.0
  0
VERTEX
  5
859
  8
DEFAULT
 10
-142.3037518772367
 20
248.1490542587977
 30
0.0
  0
VERTEX
  5
85A
  8
DEFAULT
 10
-142.2815961571234
 20
248.1679714127471
 30
0.0
  0
VERTEX
  5
85B
  8
DEFAULT
 10
-142.2589910984364
 20
248.186519110536
 30
0.0
  0
VERTEX
  5
85C
  8
DEFAULT
 10
-142.2359367011759
 20
248.2046973521643
 30
0.0
  0
VERTEX
  5
85D
  8
DEFAULT
 10
-142.2124329653417
 20
248.2225061376321
 30
0.0
  0
VERTEX
  5
85E
  8
DEFAULT
 10
-142.1884798909339
 20
248.2399454669393
 30
0.0
  0
VERTEX
  5
85F
  8
DEFAULT
 10
-142.164117419159
 20
248.2569304650222
 30
0.0
  0
VERTEX
  5
860
  8
DEFAULT
 10
-142.1393854912236
 20
248.2733762568166
 30
0.0
  0
VERTEX
  5
861
  8
DEFAULT
 10
-142.1142841071276
 20
248.2892828423228
 30
0.0
  0
VERTEX
  5
862
  8
DEFAULT
 10
-142.0888132668712
 20
248.3046502215406
 30
0.0
  0
VERTEX
  5
863
  8
DEFAULT
 10
-142.0629729704542
 20
248.31947839447
 30
0.0
  0
VERTEX
  5
864
  8
DEFAULT
 10
-142.0367632178766
 20
248.3337673611111
 30
0.0
  0
VERTEX
  5
865
  8
DEFAULT
 10
-142.0101840091386
 20
248.3475171214639
 30
0.0
  0
VERTEX
  5
866
  8
DEFAULT
 10
-141.9832353442399
 20
248.3607276755283
 30
0.0
  0
VERTEX
  5
867
  8
DEFAULT
 10
-141.9559172231808
 20
248.3733990233044
 30
0.0
  0
VERTEX
  5
868
  8
DEFAULT
 10
-141.9282296459612
 20
248.3855311647921
 30
0.0
  0
VERTEX
  5
869
  8
DEFAULT
 10
-141.9001726125809
 20
248.3971240999915
 30
0.0
  0
VERTEX
  5
86A
  8
DEFAULT
 10
-141.8717461230402
 20
248.4081778289025
 30
0.0
  0
VERTEX
  5
86B
  8
DEFAULT
 10
-141.842950177339
 20
248.4186923515252
 30
0.0
  0
VERTEX
  5
86C
  8
DEFAULT
 10
-141.8137847754772
 20
248.4286676678596
 30
0.0
  0
VERTEX
  5
86D
  8
DEFAULT
 10
-141.7842499174548
 20
248.4381037779056
 30
0.0
  0
VERTEX
  5
86E
  8
DEFAULT
 10
-141.754345603272
 20
248.4470006816633
 30
0.0
  0
VERTEX
  5
86F
  8
DEFAULT
 10
-141.7240718329286
 20
248.4553583791326
 30
0.0
  0
VERTEX
  5
870
  8
DEFAULT
 10
-141.6934286064247
 20
248.4631768703136
 30
0.0
  0
VERTEX
  5
871
  8
DEFAULT
 10
-141.6624159237602
 20
248.4704561552062
 30
0.0
  0
VERTEX
  5
872
  8
DEFAULT
 10
-141.6310337849353
 20
248.4771962338105
 30
0.0
  0
VERTEX
  5
873
  8
DEFAULT
 10
-141.5992821899497
 20
248.4833971061265
 30
0.0
  0
VERTEX
  5
874
  8
DEFAULT
 10
-141.5671611388037
 20
248.4890587721541
 30
0.0
  0
VERTEX
  5
875
  8
DEFAULT
 10
-141.5346706314971
 20
248.4941812318933
 30
0.0
  0
VERTEX
  5
876
  8
DEFAULT
 10
-141.50181066803
 20
248.4987644853443
 30
0.0
  0
VERTEX
  5
877
  8
DEFAULT
 10
-141.4349823726141
 20
248.506313373381
 30
0.0
  0
VERTEX
  5
878
  8
DEFAULT
 10
-141.3666762525562
 20
248.5117054362645
 30
0.0
  0
VERTEX
  5
879
  8
DEFAULT
 10
-141.2968923078562
 20
248.5149406739945
 30
0.0
  0
VERTEX
  5
87A
  8
DEFAULT
 10
-141.225630538514
 20
248.5160190865712
 30
0.0
  0
VERTEX
  5
87B
  8
DEFAULT
 10
-141.1636684134288
 20
248.5150471838787
 30
0.0
  0
VERTEX
  5
87C
  8
DEFAULT
 10
-141.103037661895
 20
248.512131475801
 30
0.0
  0
VERTEX
  5
87D
  8
DEFAULT
 10
-141.0437382839127
 20
248.5072719623381
 30
0.0
  0
VERTEX
  5
87E
  8
DEFAULT
 10
-141.0145878600034
 20
248.5041132785873
 30
0.0
  0
VERTEX
  5
87F
  8
DEFAULT
 10
-140.9857702794819
 20
248.5004686434901
 30
0.0
  0
VERTEX
  5
880
  8
DEFAULT
 10
-140.9572855423483
 20
248.4963380570467
 30
0.0
  0
VERTEX
  5
881
  8
DEFAULT
 10
-140.9291336486026
 20
248.491721519257
 30
0.0
  0
VERTEX
  5
882
  8
DEFAULT
 10
-140.9013145982447
 20
248.486619030121
 30
0.0
  0
VERTEX
  5
883
  8
DEFAULT
 10
-140.8738283912747
 20
248.4810305896387
 30
0.0
  0
VERTEX
  5
884
  8
DEFAULT
 10
-140.8466750276926
 20
248.4749561978102
 30
0.0
  0
VERTEX
  5
885
  8
DEFAULT
 10
-140.8198545074983
 20
248.4683958546353
 30
0.0
  0
VERTEX
  5
886
  8
DEFAULT
 10
-140.7933668306919
 20
248.4613495601142
 30
0.0
  0
VERTEX
  5
887
  8
DEFAULT
 10
-140.7672119972733
 20
248.4538173142468
 30
0.0
  0
VERTEX
  5
888
  8
DEFAULT
 10
-140.7413900072426
 20
248.4457991170331
 30
0.0
  0
VERTEX
  5
889
  8
DEFAULT
 10
-140.7159008605998
 20
248.4372949684731
 30
0.0
  0
VERTEX
  5
88A
  8
DEFAULT
 10
-140.6907445573449
 20
248.4283048685668
 30
0.0
  0
VERTEX
  5
88B
  8
DEFAULT
 10
-140.6659210974778
 20
248.4188288173142
 30
0.0
  0
VERTEX
  5
88C
  8
DEFAULT
 10
-140.6414304809987
 20
248.4088668147154
 30
0.0
  0
VERTEX
  5
88D
  8
DEFAULT
 10
-140.6172727079073
 20
248.3984188607703
 30
0.0
  0
VERTEX
  5
88E
  8
DEFAULT
 10
-140.5934477782038
 20
248.3874849554789
 30
0.0
  0
VERTEX
  5
88F
  8
DEFAULT
 10
-140.5699556918882
 20
248.3760650988412
 30
0.0
  0
VERTEX
  5
890
  8
DEFAULT
 10
-140.5467964489605
 20
248.3641592908572
 30
0.0
  0
VERTEX
  5
891
  8
DEFAULT
 10
-140.5239700494206
 20
248.3517675315269
 30
0.0
  0
VERTEX
  5
892
  8
DEFAULT
 10
-140.5014764932685
 20
248.3388898208503
 30
0.0
  0
VERTEX
  5
893
  8
DEFAULT
 10
-140.4793157805044
 20
248.3255261588275
 30
0.0
  0
VERTEX
  5
894
  8
DEFAULT
 10
-140.4574879111281
 20
248.3116765454584
 30
0.0
  0
VERTEX
  5
895
  8
DEFAULT
 10
-140.4359928851397
 20
248.297340980743
 30
0.0
  0
VERTEX
  5
896
  8
DEFAULT
 10
-140.4148307025392
 20
248.2825194646813
 30
0.0
  0
VERTEX
  5
897
  8
DEFAULT
 10
-140.3940013633265
 20
248.2672119972733
 30
0.0
  0
VERTEX
  5
898
  8
DEFAULT
 10
-140.3734915537662
 20
248.2513719804448
 30
0.0
  0
VERTEX
  5
899
  8
DEFAULT
 10
-140.3532879601227
 20
248.2349528161213
 30
0.0
  0
VERTEX
  5
89A
  8
DEFAULT
 10
-140.333390582396
 20
248.217954504303
 30
0.0
  0
VERTEX
  5
89B
  8
DEFAULT
 10
-140.3137994205862
 20
248.2003770449898
 30
0.0
  0
VERTEX
  5
89C
  8
DEFAULT
 10
-140.2945144746932
 20
248.1822204381816
 30
0.0
  0
VERTEX
  5
89D
  8
DEFAULT
 10
-140.2755357447171
 20
248.1634846838786
 30
0.0
  0
VERTEX
  5
89E
  8
DEFAULT
 10
-140.2568632306578
 20
248.1441697820808
 30
0.0
  0
VERTEX
  5
89F
  8
DEFAULT
 10
-140.2384969325153
 20
248.124275732788
 30
0.0
  0
VERTEX
  5
8A0
  8
DEFAULT
 10
-140.2204368502897
 20
248.1038025360004
 30
0.0
  0
VERTEX
  5
8A1
  8
DEFAULT
 10
-140.2026829839809
 20
248.0827501917178
 30
0.0
  0
VERTEX
  5
8A2
  8
DEFAULT
 10
-140.1852353335889
 20
248.0611186999404
 30
0.0
  0
VERTEX
  5
8A3
  8
DEFAULT
 10
-140.1680938991138
 20
248.038908060668
 30
0.0
  0
VERTEX
  5
8A4
  8
DEFAULT
 10
-140.1512586805555
 20
248.0161182739008
 30
0.0
  0
VERTEX
  5
8A5
  8
DEFAULT
 10
-140.1347296779141
 20
247.9927493396387
 30
0.0
  0
VERTEX
  5
8A6
  8
DEFAULT
 10
-140.1185068911895
 20
247.9688012578817
 30
0.0
  0
VERTEX
  5
8A7
  8
DEFAULT
 10
-140.1025903203817
 20
247.9442740286298
 30
0.0
  0
VERTEX
  5
8A8
  8
DEFAULT
 10
-140.0869799654908
 20
247.9191676518831
 30
0.0
  0
VERTEX
  5
8A9
  8
DEFAULT
 10
-140.0716758265167
 20
247.8934821276414
 30
0.0
  0
VERTEX
  5
8AA
  8
DEFAULT
 10
-140.0566779034594
 20
247.8672174559049
 30
0.0
  0
VERTEX
  5
8AB
  8
DEFAULT
 10
-140.041986196319
 20
247.8403736366735
 30
0.0
  0
VERTEX
  5
8AC
  8
DEFAULT
 10
-140.0135214297887
 20
247.784948555726
 30
0.0
  0
VERTEX
  5
8AD
  8
DEFAULT
 10
-139.9862815269257
 20
247.7272068847989
 30
0.0
  0
VERTEX
  5
8AE
  8
DEFAULT
 10
-139.96026648773
 20
247.6671486238923
 30
0.0
  0
VERTEX
  5
8AF
  8
DEFAULT
 10
-139.9354763122018
 20
247.6047737730061
 30
0.0
  0
VERTEX
  5
8B0
  8
DEFAULT
 10
-139.9119110003408
 20
247.5400823321404
 30
0.0
  0
VERTEX
  5
8B1
  8
DEFAULT
 10
-139.8895705521472
 20
247.4730743012952
 30
0.0
  0
VERTEX
  5
8B2
  8
DEFAULT
 10
-139.2385821404226
 20
247.626448534424
 30
0.0
  0
VERTEX
  5
8B3
  8
DEFAULT
 10
-139.2649300230061
 20
247.711722961639
 30
0.0
  0
VERTEX
  5
8B4
  8
DEFAULT
 10
-139.2790126267468
 20
247.7534515152354
 30
0.0
  0
VERTEX
  5
8B5
  8
DEFAULT
 10
-139.2937010054533
 20
247.7945742954912
 30
0.0
  0
VERTEX
  5
8B6
  8
DEFAULT
 10
-139.3089951591258
 20
247.8350913024062
 30
0.0
  0
VERTEX
  5
8B7
  8
DEFAULT
 10
-139.3248950877642
 20
247.8750025359805
 30
0.0
  0
VERTEX
  5
8B8
  8
DEFAULT
 10
-139.3414007913685
 20
247.9143079962142
 30
0.0
  0
VERTEX
  5
8B9
  8
DEFAULT
 10
-139.3585122699387
 20
247.9530076831071
 30
0.0
  0
VERTEX
  5
8BA
  8
DEFAULT
 10
-139.3762295234748
 20
247.9911015966593
 30
0.0
  0
VERTEX
  5
8BB
  8
DEFAULT
 10
-139.3945525519769
 20
248.0285897368709
 30
0.0
  0
VERTEX
  5
8BC
  8
DEFAULT
 10
-139.4134813554448
 20
248.0654721037417
 30
0.0
  0
VERTEX
  5
8BD
  8
DEFAULT
 10
-139.4330159338787
 20
248.1017486972718
 30
0.0
  0
VERTEX
  5
8BE
  8
DEFAULT
 10
-139.4531562872785
 20
248.1374195174612
 30
0.0
  0
VERTEX
  5
8BF
  8
DEFAULT
 10
-139.4739024156442
 20
248.1724845643099
 30
0.0
  0
VERTEX
  5
8C0
  8
DEFAULT
 10
-139.4952543189758
 20
248.2069438378179
 30
0.0
  0
VERTEX
  5
8C1
  8
DEFAULT
 10
-139.5172119972734
 20
248.2407973379852
 30
0.0
  0
VERTEX
  5
8C2
  8
DEFAULT
 10
-139.5397754505368
 20
248.2740450648117
 30
0.0
  0
VERTEX
  5
8C3
  8
DEFAULT
 10
-139.5629446787662
 20
248.3066870182976
 30
0.0
  0
VERTEX
  5
8C4
  8
DEFAULT
 10
-139.5867196819615
 20
248.3387231984428
 30
0.0
  0
VERTEX
  5
8C5
  8
DEFAULT
 10
-139.6111004601227
 20
248.3701536052473
 30
0.0
  0
VERTEX
  5
8C6
  8
DEFAULT
 10
-139.6360870132498
 20
248.400978238711
 30
0.0
  0
VERTEX
  5
8C7
  8
DEFAULT
 10
-139.6616793413429
 20
248.431197098834
 30
0.0
  0
VERTEX
  5
8C8
  8
DEFAULT
 10
-139.6878774444018
 20
248.4608101856164
 30
0.0
  0
VERTEX
  5
8C9
  8
DEFAULT
 10
-139.7146813224267
 20
248.489817499058
 30
0.0
  0
VERTEX
  5
8CA
  8
DEFAULT
 10
-139.7420909754175
 20
248.518219039159
 30
0.0
  0
VERTEX
  5
8CB
  8
DEFAULT
 10
-139.7701064033742
 20
248.5460148059192
 30
0.0
  0
VERTEX
  5
8CC
  8
DEFAULT
 10
-139.7987276062969
 20
248.5732047993387
 30
0.0
  0
VERTEX
  5
8CD
  8
DEFAULT
 10
-139.8279545841854
 20
248.5997890194176
 30
0.0
  0
VERTEX
  5
8CE
  8
DEFAULT
 10
-139.8577873370399
 20
248.6257674661557
 30
0.0
  0
VERTEX
  5
8CF
  8
DEFAULT
 10
-139.8882258648603
 20
248.6511401395531
 30
0.0
  0
VERTEX
  5
8D0
  8
DEFAULT
 10
-139.9192701676466
 20
248.6759070396098
 30
0.0
  0
VERTEX
  5
8D1
  8
DEFAULT
 10
-139.9509202453988
 20
248.7000681663258
 30
0.0
  0
VERTEX
  5
8D2
  8
DEFAULT
 10
-139.9831062010055
 20
248.7235535957737
 30
0.0
  0
VERTEX
  5
8D3
  8
DEFAULT
 10
-140.0157581373552
 20
248.7462934560327
 30
0.0
  0
VERTEX
  5
8D4
  8
DEFAULT
 10
-140.0488760544479
 20
248.7682877471029
 30
0.0
  0
VERTEX
  5
8D5
  8
DEFAULT
 10
-140.0824599522836
 20
248.7895364689843
 30
0.0
  0
VERTEX
  5
8D6
  8
DEFAULT
 10
-140.1165098308623
 20
248.8100396216769
 30
0.0
  0
VERTEX
  5
8D7
  8
DEFAULT
 10
-140.151025690184
 20
248.8297972051806
 30
0.0
  0
VERTEX
  5
8D8
  8
DEFAULT
 10
-140.1860075302488
 20
248.8488092194956
 30
0.0
  0
VERTEX
  5
8D9
  8
DEFAULT
 10
-140.2214553510566
 20
248.8670756646217
 30
0.0
  0
VERTEX
  5
8DA
  8
DEFAULT
 10
-140.2573691526074
 20
248.884596540559
 30
0.0
  0
VERTEX
  5
8DB
  8
DEFAULT
 10
-140.2937489349011
 20
248.9013718473074
 30
0.0
  0
VERTEX
  5
8DC
  8
DEFAULT
 10
-140.330594697938
 20
248.9174015848671
 30
0.0
  0
VERTEX
  5
8DD
  8
DEFAULT
 10
-140.3679064417178
 20
248.9326857532379
 30
0.0
  0
VERTEX
  5
8DE
  8
DEFAULT
 10
-140.4056841662406
 20
248.9472243524199
 30
0.0
  0
VERTEX
  5
8DF
  8
DEFAULT
 10
-140.4439278715065
 20
248.9610173824131
 30
0.0
  0
VERTEX
  5
8E0
  8
DEFAULT
 10
-140.4826375575153
 20
248.9740648432174
 30
0.0
  0
VERTEX
  5
8E1
  8
DEFAULT
 10
-140.5218132242672
 20
248.986366734833
 30
0.0
  0
VERTEX
  5
8E2
  8
DEFAULT
 10
-140.5614548717621
 20
248.9979230572597
 30
0.0
  0
VERTEX
  5
8E3
  8
DEFAULT
 10
-140.6015625
 20
249.0087338104976
 30
0.0
  0
VERTEX
  5
8E4
  8
DEFAULT
 10
-140.6421361089809
 20
249.0187989945467
 30
0.0
  0
VERTEX
  5
8E5
  8
DEFAULT
 10
-140.6831756987049
 20
249.0281186094069
 30
0.0
  0
VERTEX
  5
8E6
  8
DEFAULT
 10
-140.7246812691718
 20
249.0366926550784
 30
0.0
  0
VERTEX
  5
8E7
  8
DEFAULT
 10
-140.7666528203818
 20
249.044521131561
 30
0.0
  0
VERTEX
  5
8E8
  8
DEFAULT
 10
-140.8090903523347
 20
249.0516040388548
 30
0.0
  0
VERTEX
  5
8E9
  8
DEFAULT
 10
-140.8519938650307
 20
249.0579413769598
 30
0.0
  0
VERTEX
  5
8EA
  8
DEFAULT
 10
-140.8953633584697
 20
249.0635331458759
 30
0.0
  0
VERTEX
  5
8EB
  8
DEFAULT
 10
-140.9391988326517
 20
249.0683793456033
 30
0.0
  0
VERTEX
  5
8EC
  8
DEFAULT
 10
-140.9835002875767
 20
249.0724799761418
 30
0.0
  0
VERTEX
  5
8ED
  8
DEFAULT
 10
-141.0282677232447
 20
249.0758350374915
 30
0.0
  0
VERTEX
  5
8EE
  8
DEFAULT
 10
-141.1192005368098
 20
249.0803084526244
 30
0.0
  0
VERTEX
  5
8EF
  8
DEFAULT
 10
-141.211997273347
 20
249.081799591002
 30
0.0
  0
VERTEX
  5
8F0
  8
DEFAULT
 10
-141.2942162470177
 20
249.080621325409
 30
0.0
  0
VERTEX
  5
8F1
  8
DEFAULT
 10
-141.37556982788
 20
249.0770865286298
 30
0.0
  0
VERTEX
  5
8F2
  8
DEFAULT
 10
-141.4560580159339
 20
249.0711952006646
 30
0.0
  0
VERTEX
  5
8F3
  8
DEFAULT
 10
-141.5356808111793
 20
249.0629473415133
 30
0.0
  0
VERTEX
  5
8F4
  8
DEFAULT
 10
-141.6144382136162
 20
249.0523429511758
 30
0.0
  0
VERTEX
  5
8F5
  8
DEFAULT
 10
-141.6923302232447
 20
249.0393820296523
 30
0.0
  0
VERTEX
  5
8F6
  8
DEFAULT
 10
-141.7693568400647
 20
249.0240645769427
 30
0.0
  0
VERTEX
  5
8F7
  8
DEFAULT
 10
-141.8455180640763
 20
249.006390593047
 30
0.0
  0
VERTEX
  5
8F8
  8
DEFAULT
 10
-141.9208138952795
 20
248.9863600779653
 30
0.0
  0
VERTEX
  5
8F9
  8
DEFAULT
 10
-141.9952443336742
 20
248.9639730316973
 30
0.0
  0
VERTEX
  5
8FA
  8
DEFAULT
 10
-142.0688093792604
 20
248.9392294542433
 30
0.0
  0
VERTEX
  5
8FB
  8
DEFAULT
 10
-142.1415090320382
 20
248.9121293456033
 30
0.0
  0
VERTEX
  5
8FC
  8
DEFAULT
 10
-142.2133432920075
 20
248.8826727057771
 30
0.0
  0
VERTEX
  5
8FD
  8
DEFAULT
 10
-142.2843121591684
 20
248.8508595347648
 30
0.0
  0
VERTEX
  5
8FE
  8
DEFAULT
 10
-142.3544156335208
 20
248.8166898325665
 30
0.0
  0
VERTEX
  5
8FF
  8
DEFAULT
 10
-142.4236537150647
 20
248.780163599182
 30
0.0
  0
VERTEX
  5
900
  8
DEFAULT
 10
-142.4578101035276
 20
248.7610384181152
 30
0.0
  0
VERTEX
  5
901
  8
DEFAULT
 10
-142.4914738837764
 20
248.7413673738923
 30
0.0
  0
VERTEX
  5
902
  8
DEFAULT
 10
-142.5246450558112
 20
248.7211504665133
 30
0.0
  0
VERTEX
  5
903
  8
DEFAULT
 10
-142.5573236196319
 20
248.7003876959782
 30
0.0
  0
VERTEX
  5
904
  8
DEFAULT
 10
-142.5895095752386
 20
248.679079062287
 30
0.0
  0
VERTEX
  5
905
  8
DEFAULT
 10
-142.6212029226312
 20
248.6572245654397
 30
0.0
  0
VERTEX
  5
906
  8
DEFAULT
 10
-142.6524036618098
 20
248.6348242054363
 30
0.0
  0
VERTEX
  5
907
  8
DEFAULT
 10
-142.6831117927744
 20
248.6118779822768
 30
0.0
  0
VERTEX
  5
908
  8
DEFAULT
 10
-142.7133273155249
 20
248.5883858959612
 30
0.0
  0
VERTEX
  5
909
  8
DEFAULT
 10
-142.7430502300613
 20
248.5643479464895
 30
0.0
  0
VERTEX
  5
90A
  8
DEFAULT
 10
-142.7722805363838
 20
248.5397641338617
 30
0.0
  0
VERTEX
  5
90B
  8
DEFAULT
 10
-142.8010182344921
 20
248.5146344580778
 30
0.0
  0
VERTEX
  5
90C
  8
DEFAULT
 10
-142.8292633243865
 20
248.4889589191377
 30
0.0
  0
VERTEX
  5
90D
  8
DEFAULT
 10
-142.8570158060668
 20
248.4627375170416
 30
0.0
  0
VERTEX
  5
90E
  8
DEFAULT
 10
-142.8842756795331
 20
248.4359702517894
 30
0.0
  0
VERTEX
  5
90F
  8
DEFAULT
 10
-142.9110429447853
 20
248.4086571233811
 30
0.0
  0
VERTEX
  5
910
  8
DEFAULT
 10
-142.9373176018235
 20
248.3807981318166
 30
0.0
  0
VERTEX
  5
911
  8
DEFAULT
 10
-142.9630996506476
 20
248.3523932770961
 30
0.0
  0
VERTEX
  5
912
  8
DEFAULT
 10
-142.9883890912577
 20
248.3234425592195
 30
0.0
  0
VERTEX
  5
913
  8
DEFAULT
 10
-143.0131859236537
 20
248.2939459781868
 30
0.0
  0
VERTEX
  5
914
  8
DEFAULT
 10
-143.0374901478357
 20
248.2639035339979
 30
0.0
  0
VERTEX
  5
915
  8
DEFAULT
 10
-143.0613017638037
 20
248.233315226653
 30
0.0
  0
VERTEX
  5
916
  8
DEFAULT
 10
-143.0846207715576
 20
248.202181056152
 30
0.0
  0
VERTEX
  5
917
  8
DEFAULT
 10
-143.1074471710975
 20
248.1705010224949
 30
0.0
  0
VERTEX
  5
918
  8
DEFAULT
 10
-143.1297809624233
 20
248.1382751256817
 30
0.0
  0
VERTEX
  5
919
  8
DEFAULT
 10
-143.1516221455351
 20
248.1055033657124
 30
0.0
  0
VERTEX
  5
91A
  8
DEFAULT
 10
-143.1729707204329
 20
248.0721857425869
 30
0.0
  0
VERTEX
  5
91B
  8
DEFAULT
 10
-143.1938266871166
 20
248.0383222563054
 30
0.0
  0
VERTEX
  5
91C
  8
DEFAULT
 10
-143.2141900455862
 20
248.0039129068678
 30
0.0
  0
VERTEX
  5
91D
  8
DEFAULT
 10
-143.2340607958419
 20
247.9689576942741
 30
0.0
  0
VERTEX
  5
91E
  8
DEFAULT
 10
-143.272324471711
 20
247.8974096796183
 30
0.0
  0
VERTEX
  5
91F
  8
DEFAULT
 10
-143.3084379792945
 20
247.8239910851227
 30
0.0
  0
VERTEX
  5
920
  8
DEFAULT
 10
-143.3422215831629
 20
247.7490147835719
 30
0.0
  0
VERTEX
  5
921
  8
DEFAULT
 10
-143.3736752833163
 20
247.6724807749659
 30
0.0
  0
VERTEX
  5
922
  8
DEFAULT
 10
-143.4027990797546
 20
247.5943890593047
 30
0.0
  0
VERTEX
  5
923
  8
DEFAULT
 10
-143.4295929724778
 20
247.5147396365883
 30
0.0
  0
VERTEX
  5
924
  8
DEFAULT
 10
-143.454056961486
 20
247.4335325068166
 30
0.0
  0
VERTEX
  5
925
  8
DEFAULT
 10
-143.4761910467791
 20
247.3507676699898
 30
0.0
  0
VERTEX
  5
926
  8
DEFAULT
 10
-143.4959952283572
 20
247.2664451261077
 30
0.0
  0
VERTEX
  5
927
  8
DEFAULT
 10
-143.5134695062202
 20
247.1805648751704
 30
0.0
  0
VERTEX
  5
928
  8
DEFAULT
 10
-143.5286138803681
 20
247.0931269171779
 30
0.0
  0
VERTEX
  5
929
  8
DEFAULT
 10
-143.5414283508009
 20
247.0041312521302
 30
0.0
  0
VERTEX
  5
92A
  8
DEFAULT
 10
-143.5519129175187
 20
246.9135778800273
 30
0.0
  0
VERTEX
  5
92B
  8
DEFAULT
 10
-143.5600675805215
 20
246.8214668008691
 30
0.0
  0
VERTEX
  5
92C
  8
DEFAULT
 10
-143.5658923398091
 20
246.7277980146558
 30
0.0
  0
VERTEX
  5
92D
  8
DEFAULT
 10
-143.5693871953817
 20
246.6325715213872
 30
0.0
  0
VERTEX
  5
92E
  8
DEFAULT
 10
-143.5705521472393
 20
246.5357873210634
 30
0.0
  0
VERTEX
  5
92F
  8
DEFAULT
 10
-143.5695203327369
 20
246.4466784892638
 30
0.0
  0
VERTEX
  5
930
  8
DEFAULT
 10
-143.5664248892297
 20
246.358288599182
 30
0.0
  0
VERTEX
  5
931
  8
DEFAULT
 10
-143.5612658167178
 20
246.270617650818
 30
0.0
  0
VERTEX
  5
932
  8
DEFAULT
 10
-143.5540431152011
 20
246.1836656441718
 30
0.0
  0
VERTEX
  5
933
  8
DEFAULT
 10
-143.5447567846796
 20
246.0974325792433
 30
0.0
  0
VERTEX
  5
934
  8
DEFAULT
 10
-143.5334068251534
 20
246.0119184560327
 30
0.0
  0
VERTEX
  5
935
  8
DEFAULT
 10
-143.5199932366224
 20
245.9271232745399
 30
0.0
  0
VERTEX
  5
936
  8
DEFAULT
 10
-143.5045160190866
 20
245.8430470347649
 30
0.0
  0
VERTEX
  5
937
  8
DEFAULT
 10
-143.486975172546
 20
245.7596897367076
 30
0.0
  0
VERTEX
  5
938
  8
DEFAULT
 10
-143.4673706970007
 20
245.6770513803681
 30
0.0
  0
VERTEX
  5
939
  8
DEFAULT
 10
-143.4457025924506
 20
245.5951319657464
 30
0.0
  0
VERTEX
  5
93A
  8
DEFAULT
 10
-143.4219708588957
 20
245.5139314928426
 30
0.0
  0
VERTEX
  5
93B
  8
DEFAULT
 10
-143.3961754963361
 20
245.4334499616565
 30
0.0
  0
VERTEX
  5
93C
  8
DEFAULT
 10
-143.3683165047717
 20
245.3536873721882
 30
0.0
  0
VERTEX
  5
93D
  8
DEFAULT
 10
-143.3383938842025
 20
245.2746437244377
 30
0.0
  0
VERTEX
  5
93E
  8
DEFAULT
 10
-143.3064076346285
 20
245.1963190184049
 30
0.0
  0
VERTEX
  5
93F
  8
DEFAULT
 10
-143.2724442953306
 20
245.1195054213531
 30
0.0
  0
VERTEX
  5
940
  8
DEFAULT
 10
-143.2365904055897
 20
245.0449951005453
 30
0.0
  0
VERTEX
  5
941
  8
DEFAULT
 10
-143.1988459654056
 20
244.9727880559816
 30
0.0
  0
VERTEX
  5
942
  8
DEFAULT
 10
-143.1592109747785
 20
244.9028842876619
 30
0.0
  0
VERTEX
  5
943
  8
DEFAULT
 10
-143.1386845230487
 20
244.8687961320936
 30
0.0
  0
VERTEX
  5
944
  8
DEFAULT
 10
-143.1176854337083
 20
244.8352837955862
 30
0.0
  0
VERTEX
  5
945
  8
DEFAULT
 10
-143.096213706757
 20
244.8023472781399
 30
0.0
  0
VERTEX
  5
946
  8
DEFAULT
 10
-143.074269342195
 20
244.7699865797546
 30
0.0
  0
VERTEX
  5
947
  8
DEFAULT
 10
-143.0518523400222
 20
244.7382017004303
 30
0.0
  0
VERTEX
  5
948
  8
DEFAULT
 10
-143.0289627002386
 20
244.706992640167
 30
0.0
  0
VERTEX
  5
949
  8
DEFAULT
 10
-143.0056004228442
 20
244.6763593989647
 30
0.0
  0
VERTEX
  5
94A
  8
DEFAULT
 10
-142.9817655078391
 20
244.6463019768235
 30
0.0
  0
VERTEX
  5
94B
  8
DEFAULT
 10
-142.9574579552232
 20
244.6168203737432
 30
0.0
  0
VERTEX
  5
94C
  8
DEFAULT
 10
-142.9326777649966
 20
244.5879145897239
 30
0.0
  0
VERTEX
  5
94D
  8
DEFAULT
 10
-142.9074249371592
 20
244.5595846247657
 30
0.0
  0
VERTEX
  5
94E
  8
DEFAULT
 10
-142.881699471711
 20
244.5318304788684
 30
0.0
  0
VERTEX
  5
94F
  8
DEFAULT
 10
-142.855501368652
 20
244.5046521520322
 30
0.0
  0
VERTEX
  5
950
  8
DEFAULT
 10
-142.8288306279823
 20
244.478049644257
 30
0.0
  0
VERTEX
  5
951
  8
DEFAULT
 10
-142.8016872497018
 20
244.4520229555428
 30
0.0
  0
VERTEX
  5
952
  8
DEFAULT
 10
-142.7740712338105
 20
244.4265720858896
 30
0.0
  0
VERTEX
  5
953
  8
DEFAULT
 10
-142.7459825803085
 20
244.4016970352974
 30
0.0
  0
VERTEX
  5
954
  8
DEFAULT
 10
-142.7174212891956
 20
244.3773978037662
 30
0.0
  0
VERTEX
  5
955
  8
DEFAULT
 10
-142.6883873604721
 20
244.353674391296
 30
0.0
  0
VERTEX
  5
956
  8
DEFAULT
 10
-142.6588807941377
 20
244.3305267978868
 30
0.0
  0
VERTEX
  5
957
  8
DEFAULT
 10
-142.6289015901926
 20
244.3079550235387
 30
0.0
  0
VERTEX
  5
958
  8
DEFAULT
 10
-142.5984497486367
 20
244.2859590682515
 30
0.0
  0
VERTEX
  5
959
  8
DEFAULT
 10
-142.56752526947
 20
244.2645389320254
 30
0.0
  0
VERTEX
  5
95A
  8
DEFAULT
 10
-142.5361281526926
 20
244.2436946148603
 30
0.0
  0
VERTEX
  5
95B
  8
DEFAULT
 10
-142.5042001507115
 20
244.2234594010949
 30
0.0
  0
VERTEX
  5
95C
  8
DEFAULT
 10
-142.4716830159339
 20
244.2038665750682
 30
0.0
  0
VERTEX
  5
95D
  8
DEFAULT
 10
-142.4385767483598
 20
244.18491613678
 30
0.0
  0
VERTEX
  5
95E
  8
DEFAULT
 10
-142.4048813479891
 20
244.1666080862304
 30
0.0
  0
VERTEX
  5
95F
  8
DEFAULT
 10
-142.3705968148219
 20
244.1489424234194
 30
0.0
  0
VERTEX
  5
960
  8
DEFAULT
 10
-142.3357231488582
 20
244.131919148347
 30
0.0
  0
VERTEX
  5
961
  8
DEFAULT
 10
-142.300260350098
 20
244.1155382610131
 30
0.0
  0
VERTEX
  5
962
  8
DEFAULT
 10
-142.2642084185413
 20
244.0997997614178
 30
0.0
  0
VERTEX
  5
963
  8
DEFAULT
 10
-142.227567354188
 20
244.0847036495612
 30
0.0
  0
VERTEX
  5
964
  8
DEFAULT
 10
-142.1903371570382
 20
244.0702499254431
 30
0.0
  0
VERTEX
  5
965
  8
DEFAULT
 10
-142.1525178270919
 20
244.0564385890635
 30
0.0
  0
VERTEX
  5
966
  8
DEFAULT
 10
-142.114109364349
 20
244.0432696404226
 30
0.0
  0
VERTEX
  5
967
  8
DEFAULT
 10
-142.0751117688096
 20
244.0307430795203
 30
0.0
  0
VERTEX
  5
968
  8
DEFAULT
 10
-142.0355250404738
 20
244.0188589063565
 30
0.0
  0
VERTEX
  5
969
  8
DEFAULT
 10
-141.9953491793414
 20
244.0076171209313
 30
0.0
  0
VERTEX
  5
96A
  8
DEFAULT
 10
-141.9545841854124
 20
243.9970177232447
 30
0.0
  0
VERTEX
  5
96B
  8
DEFAULT
 10
-141.913230058687
 20
243.9870607132967
 30
0.0
  0
VERTEX
  5
96C
  8
DEFAULT
 10
-141.871286799165
 20
243.9777460910873
 30
0.0
  0
VERTEX
  5
96D
  8
DEFAULT
 10
-141.7856328817314
 20
243.9610440098841
 30
0.0
  0
VERTEX
  5
96E
  8
DEFAULT
 10
-141.6976224331118
 20
243.9469114796353
 30
0.0
  0
VERTEX
  5
96F
  8
DEFAULT
 10
-141.6072554533061
 20
243.9353485003408
 30
0.0
  0
VERTEX
  5
970
  8
DEFAULT
 10
-141.5145319423142
 20
243.9263550720007
 30
0.0
  0
VERTEX
  5
971
  8
DEFAULT
 10
-141.4194519001364
 20
243.9199311946148
 30
0.0
  0
VERTEX
  5
972
  8
DEFAULT
 10
-141.3220153267723
 20
243.9160768681834
 30
0.0
  0
VERTEX
  5
973
  8
DEFAULT
 10
-141.2222222222222
 20
243.9147920927062
 30
0.0
  0
VERTEX
  5
974
  8
DEFAULT
 10
-141.173675349885
 20
243.915209811158
 30
0.0
  0
VERTEX
  5
975
  8
DEFAULT
 10
-141.1255977867246
 20
243.9164629665133
 30
0.0
  0
VERTEX
  5
976
  8
DEFAULT
 10
-141.0779895327411
 20
243.9185515587722
 30
0.0
  0
VERTEX
  5
977
  8
DEFAULT
 10
-141.0308505879346
 20
243.9214755879345
 30
0.0
  0
VERTEX
  5
978
  8
DEFAULT
 10
-140.9841809523049
 20
243.9252350540005
 30
0.0
  0
VERTEX
  5
979
  8
DEFAULT
 10
-140.9379806258521
 20
243.92982995697
 30
0.0
  0
VERTEX
  5
97A
  8
DEFAULT
 10
-140.8922496085762
 20
243.935260296843
 30
0.0
  0
VERTEX
  5
97B
  8
DEFAULT
 10
-140.8469879004772
 20
243.9415260736196
 30
0.0
  0
VERTEX
  5
97C
  8
DEFAULT
 10
-140.802195501555
 20
243.9486272872998
 30
0.0
  0
VERTEX
  5
97D
  8
DEFAULT
 10
-140.7578724118098
 20
243.9565639378834
 30
0.0
  0
VERTEX
  5
97E
  8
DEFAULT
 10
-140.7140186312415
 20
243.9653360253706
 30
0.0
  0
VERTEX
  5
97F
  8
DEFAULT
 10
-140.67063415985
 20
243.9749435497614
 30
0.0
  0
VERTEX
  5
980
  8
DEFAULT
 10
-140.6277189976355
 20
243.9853865110557
 30
0.0
  0
VERTEX
  5
981
  8
DEFAULT
 10
-140.5852731445978
 20
243.9966649092536
 30
0.0
  0
VERTEX
  5
982
  8
DEFAULT
 10
-140.5432966007371
 20
244.008778744355
 30
0.0
  0
VERTEX
  5
983
  8
DEFAULT
 10
-140.5017893660532
 20
244.0217280163599
 30
0.0
  0
VERTEX
  5
984
  8
DEFAULT
 10
-140.4607514405462
 20
244.0355127252684
 30
0.0
  0
VERTEX
  5
985
  8
DEFAULT
 10
-140.4201828242161
 20
244.0501328710804
 30
0.0
  0
VERTEX
  5
986
  8
DEFAULT
 10
-140.3800835170629
 20
244.065588453796
 30
0.0
  0
VERTEX
  5
987
  8
DEFAULT
 10
-140.3404535190866
 20
244.0818794734151
 30
0.0
  0
VERTEX
  5
988
  8
DEFAULT
 10
-140.3012928302871
 20
244.0990059299378
 30
0.0
  0
VERTEX
  5
989
  8
DEFAULT
 10
-140.2626014506646
 20
244.116967823364
 30
0.0
  0
VERTEX
  5
98A
  8
DEFAULT
 10
-140.224379380219
 20
244.1357651536937
 30
0.0
  0
VERTEX
  5
98B
  8
DEFAULT
 10
-140.1866266189502
 20
244.155397920927
 30
0.0
  0
VERTEX
  5
98C
  8
DEFAULT
 10
-140.1493431668584
 20
244.1758661250639
 30
0.0
  0
VERTEX
  5
98D
  8
DEFAULT
 10
-140.1125290239434
 20
244.1971697661043
 30
0.0
  0
VERTEX
  5
98E
  8
DEFAULT
 10
-140.0761841902054
 20
244.2193088440482
 30
0.0
  0
VERTEX
  5
98F
  8
DEFAULT
 10
-140.0403086656442
 20
244.2422833588957
 30
0.0
  0
VERTEX
  5
990
  8
DEFAULT
 10
-140.0049024502599
 20
244.2660933106467
 30
0.0
  0
VERTEX
  5
991
  8
DEFAULT
 10
-139.9699655440525
 20
244.2907386993013
 30
0.0
  0
VERTEX
  5
992
  8
DEFAULT
 10
-139.935497947022
 20
244.3162195248594
 30
0.0
  0
VERTEX
  5
993
  8
DEFAULT
 10
-139.9014996591684
 20
244.3425357873211
 30
0.0
  0
VERTEX
  5
994
  8
DEFAULT
 10
-139.8680605482064
 20
244.3696475454797
 30
0.0
  0
VERTEX
  5
995
  8
DEFAULT
 10
-139.8352704818507
 20
244.3975148581288
 30
0.0
  0
VERTEX
  5
996
  8
DEFAULT
 10
-139.8031294601014
 20
244.4261377252684
 30
0.0
  0
VERTEX
  5
997
  8
DEFAULT
 10
-139.7716374829584
 20
244.4555161468984
 30
0.0
  0
VERTEX
  5
998
  8
DEFAULT
 10
-139.7407945504218
 20
244.4856501230189
 30
0.0
  0
VERTEX
  5
999
  8
DEFAULT
 10
-139.7106006624915
 20
244.5165396536298
 30
0.0
  0
VERTEX
  5
99A
  8
DEFAULT
 10
-139.6810558191675
 20
244.5481847387312
 30
0.0
  0
VERTEX
  5
99B
  8
DEFAULT
 10
-139.6521600204499
 20
244.5805853783231
 30
0.0
  0
VERTEX
  5
99C
  8
DEFAULT
 10
-139.6239132663386
 20
244.6137415724054
 30
0.0
  0
VERTEX
  5
99D
  8
DEFAULT
 10
-139.5963155568337
 20
244.6476533209782
 30
0.0
  0
VERTEX
  5
99E
  8
DEFAULT
 10
-139.5693668919351
 20
244.6823206240414
 30
0.0
  0
VERTEX
  5
99F
  8
DEFAULT
 10
-139.5430672716428
 20
244.7177434815951
 30
0.0
  0
VERTEX
  5
9A0
  8
DEFAULT
 10
-139.5174166959569
 20
244.7539218936392
 30
0.0
  0
VERTEX
  5
9A1
  8
DEFAULT
 10
-139.4924151648773
 20
244.7908558601738
 30
0.0
  0
VERTEX
  5
9A2
  8
DEFAULT
 10
-139.4680626784041
 20
244.8285453811989
 30
0.0
  0
VERTEX
  5
9A3
  8
DEFAULT
 10
-139.4443592365371
 20
244.8669904567144
 30
0.0
  0
VERTEX
  5
9A4
  8
DEFAULT
 10
-139.4213048392766
 20
244.9061910867203
 30
0.0
  0
VERTEX
  5
9A5
  8
DEFAULT
 10
-139.3988994866224
 20
244.9461472712167
 30
0.0
  0
VERTEX
  5
9A6
  8
DEFAULT
 10
-139.3771431785745
 20
244.9868590102036
 30
0.0
  0
VERTEX
  5
9A7
  8
DEFAULT
 10
-139.3560359151329
 20
245.028326303681
 30
0.0
  0
VERTEX
  5
9A8
  8
DEFAULT
 10
-139.3355776962977
 20
245.0705491516487
 30
0.0
  0
VERTEX
  5
9A9
  8
DEFAULT
 10
-139.3157685220689
 20
245.113527554107
 30
0.0
  0
VERTEX
  5
9AA
  8
DEFAULT
 10
-139.2966083924463
 20
245.1572615110557
 30
0.0
  0
VERTEX
  5
9AB
  8
DEFAULT
 10
-139.2780973074301
 20
245.2017510224949
 30
0.0
  0
VERTEX
  5
9AC
  8
DEFAULT
 10
-139.2602352670203
 20
245.2469960884245
 30
0.0
  0
VERTEX
  5
9AD
  8
DEFAULT
 10
-139.2430222712168
 20
245.2929967088446
 30
0.0
  0
VERTEX
  5
9AE
  8
DEFAULT
 10
-139.2105434134288
 20
245.3872646131561
 30
0.0
  0
VERTEX
  5
9AF
  8
DEFAULT
 10
-139.1806607340661
 20
245.4845547354295
 30
0.0
  0
VERTEX
  5
9B0
  8
DEFAULT
 10
-139.1533742331288
 20
245.5848670756646
 30
0.0
  0
SEQEND
  5
9B1
  8
DEFAULT
  0
POLYLINE
  5
9B2
  8
DEFAULT
 66
     1
 10
0.0
 20
0.0
 30
0.0
 70
     1
  0
VERTEX
  5
9B3
  8
DEFAULT
 10
-148.4274028629857
 20
244.0
 30
0.0
  0
VERTEX
  5
9B4
  8
DEFAULT
 10
-147.7934560327198
 20
244.0
 30
0.0
  0
VERTEX
  5
9B5
  8
DEFAULT
 10
-147.7934560327198
 20
247.9263803680982
 30
0.0
  0
VERTEX
  5
9B6
  8
DEFAULT
 10
-145.1690524880709
 20
244.0
 30
0.0
  0
VERTEX
  5
9B7
  8
DEFAULT
 10
-144.4907975460123
 20
244.0
 30
0.0
  0
VERTEX
  5
9B8
  8
DEFAULT
 10
-144.4907975460123
 20
248.9965916837083
 30
0.0
  0
VERTEX
  5
9B9
  8
DEFAULT
 10
-145.1247443762781
 20
248.9965916837083
 30
0.0
  0
VERTEX
  5
9BA
  8
DEFAULT
 10
-145.1247443762781
 20
245.0736196319018
 30
0.0
  0
VERTEX
  5
9BB
  8
DEFAULT
 10
-147.749147920927
 20
248.9965916837083
 30
0.0
  0
VERTEX
  5
9BC
  8
DEFAULT
 10
-148.4274028629857
 20
248.9965916837083
 30
0.0
  0
SEQEND
  5
9BD
  8
DEFAULT
  0
POLYLINE
  5
9BE
  8
DEFAULT
 66
     1
 10
0.0
 20
0.0
 30
0.0
 70
     1
  0
VERTEX
  5
9BF
  8
DEFAULT
 10
-149.8963871847307
 20
245.7518745739605
 30
0.0
  0
VERTEX
  5
9C0
  8
DEFAULT
 10
-149.9144007176384
 20
245.6742688096455
 30
0.0
  0
VERTEX
  5
9C1
  8
DEFAULT
 10
-149.9343580494304
 20
245.5990861451943
 30
0.0
  0
VERTEX
  5
9C2
  8
DEFAULT
 10
-149.9562591801067
 20
245.5263265806067
 30
0.0
  0
VERTEX
  5
9C3
  8
DEFAULT
 10
-149.9679386700264
 20
245.4908554607618
 30
0.0
  0
VERTEX
  5
9C4
  8
DEFAULT
 10
-149.9801041096673
 20
245.4559901158827
 30
0.0
  0
VERTEX
  5
9C5
  8
DEFAULT
 10
-149.9927554990292
 20
245.4217305459696
 30
0.0
  0
VERTEX
  5
9C6
  8
DEFAULT
 10
-150.0058928381121
 20
245.3880767510225
 30
0.0
  0
VERTEX
  5
9C7
  8
DEFAULT
 10
-150.0195161269161
 20
245.3550287310412
 30
0.0
  0
VERTEX
  5
9C8
  8
DEFAULT
 10
-150.0336253654413
 20
245.3225864860259
 30
0.0
  0
VERTEX
  5
9C9
  8
DEFAULT
 10
-150.0482205536874
 20
245.2907500159765
 30
0.0
  0
VERTEX
  5
9CA
  8
DEFAULT
 10
-150.0633016916547
 20
245.259519320893
 30
0.0
  0
VERTEX
  5
9CB
  8
DEFAULT
 10
-150.078868779343
 20
245.2288944007754
 30
0.0
  0
VERTEX
  5
9CC
  8
DEFAULT
 10
-150.0949218167524
 20
245.1988752556237
 30
0.0
  0
VERTEX
  5
9CD
  8
DEFAULT
 10
-150.1114608038829
 20
245.169461885438
 30
0.0
  0
VERTEX
  5
9CE
  8
DEFAULT
 10
-150.1284857407344
 20
245.1406542902181
 30
0.0
  0
VERTEX
  5
9CF
  8
DEFAULT
 10
-150.145996627307
 20
245.1124524699642
 30
0.0
  0
VERTEX
  5
9D0
  8
DEFAULT
 10
-150.1639934636007
 20
245.0848564246762
 30
0.0
  0
VERTEX
  5
9D1
  8
DEFAULT
 10
-150.1824762496155
 20
245.0578661543541
 30
0.0
  0
VERTEX
  5
9D2
  8
DEFAULT
 10
-150.2014449853514
 20
245.031481658998
 30
0.0
  0
VERTEX
  5
9D3
  8
DEFAULT
 10
-150.2208996708083
 20
245.0057029386077
 30
0.0
  0
VERTEX
  5
9D4
  8
DEFAULT
 10
-150.2408403059862
 20
244.9805299931834
 30
0.0
  0
VERTEX
  5
9D5
  8
DEFAULT
 10
-150.2612668908853
 20
244.9559628227249
 30
0.0
  0
VERTEX
  5
9D6
  8
DEFAULT
 10
-150.2821794255055
 20
244.9320014272324
 30
0.0
  0
VERTEX
  5
9D7
  8
DEFAULT
 10
-150.3035779098467
 20
244.9086458067059
 30
0.0
  0
VERTEX
  5
9D8
  8
DEFAULT
 10
-150.325462343909
 20
244.8858959611452
 30
0.0
  0
VERTEX
  5
9D9
  8
DEFAULT
 10
-150.3478327276923
 20
244.8637518905504
 30
0.0
  0
VERTEX
  5
9DA
  8
DEFAULT
 10
-150.3706890611967
 20
244.8422135949216
 30
0.0
  0
VERTEX
  5
9DB
  8
DEFAULT
 10
-150.3940313444222
 20
244.8212810742587
 30
0.0
  0
VERTEX
  5
9DC
  8
DEFAULT
 10
-150.4178595773688
 20
244.8009543285617
 30
0.0
  0
VERTEX
  5
9DD
  8
DEFAULT
 10
-150.4420972328732
 20
244.7812433431322
 30
0.0
  0
VERTEX
  5
9DE
  8
DEFAULT
 10
-150.4666677317655
 20
244.762158103272
 30
0.0
  0
VERTEX
  5
9DF
  8
DEFAULT
 10
-150.4915710740457
 20
244.7436986089809
 30
0.0
  0
VERTEX
  5
9E0
  8
DEFAULT
 10
-150.5168072597137
 20
244.725864860259
 30
0.0
  0
VERTEX
  5
9E1
  8
DEFAULT
 10
-150.5423762887696
 20
244.7086568571063
 30
0.0
  0
VERTEX
  5
9E2
  8
DEFAULT
 10
-150.5682781612134
 20
244.6920745995228
 30
0.0
  0
VERTEX
  5
9E3
  8
DEFAULT
 10
-150.594512877045
 20
244.6761180875085
 30
0.0
  0
VERTEX
  5
9E4
  8
DEFAULT
 10
-150.6210804362645
 20
244.6607873210634
 30
0.0
  0
VERTEX
  5
9E5
  8
DEFAULT
 10
-150.6479808388719
 20
244.6460823001875
 30
0.0
  0
VERTEX
  5
9E6
  8
DEFAULT
 10
-150.6752140848671
 20
244.6320030248807
 30
0.0
  0
VERTEX
  5
9E7
  8
DEFAULT
 10
-150.7027801742502
 20
244.6185494951432
 30
0.0
  0
VERTEX
  5
9E8
  8
DEFAULT
 10
-150.7306791070211
 20
244.6057217109748
 30
0.0
  0
VERTEX
  5
9E9
  8
DEFAULT
 10
-150.75891088318
 20
244.5935196723756
 30
0.0
  0
VERTEX
  5
9EA
  8
DEFAULT
 10
-150.7874755027266
 20
244.5819433793456
 30
0.0
  0
VERTEX
  5
9EB
  8
DEFAULT
 10
-150.8163729656612
 20
244.5709928318848
 30
0.0
  0
VERTEX
  5
9EC
  8
DEFAULT
 10
-150.8456032719836
 20
244.5606680299932
 30
0.0
  0
VERTEX
  5
9ED
  8
DEFAULT
 10
-150.8751664216939
 20
244.5509689736708
 30
0.0
  0
VERTEX
  5
9EE
  8
DEFAULT
 10
-150.9050624147921
 20
244.5418956629175
 30
0.0
  0
VERTEX
  5
9EF
  8
DEFAULT
 10
-150.9352912512781
 20
244.5334480977335
 30
0.0
  0
VERTEX
  5
9F0
  8
DEFAULT
 10
-150.965852931152
 20
244.5256262781186
 30
0.0
  0
VERTEX
  5
9F1
  8
DEFAULT
 10
-150.9967474544138
 20
244.5184302040729
 30
0.0
  0
VERTEX
  5
9F2
  8
DEFAULT
 10
-151.0279748210634
 20
244.5118598755964
 30
0.0
  0
VERTEX
  5
9F3
  8
DEFAULT
 10
-151.0595350311009
 20
244.5059152926892
 30
0.0
  0
VERTEX
  5
9F4
  8
DEFAULT
 10
-151.0914280845262
 20
244.5005964553511
 30
0.0
  0
VERTEX
  5
9F5
  8
DEFAULT
 10
-151.1236539813395
 20
244.4959033635822
 30
0.0
  0
VERTEX
  5
9F6
  8
DEFAULT
 10
-151.1562127215406
 20
244.4918360173824
 30
0.0
  0
VERTEX
  5
9F7
  8
DEFAULT
 10
-151.1891043051295
 20
244.4883944167519
 30
0.0
  0
VERTEX
  5
9F8
  8
DEFAULT
 10
-151.2223287321063
 20
244.4855785616905
 30
0.0
  0
VERTEX
  5
9F9
  8
DEFAULT
 10
-151.255886002471
 20
244.4833884521984
 30
0.0
  0
VERTEX
  5
9FA
  8
DEFAULT
 10
-151.2897761162236
 20
244.4818240882754
 30
0.0
  0
VERTEX
  5
9FB
  8
DEFAULT
 10
-151.323999073364
 20
244.4808854699216
 30
0.0
  0
VERTEX
  5
9FC
  8
DEFAULT
 10
-151.3585548738923
 20
244.480572597137
 30
0.0
  0
VERTEX
  5
9FD
  8
DEFAULT
 10
-151.4153912108044
 20
244.4814912448875
 30
0.0
  0
VERTEX
  5
9FE
  8
DEFAULT
 10
-151.4717216257669
 20
244.4842471881391
 30
0.0
  0
VERTEX
  5
9FF
  8
DEFAULT
 10
-151.5275461187798
 20
244.4888404268916
 30
0.0
  0
VERTEX
  5
A00
  8
DEFAULT
 10
-151.5828646898432
 20
244.4952709611452
 30
0.0
  0
VERTEX
  5
A01
  8
DEFAULT
 10
-151.6376773389571
 20
244.5035387908998
 30
0.0
  0
VERTEX
  5
A02
  8
DEFAULT
 10
-151.6919840661213
 20
244.5136439161554
 30
0.0
  0
VERTEX
  5
A03
  8
DEFAULT
 10
-151.7457848713361
 20
244.5255863369121
 30
0.0
  0
VERTEX
  5
A04
  8
DEFAULT
 10
-151.7990797546012
 20
244.5393660531697
 30
0.0
  0
VERTEX
  5
A05
  8
DEFAULT
 10
-151.8518687159169
 20
244.5549830649284
 30
0.0
  0
VERTEX
  5
A06
  8
DEFAULT
 10
-151.9041517552829
 20
244.5724373721881
 30
0.0
  0
VERTEX
  5
A07
  8
DEFAULT
 10
-151.9559288726994
 20
244.5917289749489
 30
0.0
  0
VERTEX
  5
A08
  8
DEFAULT
 10
-152.0072000681663
 20
244.6128578732106
 30
0.0
  0
VERTEX
  5
A09
  8
DEFAULT
 10
-152.0579653416837
 20
244.6358240669734
 30
0.0
  0
VERTEX
  5
A0A
  8
DEFAULT
 10
-152.1082246932515
 20
244.6606275562372
 30
0.0
  0
VERTEX
  5
A0B
  8
DEFAULT
 10
-152.1579781228698
 20
244.687268341002
 30
0.0
  0
VERTEX
  5
A0C
  8
DEFAULT
 10
-152.2072256305385
 20
244.7157464212679
 30
0.0
  0
VERTEX
  5
A0D
  8
DEFAULT
 10
-152.2315215336358
 20
244.7306794398645
 30
0.0
  0
VERTEX
  5
A0E
  8
DEFAULT
 10
-152.2554146962338
 20
244.746081767638
 30
0.0
  0
VERTEX
  5
A0F
  8
DEFAULT
 10
-152.2789051183325
 20
244.7619534045884
 30
0.0
  0
VERTEX
  5
A10
  8
DEFAULT
 10
-152.3019927999318
 20
244.7782943507157
 30
0.0
  0
VERTEX
  5
A11
  8
DEFAULT
 10
-152.3246777410318
 20
244.7951046060199
 30
0.0
  0
VERTEX
  5
A12
  8
DEFAULT
 10
-152.3469599416326
 20
244.812384170501
 30
0.0
  0
VERTEX
  5
A13
  8
DEFAULT
 10
-152.368839401734
 20
244.830133044159
 30
0.0
  0
VERTEX
  5
A14
  8
DEFAULT
 10
-152.3903161213361
 20
244.8483512269938
 30
0.0
  0
VERTEX
  5
A15
  8
DEFAULT
 10
-152.4113901004388
 20
244.8670387190056
 30
0.0
  0
VERTEX
  5
A16
  8
DEFAULT
 10
-152.4320613390423
 20
244.8861955201942
 30
0.0
  0
VERTEX
  5
A17
  8
DEFAULT
 10
-152.4523298371464
 20
244.9058216305598
 30
0.0
  0
VERTEX
  5
A18
  8
DEFAULT
 10
-152.4721955947512
 20
244.9259170501022
 30
0.0
  0
VERTEX
  5
A19
  8
DEFAULT
 10
-152.4916586118567
 20
244.9464817788216
 30
0.0
  0
VERTEX
  5
A1A
  8
DEFAULT
 10
-152.5107188884629
 20
244.9675158167178
 30
0.0
  0
VERTEX
  5
A1B
  8
DEFAULT
 10
-152.5293764245697
 20
244.9890191637909
 30
0.0
  0
VERTEX
  5
A1C
  8
DEFAULT
 10
-152.5476312201772
 20
245.0109918200409
 30
0.0
  0
VERTEX
  5
A1D
  8
DEFAULT
 10
-152.5654832752855
 20
245.0334337854678
 30
0.0
  0
VERTEX
  5
A1E
  8
DEFAULT
 10
-152.5829325898943
 20
245.0563450600715
 30
0.0
  0
VERTEX
  5
A1F
  8
DEFAULT
 10
-152.5999791640039
 20
245.0797256438522
 30
0.0
  0
VERTEX
  5
A20
  8
DEFAULT
 10
-152.6166229976142
 20
245.1035755368098
 30
0.0
  0
VERTEX
  5
A21
  8
DEFAULT
 10
-152.6328640907251
 20
245.1278947389442
 30
0.0
  0
VERTEX
  5
A22
  8
DEFAULT
 10
-152.6487024433367
 20
245.1526832502556
 30
0.0
  0
VERTEX
  5
A23
  8
DEFAULT
 10
-152.664138055449
 20
245.1779410707438
 30
0.0
  0
VERTEX
  5
A24
  8
DEFAULT
 10
-152.679170927062
 20
245.203668200409
 30
0.0
  0
VERTEX
  5
A25
  8
DEFAULT
 10
-152.6938010581757
 20
245.229864639251
 30
0.0
  0
VERTEX
  5
A26
  8
DEFAULT
 10
-152.7080284487901
 20
245.2565303872699
 30
0.0
  0
VERTEX
  5
A27
  8
DEFAULT
 10
-152.7218530989051
 20
245.2836654444657
 30
0.0
  0
VERTEX
  5
A28
  8
DEFAULT
 10
-152.7352750085208
 20
245.3112698108384
 30
0.0
  0
VERTEX
  5
A29
  8
DEFAULT
 10
-152.7482941776372
 20
245.339343486388
 30
0.0
  0
VERTEX
  5
A2A
  8
DEFAULT
 10
-152.7609106062543
 20
245.3678864711145
 30
0.0
  0
VERTEX
  5
A2B
  8
DEFAULT
 10
-152.7849352419905
 20
245.4263803680982
 30
0.0
  0
VERTEX
  5
A2C
  8
DEFAULT
 10
-152.8074287981425
 20
245.4864452858725
 30
0.0
  0
VERTEX
  5
A2D
  8
DEFAULT
 10
-152.8284711571234
 20
245.5477750085208
 30
0.0
  0
VERTEX
  5
A2E
  8
DEFAULT
 10
-152.8480623189332
 20
245.610369536043
 30
0.0
  0
VERTEX
  5
A2F
  8
DEFAULT
 10
-152.8662022835719
 20
245.674228868439
 30
0.0
  0
VERTEX
  5
A30
  8
DEFAULT
 10
-152.8828910510395
 20
245.7393530057089
 30
0.0
  0
VERTEX
  5
A31
  8
DEFAULT
 10
-152.8981286213361
 20
245.8057419478528
 30
0.0
  0
VERTEX
  5
A32
  8
DEFAULT
 10
-152.9119149944615
 20
245.8733956948705
 30
0.0
  0
VERTEX
  5
A33
  8
DEFAULT
 10
-152.9242501704158
 20
245.9423142467621
 30
0.0
  0
VERTEX
  5
A34
  8
DEFAULT
 10
-152.935134149199
 20
246.0124976035276
 30
0.0
  0
VERTEX
  5
A35
  8
DEFAULT
 10
-152.9445669308112
 20
246.083945765167
 30
0.0
  0
VERTEX
  5
A36
  8
DEFAULT
 10
-152.9525485152522
 20
246.1566587316803
 30
0.0
  0
VERTEX
  5
A37
  8
DEFAULT
 10
-152.9590789025222
 20
246.2306365030675
 30
0.0
  0
VERTEX
  5
A38
  8
DEFAULT
 10
-152.964158092621
 20
246.3058790793286
 30
0.0
  0
VERTEX
  5
A39
  8
DEFAULT
 10
-152.9677860855487
 20
246.3823864604635
 30
0.0
  0
VERTEX
  5
A3A
  8
DEFAULT
 10
-152.9699628813054
 20
246.4601586464724
 30
0.0
  0
VERTEX
  5
A3B
  8
DEFAULT
 10
-152.9706884798909
 20
246.5391956373551
 30
0.0
  0
VERTEX
  5
A3C
  8
DEFAULT
 10
-152.9700760480573
 20
246.6008582033913
 30
0.0
  0
VERTEX
  5
A3D
  8
DEFAULT
 10
-152.9682387525562
 20
246.6622944359237
 30
0.0
  0
VERTEX
  5
A3E
  8
DEFAULT
 10
-152.9651765933878
 20
246.7235043349523
 30
0.0
  0
VERTEX
  5
A3F
  8
DEFAULT
 10
-152.9608895705521
 20
246.7844879004772
 30
0.0
  0
VERTEX
  5
A40
  8
DEFAULT
 10
-152.9553776840491
 20
246.8452451324983
 30
0.0
  0
VERTEX
  5
A41
  8
DEFAULT
 10
-152.9486409338787
 20
246.9057760310157
 30
0.0
  0
VERTEX
  5
A42
  8
DEFAULT
 10
-152.9406793200409
 20
246.9660805960293
 30
0.0
  0
VERTEX
  5
A43
  8
DEFAULT
 10
-152.9314928425358
 20
247.0261588275392
 30
0.0
  0
VERTEX
  5
A44
  8
DEFAULT
 10
-152.9210815013633
 20
247.0860107255453
 30
0.0
  0
VERTEX
  5
A45
  8
DEFAULT
 10
-152.9094452965235
 20
247.1456362900477
 30
0.0
  0
VERTEX
  5
A46
  8
DEFAULT
 10
-152.8965842280163
 20
247.2050355210463
 30
0.0
  0
VERTEX
  5
A47
  8
DEFAULT
 10
-152.8824982958419
 20
247.2642084185412
 30
0.0
  0
VERTEX
  5
A48
  8
DEFAULT
 10
-152.8671875
 20
247.3231549825324
 30
0.0
  0
VERTEX
  5
A49
  8
DEFAULT
 10
-152.8506518404908
 20
247.3818752130198
 30
0.0
  0
VERTEX
  5
A4A
  8
DEFAULT
 10
-152.8328913173142
 20
247.4403691100034
 30
0.0
  0
VERTEX
  5
A4B
  8
DEFAULT
 10
-152.8139059304704
 20
247.4986366734833
 30
0.0
  0
VERTEX
  5
A4C
  8
DEFAULT
 10
-152.8038823518448
 20
247.5275291437671
 30
0.0
  0
VERTEX
  5
A4D
  8
DEFAULT
 10
-152.7934094346456
 20
247.5560521578903
 30
0.0
  0
VERTEX
  5
A4E
  8
DEFAULT
 10
-152.7824871788727
 20
247.5842057158529
 30
0.0
  0
VERTEX
  5
A4F
  8
DEFAULT
 10
-152.7711155845263
 20
247.6119898176551
 30
0.0
  0
VERTEX
  5
A50
  8
DEFAULT
 10
-152.7592946516062
 20
247.6394044632967
 30
0.0
  0
VERTEX
  5
A51
  8
DEFAULT
 10
-152.7470243801125
 20
247.6664496527778
 30
0.0
  0
VERTEX
  5
A52
  8
DEFAULT
 10
-152.7343047700452
 20
247.6931253860983
 30
0.0
  0
VERTEX
  5
A53
  8
DEFAULT
 10
-152.7211358214042
 20
247.7194316632583
 30
0.0
  0
VERTEX
  5
A54
  8
DEFAULT
 10
-152.7075175341897
 20
247.7453684842578
 30
0.0
  0
VERTEX
  5
A55
  8
DEFAULT
 10
-152.6934499084015
 20
247.7709358490968
 30
0.0
  0
VERTEX
  5
A56
  8
DEFAULT
 10
-152.6789329440397
 20
247.7961337577752
 30
0.0
  0
VERTEX
  5
A57
  8
DEFAULT
 10
-152.6639666411043
 20
247.8209622102931
 30
0.0
  0
VERTEX
  5
A58
  8
DEFAULT
 10
-152.6485509995953
 20
247.8454212066505
 30
0.0
  0
VERTEX
  5
A59
  8
DEFAULT
 10
-152.6326860195126
 20
247.8695107468473
 30
0.0
  0
VERTEX
  5
A5A
  8
DEFAULT
 10
-152.6163717008563
 20
247.8932308308836
 30
0.0
  0
VERTEX
  5
A5B
  8
DEFAULT
 10
-152.5996080436265
 20
247.9165814587594
 30
0.0
  0
VERTEX
  5
A5C
  8
DEFAULT
 10
-152.582395047823
 20
247.9395626304746
 30
0.0
  0
VERTEX
  5
A5D
  8
DEFAULT
 10
-152.5647327134458
 20
247.9621743460293
 30
0.0
  0
VERTEX
  5
A5E
  8
DEFAULT
 10
-152.5466210404951
 20
247.9844166054235
 30
0.0
  0
VERTEX
  5
A5F
  8
DEFAULT
 10
-152.5280600289707
 20
248.0062894086571
 30
0.0
  0
VERTEX
  5
A60
  8
DEFAULT
 10
-152.5090496788727
 20
248.0277927557302
 30
0.0
  0
VERTEX
  5
A61
  8
DEFAULT
 10
-152.4895899902011
 20
248.0489266466428
 30
0.0
  0
VERTEX
  5
A62
  8
DEFAULT
 10
-152.4696809629559
 20
248.0696910813948
 30
0.0
  0
VERTEX
  5
A63
  8
DEFAULT
 10
-152.449322597137
 20
248.0900860599864
 30
0.0
  0
VERTEX
  5
A64
  8
DEFAULT
 10
-152.4285148927445
 20
248.1101115824174
 30
0.0
  0
VERTEX
  5
A65
  8
DEFAULT
 10
-152.4072578497785
 20
248.1297676486878
 30
0.0
  0
VERTEX
  5
A66
  8
DEFAULT
 10
-152.3855514682388
 20
248.1490542587977
 30
0.0
  0
VERTEX
  5
A67
  8
DEFAULT
 10
-152.3633957481254
 20
248.1679714127471
 30
0.0
  0
VERTEX
  5
A68
  8
DEFAULT
 10
-152.3407906894385
 20
248.186519110536
 30
0.0
  0
VERTEX
  5
A69
  8
DEFAULT
 10
-152.3177362921779
 20
248.2046973521643
 30
0.0
  0
VERTEX
  5
A6A
  8
DEFAULT
 10
-152.2942325563437
 20
248.2225061376321
 30
0.0
  0
VERTEX
  5
A6B
  8
DEFAULT
 10
-152.2702794819359
 20
248.2399454669393
 30
0.0
  0
VERTEX
  5
A6C
  8
DEFAULT
 10
-152.245917010161
 20
248.2569304650222
 30
0.0
  0
VERTEX
  5
A6D
  8
DEFAULT
 10
-152.2211850822256
 20
248.2733762568166
 30
0.0
  0
VERTEX
  5
A6E
  8
DEFAULT
 10
-152.1960836981297
 20
248.2892828423228
 30
0.0
  0
VERTEX
  5
A6F
  8
DEFAULT
 10
-152.1706128578732
 20
248.3046502215406
 30
0.0
  0
VERTEX
  5
A70
  8
DEFAULT
 10
-152.1447725614562
 20
248.31947839447
 30
0.0
  0
VERTEX
  5
A71
  8
DEFAULT
 10
-152.1185628088787
 20
248.3337673611111
 30
0.0
  0
VERTEX
  5
A72
  8
DEFAULT
 10
-152.0919836001406
 20
248.3475171214639
 30
0.0
  0
VERTEX
  5
A73
  8
DEFAULT
 10
-152.065034935242
 20
248.3607276755283
 30
0.0
  0
VERTEX
  5
A74
  8
DEFAULT
 10
-152.0377168141828
 20
248.3733990233044
 30
0.0
  0
VERTEX
  5
A75
  8
DEFAULT
 10
-152.0100292369632
 20
248.3855311647921
 30
0.0
  0
VERTEX
  5
A76
  8
DEFAULT
 10
-151.981972203583
 20
248.3971240999915
 30
0.0
  0
VERTEX
  5
A77
  8
DEFAULT
 10
-151.9535457140423
 20
248.4081778289025
 30
0.0
  0
VERTEX
  5
A78
  8
DEFAULT
 10
-151.924749768341
 20
248.4186923515252
 30
0.0
  0
VERTEX
  5
A79
  8
DEFAULT
 10
-151.8955843664792
 20
248.4286676678596
 30
0.0
  0
VERTEX
  5
A7A
  8
DEFAULT
 10
-151.8660495084569
 20
248.4381037779056
 30
0.0
  0
VERTEX
  5
A7B
  8
DEFAULT
 10
-151.836145194274
 20
248.4470006816633
 30
0.0
  0
VERTEX
  5
A7C
  8
DEFAULT
 10
-151.8058714239306
 20
248.4553583791326
 30
0.0
  0
VERTEX
  5
A7D
  8
DEFAULT
 10
-151.7752281974267
 20
248.4631768703136
 30
0.0
  0
VERTEX
  5
A7E
  8
DEFAULT
 10
-151.7442155147623
 20
248.4704561552062
 30
0.0
  0
VERTEX
  5
A7F
  8
DEFAULT
 10
-151.7128333759373
 20
248.4771962338105
 30
0.0
  0
VERTEX
  5
A80
  8
DEFAULT
 10
-151.6810817809518
 20
248.4833971061265
 30
0.0
  0
VERTEX
  5
A81
  8
DEFAULT
 10
-151.6489607298057
 20
248.4890587721541
 30
0.0
  0
VERTEX
  5
A82
  8
DEFAULT
 10
-151.6164702224991
 20
248.4941812318933
 30
0.0
  0
VERTEX
  5
A83
  8
DEFAULT
 10
-151.583610259032
 20
248.4987644853443
 30
0.0
  0
VERTEX
  5
A84
  8
DEFAULT
 10
-151.5167819636162
 20
248.506313373381
 30
0.0
  0
VERTEX
  5
A85
  8
DEFAULT
 10
-151.4484758435583
 20
248.5117054362645
 30
0.0
  0
VERTEX
  5
A86
  8
DEFAULT
 10
-151.3786918988582
 20
248.5149406739945
 30
0.0
  0
VERTEX
  5
A87
  8
DEFAULT
 10
-151.307430129516
 20
248.5160190865712
 30
0.0
  0
VERTEX
  5
A88
  8
DEFAULT
 10
-151.2454680044308
 20
248.5150471838787
 30
0.0
  0
VERTEX
  5
A89
  8
DEFAULT
 10
-151.1848372528971
 20
248.512131475801
 30
0.0
  0
VERTEX
  5
A8A
  8
DEFAULT
 10
-151.1255378749148
 20
248.5072719623381
 30
0.0
  0
VERTEX
  5
A8B
  8
DEFAULT
 10
-151.0963874510055
 20
248.5041132785873
 30
0.0
  0
VERTEX
  5
A8C
  8
DEFAULT
 10
-151.067569870484
 20
248.5004686434901
 30
0.0
  0
VERTEX
  5
A8D
  8
DEFAULT
 10
-151.0390851333504
 20
248.4963380570467
 30
0.0
  0
VERTEX
  5
A8E
  8
DEFAULT
 10
-151.0109332396046
 20
248.491721519257
 30
0.0
  0
VERTEX
  5
A8F
  8
DEFAULT
 10
-150.9831141892468
 20
248.486619030121
 30
0.0
  0
VERTEX
  5
A90
  8
DEFAULT
 10
-150.9556279822768
 20
248.4810305896387
 30
0.0
  0
VERTEX
  5
A91
  8
DEFAULT
 10
-150.9284746186947
 20
248.4749561978102
 30
0.0
  0
VERTEX
  5
A92
  8
DEFAULT
 10
-150.9016540985004
 20
248.4683958546353
 30
0.0
  0
VERTEX
  5
A93
  8
DEFAULT
 10
-150.8751664216939
 20
248.4613495601142
 30
0.0
  0
VERTEX
  5
A94
  8
DEFAULT
 10
-150.8490115882754
 20
248.4538173142468
 30
0.0
  0
VERTEX
  5
A95
  8
DEFAULT
 10
-150.8231895982447
 20
248.4457991170331
 30
0.0
  0
VERTEX
  5
A96
  8
DEFAULT
 10
-150.7977004516019
 20
248.4372949684731
 30
0.0
  0
VERTEX
  5
A97
  8
DEFAULT
 10
-150.772544148347
 20
248.4283048685668
 30
0.0
  0
VERTEX
  5
A98
  8
DEFAULT
 10
-150.7477206884799
 20
248.4188288173142
 30
0.0
  0
VERTEX
  5
A99
  8
DEFAULT
 10
-150.7232300720007
 20
248.4088668147154
 30
0.0
  0
VERTEX
  5
A9A
  8
DEFAULT
 10
-150.6990722989094
 20
248.3984188607703
 30
0.0
  0
VERTEX
  5
A9B
  8
DEFAULT
 10
-150.6752473692059
 20
248.3874849554789
 30
0.0
  0
VERTEX
  5
A9C
  8
DEFAULT
 10
-150.6517552828903
 20
248.3760650988412
 30
0.0
  0
VERTEX
  5
A9D
  8
DEFAULT
 10
-150.6285960399625
 20
248.3641592908572
 30
0.0
  0
VERTEX
  5
A9E
  8
DEFAULT
 10
-150.6057696404226
 20
248.3517675315269
 30
0.0
  0
VERTEX
  5
A9F
  8
DEFAULT
 10
-150.5832760842706
 20
248.3388898208503
 30
0.0
  0
VERTEX
  5
AA0
  8
DEFAULT
 10
-150.5611153715065
 20
248.3255261588275
 30
0.0
  0
VERTEX
  5
AA1
  8
DEFAULT
 10
-150.5392875021302
 20
248.3116765454584
 30
0.0
  0
VERTEX
  5
AA2
  8
DEFAULT
 10
-150.5177924761418
 20
248.297340980743
 30
0.0
  0
VERTEX
  5
AA3
  8
DEFAULT
 10
-150.4966302935412
 20
248.2825194646813
 30
0.0
  0
VERTEX
  5
AA4
  8
DEFAULT
 10
-150.4758009543286
 20
248.2672119972733
 30
0.0
  0
VERTEX
  5
AA5
  8
DEFAULT
 10
-150.4552911447682
 20
248.2513719804448
 30
0.0
  0
VERTEX
  5
AA6
  8
DEFAULT
 10
-150.4350875511248
 20
248.2349528161213
 30
0.0
  0
VERTEX
  5
AA7
  8
DEFAULT
 10
-150.4151901733981
 20
248.217954504303
 30
0.0
  0
VERTEX
  5
AA8
  8
DEFAULT
 10
-150.3955990115883
 20
248.2003770449898
 30
0.0
  0
VERTEX
  5
AA9
  8
DEFAULT
 10
-150.3763140656953
 20
248.1822204381816
 30
0.0
  0
VERTEX
  5
AAA
  8
DEFAULT
 10
-150.3573353357192
 20
248.1634846838786
 30
0.0
  0
VERTEX
  5
AAB
  8
DEFAULT
 10
-150.3386628216599
 20
248.1441697820808
 30
0.0
  0
VERTEX
  5
AAC
  8
DEFAULT
 10
-150.3202965235174
 20
248.124275732788
 30
0.0
  0
VERTEX
  5
AAD
  8
DEFAULT
 10
-150.3022364412917
 20
248.1038025360004
 30
0.0
  0
VERTEX
  5
AAE
  8
DEFAULT
 10
-150.2844825749829
 20
248.0827501917178
 30
0.0
  0
VERTEX
  5
AAF
  8
DEFAULT
 10
-150.267034924591
 20
248.0611186999404
 30
0.0
  0
VERTEX
  5
AB0
  8
DEFAULT
 10
-150.2498934901159
 20
248.038908060668
 30
0.0
  0
VERTEX
  5
AB1
  8
DEFAULT
 10
-150.2330582715576
 20
248.0161182739008
 30
0.0
  0
VERTEX
  5
AB2
  8
DEFAULT
 10
-150.2165292689162
 20
247.9927493396387
 30
0.0
  0
VERTEX
  5
AB3
  8
DEFAULT
 10
-150.2003064821916
 20
247.9688012578817
 30
0.0
  0
VERTEX
  5
AB4
  8
DEFAULT
 10
-150.1843899113838
 20
247.9442740286298
 30
0.0
  0
VERTEX
  5
AB5
  8
DEFAULT
 10
-150.1687795564928
 20
247.9191676518831
 30
0.0
  0
VERTEX
  5
AB6
  8
DEFAULT
 10
-150.1534754175187
 20
247.8934821276414
 30
0.0
  0
VERTEX
  5
AB7
  8
DEFAULT
 10
-150.1384774944614
 20
247.8672174559049
 30
0.0
  0
VERTEX
  5
AB8
  8
DEFAULT
 10
-150.123785787321
 20
247.8403736366735
 30
0.0
  0
VERTEX
  5
AB9
  8
DEFAULT
 10
-150.0953210207907
 20
247.784948555726
 30
0.0
  0
VERTEX
  5
ABA
  8
DEFAULT
 10
-150.0680811179277
 20
247.7272068847989
 30
0.0
  0
VERTEX
  5
ABB
  8
DEFAULT
 10
-150.0420660787321
 20
247.6671486238923
 30
0.0
  0
VERTEX
  5
ABC
  8
DEFAULT
 10
-150.0172759032038
 20
247.6047737730061
 30
0.0
  0
VERTEX
  5
ABD
  8
DEFAULT
 10
-149.9937105913429
 20
247.5400823321404
 30
0.0
  0
VERTEX
  5
ABE
  8
DEFAULT
 10
-149.9713701431493
 20
247.4730743012952
 30
0.0
  0
VERTEX
  5
ABF
  8
DEFAULT
 10
-149.3203817314247
 20
247.626448534424
 30
0.0
  0
VERTEX
  5
AC0
  8
DEFAULT
 10
-149.3467296140082
 20
247.711722961639
 30
0.0
  0
VERTEX
  5
AC1
  8
DEFAULT
 10
-149.3608122177488
 20
247.7534515152354
 30
0.0
  0
VERTEX
  5
AC2
  8
DEFAULT
 10
-149.3755005964554
 20
247.7945742954912
 30
0.0
  0
VERTEX
  5
AC3
  8
DEFAULT
 10
-149.3907947501278
 20
247.8350913024062
 30
0.0
  0
VERTEX
  5
AC4
  8
DEFAULT
 10
-149.4066946787662
 20
247.8750025359805
 30
0.0
  0
VERTEX
  5
AC5
  8
DEFAULT
 10
-149.4232003823705
 20
247.9143079962142
 30
0.0
  0
VERTEX
  5
AC6
  8
DEFAULT
 10
-149.4403118609407
 20
247.9530076831071
 30
0.0
  0
VERTEX
  5
AC7
  8
DEFAULT
 10
-149.4580291144769
 20
247.9911015966593
 30
0.0
  0
VERTEX
  5
AC8
  8
DEFAULT
 10
-149.4763521429789
 20
248.0285897368709
 30
0.0
  0
VERTEX
  5
AC9
  8
DEFAULT
 10
-149.4952809464469
 20
248.0654721037417
 30
0.0
  0
VERTEX
  5
ACA
  8
DEFAULT
 10
-149.5148155248807
 20
248.1017486972718
 30
0.0
  0
VERTEX
  5
ACB
  8
DEFAULT
 10
-149.5349558782805
 20
248.1374195174612
 30
0.0
  0
VERTEX
  5
ACC
  8
DEFAULT
 10
-149.5557020066462
 20
248.1724845643099
 30
0.0
  0
VERTEX
  5
ACD
  8
DEFAULT
 10
-149.5770539099779
 20
248.2069438378179
 30
0.0
  0
VERTEX
  5
ACE
  8
DEFAULT
 10
-149.5990115882754
 20
248.2407973379852
 30
0.0
  0
VERTEX
  5
ACF
  8
DEFAULT
 10
-149.6215750415388
 20
248.2740450648117
 30
0.0
  0
VERTEX
  5
AD0
  8
DEFAULT
 10
-149.6447442697682
 20
248.3066870182976
 30
0.0
  0
VERTEX
  5
AD1
  8
DEFAULT
 10
-149.6685192729636
 20
248.3387231984428
 30
0.0
  0
VERTEX
  5
AD2
  8
DEFAULT
 10
-149.6929000511248
 20
248.3701536052473
 30
0.0
  0
VERTEX
  5
AD3
  8
DEFAULT
 10
-149.7178866042519
 20
248.400978238711
 30
0.0
  0
VERTEX
  5
AD4
  8
DEFAULT
 10
-149.7434789323449
 20
248.431197098834
 30
0.0
  0
VERTEX
  5
AD5
  8
DEFAULT
 10
-149.7696770354039
 20
248.4608101856164
 30
0.0
  0
VERTEX
  5
AD6
  8
DEFAULT
 10
-149.7964809134288
 20
248.489817499058
 30
0.0
  0
VERTEX
  5
AD7
  8
DEFAULT
 10
-149.8238905664195
 20
248.518219039159
 30
0.0
  0
VERTEX
  5
AD8
  8
DEFAULT
 10
-149.8519059943763
 20
248.5460148059192
 30
0.0
  0
VERTEX
  5
AD9
  8
DEFAULT
 10
-149.8805271972989
 20
248.5732047993387
 30
0.0
  0
VERTEX
  5
ADA
  8
DEFAULT
 10
-149.9097541751875
 20
248.5997890194176
 30
0.0
  0
VERTEX
  5
ADB
  8
DEFAULT
 10
-149.9395869280419
 20
248.6257674661557
 30
0.0
  0
VERTEX
  5
ADC
  8
DEFAULT
 10
-149.9700254558623
 20
248.6511401395531
 30
0.0
  0
VERTEX
  5
ADD
  8
DEFAULT
 10
-150.0010697586486
 20
248.6759070396098
 30
0.0
  0
VERTEX
  5
ADE
  8
DEFAULT
 10
-150.0327198364008
 20
248.7000681663258
 30
0.0
  0
VERTEX
  5
ADF
  8
DEFAULT
 10
-150.0649057920075
 20
248.7235535957737
 30
0.0
  0
VERTEX
  5
AE0
  8
DEFAULT
 10
-150.0975577283572
 20
248.7462934560327
 30
0.0
  0
VERTEX
  5
AE1
  8
DEFAULT
 10
-150.1306756454499
 20
248.7682877471029
 30
0.0
  0
VERTEX
  5
AE2
  8
DEFAULT
 10
-150.1642595432856
 20
248.7895364689843
 30
0.0
  0
VERTEX
  5
AE3
  8
DEFAULT
 10
-150.1983094218643
 20
248.8100396216769
 30
0.0
  0
VERTEX
  5
AE4
  8
DEFAULT
 10
-150.2328252811861
 20
248.8297972051806
 30
0.0
  0
VERTEX
  5
AE5
  8
DEFAULT
 10
-150.2678071212509
 20
248.8488092194956
 30
0.0
  0
VERTEX
  5
AE6
  8
DEFAULT
 10
-150.3032549420586
 20
248.8670756646217
 30
0.0
  0
VERTEX
  5
AE7
  8
DEFAULT
 10
-150.3391687436094
 20
248.884596540559
 30
0.0
  0
VERTEX
  5
AE8
  8
DEFAULT
 10
-150.3755485259032
 20
248.9013718473074
 30
0.0
  0
VERTEX
  5
AE9
  8
DEFAULT
 10
-150.41239428894
 20
248.9174015848671
 30
0.0
  0
VERTEX
  5
AEA
  8
DEFAULT
 10
-150.4497060327198
 20
248.9326857532379
 30
0.0
  0
VERTEX
  5
AEB
  8
DEFAULT
 10
-150.4874837572427
 20
248.9472243524199
 30
0.0
  0
VERTEX
  5
AEC
  8
DEFAULT
 10
-150.5257274625085
 20
248.9610173824131
 30
0.0
  0
VERTEX
  5
AED
  8
DEFAULT
 10
-150.5644371485174
 20
248.9740648432174
 30
0.0
  0
VERTEX
  5
AEE
  8
DEFAULT
 10
-150.6036128152693
 20
248.986366734833
 30
0.0
  0
VERTEX
  5
AEF
  8
DEFAULT
 10
-150.6432544627642
 20
248.9979230572597
 30
0.0
  0
VERTEX
  5
AF0
  8
DEFAULT
 10
-150.6833620910021
 20
249.0087338104976
 30
0.0
  0
VERTEX
  5
AF1
  8
DEFAULT
 10
-150.723935699983
 20
249.0187989945467
 30
0.0
  0
VERTEX
  5
AF2
  8
DEFAULT
 10
-150.7649752897069
 20
249.0281186094069
 30
0.0
  0
VERTEX
  5
AF3
  8
DEFAULT
 10
-150.8064808601738
 20
249.0366926550784
 30
0.0
  0
VERTEX
  5
AF4
  8
DEFAULT
 10
-150.8484524113838
 20
249.044521131561
 30
0.0
  0
VERTEX
  5
AF5
  8
DEFAULT
 10
-150.8908899433367
 20
249.0516040388548
 30
0.0
  0
VERTEX
  5
AF6
  8
DEFAULT
 10
-150.9337934560327
 20
249.0579413769598
 30
0.0
  0
VERTEX
  5
AF7
  8
DEFAULT
 10
-150.9771629494717
 20
249.0635331458759
 30
0.0
  0
VERTEX
  5
AF8
  8
DEFAULT
 10
-151.0209984236537
 20
249.0683793456033
 30
0.0
  0
VERTEX
  5
AF9
  8
DEFAULT
 10
-151.0652998785787
 20
249.0724799761418
 30
0.0
  0
VERTEX
  5
AFA
  8
DEFAULT
 10
-151.1100673142468
 20
249.0758350374915
 30
0.0
  0
VERTEX
  5
AFB
  8
DEFAULT
 10
-151.2010001278119
 20
249.0803084526244
 30
0.0
  0
VERTEX
  5
AFC
  8
DEFAULT
 10
-151.293796864349
 20
249.081799591002
 30
0.0
  0
VERTEX
  5
AFD
  8
DEFAULT
 10
-151.3760158380198
 20
249.080621325409
 30
0.0
  0
VERTEX
  5
AFE
  8
DEFAULT
 10
-151.4573694188821
 20
249.0770865286298
 30
0.0
  0
VERTEX
  5
AFF
  8
DEFAULT
 10
-151.5378576069359
 20
249.0711952006646
 30
0.0
  0
VERTEX
  5
B00
  8
DEFAULT
 10
-151.6174804021813
 20
249.0629473415133
 30
0.0
  0
VERTEX
  5
B01
  8
DEFAULT
 10
-151.6962378046183
 20
249.0523429511758
 30
0.0
  0
VERTEX
  5
B02
  8
DEFAULT
 10
-151.7741298142467
 20
249.0393820296523
 30
0.0
  0
VERTEX
  5
B03
  8
DEFAULT
 10
-151.8511564310668
 20
249.0240645769427
 30
0.0
  0
VERTEX
  5
B04
  8
DEFAULT
 10
-151.9273176550784
 20
249.006390593047
 30
0.0
  0
VERTEX
  5
B05
  8
DEFAULT
 10
-152.0026134862815
 20
248.9863600779653
 30
0.0
  0
VERTEX
  5
B06
  8
DEFAULT
 10
-152.0770439246762
 20
248.9639730316973
 30
0.0
  0
VERTEX
  5
B07
  8
DEFAULT
 10
-152.1506089702624
 20
248.9392294542433
 30
0.0
  0
VERTEX
  5
B08
  8
DEFAULT
 10
-152.2233086230402
 20
248.9121293456033
 30
0.0
  0
VERTEX
  5
B09
  8
DEFAULT
 10
-152.2951428830095
 20
248.8826727057771
 30
0.0
  0
VERTEX
  5
B0A
  8
DEFAULT
 10
-152.3661117501704
 20
248.8508595347648
 30
0.0
  0
VERTEX
  5
B0B
  8
DEFAULT
 10
-152.4362152245228
 20
248.8166898325665
 30
0.0
  0
VERTEX
  5
B0C
  8
DEFAULT
 10
-152.5054533060668
 20
248.780163599182
 30
0.0
  0
VERTEX
  5
B0D
  8
DEFAULT
 10
-152.5396096945296
 20
248.7610384181152
 30
0.0
  0
VERTEX
  5
B0E
  8
DEFAULT
 10
-152.5732734747785
 20
248.7413673738923
 30
0.0
  0
VERTEX
  5
B0F
  8
DEFAULT
 10
-152.6064446468133
 20
248.7211504665133
 30
0.0
  0
VERTEX
  5
B10
  8
DEFAULT
 10
-152.639123210634
 20
248.7003876959782
 30
0.0
  0
VERTEX
  5
B11
  8
DEFAULT
 10
-152.6713091662406
 20
248.679079062287
 30
0.0
  0
VERTEX
  5
B12
  8
DEFAULT
 10
-152.7030025136332
 20
248.6572245654397
 30
0.0
  0
VERTEX
  5
B13
  8
DEFAULT
 10
-152.7342032528119
 20
248.6348242054363
 30
0.0
  0
VERTEX
  5
B14
  8
DEFAULT
 10
-152.7649113837764
 20
248.6118779822768
 30
0.0
  0
VERTEX
  5
B15
  8
DEFAULT
 10
-152.7951269065269
 20
248.5883858959612
 30
0.0
  0
VERTEX
  5
B16
  8
DEFAULT
 10
-152.8248498210634
 20
248.5643479464895
 30
0.0
  0
VERTEX
  5
B17
  8
DEFAULT
 10
-152.8540801273858
 20
248.5397641338617
 30
0.0
  0
VERTEX
  5
B18
  8
DEFAULT
 10
-152.8828178254942
 20
248.5146344580778
 30
0.0
  0
VERTEX
  5
B19
  8
DEFAULT
 10
-152.9110629153885
 20
248.4889589191377
 30
0.0
  0
VERTEX
  5
B1A
  8
DEFAULT
 10
-152.9388153970688
 20
248.4627375170416
 30
0.0
  0
VERTEX
  5
B1B
  8
DEFAULT
 10
-152.9660752705351
 20
248.4359702517894
 30
0.0
  0
VERTEX
  5
B1C
  8
DEFAULT
 10
-152.9928425357873
 20
248.4086571233811
 30
0.0
  0
VERTEX
  5
B1D
  8
DEFAULT
 10
-153.0191171928255
 20
248.3807981318166
 30
0.0
  0
VERTEX
  5
B1E
  8
DEFAULT
 10
-153.0448992416496
 20
248.3523932770961
 30
0.0
  0
VERTEX
  5
B1F
  8
DEFAULT
 10
-153.0701886822597
 20
248.3234425592195
 30
0.0
  0
VERTEX
  5
B20
  8
DEFAULT
 10
-153.0949855146557
 20
248.2939459781868
 30
0.0
  0
VERTEX
  5
B21
  8
DEFAULT
 10
-153.1192897388378
 20
248.2639035339979
 30
0.0
  0
VERTEX
  5
B22
  8
DEFAULT
 10
-153.1431013548057
 20
248.233315226653
 30
0.0
  0
VERTEX
  5
B23
  8
DEFAULT
 10
-153.1664203625596
 20
248.202181056152
 30
0.0
  0
VERTEX
  5
B24
  8
DEFAULT
 10
-153.1892467620995
 20
248.1705010224949
 30
0.0
  0
VERTEX
  5
B25
  8
DEFAULT
 10
-153.2115805534254
 20
248.1382751256817
 30
0.0
  0
VERTEX
  5
B26
  8
DEFAULT
 10
-153.2334217365371
 20
248.1055033657124
 30
0.0
  0
VERTEX
  5
B27
  8
DEFAULT
 10
-153.2547703114349
 20
248.0721857425869
 30
0.0
  0
VERTEX
  5
B28
  8
DEFAULT
 10
-153.2756262781186
 20
248.0383222563054
 30
0.0
  0
VERTEX
  5
B29
  8
DEFAULT
 10
-153.2959896365883
 20
248.0039129068678
 30
0.0
  0
VERTEX
  5
B2A
  8
DEFAULT
 10
-153.3158603868439
 20
247.9689576942741
 30
0.0
  0
VERTEX
  5
B2B
  8
DEFAULT
 10
-153.354124062713
 20
247.8974096796183
 30
0.0
  0
VERTEX
  5
B2C
  8
DEFAULT
 10
-153.3902375702965
 20
247.8239910851227
 30
0.0
  0
VERTEX
  5
B2D
  8
DEFAULT
 10
-153.424021174165
 20
247.7490147835719
 30
0.0
  0
VERTEX
  5
B2E
  8
DEFAULT
 10
-153.4554748743184
 20
247.6724807749659
 30
0.0
  0
VERTEX
  5
B2F
  8
DEFAULT
 10
-153.4845986707566
 20
247.5943890593047
 30
0.0
  0
VERTEX
  5
B30
  8
DEFAULT
 10
-153.5113925634799
 20
247.5147396365883
 30
0.0
  0
VERTEX
  5
B31
  8
DEFAULT
 10
-153.535856552488
 20
247.4335325068166
 30
0.0
  0
VERTEX
  5
B32
  8
DEFAULT
 10
-153.5579906377812
 20
247.3507676699898
 30
0.0
  0
VERTEX
  5
B33
  8
DEFAULT
 10
-153.5777948193592
 20
247.2664451261077
 30
0.0
  0
VERTEX
  5
B34
  8
DEFAULT
 10
-153.5952690972222
 20
247.1805648751704
 30
0.0
  0
VERTEX
  5
B35
  8
DEFAULT
 10
-153.6104134713701
 20
247.0931269171779
 30
0.0
  0
VERTEX
  5
B36
  8
DEFAULT
 10
-153.623227941803
 20
247.0041312521302
 30
0.0
  0
VERTEX
  5
B37
  8
DEFAULT
 10
-153.6337125085208
 20
246.9135778800273
 30
0.0
  0
VERTEX
  5
B38
  8
DEFAULT
 10
-153.6418671715235
 20
246.8214668008691
 30
0.0
  0
VERTEX
  5
B39
  8
DEFAULT
 10
-153.6476919308112
 20
246.7277980146558
 30
0.0
  0
VERTEX
  5
B3A
  8
DEFAULT
 10
-153.6511867863838
 20
246.6325715213872
 30
0.0
  0
VERTEX
  5
B3B
  8
DEFAULT
 10
-153.6523517382413
 20
246.5357873210634
 30
0.0
  0
VERTEX
  5
B3C
  8
DEFAULT
 10
-153.6513199237389
 20
246.4466784892638
 30
0.0
  0
VERTEX
  5
B3D
  8
DEFAULT
 10
-153.6482244802318
 20
246.358288599182
 30
0.0
  0
VERTEX
  5
B3E
  8
DEFAULT
 10
-153.6430654077198
 20
246.270617650818
 30
0.0
  0
VERTEX
  5
B3F
  8
DEFAULT
 10
-153.6358427062031
 20
246.1836656441718
 30
0.0
  0
VERTEX
  5
B40
  8
DEFAULT
 10
-153.6265563756816
 20
246.0974325792433
 30
0.0
  0
VERTEX
  5
B41
  8
DEFAULT
 10
-153.6152064161554
 20
246.0119184560327
 30
0.0
  0
VERTEX
  5
B42
  8
DEFAULT
 10
-153.6017928276244
 20
245.9271232745399
 30
0.0
  0
VERTEX
  5
B43
  8
DEFAULT
 10
-153.5863156100886
 20
245.8430470347649
 30
0.0
  0
VERTEX
  5
B44
  8
DEFAULT
 10
-153.568774763548
 20
245.7596897367076
 30
0.0
  0
VERTEX
  5
B45
  8
DEFAULT
 10
-153.5491702880027
 20
245.6770513803681
 30
0.0
  0
VERTEX
  5
B46
  8
DEFAULT
 10
-153.5275021834526
 20
245.5951319657464
 30
0.0
  0
VERTEX
  5
B47
  8
DEFAULT
 10
-153.5037704498977
 20
245.5139314928426
 30
0.0
  0
VERTEX
  5
B48
  8
DEFAULT
 10
-153.4779750873381
 20
245.4334499616565
 30
0.0
  0
VERTEX
  5
B49
  8
DEFAULT
 10
-153.4501160957737
 20
245.3536873721882
 30
0.0
  0
VERTEX
  5
B4A
  8
DEFAULT
 10
-153.4201934752045
 20
245.2746437244377
 30
0.0
  0
VERTEX
  5
B4B
  8
DEFAULT
 10
-153.3882072256305
 20
245.1963190184049
 30
0.0
  0
VERTEX
  5
B4C
  8
DEFAULT
 10
-153.3542438863327
 20
245.1195054213531
 30
0.0
  0
VERTEX
  5
B4D
  8
DEFAULT
 10
-153.3183899965917
 20
245.0449951005453
 30
0.0
  0
VERTEX
  5
B4E
  8
DEFAULT
 10
-153.2806455564076
 20
244.9727880559816
 30
0.0
  0
VERTEX
  5
B4F
  8
DEFAULT
 10
-153.2410105657805
 20
244.9028842876619
 30
0.0
  0
VERTEX
  5
B50
  8
DEFAULT
 10
-153.2204841140508
 20
244.8687961320936
 30
0.0
  0
VERTEX
  5
B51
  8
DEFAULT
 10
-153.1994850247103
 20
244.8352837955862
 30
0.0
  0
VERTEX
  5
B52
  8
DEFAULT
 10
-153.178013297759
 20
244.8023472781399
 30
0.0
  0
VERTEX
  5
B53
  8
DEFAULT
 10
-153.156068933197
 20
244.7699865797546
 30
0.0
  0
VERTEX
  5
B54
  8
DEFAULT
 10
-153.1336519310242
 20
244.7382017004303
 30
0.0
  0
VERTEX
  5
B55
  8
DEFAULT
 10
-153.1107622912407
 20
244.706992640167
 30
0.0
  0
VERTEX
  5
B56
  8
DEFAULT
 10
-153.0874000138463
 20
244.6763593989647
 30
0.0
  0
VERTEX
  5
B57
  8
DEFAULT
 10
-153.0635650988412
 20
244.6463019768235
 30
0.0
  0
VERTEX
  5
B58
  8
DEFAULT
 10
-153.0392575462253
 20
244.6168203737432
 30
0.0
  0
VERTEX
  5
B59
  8
DEFAULT
 10
-153.0144773559987
 20
244.5879145897239
 30
0.0
  0
VERTEX
  5
B5A
  8
DEFAULT
 10
-152.9892245281612
 20
244.5595846247657
 30
0.0
  0
VERTEX
  5
B5B
  8
DEFAULT
 10
-152.963499062713
 20
244.5318304788684
 30
0.0
  0
VERTEX
  5
B5C
  8
DEFAULT
 10
-152.9373009596541
 20
244.5046521520322
 30
0.0
  0
VERTEX
  5
B5D
  8
DEFAULT
 10
-152.9106302189843
 20
244.478049644257
 30
0.0
  0
VERTEX
  5
B5E
  8
DEFAULT
 10
-152.8834868407038
 20
244.4520229555428
 30
0.0
  0
VERTEX
  5
B5F
  8
DEFAULT
 10
-152.8558708248125
 20
244.4265720858896
 30
0.0
  0
VERTEX
  5
B60
  8
DEFAULT
 10
-152.8277821713105
 20
244.4016970352974
 30
0.0
  0
VERTEX
  5
B61
  8
DEFAULT
 10
-152.7992208801977
 20
244.3773978037662
 30
0.0
  0
VERTEX
  5
B62
  8
DEFAULT
 10
-152.7701869514741
 20
244.353674391296
 30
0.0
  0
VERTEX
  5
B63
  8
DEFAULT
 10
-152.7406803851397
 20
244.3305267978868
 30
0.0
  0
VERTEX
  5
B64
  8
DEFAULT
 10
-152.7107011811946
 20
244.3079550235387
 30
0.0
  0
VERTEX
  5
B65
  8
DEFAULT
 10
-152.6802493396387
 20
244.2859590682515
 30
0.0
  0
VERTEX
  5
B66
  8
DEFAULT
 10
-152.6493248604721
 20
244.2645389320254
 30
0.0
  0
VERTEX
  5
B67
  8
DEFAULT
 10
-152.6179277436946
 20
244.2436946148603
 30
0.0
  0
VERTEX
  5
B68
  8
DEFAULT
 10
-152.5859997417135
 20
244.2234594010949
 30
0.0
  0
VERTEX
  5
B69
  8
DEFAULT
 10
-152.5534826069359
 20
244.2038665750682
 30
0.0
  0
VERTEX
  5
B6A
  8
DEFAULT
 10
-152.5203763393618
 20
244.18491613678
 30
0.0
  0
VERTEX
  5
B6B
  8
DEFAULT
 10
-152.4866809389912
 20
244.1666080862304
 30
0.0
  0
VERTEX
  5
B6C
  8
DEFAULT
 10
-152.4523964058239
 20
244.1489424234194
 30
0.0
  0
VERTEX
  5
B6D
  8
DEFAULT
 10
-152.4175227398603
 20
244.131919148347
 30
0.0
  0
VERTEX
  5
B6E
  8
DEFAULT
 10
-152.3820599411001
 20
244.1155382610131
 30
0.0
  0
VERTEX
  5
B6F
  8
DEFAULT
 10
-152.3460080095433
 20
244.0997997614178
 30
0.0
  0
VERTEX
  5
B70
  8
DEFAULT
 10
-152.30936694519
 20
244.0847036495612
 30
0.0
  0
VERTEX
  5
B71
  8
DEFAULT
 10
-152.2721367480402
 20
244.0702499254431
 30
0.0
  0
VERTEX
  5
B72
  8
DEFAULT
 10
-152.2343174180939
 20
244.0564385890635
 30
0.0
  0
VERTEX
  5
B73
  8
DEFAULT
 10
-152.1959089553511
 20
244.0432696404226
 30
0.0
  0
VERTEX
  5
B74
  8
DEFAULT
 10
-152.1569113598117
 20
244.0307430795203
 30
0.0
  0
VERTEX
  5
B75
  8
DEFAULT
 10
-152.1173246314758
 20
244.0188589063565
 30
0.0
  0
VERTEX
  5
B76
  8
DEFAULT
 10
-152.0771487703434
 20
244.0076171209313
 30
0.0
  0
VERTEX
  5
B77
  8
DEFAULT
 10
-152.0363837764145
 20
243.9970177232447
 30
0.0
  0
VERTEX
  5
B78
  8
DEFAULT
 10
-151.995029649689
 20
243.9870607132967
 30
0.0
  0
VERTEX
  5
B79
  8
DEFAULT
 10
-151.953086390167
 20
243.9777460910873
 30
0.0
  0
VERTEX
  5
B7A
  8
DEFAULT
 10
-151.8674324727335
 20
243.9610440098841
 30
0.0
  0
VERTEX
  5
B7B
  8
DEFAULT
 10
-151.7794220241138
 20
243.9469114796353
 30
0.0
  0
VERTEX
  5
B7C
  8
DEFAULT
 10
-151.6890550443081
 20
243.9353485003408
 30
0.0
  0
VERTEX
  5
B7D
  8
DEFAULT
 10
-151.5963315333163
 20
243.9263550720007
 30
0.0
  0
VERTEX
  5
B7E
  8
DEFAULT
 10
-151.5012514911384
 20
243.9199311946148
 30
0.0
  0
VERTEX
  5
B7F
  8
DEFAULT
 10
-151.4038149177744
 20
243.9160768681834
 30
0.0
  0
VERTEX
  5
B80
  8
DEFAULT
 10
-151.3040218132243
 20
243.9147920927062
 30
0.0
  0
VERTEX
  5
B81
  8
DEFAULT
 10
-151.255474940887
 20
243.915209811158
 30
0.0
  0
VERTEX
  5
B82
  8
DEFAULT
 10
-151.2073973777267
 20
243.9164629665133
 30
0.0
  0
VERTEX
  5
B83
  8
DEFAULT
 10
-151.1597891237432
 20
243.9185515587722
 30
0.0
  0
VERTEX
  5
B84
  8
DEFAULT
 10
-151.1126501789366
 20
243.9214755879345
 30
0.0
  0
VERTEX
  5
B85
  8
DEFAULT
 10
-151.0659805433069
 20
243.9252350540005
 30
0.0
  0
VERTEX
  5
B86
  8
DEFAULT
 10
-151.0197802168541
 20
243.92982995697
 30
0.0
  0
VERTEX
  5
B87
  8
DEFAULT
 10
-150.9740491995782
 20
243.935260296843
 30
0.0
  0
VERTEX
  5
B88
  8
DEFAULT
 10
-150.9287874914792
 20
243.9415260736196
 30
0.0
  0
VERTEX
  5
B89
  8
DEFAULT
 10
-150.8839950925571
 20
243.9486272872998
 30
0.0
  0
VERTEX
  5
B8A
  8
DEFAULT
 10
-150.8396720028119
 20
243.9565639378834
 30
0.0
  0
VERTEX
  5
B8B
  8
DEFAULT
 10
-150.7958182222436
 20
243.9653360253706
 30
0.0
  0
VERTEX
  5
B8C
  8
DEFAULT
 10
-150.7524337508521
 20
243.9749435497614
 30
0.0
  0
VERTEX
  5
B8D
  8
DEFAULT
 10
-150.7095185886375
 20
243.9853865110557
 30
0.0
  0
VERTEX
  5
B8E
  8
DEFAULT
 10
-150.6670727355999
 20
243.9966649092536
 30
0.0
  0
VERTEX
  5
B8F
  8
DEFAULT
 10
-150.6250961917391
 20
244.008778744355
 30
0.0
  0
VERTEX
  5
B90
  8
DEFAULT
 10
-150.5835889570552
 20
244.0217280163599
 30
0.0
  0
VERTEX
  5
B91
  8
DEFAULT
 10
-150.5425510315482
 20
244.0355127252684
 30
0.0
  0
VERTEX
  5
B92
  8
DEFAULT
 10
-150.5019824152181
 20
244.0501328710804
 30
0.0
  0
VERTEX
  5
B93
  8
DEFAULT
 10
-150.4618831080649
 20
244.065588453796
 30
0.0
  0
VERTEX
  5
B94
  8
DEFAULT
 10
-150.4222531100886
 20
244.0818794734151
 30
0.0
  0
VERTEX
  5
B95
  8
DEFAULT
 10
-150.3830924212892
 20
244.0990059299378
 30
0.0
  0
VERTEX
  5
B96
  8
DEFAULT
 10
-150.3444010416667
 20
244.116967823364
 30
0.0
  0
VERTEX
  5
B97
  8
DEFAULT
 10
-150.306178971221
 20
244.1357651536937
 30
0.0
  0
VERTEX
  5
B98
  8
DEFAULT
 10
-150.2684262099523
 20
244.155397920927
 30
0.0
  0
VERTEX
  5
B99
  8
DEFAULT
 10
-150.2311427578604
 20
244.1758661250639
 30
0.0
  0
VERTEX
  5
B9A
  8
DEFAULT
 10
-150.1943286149455
 20
244.1971697661043
 30
0.0
  0
VERTEX
  5
B9B
  8
DEFAULT
 10
-150.1579837812074
 20
244.2193088440482
 30
0.0
  0
VERTEX
  5
B9C
  8
DEFAULT
 10
-150.1221082566462
 20
244.2422833588957
 30
0.0
  0
VERTEX
  5
B9D
  8
DEFAULT
 10
-150.086702041262
 20
244.2660933106467
 30
0.0
  0
VERTEX
  5
B9E
  8
DEFAULT
 10
-150.0517651350546
 20
244.2907386993013
 30
0.0
  0
VERTEX
  5
B9F
  8
DEFAULT
 10
-150.017297538024
 20
244.3162195248594
 30
0.0
  0
VERTEX
  5
BA0
  8
DEFAULT
 10
-149.9832992501704
 20
244.3425357873211
 30
0.0
  0
VERTEX
  5
BA1
  8
DEFAULT
 10
-149.9498601392085
 20
244.3696475454797
 30
0.0
  0
VERTEX
  5
BA2
  8
DEFAULT
 10
-149.9170700728528
 20
244.3975148581288
 30
0.0
  0
VERTEX
  5
BA3
  8
DEFAULT
 10
-149.8849290511035
 20
244.4261377252684
 30
0.0
  0
VERTEX
  5
BA4
  8
DEFAULT
 10
-149.8534370739605
 20
244.4555161468984
 30
0.0
  0
VERTEX
  5
BA5
  8
DEFAULT
 10
-149.8225941414238
 20
244.4856501230189
 30
0.0
  0
VERTEX
  5
BA6
  8
DEFAULT
 10
-149.7924002534936
 20
244.5165396536298
 30
0.0
  0
VERTEX
  5
BA7
  8
DEFAULT
 10
-149.7628554101696
 20
244.5481847387312
 30
0.0
  0
VERTEX
  5
BA8
  8
DEFAULT
 10
-149.733959611452
 20
244.5805853783231
 30
0.0
  0
VERTEX
  5
BA9
  8
DEFAULT
 10
-149.7057128573407
 20
244.6137415724054
 30
0.0
  0
VERTEX
  5
BAA
  8
DEFAULT
 10
-149.6781151478357
 20
244.6476533209782
 30
0.0
  0
VERTEX
  5
BAB
  8
DEFAULT
 10
-149.6511664829371
 20
244.6823206240414
 30
0.0
  0
VERTEX
  5
BAC
  8
DEFAULT
 10
-149.6248668626449
 20
244.7177434815951
 30
0.0
  0
VERTEX
  5
BAD
  8
DEFAULT
 10
-149.5992162869589
 20
244.7539218936392
 30
0.0
  0
VERTEX
  5
BAE
  8
DEFAULT
 10
-149.5742147558794
 20
244.7908558601738
 30
0.0
  0
VERTEX
  5
BAF
  8
DEFAULT
 10
-149.5498622694061
 20
244.8285453811989
 30
0.0
  0
VERTEX
  5
BB0
  8
DEFAULT
 10
-149.5261588275392
 20
244.8669904567144
 30
0.0
  0
VERTEX
  5
BB1
  8
DEFAULT
 10
-149.5031044302787
 20
244.9061910867203
 30
0.0
  0
VERTEX
  5
BB2
  8
DEFAULT
 10
-149.4806990776244
 20
244.9461472712167
 30
0.0
  0
VERTEX
  5
BB3
  8
DEFAULT
 10
-149.4589427695765
 20
244.9868590102036
 30
0.0
  0
VERTEX
  5
BB4
  8
DEFAULT
 10
-149.437835506135
 20
245.028326303681
 30
0.0
  0
VERTEX
  5
BB5
  8
DEFAULT
 10
-149.4173772872998
 20
245.0705491516487
 30
0.0
  0
VERTEX
  5
BB6
  8
DEFAULT
 10
-149.3975681130709
 20
245.113527554107
 30
0.0
  0
VERTEX
  5
BB7
  8
DEFAULT
 10
-149.3784079834484
 20
245.1572615110557
 30
0.0
  0
VERTEX
  5
BB8
  8
DEFAULT
 10
-149.3598968984322
 20
245.2017510224949
 30
0.0
  0
VERTEX
  5
BB9
  8
DEFAULT
 10
-149.3420348580223
 20
245.2469960884245
 30
0.0
  0
VERTEX
  5
BBA
  8
DEFAULT
 10
-149.3248218622188
 20
245.2929967088446
 30
0.0
  0
VERTEX
  5
BBB
  8
DEFAULT
 10
-149.2923430044308
 20
245.3872646131561
 30
0.0
  0
VERTEX
  5
BBC
  8
DEFAULT
 10
-149.2624603250682
 20
245.4845547354295
 30
0.0
  0
VERTEX
  5
BBD
  8
DEFAULT
 10
-149.2351738241309
 20
245.5848670756646
 30
0.0
  0
SEQEND
  5
BBE
  8
DEFAULT
  0
POLYLINE
  5
BBF
  8
DEFAULT
 66
     1
 10
0.0
 20
0.0
 30
0.0
 70
     1
  0
VERTEX
  5
BC0
  8
DEFAULT
 10
-186.7661895023858
 20
243.5487389229721
 30
0.0
 42
-0.7098468721253711
  0
VERTEX
  5
BC1
  8
DEFAULT
 10
-187.3830947511929
 20
244.0259032038173
 30
0.0
  0
VERTEX
  5
BC2
  8
DEFAULT
 10
-187.3830947511929
 20
246.1424676209952
 30
0.0
  0
VERTEX
  5
BC3
  8
DEFAULT
 10
-186.7661895023858
 20
246.1424676209952
 30
0.0
  0
VERTEX
  5
BC4
  8
DEFAULT
 10
-186.7661895023858
 20
246.6196319018405
 30
0.0
  0
VERTEX
  5
BC5
  8
DEFAULT
 10
-187.3830947511929
 20
246.6196319018405
 30
0.0
  0
VERTEX
  5
BC6
  8
DEFAULT
 10
-187.3830947511929
 20
247.8841172460805
 30
0.0
  0
VERTEX
  5
BC7
  8
DEFAULT
 10
-187.9931833674165
 20
247.5160190865712
 30
0.0
  0
VERTEX
  5
BC8
  8
DEFAULT
 10
-187.9931833674165
 20
246.6196319018405
 30
0.0
  0
VERTEX
  5
BC9
  8
DEFAULT
 10
-188.4430811179278
 20
246.6196319018405
 30
0.0
  0
VERTEX
  5
BCA
  8
DEFAULT
 10
-188.4430811179278
 20
246.1424676209952
 30
0.0
  0
VERTEX
  5
BCB
  8
DEFAULT
 10
-187.9931833674165
 20
246.1424676209952
 30
0.0
  0
VERTEX
  5
BCC
  8
DEFAULT
 10
-187.9931833674165
 20
244.0599863667348
 30
0.0
  0
VERTEX
  5
BCD
  8
DEFAULT
 10
-187.9920117586912
 20
243.9278874829584
 30
0.0
  0
VERTEX
  5
BCE
  8
DEFAULT
 10
-187.9884969325153
 20
243.8076644512611
 30
0.0
  0
VERTEX
  5
BCF
  8
DEFAULT
 10
-187.9826388888889
 20
243.6993172716428
 30
0.0
  0
VERTEX
  5
BD0
  8
DEFAULT
 10
-187.9744376278119
 20
243.6028459441036
 30
0.0
  0
VERTEX
  5
BD1
  8
DEFAULT
 10
-187.9694582907294
 20
243.5590637248636
 30
0.0
  0
VERTEX
  5
BD2
  8
DEFAULT
 10
-187.9638931492843
 20
243.5182504686435
 30
0.0
  0
VERTEX
  5
BD3
  8
DEFAULT
 10
-187.9577422034765
 20
243.4804061754431
 30
0.0
  0
VERTEX
  5
BD4
  8
DEFAULT
 10
-187.9510054533061
 20
243.4455308452624
 30
0.0
  0
VERTEX
  5
BD5
  8
DEFAULT
 10
-187.9474174015849
 20
243.4292065413045
 30
0.0
  0
VERTEX
  5
BD6
  8
DEFAULT
 10
-187.943682898773
 20
243.4136244781016
 30
0.0
  0
VERTEX
  5
BD7
  8
DEFAULT
 10
-187.9398019448705
 20
243.3987846556535
 30
0.0
  0
VERTEX
  5
BD8
  8
DEFAULT
 10
-187.9357745398773
 20
243.3846870739605
 30
0.0
  0
VERTEX
  5
BD9
  8
DEFAULT
 10
-187.9316006837935
 20
243.3713317330223
 30
0.0
  0
VERTEX
  5
BDA
  8
DEFAULT
 10
-187.927280376619
 20
243.3587186328391
 30
0.0
  0
VERTEX
  5
BDB
  8
DEFAULT
 10
-187.9228136183538
 20
243.3468477734108
 30
0.0
  0
VERTEX
  5
BDC
  8
DEFAULT
 10
-187.918200408998
 20
243.3357191547375
 30
0.0
  0
VERTEX
  5
BDD
  8
DEFAULT
 10
-187.9134074642127
 20
243.3250265609024
 30
0.0
  0
VERTEX
  5
BDE
  8
DEFAULT
 10
-187.9084014996592
 20
243.3144637759884
 30
0.0
  0
VERTEX
  5
BDF
  8
DEFAULT
 10
-187.9031825153374
 20
243.3040307999957
 30
0.0
  0
VERTEX
  5
BE0
  8
DEFAULT
 10
-187.8977505112475
 20
243.2937276329243
 30
0.0
  0
VERTEX
  5
BE1
  8
DEFAULT
 10
-187.8921054873892
 20
243.2835542747742
 30
0.0
  0
VERTEX
  5
BE2
  8
DEFAULT
 10
-187.8862474437628
 20
243.2735107255453
 30
0.0
  0
VERTEX
  5
BE3
  8
DEFAULT
 10
-187.8801763803681
 20
243.2635969852377
 30
0.0
  0
VERTEX
  5
BE4
  8
DEFAULT
 10
-187.8738922972052
 20
243.2538130538514
 30
0.0
  0
VERTEX
  5
BE5
  8
DEFAULT
 10
-187.867395194274
 20
243.2441589313863
 30
0.0
  0
VERTEX
  5
BE6
  8
DEFAULT
 10
-187.8606850715746
 20
243.2346346178425
 30
0.0
  0
VERTEX
  5
BE7
  8
DEFAULT
 10
-187.853761929107
 20
243.22524011322
 30
0.0
  0
VERTEX
  5
BE8
  8
DEFAULT
 10
-187.8466257668711
 20
243.2159754175187
 30
0.0
  0
VERTEX
  5
BE9
  8
DEFAULT
 10
-187.839276584867
 20
243.2068405307388
 30
0.0
  0
VERTEX
  5
BEA
  8
DEFAULT
 10
-187.8317143830947
 20
243.19783545288
 30
0.0
  0
VERTEX
  5
BEB
  8
DEFAULT
 10
-187.8239391615542
 20
243.1889601839426
 30
0.0
  0
VERTEX
  5
BEC
  8
DEFAULT
 10
-187.8159509202454
 20
243.1802147239264
 30
0.0
  0
VERTEX
  5
BED
  8
DEFAULT
 10
-187.8077496591684
 20
243.1715990728315
 30
0.0
  0
VERTEX
  5
BEE
  8
DEFAULT
 10
-187.7993353783231
 20
243.1631132306578
 30
0.0
  0
VERTEX
  5
BEF
  8
DEFAULT
 10
-187.7907080777096
 20
243.1547571974054
 30
0.0
  0
VERTEX
  5
BF0
  8
DEFAULT
 10
-187.7818677573279
 20
243.1465309730743
 30
0.0
  0
VERTEX
  5
BF1
  8
DEFAULT
 10
-187.7728144171779
 20
243.1384345576644
 30
0.0
  0
VERTEX
  5
BF2
  8
DEFAULT
 10
-187.7635480572597
 20
243.1304679511758
 30
0.0
  0
VERTEX
  5
BF3
  8
DEFAULT
 10
-187.7540686775733
 20
243.1226311536086
 30
0.0
  0
VERTEX
  5
BF4
  8
DEFAULT
 10
-187.7443762781186
 20
243.1149241649625
 30
0.0
  0
VERTEX
  5
BF5
  8
DEFAULT
 10
-187.7344708588957
 20
243.1073469852377
 30
0.0
  0
VERTEX
  5
BF6
  8
DEFAULT
 10
-187.7243524199046
 20
243.0998996144342
 30
0.0
  0
VERTEX
  5
BF7
  8
DEFAULT
 10
-187.7140209611452
 20
243.092582052552
 30
0.0
  0
VERTEX
  5
BF8
  8
DEFAULT
 10
-187.7034764826176
 20
243.085394299591
 30
0.0
  0
VERTEX
  5
BF9
  8
DEFAULT
 10
-187.6817484662577
 20
243.0714082204328
 30
0.0
  0
VERTEX
  5
BFA
  8
DEFAULT
 10
-187.6591683708248
 20
243.0579413769598
 30
0.0
  0
VERTEX
  5
BFB
  8
DEFAULT
 10
-187.6475188522495
 20
243.0514409455947
 30
0.0
  0
VERTEX
  5
BFC
  8
DEFAULT
 10
-187.6355764314928
 20
243.0451468771302
 30
0.0
  0
VERTEX
  5
BFD
  8
DEFAULT
 10
-187.6233411085549
 20
243.0390591715661
 30
0.0
  0
VERTEX
  5
BFE
  8
DEFAULT
 10
-187.6108128834356
 20
243.0331778289025
 30
0.0
  0
VERTEX
  5
BFF
  8
DEFAULT
 10
-187.597991756135
 20
243.0275028491394
 30
0.0
  0
VERTEX
  5
C00
  8
DEFAULT
 10
-187.584877726653
 20
243.0220342322768
 30
0.0
  0
VERTEX
  5
C01
  8
DEFAULT
 10
-187.5714707949898
 20
243.0167719783146
 30
0.0
  0
VERTEX
  5
C02
  8
DEFAULT
 10
-187.5577709611452
 20
243.0117160872529
 30
0.0
  0
VERTEX
  5
C03
  8
DEFAULT
 10
-187.5437782251193
 20
243.0068665590917
 30
0.0
  0
VERTEX
  5
C04
  8
DEFAULT
 10
-187.5294925869121
 20
243.0022233938309
 30
0.0
  0
VERTEX
  5
C05
  8
DEFAULT
 10
-187.5149140465235
 20
242.9977865914707
 30
0.0
  0
VERTEX
  5
C06
  8
DEFAULT
 10
-187.5000426039537
 20
242.9935561520109
 30
0.0
  0
VERTEX
  5
C07
  8
DEFAULT
 10
-187.4694210122699
 20
242.9857143617928
 30
0.0
  0
VERTEX
  5
C08
  8
DEFAULT
 10
-187.4376278118609
 20
242.9786980231765
 30
0.0
  0
VERTEX
  5
C09
  8
DEFAULT
 10
-187.4046630027266
 20
242.9725071361622
 30
0.0
  0
VERTEX
  5
C0A
  8
DEFAULT
 10
-187.370526584867
 20
242.9671417007498
 30
0.0
  0
VERTEX
  5
C0B
  8
DEFAULT
 10
-187.3352185582822
 20
242.9626017169393
 30
0.0
  0
VERTEX
  5
C0C
  8
DEFAULT
 10
-187.298738922972
 20
242.9588871847307
 30
0.0
  0
VERTEX
  5
C0D
  8
DEFAULT
 10
-187.2610876789366
 20
242.9559981041241
 30
0.0
  0
VERTEX
  5
C0E
  8
DEFAULT
 10
-187.2222648261758
 20
242.9539344751193
 30
0.0
  0
VERTEX
  5
C0F
  8
DEFAULT
 10
-187.1822703646898
 20
242.9526962977164
 30
0.0
  0
VERTEX
  5
C10
  8
DEFAULT
 10
-187.1411042944785
 20
242.9522835719155
 30
0.0
  0
VERTEX
  5
C11
  8
DEFAULT
 10
-187.0891274710293
 20
242.9531356509884
 30
0.0
  0
VERTEX
  5
C12
  8
DEFAULT
 10
-187.0354464894342
 20
242.9556918882072
 30
0.0
  0
VERTEX
  5
C13
  8
DEFAULT
 10
-186.9800613496932
 20
242.9599522835719
 30
0.0
  0
VERTEX
  5
C14
  8
DEFAULT
 10
-186.9229720518064
 20
242.9659168370825
 30
0.0
  0
VERTEX
  5
C15
  8
DEFAULT
 10
-186.8641785957737
 20
242.973585548739
 30
0.0
  0
VERTEX
  5
C16
  8
DEFAULT
 10
-186.8036809815951
 20
242.9829584185413
 30
0.0
  0
VERTEX
  5
C17
  8
DEFAULT
 10
-186.7414792092706
 20
242.9940354464894
 30
0.0
  0
VERTEX
  5
C18
  8
DEFAULT
 10
-186.6775732788003
 20
243.0068166325835
 30
0.0
  0
SEQEND
  5
C19
  8
DEFAULT
  0
POLYLINE
  5
C1A
  8
DEFAULT
 66
     1
 10
0.0
 20
0.0
 30
0.0
 70
     1
  0
VERTEX
  5
C1B
  8
DEFAULT
 10
-191.8411724608044
 20
244.0804362644853
 30
0.0
  0
VERTEX
  5
C1C
  8
DEFAULT
 10
-191.8273461464724
 20
244.0095406228698
 30
0.0
  0
VERTEX
  5
C1D
  8
DEFAULT
 10
-191.8196491431279
 20
243.9749215820978
 30
0.0
  0
VERTEX
  5
C1E
  8
DEFAULT
 10
-191.8114295756646
 20
243.9408550613497
 30
0.0
  0
VERTEX
  5
C1F
  8
DEFAULT
 10
-191.8026874440823
 20
243.9073410606254
 30
0.0
  0
VERTEX
  5
C20
  8
DEFAULT
 10
-191.793422748381
 20
243.874379579925
 30
0.0
  0
VERTEX
  5
C21
  8
DEFAULT
 10
-191.7836354885608
 20
243.8419706192485
 30
0.0
  0
VERTEX
  5
C22
  8
DEFAULT
 10
-191.7733256646217
 20
243.8101141785958
 30
0.0
  0
VERTEX
  5
C23
  8
DEFAULT
 10
-191.7624932765636
 20
243.7788102579669
 30
0.0
  0
VERTEX
  5
C24
  8
DEFAULT
 10
-191.7511383243865
 20
243.748058857362
 30
0.0
  0
VERTEX
  5
C25
  8
DEFAULT
 10
-191.7392608080905
 20
243.7178599767809
 30
0.0
  0
VERTEX
  5
C26
  8
DEFAULT
 10
-191.7268607276755
 20
243.6882136162236
 30
0.0
  0
VERTEX
  5
C27
  8
DEFAULT
 10
-191.7139380831416
 20
243.6591197756902
 30
0.0
  0
VERTEX
  5
C28
  8
DEFAULT
 10
-191.7004928744887
 20
243.6305784551807
 30
0.0
  0
VERTEX
  5
C29
  8
DEFAULT
 10
-191.6865251017169
 20
243.602589654695
 30
0.0
  0
VERTEX
  5
C2A
  8
DEFAULT
 10
-191.6720347648262
 20
243.5751533742331
 30
0.0
  0
VERTEX
  5
C2B
  8
DEFAULT
 10
-191.6570218638165
 20
243.5482696137952
 30
0.0
  0
VERTEX
  5
C2C
  8
DEFAULT
 10
-191.6414863986878
 20
243.5219383733811
 30
0.0
  0
VERTEX
  5
C2D
  8
DEFAULT
 10
-191.6254283694402
 20
243.4961596529908
 30
0.0
  0
VERTEX
  5
C2E
  8
DEFAULT
 10
-191.6088477760736
 20
243.4709334526244
 30
0.0
  0
VERTEX
  5
C2F
  8
DEFAULT
 10
-191.5917446185881
 20
243.4462597722819
 30
0.0
  0
VERTEX
  5
C30
  8
DEFAULT
 10
-191.5741188969837
 20
243.4221386119632
 30
0.0
  0
VERTEX
  5
C31
  8
DEFAULT
 10
-191.5559706112602
 20
243.3985699716684
 30
0.0
  0
VERTEX
  5
C32
  8
DEFAULT
 10
-191.5372997614179
 20
243.3755538513974
 30
0.0
  0
VERTEX
  5
C33
  8
DEFAULT
 10
-191.5181063474566
 20
243.3530902511503
 30
0.0
  0
VERTEX
  5
C34
  8
DEFAULT
 10
-191.4983903693763
 20
243.331179170927
 30
0.0
  0
VERTEX
  5
C35
  8
DEFAULT
 10
-191.4781518271771
 20
243.3098206107277
 30
0.0
  0
VERTEX
  5
C36
  8
DEFAULT
 10
-191.4573907208589
 20
243.2890145705521
 30
0.0
  0
VERTEX
  5
C37
  8
DEFAULT
 10
-191.4361070504218
 20
243.2687610504005
 30
0.0
  0
VERTEX
  5
C38
  8
DEFAULT
 10
-191.4143008158657
 20
243.2490600502726
 30
0.0
  0
VERTEX
  5
C39
  8
DEFAULT
 10
-191.3919720171907
 20
243.2299115701687
 30
0.0
  0
VERTEX
  5
C3A
  8
DEFAULT
 10
-191.3691206543967
 20
243.2113156100886
 30
0.0
  0
VERTEX
  5
C3B
  8
DEFAULT
 10
-191.3456801588063
 20
243.193282155334
 30
0.0
  0
VERTEX
  5
C3C
  8
DEFAULT
 10
-191.3215839617417
 20
243.1758211912065
 30
0.0
  0
VERTEX
  5
C3D
  8
DEFAULT
 10
-191.296832063203
 20
243.1589327177062
 30
0.0
  0
VERTEX
  5
C3E
  8
DEFAULT
 10
-191.2714244631902
 20
243.142616734833
 30
0.0
  0
VERTEX
  5
C3F
  8
DEFAULT
 10
-191.2453611617033
 20
243.1268732425869
 30
0.0
  0
VERTEX
  5
C40
  8
DEFAULT
 10
-191.2186421587423
 20
243.1117022409679
 30
0.0
  0
VERTEX
  5
C41
  8
DEFAULT
 10
-191.1912674543073
 20
243.0971037299761
 30
0.0
  0
VERTEX
  5
C42
  8
DEFAULT
 10
-191.1632370483981
 20
243.0830777096114
 30
0.0
  0
VERTEX
  5
C43
  8
DEFAULT
 10
-191.1345509410149
 20
243.0696241798739
 30
0.0
  0
VERTEX
  5
C44
  8
DEFAULT
 10
-191.1052091321575
 20
243.0567431407635
 30
0.0
  0
VERTEX
  5
C45
  8
DEFAULT
 10
-191.075211621826
 20
243.0444345922802
 30
0.0
  0
VERTEX
  5
C46
  8
DEFAULT
 10
-191.0445584100205
 20
243.032698534424
 30
0.0
  0
VERTEX
  5
C47
  8
DEFAULT
 10
-191.0132494967408
 20
243.021534967195
 30
0.0
  0
VERTEX
  5
C48
  8
DEFAULT
 10
-190.9812848819871
 20
243.010943890593
 30
0.0
  0
VERTEX
  5
C49
  8
DEFAULT
 10
-190.9486645657592
 20
243.0009253046182
 30
0.0
  0
VERTEX
  5
C4A
  8
DEFAULT
 10
-190.9153885480573
 20
242.9914792092706
 30
0.0
  0
VERTEX
  5
C4B
  8
DEFAULT
 10
-190.8814568288813
 20
242.9826056045501
 30
0.0
  0
VERTEX
  5
C4C
  8
DEFAULT
 10
-190.8468694082311
 20
242.9743044904567
 30
0.0
  0
VERTEX
  5
C4D
  8
DEFAULT
 10
-190.8116262861069
 20
242.9665758669904
 30
0.0
  0
VERTEX
  5
C4E
  8
DEFAULT
 10
-190.7757274625085
 20
242.9594197341513
 30
0.0
  0
VERTEX
  5
C4F
  8
DEFAULT
 10
-190.7391729374361
 20
242.9528360919393
 30
0.0
  0
VERTEX
  5
C50
  8
DEFAULT
 10
-190.7019627108896
 20
242.9468249403544
 30
0.0
  0
VERTEX
  5
C51
  8
DEFAULT
 10
-190.6255751533743
 20
242.9365201090661
 30
0.0
  0
VERTEX
  5
C52
  8
DEFAULT
 10
-190.5465647899625
 20
242.9285052402863
 30
0.0
  0
VERTEX
  5
C53
  8
DEFAULT
 10
-190.4649316206544
 20
242.922780334015
 30
0.0
  0
VERTEX
  5
C54
  8
DEFAULT
 10
-190.3806756454499
 20
242.9193453902522
 30
0.0
  0
VERTEX
  5
C55
  8
DEFAULT
 10
-190.293796864349
 20
242.918200408998
 30
0.0
  0
VERTEX
  5
C56
  8
DEFAULT
 10
-190.2408880794138
 20
242.9187795564928
 30
0.0
  0
VERTEX
  5
C57
  8
DEFAULT
 10
-190.1886716087253
 20
242.9205169989775
 30
0.0
  0
VERTEX
  5
C58
  8
DEFAULT
 10
-190.1371474522836
 20
242.923412736452
 30
0.0
  0
VERTEX
  5
C59
  8
DEFAULT
 10
-190.0863156100886
 20
242.9274667689162
 30
0.0
  0
VERTEX
  5
C5A
  8
DEFAULT
 10
-190.0361760821404
 20
242.9326790963701
 30
0.0
  0
VERTEX
  5
C5B
  8
DEFAULT
 10
-189.986728868439
 20
242.9390497188139
 30
0.0
  0
VERTEX
  5
C5C
  8
DEFAULT
 10
-189.9379739689844
 20
242.9465786362474
 30
0.0
  0
VERTEX
  5
C5D
  8
DEFAULT
 10
-189.8899113837764
 20
242.9552658486708
 30
0.0
  0
VERTEX
  5
C5E
  8
DEFAULT
 10
-189.8425411128153
 20
242.9651113560839
 30
0.0
  0
VERTEX
  5
C5F
  8
DEFAULT
 10
-189.7958631561009
 20
242.9761151584867
 30
0.0
  0
VERTEX
  5
C60
  8
DEFAULT
 10
-189.7498775136332
 20
242.9882772558794
 30
0.0
  0
VERTEX
  5
C61
  8
DEFAULT
 10
-189.7045841854124
 20
243.0015976482618
 30
0.0
  0
VERTEX
  5
C62
  8
DEFAULT
 10
-189.6599831714383
 20
243.016076335634
 30
0.0
  0
VERTEX
  5
C63
  8
DEFAULT
 10
-189.616074471711
 20
243.0317133179959
 30
0.0
  0
VERTEX
  5
C64
  8
DEFAULT
 10
-189.5728580862304
 20
243.0485085953476
 30
0.0
  0
VERTEX
  5
C65
  8
DEFAULT
 10
-189.5303340149966
 20
243.0664621676892
 30
0.0
  0
VERTEX
  5
C66
  8
DEFAULT
 10
-189.4887751895876
 20
243.0854741820041
 30
0.0
  0
VERTEX
  5
C67
  8
DEFAULT
 10
-189.4484545415814
 20
243.1054447852761
 30
0.0
  0
VERTEX
  5
C68
  8
DEFAULT
 10
-189.4093720709782
 20
243.1263739775051
 30
0.0
  0
VERTEX
  5
C69
  8
DEFAULT
 10
-189.3715277777778
 20
243.1482617586912
 30
0.0
  0
VERTEX
  5
C6A
  8
DEFAULT
 10
-189.3349216619802
 20
243.1711081288344
 30
0.0
  0
VERTEX
  5
C6B
  8
DEFAULT
 10
-189.2995537235855
 20
243.1949130879345
 30
0.0
  0
VERTEX
  5
C6C
  8
DEFAULT
 10
-189.2823340709143
 20
243.2071750383435
 30
0.0
  0
VERTEX
  5
C6D
  8
DEFAULT
 10
-189.2654239625937
 20
243.2196766359918
 30
0.0
  0
VERTEX
  5
C6E
  8
DEFAULT
 10
-189.2488233986239
 20
243.2324178808793
 30
0.0
  0
VERTEX
  5
C6F
  8
DEFAULT
 10
-189.2325323790048
 20
243.2453987730061
 30
0.0
  0
VERTEX
  5
C70
  8
DEFAULT
 10
-189.2165509037364
 20
243.2586193123722
 30
0.0
  0
VERTEX
  5
C71
  8
DEFAULT
 10
-189.2008789728187
 20
243.2720794989775
 30
0.0
  0
VERTEX
  5
C72
  8
DEFAULT
 10
-189.1855165862517
 20
243.2857793328221
 30
0.0
  0
VERTEX
  5
C73
  8
DEFAULT
 10
-189.1704637440355
 20
243.2997188139059
 30
0.0
  0
VERTEX
  5
C74
  8
DEFAULT
 10
-189.1557204461699
 20
243.3138979422291
 30
0.0
  0
VERTEX
  5
C75
  8
DEFAULT
 10
-189.1412866926551
 20
243.3283167177914
 30
0.0
  0
VERTEX
  5
C76
  8
DEFAULT
 10
-189.127162483491
 20
243.3429751405931
 30
0.0
  0
VERTEX
  5
C77
  8
DEFAULT
 10
-189.1133478186776
 20
243.357873210634
 30
0.0
  0
VERTEX
  5
C78
  8
DEFAULT
 10
-189.0998426982149
 20
243.3730109279141
 30
0.0
  0
VERTEX
  5
C79
  8
DEFAULT
 10
-189.0866471221029
 20
243.3883882924335
 30
0.0
  0
VERTEX
  5
C7A
  8
DEFAULT
 10
-189.0737610903417
 20
243.4040053041922
 30
0.0
  0
VERTEX
  5
C7B
  8
DEFAULT
 10
-189.0611846029311
 20
243.4198619631902
 30
0.0
  0
VERTEX
  5
C7C
  8
DEFAULT
 10
-189.0489176598713
 20
243.4359582694274
 30
0.0
  0
VERTEX
  5
C7D
  8
DEFAULT
 10
-189.0369602611622
 20
243.4522942229039
 30
0.0
  0
VERTEX
  5
C7E
  8
DEFAULT
 10
-189.0253124068038
 20
243.4688698236196
 30
0.0
  0
VERTEX
  5
C7F
  8
DEFAULT
 10
-189.0139740967962
 20
243.4856850715746
 30
0.0
  0
VERTEX
  5
C80
  8
DEFAULT
 10
-188.9923059922461
 20
243.5196950089468
 30
0.0
  0
VERTEX
  5
C81
  8
DEFAULT
 10
-188.972035829925
 20
243.5539845347648
 30
0.0
  0
VERTEX
  5
C82
  8
DEFAULT
 10
-188.953163609833
 20
243.5885536490286
 30
0.0
  0
VERTEX
  5
C83
  8
DEFAULT
 10
-188.9442517281229
 20
243.6059430518277
 30
0.0
  0
VERTEX
  5
C84
  8
DEFAULT
 10
-188.93568933197
 20
243.6234023517382
 30
0.0
  0
VERTEX
  5
C85
  8
DEFAULT
 10
-188.9274764213744
 20
243.6409315487602
 30
0.0
  0
VERTEX
  5
C86
  8
DEFAULT
 10
-188.9196129963361
 20
243.6585306428937
 30
0.0
  0
VERTEX
  5
C87
  8
DEFAULT
 10
-188.912099056855
 20
243.6761996341385
 30
0.0
  0
VERTEX
  5
C88
  8
DEFAULT
 10
-188.9049346029312
 20
243.6939385224949
 30
0.0
  0
VERTEX
  5
C89
  8
DEFAULT
 10
-188.8981196345646
 20
243.7117473079627
 30
0.0
  0
VERTEX
  5
C8A
  8
DEFAULT
 10
-188.8916541517553
 20
243.7296259905419
 30
0.0
  0
VERTEX
  5
C8B
  8
DEFAULT
 10
-188.8855381545033
 20
243.7475745702326
 30
0.0
  0
VERTEX
  5
C8C
  8
DEFAULT
 10
-188.8797716428085
 20
243.7655930470348
 30
0.0
  0
VERTEX
  5
C8D
  8
DEFAULT
 10
-188.8743546166709
 20
243.7836814209484
 30
0.0
  0
VERTEX
  5
C8E
  8
DEFAULT
 10
-188.8692870760906
 20
243.8018396919734
 30
0.0
  0
VERTEX
  5
C8F
  8
DEFAULT
 10
-188.8645690210676
 20
243.8200678601099
 30
0.0
  0
VERTEX
  5
C90
  8
DEFAULT
 10
-188.8602004516019
 20
243.8383659253579
 30
0.0
  0
VERTEX
  5
C91
  8
DEFAULT
 10
-188.8561813676934
 20
243.8567338877173
 30
0.0
  0
VERTEX
  5
C92
  8
DEFAULT
 10
-188.8525117693422
 20
243.8751717471881
 30
0.0
  0
VERTEX
  5
C93
  8
DEFAULT
 10
-188.8491916565483
 20
243.8936795037705
 30
0.0
  0
VERTEX
  5
C94
  8
DEFAULT
 10
-188.8462210293116
 20
243.9122571574642
 30
0.0
  0
VERTEX
  5
C95
  8
DEFAULT
 10
-188.8435998876321
 20
243.9309047082695
 30
0.0
  0
VERTEX
  5
C96
  8
DEFAULT
 10
-188.8413282315099
 20
243.9496221561861
 30
0.0
  0
VERTEX
  5
C97
  8
DEFAULT
 10
-188.839406060945
 20
243.9684095012142
 30
0.0
  0
VERTEX
  5
C98
  8
DEFAULT
 10
-188.8378333759373
 20
243.9872667433538
 30
0.0
  0
VERTEX
  5
C99
  8
DEFAULT
 10
-188.8366101764869
 20
244.0061938826048
 30
0.0
  0
VERTEX
  5
C9A
  8
DEFAULT
 10
-188.8357364625937
 20
244.0251909189673
 30
0.0
  0
VERTEX
  5
C9B
  8
DEFAULT
 10
-188.8352122342579
 20
244.0442578524412
 30
0.0
  0
VERTEX
  5
C9C
  8
DEFAULT
 10
-188.8350374914792
 20
244.0633946830266
 30
0.0
  0
VERTEX
  5
C9D
  8
DEFAULT
 10
-188.8356099821063
 20
244.1021909083163
 30
0.0
  0
VERTEX
  5
C9E
  8
DEFAULT
 10
-188.8373274539877
 20
244.1401883094751
 30
0.0
  0
VERTEX
  5
C9F
  8
DEFAULT
 10
-188.8401899071234
 20
244.1773868865031
 30
0.0
  0
VERTEX
  5
CA0
  8
DEFAULT
 10
-188.8441973415133
 20
244.2137866394001
 30
0.0
  0
VERTEX
  5
CA1
  8
DEFAULT
 10
-188.8493497571575
 20
244.2493875681663
 30
0.0
  0
VERTEX
  5
CA2
  8
DEFAULT
 10
-188.8523553329499
 20
244.2668884735003
 30
0.0
  0
VERTEX
  5
CA3
  8
DEFAULT
 10
-188.8556471540559
 20
244.2841896728016
 30
0.0
  0
VERTEX
  5
CA4
  8
DEFAULT
 10
-188.8592252204755
 20
244.3012911660702
 30
0.0
  0
VERTEX
  5
CA5
  8
DEFAULT
 10
-188.8630895322086
 20
244.3181929533061
 30
0.0
  0
VERTEX
  5
CA6
  8
DEFAULT
 10
-188.8672400892553
 20
244.3348950345092
 30
0.0
  0
VERTEX
  5
CA7
  8
DEFAULT
 10
-188.8716768916156
 20
244.3513974096796
 30
0.0
  0
VERTEX
  5
CA8
  8
DEFAULT
 10
-188.8763999392893
 20
244.3677000788173
 30
0.0
  0
VERTEX
  5
CA9
  8
DEFAULT
 10
-188.8814092322768
 20
244.3838030419223
 30
0.0
  0
VERTEX
  5
CAA
  8
DEFAULT
 10
-188.8867047705777
 20
244.3997062989945
 30
0.0
  0
VERTEX
  5
CAB
  8
DEFAULT
 10
-188.8922865541923
 20
244.4154098500341
 30
0.0
  0
VERTEX
  5
CAC
  8
DEFAULT
 10
-188.8981545831203
 20
244.4309136950409
 30
0.0
  0
VERTEX
  5
CAD
  8
DEFAULT
 10
-188.904308857362
 20
244.446217834015
 30
0.0
  0
VERTEX
  5
CAE
  8
DEFAULT
 10
-188.9107493769172
 20
244.4613222669564
 30
0.0
  0
VERTEX
  5
CAF
  8
DEFAULT
 10
-188.917476141786
 20
244.476226993865
 30
0.0
  0
VERTEX
  5
CB0
  8
DEFAULT
 10
-188.9244891519683
 20
244.490932014741
 30
0.0
  0
VERTEX
  5
CB1
  8
DEFAULT
 10
-188.9317884074642
 20
244.5054373295842
 30
0.0
  0
VERTEX
  5
CB2
  8
DEFAULT
 10
-188.9393739082736
 20
244.5197429383946
 30
0.0
  0
VERTEX
  5
CB3
  8
DEFAULT
 10
-188.9472456543967
 20
244.5338488411724
 30
0.0
  0
VERTEX
  5
CB4
  8
DEFAULT
 10
-188.9554036458333
 20
244.5477550379175
 30
0.0
  0
VERTEX
  5
CB5
  8
DEFAULT
 10
-188.9638478825835
 20
244.5614615286298
 30
0.0
  0
VERTEX
  5
CB6
  8
DEFAULT
 10
-188.9725783646472
 20
244.5749683133095
 30
0.0
  0
VERTEX
  5
CB7
  8
DEFAULT
 10
-188.9815950920245
 20
244.5882753919564
 30
0.0
  0
VERTEX
  5
CB8
  8
DEFAULT
 10
-188.9908631161597
 20
244.6013844287875
 30
0.0
  0
VERTEX
  5
CB9
  8
DEFAULT
 10
-189.0003474884969
 20
244.6142970880198
 30
0.0
  0
VERTEX
  5
CBA
  8
DEFAULT
 10
-189.0100482090363
 20
244.6270133696532
 30
0.0
  0
VERTEX
  5
CBB
  8
DEFAULT
 10
-189.0199652777778
 20
244.6395332736878
 30
0.0
  0
VERTEX
  5
CBC
  8
DEFAULT
 10
-189.0300986947214
 20
244.6518568001235
 30
0.0
  0
VERTEX
  5
CBD
  8
DEFAULT
 10
-189.0404484598671
 20
244.6639839489605
 30
0.0
  0
VERTEX
  5
CBE
  8
DEFAULT
 10
-189.0510145732149
 20
244.6759147201985
 30
0.0
  0
VERTEX
  5
CBF
  8
DEFAULT
 10
-189.0617970347649
 20
244.6876491138378
 30
0.0
  0
VERTEX
  5
CC0
  8
DEFAULT
 10
-189.0727958445169
 20
244.6991871298782
 30
0.0
  0
VERTEX
  5
CC1
  8
DEFAULT
 10
-189.0840110024711
 20
244.7105287683197
 30
0.0
  0
VERTEX
  5
CC2
  8
DEFAULT
 10
-189.0954425086273
 20
244.7216740291624
 30
0.0
  0
VERTEX
  5
CC3
  8
DEFAULT
 10
-189.1070903629857
 20
244.7326229124063
 30
0.0
  0
VERTEX
  5
CC4
  8
DEFAULT
 10
-189.1189545655462
 20
244.7433754180513
 30
0.0
  0
VERTEX
  5
CC5
  8
DEFAULT
 10
-189.1310351163088
 20
244.7539315460975
 30
0.0
  0
VERTEX
  5
CC6
  8
DEFAULT
 10
-189.1433320152735
 20
244.7642912965448
 30
0.0
  0
VERTEX
  5
CC7
  8
DEFAULT
 10
-189.1558452624404
 20
244.7744546693933
 30
0.0
  0
VERTEX
  5
CC8
  8
DEFAULT
 10
-189.1685748578093
 20
244.784421664643
 30
0.0
  0
VERTEX
  5
CC9
  8
DEFAULT
 10
-189.1815208013804
 20
244.7941922822938
 30
0.0
  0
VERTEX
  5
CCA
  8
DEFAULT
 10
-189.1946830931536
 20
244.8037665223458
 30
0.0
  0
VERTEX
  5
CCB
  8
DEFAULT
 10
-189.2080617331289
 20
244.8131443847989
 30
0.0
  0
VERTEX
  5
CCC
  8
DEFAULT
 10
-189.2354680576858
 20
244.8313109769087
 30
0.0
  0
VERTEX
  5
CCD
  8
DEFAULT
 10
-189.2637397750511
 20
244.848692058623
 30
0.0
  0
VERTEX
  5
CCE
  8
DEFAULT
 10
-189.292876885225
 20
244.8652876299421
 30
0.0
  0
VERTEX
  5
CCF
  8
DEFAULT
 10
-189.3228793882072
 20
244.8810976908657
 30
0.0
  0
VERTEX
  5
CD0
  8
DEFAULT
 10
-189.353747283998
 20
244.896122241394
 30
0.0
  0
VERTEX
  5
CD1
  8
DEFAULT
 10
-189.3854805725971
 20
244.9103612815269
 30
0.0
  0
VERTEX
  5
CD2
  8
DEFAULT
 10
-189.4191842940525
 20
244.9244538705692
 30
0.0
  0
VERTEX
  5
CD3
  8
DEFAULT
 10
-189.4559634884118
 20
244.9390390678255
 30
0.0
  0
VERTEX
  5
CD4
  8
DEFAULT
 10
-189.5387482958419
 20
244.9696872869802
 30
0.0
  0
VERTEX
  5
CD5
  8
DEFAULT
 10
-189.6338349948875
 20
245.0023059389912
 30
0.0
  0
VERTEX
  5
CD6
  8
DEFAULT
 10
-189.7412235855488
 20
245.0368950238582
 30
0.0
  0
VERTEX
  5
CD7
  8
DEFAULT
 10
-189.9929064417178
 20
245.1119844921609
 30
0.0
  0
VERTEX
  5
CD8
  8
DEFAULT
 10
-190.293796864349
 20
245.1949556918882
 30
0.0
  0
VERTEX
  5
CD9
  8
DEFAULT
 10
-190.8357191547375
 20
245.3517382413088
 30
0.0
  0
VERTEX
  5
CDA
  8
DEFAULT
 10
-190.8554101695637
 20
245.3599661298568
 30
0.0
  0
VERTEX
  5
CDB
  8
DEFAULT
 10
-190.8744354976142
 20
245.3684602931152
 30
0.0
  0
VERTEX
  5
CDC
  8
DEFAULT
 10
-190.8927951388889
 20
245.3772207310839
 30
0.0
  0
VERTEX
  5
CDD
  8
DEFAULT
 10
-190.9104890933879
 20
245.3862474437628
 30
0.0
  0
VERTEX
  5
CDE
  8
DEFAULT
 10
-190.9275173611111
 20
245.395540431152
 30
0.0
  0
VERTEX
  5
CDF
  8
DEFAULT
 10
-190.9438799420586
 20
245.4050996932515
 30
0.0
  0
VERTEX
  5
CE0
  8
DEFAULT
 10
-190.9595768362304
 20
245.4149252300613
 30
0.0
  0
VERTEX
  5
CE1
  8
DEFAULT
 10
-190.9746080436265
 20
245.4250170415815
 30
0.0
  0
VERTEX
  5
CE2
  8
DEFAULT
 10
-190.9889735642468
 20
245.4353751278119
 30
0.0
  0
VERTEX
  5
CE3
  8
DEFAULT
 10
-190.995906692016
 20
245.4406540239435
 30
0.0
  0
VERTEX
  5
CE4
  8
DEFAULT
 10
-191.0026733980914
 20
245.4459994887526
 30
0.0
  0
VERTEX
  5
CE5
  8
DEFAULT
 10
-191.0092736824728
 20
245.4514115222393
 30
0.0
  0
VERTEX
  5
CE6
  8
DEFAULT
 10
-191.0157075451602
 20
245.4568901244035
 30
0.0
  0
VERTEX
  5
CE7
  8
DEFAULT
 10
-191.0219749861537
 20
245.4624352952454
 30
0.0
  0
VERTEX
  5
CE8
  8
DEFAULT
 10
-191.0280760054533
 20
245.4680470347648
 30
0.0
  0
VERTEX
  5
CE9
  8
DEFAULT
 10
-191.034010603059
 20
245.4737253429618
 30
0.0
  0
VERTEX
  5
CEA
  8
DEFAULT
 10
-191.0397787789707
 20
245.4794702198364
 30
0.0
  0
VERTEX
  5
CEB
  8
DEFAULT
 10
-191.0453805331885
 20
245.4852816653886
 30
0.0
  0
VERTEX
  5
CEC
  8
DEFAULT
 10
-191.0508158657124
 20
245.4911596796183
 30
0.0
  0
VERTEX
  5
CED
  8
DEFAULT
 10
-191.0560847765423
 20
245.4971042625256
 30
0.0
  0
VERTEX
  5
CEE
  8
DEFAULT
 10
-191.0611872656783
 20
245.5031154141104
 30
0.0
  0
VERTEX
  5
CEF
  8
DEFAULT
 10
-191.0661233331203
 20
245.5091931343729
 30
0.0
  0
VERTEX
  5
CF0
  8
DEFAULT
 10
-191.0755061882243
 20
245.5213252758606
 30
0.0
  0
VERTEX
  5
CF1
  8
DEFAULT
 10
-191.0799729464894
 20
245.5273597264826
 30
0.0
  0
VERTEX
  5
CF2
  8
DEFAULT
 10
-191.0842932536639
 20
245.5334407751789
 30
0.0
  0
VERTEX
  5
CF3
  8
DEFAULT
 10
-191.0884671097478
 20
245.5395684219495
 30
0.0
  0
VERTEX
  5
CF4
  8
DEFAULT
 10
-191.092494514741
 20
245.5457426667945
 30
0.0
  0
VERTEX
  5
CF5
  8
DEFAULT
 10
-191.0963754686435
 20
245.5519635097137
 30
0.0
  0
VERTEX
  5
CF6
  8
DEFAULT
 10
-191.1001099714553
 20
245.5582309507072
 30
0.0
  0
VERTEX
  5
CF7
  8
DEFAULT
 10
-191.1036980231765
 20
245.564544989775
 30
0.0
  0
VERTEX
  5
CF8
  8
DEFAULT
 10
-191.1071396238071
 20
245.5709056269172
 30
0.0
  0
VERTEX
  5
CF9
  8
DEFAULT
 10
-191.110434773347
 20
245.5773128621336
 30
0.0
  0
VERTEX
  5
CFA
  8
DEFAULT
 10
-191.1135834717962
 20
245.5837666954243
 30
0.0
  0
VERTEX
  5
CFB
  8
DEFAULT
 10
-191.1165857191547
 20
245.5902671267894
 30
0.0
  0
VERTEX
  5
CFC
  8
DEFAULT
 10
-191.1194415154226
 20
245.5968141562287
 30
0.0
  0
VERTEX
  5
CFD
  8
DEFAULT
 10
-191.1221508605998
 20
245.6034077837423
 30
0.0
  0
VERTEX
  5
CFE
  8
DEFAULT
 10
-191.1247137546864
 20
245.6100480093303
 30
0.0
  0
VERTEX
  5
CFF
  8
DEFAULT
 10
-191.1271301976823
 20
245.6167348329925
 30
0.0
  0
VERTEX
  5
D00
  8
DEFAULT
 10
-191.1294001895876
 20
245.623468254729
 30
0.0
  0
VERTEX
  5
D01
  8
DEFAULT
 10
-191.1315237304022
 20
245.6302482745399
 30
0.0
  0
VERTEX
  5
D02
  8
DEFAULT
 10
-191.1335008201261
 20
245.637074892425
 30
0.0
  0
VERTEX
  5
D03
  8
DEFAULT
 10
-191.1353314587594
 20
245.6439481083844
 30
0.0
  0
VERTEX
  5
D04
  8
DEFAULT
 10
-191.137015646302
 20
245.6508679224182
 30
0.0
  0
VERTEX
  5
D05
  8
DEFAULT
 10
-191.1385533827539
 20
245.6578343345262
 30
0.0
  0
VERTEX
  5
D06
  8
DEFAULT
 10
-191.1399446681152
 20
245.6648473447086
 30
0.0
  0
VERTEX
  5
D07
  8
DEFAULT
 10
-191.1411895023858
 20
245.6719069529652
 30
0.0
  0
VERTEX
  5
D08
  8
DEFAULT
 10
-191.1422878855658
 20
245.6790131592962
 30
0.0
  0
VERTEX
  5
D09
  8
DEFAULT
 10
-191.1432398176551
 20
245.6861659637014
 30
0.0
  0
VERTEX
  5
D0A
  8
DEFAULT
 10
-191.1440452986537
 20
245.693365366181
 30
0.0
  0
VERTEX
  5
D0B
  8
DEFAULT
 10
-191.1447043285617
 20
245.7006113667348
 30
0.0
  0
VERTEX
  5
D0C
  8
DEFAULT
 10
-191.145216907379
 20
245.707903965363
 30
0.0
  0
VERTEX
  5
D0D
  8
DEFAULT
 10
-191.1455830351057
 20
245.7152431620654
 30
0.0
  0
VERTEX
  5
D0E
  8
DEFAULT
 10
-191.1458027117417
 20
245.7226289568422
 30
0.0
  0
VERTEX
  5
D0F
  8
DEFAULT
 10
-191.145875937287
 20
245.7300613496932
 30
0.0
  0
VERTEX
  5
D10
  8
DEFAULT
 10
-191.1456995302914
 20
245.7417308388718
 30
0.0
  0
VERTEX
  5
D11
  8
DEFAULT
 10
-191.1451703093047
 20
245.7533071319018
 30
0.0
  0
VERTEX
  5
D12
  8
DEFAULT
 10
-191.1442882743268
 20
245.7647902287832
 30
0.0
  0
VERTEX
  5
D13
  8
DEFAULT
 10
-191.1430534253579
 20
245.776180129516
 30
0.0
  0
VERTEX
  5
D14
  8
DEFAULT
 10
-191.1414657623977
 20
245.7874768341002
 30
0.0
  0
VERTEX
  5
D15
  8
DEFAULT
 10
-191.1395252854465
 20
245.7986803425358
 30
0.0
  0
VERTEX
  5
D16
  8
DEFAULT
 10
-191.1372319945041
 20
245.8097906548228
 30
0.0
  0
VERTEX
  5
D17
  8
DEFAULT
 10
-191.1345858895705
 20
245.8208077709612
 30
0.0
  0
VERTEX
  5
D18
  8
DEFAULT
 10
-191.1315869706459
 20
245.8317316909509
 30
0.0
  0
VERTEX
  5
D19
  8
DEFAULT
 10
-191.1282352377301
 20
245.8425624147921
 30
0.0
  0
VERTEX
  5
D1A
  8
DEFAULT
 10
-191.1245306908231
 20
245.8532999424847
 30
0.0
  0
VERTEX
  5
D1B
  8
DEFAULT
 10
-191.120473329925
 20
245.8639442740287
 30
0.0
  0
VERTEX
  5
D1C
  8
DEFAULT
 10
-191.1160631550358
 20
245.874495409424
 30
0.0
  0
VERTEX
  5
D1D
  8
DEFAULT
 10
-191.1113001661554
 20
245.8849533486708
 30
0.0
  0
VERTEX
  5
D1E
  8
DEFAULT
 10
-191.1061843632839
 20
245.8953180917689
 30
0.0
  0
VERTEX
  5
D1F
  8
DEFAULT
 10
-191.1007157464213
 20
245.9055896387185
 30
0.0
  0
VERTEX
  5
D20
  8
DEFAULT
 10
-191.0948943155675
 20
245.9157679895194
 30
0.0
  0
VERTEX
  5
D21
  8
DEFAULT
 10
-191.0887200707226
 20
245.9258531441718
 30
0.0
  0
VERTEX
  5
D22
  8
DEFAULT
 10
-191.0821930118865
 20
245.9358451026755
 30
0.0
  0
VERTEX
  5
D23
  8
DEFAULT
 10
-191.0753131390593
 20
245.9457438650307
 30
0.0
  0
VERTEX
  5
D24
  8
DEFAULT
 10
-191.068080452241
 20
245.9555494312372
 30
0.0
  0
VERTEX
  5
D25
  8
DEFAULT
 10
-191.0604949514315
 20
245.9652618012951
 30
0.0
  0
VERTEX
  5
D26
  8
DEFAULT
 10
-191.0525566366309
 20
245.9748809752045
 30
0.0
  0
VERTEX
  5
D27
  8
DEFAULT
 10
-191.0442655078391
 20
245.9844069529652
 30
0.0
  0
VERTEX
  5
D28
  8
DEFAULT
 10
-191.0356215650562
 20
245.9938397345774
 30
0.0
  0
VERTEX
  5
D29
  8
DEFAULT
 10
-191.0266248082822
 20
246.0031793200409
 30
0.0
  0
VERTEX
  5
D2A
  8
DEFAULT
 10
-191.017275237517
 20
246.0124257093558
 30
0.0
  0
VERTEX
  5
D2B
  8
DEFAULT
 10
-191.0075728527607
 20
246.0215789025222
 30
0.0
  0
VERTEX
  5
D2C
  8
DEFAULT
 10
-190.9975176540133
 20
246.0306388995399
 30
0.0
  0
VERTEX
  5
D2D
  8
DEFAULT
 10
-190.9871096412747
 20
246.039605700409
 30
0.0
  0
VERTEX
  5
D2E
  8
DEFAULT
 10
-190.976348814545
 20
246.0484793051295
 30
0.0
  0
VERTEX
  5
D2F
  8
DEFAULT
 10
-190.9652351738241
 20
246.0572597137014
 30
0.0
  0
VERTEX
  5
D30
  8
DEFAULT
 10
-190.9537088073023
 20
246.06585705841
 30
0.0
  0
VERTEX
  5
D31
  8
DEFAULT
 10
-190.9417098031697
 20
246.0741814715406
 30
0.0
  0
VERTEX
  5
D32
  8
DEFAULT
 10
-190.9292381614264
 20
246.082232953093
 30
0.0
  0
VERTEX
  5
D33
  8
DEFAULT
 10
-190.9162938820722
 20
246.0900115030675
 30
0.0
  0
VERTEX
  5
D34
  8
DEFAULT
 10
-190.9028769651073
 20
246.0975171214639
 30
0.0
  0
VERTEX
  5
D35
  8
DEFAULT
 10
-190.8889874105317
 20
246.1047498082822
 30
0.0
  0
VERTEX
  5
D36
  8
DEFAULT
 10
-190.8746252183453
 20
246.1117095635225
 30
0.0
  0
VERTEX
  5
D37
  8
DEFAULT
 10
-190.859790388548
 20
246.1183963871847
 30
0.0
  0
VERTEX
  5
D38
  8
DEFAULT
 10
-190.8444829211401
 20
246.1248102792689
 30
0.0
  0
VERTEX
  5
D39
  8
DEFAULT
 10
-190.8287028161213
 20
246.130951239775
 30
0.0
  0
VERTEX
  5
D3A
  8
DEFAULT
 10
-190.8124500734918
 20
246.1368192687031
 30
0.0
  0
VERTEX
  5
D3B
  8
DEFAULT
 10
-190.7957246932515
 20
246.1424143660531
 30
0.0
  0
VERTEX
  5
D3C
  8
DEFAULT
 10
-190.7785266754005
 20
246.1477365318251
 30
0.0
  0
VERTEX
  5
D3D
  8
DEFAULT
 10
-190.7608560199386
 20
246.1527857660191
 30
0.0
  0
VERTEX
  5
D3E
  8
DEFAULT
 10
-190.742712726866
 20
246.1575620686349
 30
0.0
  0
VERTEX
  5
D3F
  8
DEFAULT
 10
-190.7240967961827
 20
246.1620654396728
 30
0.0
  0
VERTEX
  5
D40
  8
DEFAULT
 10
-190.7050082278885
 20
246.1662958791326
 30
0.0
  0
VERTEX
  5
D41
  8
DEFAULT
 10
-190.6854470219836
 20
246.1702533870143
 30
0.0
  0
VERTEX
  5
D42
  8
DEFAULT
 10
-190.6449066973415
 20
246.1773496080436
 30
0.0
  0
VERTEX
  5
D43
  8
DEFAULT
 10
-190.6024758222563
 20
246.1833541027607
 30
0.0
  0
VERTEX
  5
D44
  8
DEFAULT
 10
-190.558154396728
 20
246.1882668711656
 30
0.0
  0
VERTEX
  5
D45
  8
DEFAULT
 10
-190.5119424207566
 20
246.1920879132583
 30
0.0
  0
VERTEX
  5
D46
  8
DEFAULT
 10
-190.4638398943422
 20
246.1948172290388
 30
0.0
  0
VERTEX
  5
D47
  8
DEFAULT
 10
-190.4138468174847
 20
246.1964548185072
 30
0.0
  0
VERTEX
  5
D48
  8
DEFAULT
 10
-190.361963190184
 20
246.1970006816633
 30
0.0
  0
VERTEX
  5
D49
  8
DEFAULT
 10
-190.3178614412918
 20
246.1963882498296
 30
0.0
  0
VERTEX
  5
D4A
  8
DEFAULT
 10
-190.2750244972734
 20
246.1945509543286
 30
0.0
  0
VERTEX
  5
D4B
  8
DEFAULT
 10
-190.2334523581289
 20
246.1914887951602
 30
0.0
  0
VERTEX
  5
D4C
  8
DEFAULT
 10
-190.1931450238582
 20
246.1872017723245
 30
0.0
  0
VERTEX
  5
D4D
  8
DEFAULT
 10
-190.1734656585506
 20
246.1845989370314
 30
0.0
  0
VERTEX
  5
D4E
  8
DEFAULT
 10
-190.1541024944615
 20
246.1816898858214
 30
0.0
  0
VERTEX
  5
D4F
  8
DEFAULT
 10
-190.1350555315908
 20
246.1784746186947
 30
0.0
  0
VERTEX
  5
D50
  8
DEFAULT
 10
-190.1163247699387
 20
246.174953135651
 30
0.0
  0
VERTEX
  5
D51
  8
DEFAULT
 10
-190.097910209505
 20
246.1711254366905
 30
0.0
  0
VERTEX
  5
D52
  8
DEFAULT
 10
-190.0798118502897
 20
246.1669915218132
 30
0.0
  0
VERTEX
  5
D53
  8
DEFAULT
 10
-190.062029692293
 20
246.1625513910191
 30
0.0
  0
VERTEX
  5
D54
  8
DEFAULT
 10
-190.0445637355147
 20
246.1578050443081
 30
0.0
  0
VERTEX
  5
D55
  8
DEFAULT
 10
-190.0274139799548
 20
246.1527524816803
 30
0.0
  0
VERTEX
  5
D56
  8
DEFAULT
 10
-190.0105804256135
 20
246.1473937031357
 30
0.0
  0
VERTEX
  5
D57
  8
DEFAULT
 10
-189.9940630724906
 20
246.1417287086742
 30
0.0
  0
VERTEX
  5
D58
  8
DEFAULT
 10
-189.9778619205862
 20
246.1357574982958
 30
0.0
  0
VERTEX
  5
D59
  8
DEFAULT
 10
-189.9619769699003
 20
246.1294800720007
 30
0.0
  0
VERTEX
  5
D5A
  8
DEFAULT
 10
-189.9464082204328
 20
246.1228964297887
 30
0.0
  0
VERTEX
  5
D5B
  8
DEFAULT
 10
-189.9311556721838
 20
246.1160065716599
 30
0.0
  0
VERTEX
  5
D5C
  8
DEFAULT
 10
-189.9162193251533
 20
246.1088104976142
 30
0.0
  0
VERTEX
  5
D5D
  8
DEFAULT
 10
-189.9015991793413
 20
246.1013082076517
 30
0.0
  0
VERTEX
  5
D5E
  8
DEFAULT
 10
-189.8872952347478
 20
246.0934997017723
 30
0.0
  0
VERTEX
  5
D5F
  8
DEFAULT
 10
-189.8733074913727
 20
246.0853849799761
 30
0.0
  0
VERTEX
  5
D60
  8
DEFAULT
 10
-189.8596359492161
 20
246.0769640422631
 30
0.0
  0
VERTEX
  5
D61
  8
DEFAULT
 10
-189.846280608278
 20
246.0682368886333
 30
0.0
  0
VERTEX
  5
D62
  8
DEFAULT
 10
-189.8332414685583
 20
246.0592035190866
 30
0.0
  0
VERTEX
  5
D63
  8
DEFAULT
 10
-189.8205185300571
 20
246.049863933623
 30
0.0
  0
VERTEX
  5
D64
  8
DEFAULT
 10
-189.8081117927744
 20
246.0402181322427
 30
0.0
  0
VERTEX
  5
D65
  8
DEFAULT
 10
-189.7960145998424
 20
246.0302993992843
 30
0.0
  0
VERTEX
  5
D66
  8
DEFAULT
 10
-189.7842202943933
 20
246.0201410190866
 30
0.0
  0
VERTEX
  5
D67
  8
DEFAULT
 10
-189.7727288764272
 20
246.0097429916497
 30
0.0
  0
VERTEX
  5
D68
  8
DEFAULT
 10
-189.7615403459441
 20
245.9991053169734
 30
0.0
  0
VERTEX
  5
D69
  8
DEFAULT
 10
-189.7506547029439
 20
245.988227995058
 30
0.0
  0
VERTEX
  5
D6A
  8
DEFAULT
 10
-189.7400719474267
 20
245.9771110259032
 30
0.0
  0
VERTEX
  5
D6B
  8
DEFAULT
 10
-189.7297920793924
 20
245.9657544095092
 30
0.0
  0
VERTEX
  5
D6C
  8
DEFAULT
 10
-189.7198150988411
 20
245.9541581458759
 30
0.0
  0
VERTEX
  5
D6D
  8
DEFAULT
 10
-189.7101410057728
 20
245.9423222350034
 30
0.0
  0
VERTEX
  5
D6E
  8
DEFAULT
 10
-189.7007698001874
 20
245.9302466768916
 30
0.0
  0
VERTEX
  5
D6F
  8
DEFAULT
 10
-189.691701482085
 20
245.9179314715406
 30
0.0
  0
VERTEX
  5
D70
  8
DEFAULT
 10
-189.6829360514656
 20
245.9053766189502
 30
0.0
  0
VERTEX
  5
D71
  8
DEFAULT
 10
-189.674473508329
 20
245.8925821191207
 30
0.0
  0
VERTEX
  5
D72
  8
DEFAULT
 10
-189.6663138526755
 20
245.8795479720518
 30
0.0
  0
VERTEX
  5
D73
  8
DEFAULT
 10
-189.6584570845049
 20
245.8662741777437
 30
0.0
  0
VERTEX
  5
D74
  8
DEFAULT
 10
-189.6509032038173
 20
245.8527607361963
 30
0.0
  0
VERTEX
  5
D75
  8
DEFAULT
 10
-189.6436522106126
 20
245.8390076474097
 30
0.0
  0
VERTEX
  5
D76
  8
DEFAULT
 10
-189.6367041048909
 20
245.8250149113838
 30
0.0
  0
VERTEX
  5
D77
  8
DEFAULT
 10
-189.6300588866522
 20
245.8107825281186
 30
0.0
  0
VERTEX
  5
D78
  8
DEFAULT
 10
-189.6237165558964
 20
245.7963104976142
 30
0.0
  0
VERTEX
  5
D79
  8
DEFAULT
 10
-189.6176771126236
 20
245.7815988198705
 30
0.0
  0
VERTEX
  5
D7A
  8
DEFAULT
 10
-189.6119405568337
 20
245.7666474948875
 30
0.0
  0
VERTEX
  5
D7B
  8
DEFAULT
 10
-189.6065068885268
 20
245.7514565226653
 30
0.0
  0
VERTEX
  5
D7C
  8
DEFAULT
 10
-189.6013761077028
 20
245.7360259032038
 30
0.0
  0
VERTEX
  5
D7D
  8
DEFAULT
 10
-189.5965482143618
 20
245.7203556365031
 30
0.0
  0
VERTEX
  5
D7E
  8
DEFAULT
 10
-189.5920232085038
 20
245.7044457225631
 30
0.0
  0
VERTEX
  5
D7F
  8
DEFAULT
 10
-189.5878010901287
 20
245.6882961613838
 30
0.0
  0
VERTEX
  5
D80
  8
DEFAULT
 10
-189.5838818592366
 20
245.6719069529653
 30
0.0
  0
VERTEX
  5
D81
  8
DEFAULT
 10
-189.5802655158274
 20
245.6552780973075
 30
0.0
  0
VERTEX
  5
D82
  8
DEFAULT
 10
-189.5769520599012
 20
245.6384095944104
 30
0.0
  0
VERTEX
  5
D83
  8
DEFAULT
 10
-189.5739414914579
 20
245.6213014442741
 30
0.0
  0
VERTEX
  5
D84
  8
DEFAULT
 10
-189.5712338104976
 20
245.6039536468984
 30
0.0
  0
VERTEX
  5
D85
  8
DEFAULT
 10
-188.9713701431493
 20
245.6857532379005
 30
0.0
  0
VERTEX
  5
D86
  8
DEFAULT
 10
-188.9789855998636
 20
245.7290827901329
 30
0.0
  0
VERTEX
  5
D87
  8
DEFAULT
 10
-188.9873466257669
 20
245.7713073023177
 30
0.0
  0
VERTEX
  5
D88
  8
DEFAULT
 10
-188.9964532208589
 20
245.8124267744547
 30
0.0
  0
VERTEX
  5
D89
  8
DEFAULT
 10
-189.0063053851397
 20
245.852441206544
 30
0.0
  0
VERTEX
  5
D8A
  8
DEFAULT
 10
-189.0169031186094
 20
245.8913505985856
 30
0.0
  0
VERTEX
  5
D8B
  8
DEFAULT
 10
-189.0282464212679
 20
245.9291549505794
 30
0.0
  0
VERTEX
  5
D8C
  8
DEFAULT
 10
-189.0403352931152
 20
245.9658542625256
 30
0.0
  0
VERTEX
  5
D8D
  8
DEFAULT
 10
-189.0531697341513
 20
246.001448534424
 30
0.0
  0
VERTEX
  5
D8E
  8
DEFAULT
 10
-189.0667497443762
 20
246.0359377662747
 30
0.0
  0
VERTEX
  5
D8F
  8
DEFAULT
 10
-189.08107532379
 20
246.0693219580777
 30
0.0
  0
VERTEX
  5
D90
  8
DEFAULT
 10
-189.0961464723926
 20
246.101601109833
 30
0.0
  0
VERTEX
  5
D91
  8
DEFAULT
 10
-189.111963190184
 20
246.1327752215406
 30
0.0
  0
VERTEX
  5
D92
  8
DEFAULT
 10
-189.1285254771643
 20
246.1628442932004
 30
0.0
  0
VERTEX
  5
D93
  8
DEFAULT
 10
-189.1370862091002
 20
246.1774644390125
 30
0.0
  0
VERTEX
  5
D94
  8
DEFAULT
 10
-189.1458333333333
 20
246.1918083248125
 30
0.0
  0
VERTEX
  5
D95
  8
DEFAULT
 10
-189.1547668498637
 20
246.2058759506007
 30
0.0
  0
VERTEX
  5
D96
  8
DEFAULT
 10
-189.1638867586912
 20
246.219667316377
 30
0.0
  0
VERTEX
  5
D97
  8
DEFAULT
 10
-189.173193059816
 20
246.2331824221413
 30
0.0
  0
VERTEX
  5
D98
  8
DEFAULT
 10
-189.1826857532379
 20
246.2464212678937
 30
0.0
  0
VERTEX
  5
D99
  8
DEFAULT
 10
-189.1924364002855
 20
246.2594371085762
 30
0.0
  0
VERTEX
  5
D9A
  8
DEFAULT
 10
-189.202516562287
 20
246.2722831991309
 30
0.0
  0
VERTEX
  5
D9B
  8
DEFAULT
 10
-189.2129262392425
 20
246.2849595395577
 30
0.0
  0
VERTEX
  5
D9C
  8
DEFAULT
 10
-189.223665431152
 20
246.2974661298568
 30
0.0
  0
VERTEX
  5
D9D
  8
DEFAULT
 10
-189.2347341380155
 20
246.3098029700281
 30
0.0
  0
VERTEX
  5
D9E
  8
DEFAULT
 10
-189.246132359833
 20
246.3219700600716
 30
0.0
  0
VERTEX
  5
D9F
  8
DEFAULT
 10
-189.2578600966044
 20
246.3339673999872
 30
0.0
  0
VERTEX
  5
DA0
  8
DEFAULT
 10
-189.2699173483299
 20
246.345794989775
 30
0.0
  0
VERTEX
  5
DA1
  8
DEFAULT
 10
-189.2823041150094
 20
246.357452829435
 30
0.0
  0
VERTEX
  5
DA2
  8
DEFAULT
 10
-189.2950203966428
 20
246.3689409189673
 30
0.0
  0
VERTEX
  5
DA3
  8
DEFAULT
 10
-189.3080661932302
 20
246.3802592583717
 30
0.0
  0
VERTEX
  5
DA4
  8
DEFAULT
 10
-189.3214415047717
 20
246.3914078476483
 30
0.0
  0
VERTEX
  5
DA5
  8
DEFAULT
 10
-189.3351463312671
 20
246.402386686797
 30
0.0
  0
VERTEX
  5
DA6
  8
DEFAULT
 10
-189.3491806727164
 20
246.413195775818
 30
0.0
  0
VERTEX
  5
DA7
  8
DEFAULT
 10
-189.3635445291198
 20
246.4238351147111
 30
0.0
  0
VERTEX
  5
DA8
  8
DEFAULT
 10
-189.3782379004772
 20
246.4343047034765
 30
0.0
  0
VERTEX
  5
DA9
  8
DEFAULT
 10
-189.3932607867885
 20
246.444604542114
 30
0.0
  0
VERTEX
  5
DAA
  8
DEFAULT
 10
-189.4086131880539
 20
246.4547346306237
 30
0.0
  0
VERTEX
  5
DAB
  8
DEFAULT
 10
-189.4403065354465
 20
246.4744855572597
 30
0.0
  0
VERTEX
  5
DAC
  8
DEFAULT
 10
-189.4733179426551
 20
246.4935574833844
 30
0.0
  0
VERTEX
  5
DAD
  8
DEFAULT
 10
-189.5076474096796
 20
246.511950408998
 30
0.0
  0
VERTEX
  5
DAE
  8
DEFAULT
 10
-189.5432949365201
 20
246.5296643341002
 30
0.0
  0
VERTEX
  5
DAF
  8
DEFAULT
 10
-189.5802605231765
 20
246.5466992586912
 30
0.0
  0
VERTEX
  5
DB0
  8
DEFAULT
 10
-189.6185441696489
 20
246.5630551827709
 30
0.0
  0
VERTEX
  5
DB1
  8
DEFAULT
 10
-189.6581458759373
 20
246.5787321063395
 30
0.0
  0
VERTEX
  5
DB2
  8
DEFAULT
 10
-189.6988126810668
 20
246.5935902351738
 30
0.0
  0
VERTEX
  5
DB3
  8
DEFAULT
 10
-189.7402916240627
 20
246.6074897750511
 30
0.0
  0
VERTEX
  5
DB4
  8
DEFAULT
 10
-189.782582704925
 20
246.6204307259714
 30
0.0
  0
VERTEX
  5
DB5
  8
DEFAULT
 10
-189.8256859236537
 20
246.6324130879346
 30
0.0
  0
VERTEX
  5
DB6
  8
DEFAULT
 10
-189.8696012802488
 20
246.6434368609407
 30
0.0
  0
VERTEX
  5
DB7
  8
DEFAULT
 10
-189.9143287747103
 20
246.6535020449898
 30
0.0
  0
VERTEX
  5
DB8
  8
DEFAULT
 10
-189.9598684070382
 20
246.6626086400818
 30
0.0
  0
VERTEX
  5
DB9
  8
DEFAULT
 10
-190.0062201772324
 20
246.6707566462168
 30
0.0
  0
VERTEX
  5
DBA
  8
DEFAULT
 10
-190.0533840852931
 20
246.6779460633947
 30
0.0
  0
VERTEX
  5
DBB
  8
DEFAULT
 10
-190.1013601312202
 20
246.6841768916156
 30
0.0
  0
VERTEX
  5
DBC
  8
DEFAULT
 10
-190.1501483150136
 20
246.6894491308794
 30
0.0
  0
VERTEX
  5
DBD
  8
DEFAULT
 10
-190.1997486366735
 20
246.6937627811861
 30
0.0
  0
VERTEX
  5
DBE
  8
DEFAULT
 10
-190.2501610961997
 20
246.6971178425358
 30
0.0
  0
VERTEX
  5
DBF
  8
DEFAULT
 10
-190.3013856935924
 20
246.6995143149284
 30
0.0
  0
VERTEX
  5
DC0
  8
DEFAULT
 10
-190.3534224288514
 20
246.700952198364
 30
0.0
  0
VERTEX
  5
DC1
  8
DEFAULT
 10
-190.4062713019768
 20
246.7014314928425
 30
0.0
  0
VERTEX
  5
DC2
  8
DEFAULT
 10
-190.4764346881391
 20
246.7002865115883
 30
0.0
  0
VERTEX
  5
DC3
  8
DEFAULT
 10
-190.5454797205181
 20
246.6968515678255
 30
0.0
  0
VERTEX
  5
DC4
  8
DEFAULT
 10
-190.6134063991138
 20
246.6911266615542
 30
0.0
  0
VERTEX
  5
DC5
  8
DEFAULT
 10
-190.646950355743
 20
246.6874054724778
 30
0.0
  0
VERTEX
  5
DC6
  8
DEFAULT
 10
-190.6802147239264
 20
246.6831117927744
 30
0.0
  0
VERTEX
  5
DC7
  8
DEFAULT
 10
-190.7131995036639
 20
246.6782456224437
 30
0.0
  0
VERTEX
  5
DC8
  8
DEFAULT
 10
-190.7459046949557
 20
246.672806961486
 30
0.0
  0
VERTEX
  5
DC9
  8
DEFAULT
 10
-190.7783302978017
 20
246.6667958099012
 30
0.0
  0
VERTEX
  5
DCA
  8
DEFAULT
 10
-190.8104763122018
 20
246.6602121676892
 30
0.0
  0
VERTEX
  5
DCB
  8
DEFAULT
 10
-190.8423427381561
 20
246.65305603485
 30
0.0
  0
VERTEX
  5
DCC
  8
DEFAULT
 10
-190.8739295756646
 20
246.6453274113838
 30
0.0
  0
VERTEX
  5
DCD
  8
DEFAULT
 10
-190.9052368247273
 20
246.6370262972904
 30
0.0
  0
VERTEX
  5
DCE
  8
DEFAULT
 10
-190.9362644853442
 20
246.6281526925699
 30
0.0
  0
VERTEX
  5
DCF
  8
DEFAULT
 10
-190.9964159423994
 20
246.6093270705522
 30
0.0
  0
VERTEX
  5
DD0
  8
DEFAULT
 10
-191.0533188479891
 20
246.5894896046353
 30
0.0
  0
VERTEX
  5
DD1
  8
DEFAULT
 10
-191.0805520939843
 20
246.5791914302147
 30
0.0
  0
VERTEX
  5
DD2
  8
DEFAULT
 10
-191.1069732021132
 20
246.5686402948194
 30
0.0
  0
VERTEX
  5
DD3
  8
DEFAULT
 10
-191.1325821723756
 20
246.5578361984493
 30
0.0
  0
VERTEX
  5
DD4
  8
DEFAULT
 10
-191.1573790047717
 20
246.5467791411043
 30
0.0
  0
VERTEX
  5
DD5
  8
DEFAULT
 10
-191.1813636993013
 20
246.5354691227846
 30
0.0
  0
VERTEX
  5
DD6
  8
DEFAULT
 10
-191.2045362559646
 20
246.5239061434901
 30
0.0
  0
VERTEX
  5
DD7
  8
DEFAULT
 10
-191.2268966747614
 20
246.5120902032209
 30
0.0
  0
VERTEX
  5
DD8
  8
DEFAULT
 10
-191.2484449556919
 20
246.5000213019768
 30
0.0
  0
VERTEX
  5
DD9
  8
DEFAULT
 10
-191.269181098756
 20
246.487699439758
 30
0.0
  0
VERTEX
  5
DDA
  8
DEFAULT
 10
-191.2891051039537
 20
246.4751246165644
 30
0.0
  0
VERTEX
  5
DDB
  8
DEFAULT
 10
-191.3082169712849
 20
246.462296832396
 30
0.0
  0
VERTEX
  5
DDC
  8
DEFAULT
 10
-191.3265167007498
 20
246.4492160872529
 30
0.0
  0
VERTEX
  5
DDD
  8
DEFAULT
 10
-191.3500620420075
 20
246.4319015254597
 30
0.0
  0
VERTEX
  5
DDE
  8
DEFAULT
 10
-191.372981637696
 20
246.4140411070113
 30
0.0
  0
VERTEX
  5
DDF
  8
DEFAULT
 10
-191.3952754878153
 20
246.3956348319076
 30
0.0
  0
VERTEX
  5
DE0
  8
DEFAULT
 10
-191.4169435923654
 20
246.3766827001487
 30
0.0
  0
VERTEX
  5
DE1
  8
DEFAULT
 10
-191.4379859513463
 20
246.3571847117345
 30
0.0
  0
VERTEX
  5
DE2
  8
DEFAULT
 10
-191.458402564758
 20
246.3371408666651
 30
0.0
  0
VERTEX
  5
DE3
  8
DEFAULT
 10
-191.4781934326006
 20
246.3165511649404
 30
0.0
  0
VERTEX
  5
DE4
  8
DEFAULT
 10
-191.4973585548739
 20
246.2954156065605
 30
0.0
  0
VERTEX
  5
DE5
  8
DEFAULT
 10
-191.515897931578
 20
246.2737341915253
 30
0.0
  0
VERTEX
  5
DE6
  8
DEFAULT
 10
-191.533811562713
 20
246.2515069198348
 30
0.0
  0
VERTEX
  5
DE7
  8
DEFAULT
 10
-191.5510994482788
 20
246.2287337914891
 30
0.0
  0
VERTEX
  5
DE8
  8
DEFAULT
 10
-191.5677615882754
 20
246.2054148064882
 30
0.0
  0
VERTEX
  5
DE9
  8
DEFAULT
 10
-191.5837979827028
 20
246.181549964832
 30
0.0
  0
VERTEX
  5
DEA
  8
DEFAULT
 10
-191.599208631561
 20
246.1571392665205
 30
0.0
  0
VERTEX
  5
DEB
  8
DEFAULT
 10
-191.61399353485
 20
246.1321827115538
 30
0.0
  0
VERTEX
  5
DEC
  8
DEFAULT
 10
-191.6281526925699
 20
246.1066802999318
 30
0.0
  0
VERTEX
  5
DED
  8
DEFAULT
 10
-191.6415662811009
 20
246.0807651137526
 30
0.0
  0
VERTEX
  5
DEE
  8
DEFAULT
 10
-191.6541144768235
 20
246.0545703391275
 30
0.0
  0
VERTEX
  5
DEF
  8
DEFAULT
 10
-191.6657972797375
 20
246.0280959760566
 30
0.0
  0
VERTEX
  5
DF0
  8
DEFAULT
 10
-191.6766146898432
 20
246.0013420245399
 30
0.0
  0
VERTEX
  5
DF1
  8
DEFAULT
 10
-191.6865667071404
 20
245.9743084845774
 30
0.0
  0
VERTEX
  5
DF2
  8
DEFAULT
 10
-191.6956533316292
 20
245.9469953561691
 30
0.0
  0
VERTEX
  5
DF3
  8
DEFAULT
 10
-191.7038745633095
 20
245.9194026393149
 30
0.0
  0
VERTEX
  5
DF4
  8
DEFAULT
 10
-191.7112304021813
 20
245.891530334015
 30
0.0
  0
VERTEX
  5
DF5
  8
DEFAULT
 10
-191.7177208482447
 20
245.8633784402693
 30
0.0
  0
VERTEX
  5
DF6
  8
DEFAULT
 10
-191.7233459014996
 20
245.8349469580777
 30
0.0
  0
VERTEX
  5
DF7
  8
DEFAULT
 10
-191.7281055619461
 20
245.8062358874403
 30
0.0
  0
VERTEX
  5
DF8
  8
DEFAULT
 10
-191.7319998295842
 20
245.7772452283572
 30
0.0
  0
VERTEX
  5
DF9
  8
DEFAULT
 10
-191.7350287044138
 20
245.7479749808282
 30
0.0
  0
VERTEX
  5
DFA
  8
DEFAULT
 10
-191.7371921864349
 20
245.7184251448534
 30
0.0
  0
VERTEX
  5
DFB
  8
DEFAULT
 10
-191.7384902756476
 20
245.6885957204328
 30
0.0
  0
VERTEX
  5
DFC
  8
DEFAULT
 10
-191.7389229720518
 20
245.6584867075665
 30
0.0
  0
VERTEX
  5
DFD
  8
DEFAULT
 10
-191.738397079499
 20
245.6254353591513
 30
0.0
  0
VERTEX
  5
DFE
  8
DEFAULT
 10
-191.7368194018405
 20
245.5927434815951
 30
0.0
  0
VERTEX
  5
DFF
  8
DEFAULT
 10
-191.7341899390763
 20
245.5604110748977
 30
0.0
  0
VERTEX
  5
E00
  8
DEFAULT
 10
-191.7305086912065
 20
245.5284381390593
 30
0.0
  0
VERTEX
  5
E01
  8
DEFAULT
 10
-191.7257756582311
 20
245.4968246740797
 30
0.0
  0
VERTEX
  5
E02
  8
DEFAULT
 10
-191.71999084015
 20
245.4655706799591
 30
0.0
  0
VERTEX
  5
E03
  8
DEFAULT
 10
-191.7131542369632
 20
245.4346761566973
 30
0.0
  0
VERTEX
  5
E04
  8
DEFAULT
 10
-191.7093415159552
 20
245.4193636966385
 30
0.0
  0
VERTEX
  5
E05
  8
DEFAULT
 10
-191.7052658486708
 20
245.4041411042945
 30
0.0
  0
VERTEX
  5
E06
  8
DEFAULT
 10
-191.7009272351099
 20
245.3890083796651
 30
0.0
  0
VERTEX
  5
E07
  8
DEFAULT
 10
-191.6963256752726
 20
245.3739655227505
 30
0.0
  0
VERTEX
  5
E08
  8
DEFAULT
 10
-191.691461169159
 20
245.3590125335506
 30
0.0
  0
VERTEX
  5
E09
  8
DEFAULT
 10
-191.6863337167689
 20
245.3441494120654
 30
0.0
  0
VERTEX
  5
E0A
  8
DEFAULT
 10
-191.6809433181024
 20
245.329376158295
 30
0.0
  0
VERTEX
  5
E0B
  8
DEFAULT
 10
-191.6752899731595
 20
245.3146927722393
 30
0.0
  0
VERTEX
  5
E0C
  8
DEFAULT
 10
-191.6693736819402
 20
245.3000992538983
 30
0.0
  0
VERTEX
  5
E0D
  8
DEFAULT
 10
-191.6631944444444
 20
245.285595603272
 30
0.0
  0
VERTEX
  5
E0E
  8
DEFAULT
 10
-191.6567522606723
 20
245.2711818203604
 30
0.0
  0
VERTEX
  5
E0F
  8
DEFAULT
 10
-191.6500471306237
 20
245.2568579051636
 30
0.0
  0
VERTEX
  5
E10
  8
DEFAULT
 10
-191.6358480316973
 20
245.2284796779141
 30
0.0
  0
VERTEX
  5
E11
  8
DEFAULT
 10
-191.6205971476653
 20
245.2004609215235
 30
0.0
  0
VERTEX
  5
E12
  8
DEFAULT
 10
-191.6042944785276
 20
245.1728016359918
 30
0.0
  0
VERTEX
  5
E13
  8
DEFAULT
 10
-191.5957570456288
 20
245.1591550570893
 30
0.0
  0
VERTEX
  5
E14
  8
DEFAULT
 10
-191.586973308623
 20
245.145694870484
 30
0.0
  0
VERTEX
  5
E15
  8
DEFAULT
 10
-191.5779432675102
 20
245.1324210761759
 30
0.0
  0
VERTEX
  5
E16
  8
DEFAULT
 10
-191.5686669222904
 20
245.1193336741649
 30
0.0
  0
VERTEX
  5
E17
  8
DEFAULT
 10
-191.5591442729636
 20
245.1064326644512
 30
0.0
  0
VERTEX
  5
E18
  8
DEFAULT
 10
-191.5493753195296
 20
245.0937180470347
 30
0.0
  0
VERTEX
  5
E19
  8
DEFAULT
 10
-191.5393600619888
 20
245.0811898219155
 30
0.0
  0
VERTEX
  5
E1A
  8
DEFAULT
 10
-191.5290985003408
 20
245.0688479890934
 30
0.0
  0
VERTEX
  5
E1B
  8
DEFAULT
 10
-191.5185906345859
 20
245.0566925485685
 30
0.0
  0
VERTEX
  5
E1C
  8
DEFAULT
 10
-191.5078364647239
 20
245.0447235003408
 30
0.0
  0
VERTEX
  5
E1D
  8
DEFAULT
 10
-191.4968359907549
 20
245.0329408444103
 30
0.0
  0
VERTEX
  5
E1E
  8
DEFAULT
 10
-191.4855892126789
 20
245.0213445807771
 30
0.0
  0
VERTEX
  5
E1F
  8
DEFAULT
 10
-191.4740961304959
 20
245.009934709441
 30
0.0
  0
VERTEX
  5
E20
  8
DEFAULT
 10
-191.4623567442059
 20
244.9987112304022
 30
0.0
  0
VERTEX
  5
E21
  8
DEFAULT
 10
-191.4503710538088
 20
244.9876741436605
 30
0.0
  0
VERTEX
  5
E22
  8
DEFAULT
 10
-191.4381390593047
 20
244.9768234492161
 30
0.0
  0
VERTEX
  5
E23
  8
DEFAULT
 10
-191.4256607606936
 20
244.9661591470689
 30
0.0
  0
VERTEX
  5
E24
  8
DEFAULT
 10
-191.4129361579755
 20
244.9556812372188
 30
0.0
  0
VERTEX
  5
E25
  8
DEFAULT
 10
-191.3999652511503
 20
244.945389719666
 30
0.0
  0
VERTEX
  5
E26
  8
DEFAULT
 10
-191.3867480402181
 20
244.9352845944104
 30
0.0
  0
VERTEX
  5
E27
  8
DEFAULT
 10
-191.3732845251789
 20
244.925365861452
 30
0.0
  0
VERTEX
  5
E28
  8
DEFAULT
 10
-191.3595747060327
 20
244.9156335207907
 30
0.0
  0
VERTEX
  5
E29
  8
DEFAULT
 10
-191.3314161554192
 20
244.8967280163599
 30
0.0
  0
VERTEX
  5
E2A
  8
DEFAULT
 10
-191.3022723883776
 20
244.8785680811179
 30
0.0
  0
VERTEX
  5
E2B
  8
DEFAULT
 10
-191.272143404908
 20
244.8611537150648
 30
0.0
  0
VERTEX
  5
E2C
  8
DEFAULT
 10
-191.2410292050102
 20
244.8444849182004
 30
0.0
  0
VERTEX
  5
E2D
  8
DEFAULT
 10
-191.2089297886844
 20
244.8285616905249
 30
0.0
  0
VERTEX
  5
E2E
  8
DEFAULT
 10
-191.1747201452795
 20
244.8128315120143
 30
0.0
  0
VERTEX
  5
E2F
  8
DEFAULT
 10
-191.1372752641445
 20
244.7967418626448
 30
0.0
  0
VERTEX
  5
E30
  8
DEFAULT
 10
-191.0965951452795
 20
244.7802927424165
 30
0.0
  0
VERTEX
  5
E31
  8
DEFAULT
 10
-191.0526797886844
 20
244.7634841513292
 30
0.0
  0
VERTEX
  5
E32
  8
DEFAULT
 10
-190.955143362304
 20
244.7287885565781
 30
0.0
  0
VERTEX
  5
E33
  8
DEFAULT
 10
-190.8446659850034
 20
244.6926550783913
 30
0.0
  0
VERTEX
  5
E34
  8
DEFAULT
 10
-190.5848883776414
 20
244.616074471711
 30
0.0
  0
VERTEX
  5
E35
  8
DEFAULT
 10
-190.2733469665985
 20
244.5337423312884
 30
0.0
  0
VERTEX
  5
E36
  8
DEFAULT
 10
-190.0462678936605
 20
244.473457736878
 30
0.0
  0
VERTEX
  5
E37
  8
DEFAULT
 10
-189.9503024880709
 20
244.4453923824131
 30
0.0
  0
VERTEX
  5
E38
  8
DEFAULT
 10
-189.8660531697342
 20
244.4187116564417
 30
0.0
  0
VERTEX
  5
E39
  8
DEFAULT
 10
-189.7935199386503
 20
244.3934155589639
 30
0.0
  0
VERTEX
  5
E3A
  8
DEFAULT
 10
-189.7616468558282
 20
244.38128674591
 30
0.0
  0
VERTEX
  5
E3B
  8
DEFAULT
 10
-189.7327027948194
 20
244.3695040899796
 30
0.0
  0
VERTEX
  5
E3C
  8
DEFAULT
 10
-189.7066877556237
 20
244.3580675911725
 30
0.0
  0
VERTEX
  5
E3D
  8
DEFAULT
 10
-189.6947786192059
 20
244.3524791506902
 30
0.0
  0
VERTEX
  5
E3E
  8
DEFAULT
 10
-189.6836017382414
 20
244.3469772494888
 30
0.0
  0
VERTEX
  5
E3F
  8
DEFAULT
 10
-189.6731571127301
 20
244.3415618875682
 30
0.0
  0
VERTEX
  5
E40
  8
DEFAULT
 10
-189.6634447426721
 20
244.3362330649285
 30
0.0
  0
VERTEX
  5
E41
  8
DEFAULT
 10
-189.6544646280675
 20
244.3309907815696
 30
0.0
  0
VERTEX
  5
E42
  8
DEFAULT
 10
-189.6462167689162
 20
244.3258350374915
 30
0.0
  0
VERTEX
  5
E43
  8
DEFAULT
 10
-189.6351031281953
 20
244.3182928063224
 30
0.0
  0
VERTEX
  5
E44
  8
DEFAULT
 10
-189.6243423014656
 20
244.3105774965917
 30
0.0
  0
VERTEX
  5
E45
  8
DEFAULT
 10
-189.613934288727
 20
244.3026891082993
 30
0.0
  0
VERTEX
  5
E46
  8
DEFAULT
 10
-189.6038790899796
 20
244.2946276414451
 30
0.0
  0
VERTEX
  5
E47
  8
DEFAULT
 10
-189.5941767052232
 20
244.2863930960293
 30
0.0
  0
VERTEX
  5
E48
  8
DEFAULT
 10
-189.5848271344581
 20
244.2779854720518
 30
0.0
  0
VERTEX
  5
E49
  8
DEFAULT
 10
-189.575830377684
 20
244.2694047695126
 30
0.0
  0
VERTEX
  5
E4A
  8
DEFAULT
 10
-189.5671864349011
 20
244.2606509884117
 30
0.0
  0
VERTEX
  5
E4B
  8
DEFAULT
 10
-189.5588953061094
 20
244.2517241287491
 30
0.0
  0
VERTEX
  5
E4C
  8
DEFAULT
 10
-189.5509569913088
 20
244.2426241905249
 30
0.0
  0
VERTEX
  5
E4D
  8
DEFAULT
 10
-189.5433714904993
 20
244.2333511737389
 30
0.0
  0
VERTEX
  5
E4E
  8
DEFAULT
 10
-189.536138803681
 20
244.2239050783913
 30
0.0
  0
VERTEX
  5
E4F
  8
DEFAULT
 10
-189.5292589308538
 20
244.2142859044819
 30
0.0
  0
VERTEX
  5
E50
  8
DEFAULT
 10
-189.5227318720177
 20
244.2044936520109
 30
0.0
  0
VERTEX
  5
E51
  8
DEFAULT
 10
-189.5165576271728
 20
244.1945283209782
 30
0.0
  0
VERTEX
  5
E52
  8
DEFAULT
 10
-189.510736196319
 20
244.1843899113838
 30
0.0
  0
VERTEX
  5
E53
  8
DEFAULT
 10
-189.5052675794564
 20
244.1740784232277
 30
0.0
  0
VERTEX
  5
E54
  8
DEFAULT
 10
-189.5001517765849
 20
244.1635938565099
 30
0.0
  0
VERTEX
  5
E55
  8
DEFAULT
 10
-189.4953887877045
 20
244.1529362112304
 30
0.0
  0
VERTEX
  5
E56
  8
DEFAULT
 10
-189.4909786128153
 20
244.1421054873892
 30
0.0
  0
VERTEX
  5
E57
  8
DEFAULT
 10
-189.4869212519172
 20
244.1311016849864
 30
0.0
  0
VERTEX
  5
E58
  8
DEFAULT
 10
-189.4832167050102
 20
244.1199248040218
 30
0.0
  0
VERTEX
  5
E59
  8
DEFAULT
 10
-189.4798649720944
 20
244.1085748444956
 30
0.0
  0
VERTEX
  5
E5A
  8
DEFAULT
 10
-189.4768660531697
 20
244.0970518064076
 30
0.0
  0
VERTEX
  5
E5B
  8
DEFAULT
 10
-189.4742199482362
 20
244.085355689758
 30
0.0
  0
VERTEX
  5
E5C
  8
DEFAULT
 10
-189.4719266572938
 20
244.0734864945467
 30
0.0
  0
VERTEX
  5
E5D
  8
DEFAULT
 10
-189.4699861803425
 20
244.0614442207737
 30
0.0
  0
VERTEX
  5
E5E
  8
DEFAULT
 10
-189.4683985173824
 20
244.049228868439
 30
0.0
  0
VERTEX
  5
E5F
  8
DEFAULT
 10
-189.4671636684134
 20
244.0368404375426
 30
0.0
  0
VERTEX
  5
E60
  8
DEFAULT
 10
-189.4662816334356
 20
244.0242789280845
 30
0.0
  0
VERTEX
  5
E61
  8
DEFAULT
 10
-189.4657524124489
 20
244.0115443400647
 30
0.0
  0
VERTEX
  5
E62
  8
DEFAULT
 10
-189.4655760054533
 20
243.9986366734833
 30
0.0
  0
VERTEX
  5
E63
  8
DEFAULT
 10
-189.465775711486
 20
243.9842095768362
 30
0.0
  0
VERTEX
  5
E64
  8
DEFAULT
 10
-189.4663748295842
 20
243.9698989753749
 30
0.0
  0
VERTEX
  5
E65
  8
DEFAULT
 10
-189.4673733597478
 20
243.9557048690994
 30
0.0
  0
VERTEX
  5
E66
  8
DEFAULT
 10
-189.4687713019768
 20
243.9416272580096
 30
0.0
  0
VERTEX
  5
E67
  8
DEFAULT
 10
-189.4705686562713
 20
243.9276661421055
 30
0.0
  0
VERTEX
  5
E68
  8
DEFAULT
 10
-189.4727654226312
 20
243.9138215213872
 30
0.0
  0
VERTEX
  5
E69
  8
DEFAULT
 10
-189.4753616010566
 20
243.9000933958547
 30
0.0
  0
VERTEX
  5
E6A
  8
DEFAULT
 10
-189.4783571915474
 20
243.8864817655079
 30
0.0
  0
VERTEX
  5
E6B
  8
DEFAULT
 10
-189.4817521941036
 20
243.8729866303468
 30
0.0
  0
VERTEX
  5
E6C
  8
DEFAULT
 10
-189.4855466087253
 20
243.8596079903715
 30
0.0
  0
VERTEX
  5
E6D
  8
DEFAULT
 10
-189.4897404354124
 20
243.846345845582
 30
0.0
  0
VERTEX
  5
E6E
  8
DEFAULT
 10
-189.494333674165
 20
243.8332001959782
 30
0.0
  0
VERTEX
  5
E6F
  8
DEFAULT
 10
-189.499326324983
 20
243.8201710415601
 30
0.0
  0
VERTEX
  5
E70
  8
DEFAULT
 10
-189.5047183878664
 20
243.8072583823279
 30
0.0
  0
VERTEX
  5
E71
  8
DEFAULT
 10
-189.5105098628152
 20
243.7944622182814
 30
0.0
  0
VERTEX
  5
E72
  8
DEFAULT
 10
-189.5167007498296
 20
243.7817825494206
 30
0.0
  0
VERTEX
  5
E73
  8
DEFAULT
 10
-189.5232910489093
 20
243.7692193757456
 30
0.0
  0
VERTEX
  5
E74
  8
DEFAULT
 10
-189.5302807600545
 20
243.7567726972563
 30
0.0
  0
VERTEX
  5
E75
  8
DEFAULT
 10
-189.5376698832652
 20
243.7444425139528
 30
0.0
  0
VERTEX
  5
E76
  8
DEFAULT
 10
-189.5454584185412
 20
243.732228825835
 30
0.0
  0
VERTEX
  5
E77
  8
DEFAULT
 10
-189.5536463658827
 20
243.720131632903
 30
0.0
  0
VERTEX
  5
E78
  8
DEFAULT
 10
-189.5622337252897
 20
243.7081509351568
 30
0.0
  0
VERTEX
  5
E79
  8
DEFAULT
 10
-189.5712204967621
 20
243.6962867325963
 30
0.0
  0
VERTEX
  5
E7A
  8
DEFAULT
 10
-189.5806066802999
 20
243.6845390252215
 30
0.0
  0
VERTEX
  5
E7B
  8
DEFAULT
 10
-189.5903922759032
 20
243.6729078130326
 30
0.0
  0
VERTEX
  5
E7C
  8
DEFAULT
 10
-189.6005772835719
 20
243.6613930960293
 30
0.0
  0
VERTEX
  5
E7D
  8
DEFAULT
 10
-189.6111617033061
 20
243.6499948742118
 30
0.0
  0
VERTEX
  5
E7E
  8
DEFAULT
 10
-189.6221455351057
 20
243.6387131475801
 30
0.0
  0
VERTEX
  5
E7F
  8
DEFAULT
 10
-189.6335287789707
 20
243.6275479161341
 30
0.0
  0
VERTEX
  5
E80
  8
DEFAULT
 10
-189.6453114349011
 20
243.6164991798739
 30
0.0
  0
VERTEX
  5
E81
  8
DEFAULT
 10
-189.6574935028971
 20
243.6055669387994
 30
0.0
  0
VERTEX
  5
E82
  8
DEFAULT
 10
-189.6700749829584
 20
243.5947511929107
 30
0.0
  0
VERTEX
  5
E83
  8
DEFAULT
 10
-189.6830691888208
 20
243.5841617805257
 30
0.0
  0
VERTEX
  5
E84
  8
DEFAULT
 10
-189.6964894342195
 20
243.5739085399625
 30
0.0
  0
VERTEX
  5
E85
  8
DEFAULT
 10
-189.7103357191548
 20
243.563991471221
 30
0.0
  0
VERTEX
  5
E86
  8
DEFAULT
 10
-189.7246080436265
 20
243.5544105743013
 30
0.0
  0
VERTEX
  5
E87
  8
DEFAULT
 10
-189.7393064076346
 20
243.5451658492033
 30
0.0
  0
VERTEX
  5
E88
  8
DEFAULT
 10
-189.7544308111793
 20
243.5362572959271
 30
0.0
  0
VERTEX
  5
E89
  8
DEFAULT
 10
-189.7699812542604
 20
243.5276849144726
 30
0.0
  0
VERTEX
  5
E8A
  8
DEFAULT
 10
-189.785957736878
 20
243.5194487048398
 30
0.0
  0
VERTEX
  5
E8B
  8
DEFAULT
 10
-189.802360259032
 20
243.5115486670288
 30
0.0
  0
VERTEX
  5
E8C
  8
DEFAULT
 10
-189.8191888207225
 20
243.5039848010395
 30
0.0
  0
VERTEX
  5
E8D
  8
DEFAULT
 10
-189.8364434219495
 20
243.496757106872
 30
0.0
  0
VERTEX
  5
E8E
  8
DEFAULT
 10
-189.854124062713
 20
243.4898655845262
 30
0.0
  0
VERTEX
  5
E8F
  8
DEFAULT
 10
-189.8722307430129
 20
243.4833102340022
 30
0.0
  0
VERTEX
  5
E90
  8
DEFAULT
 10
-189.8907634628493
 20
243.4770910552999
 30
0.0
  0
VERTEX
  5
E91
  8
DEFAULT
 10
-189.9097222222222
 20
243.4712080484194
 30
0.0
  0
VERTEX
  5
E92
  8
DEFAULT
 10
-189.9291070211316
 20
243.4656612133606
 30
0.0
  0
VERTEX
  5
E93
  8
DEFAULT
 10
-189.9489178595774
 20
243.4604505501235
 30
0.0
  0
VERTEX
  5
E94
  8
DEFAULT
 10
-189.9691547375596
 20
243.4555760587082
 30
0.0
  0
VERTEX
  5
E95
  8
DEFAULT
 10
-189.9898176550784
 20
243.4510377391147
 30
0.0
  0
VERTEX
  5
E96
  8
DEFAULT
 10
-190.0109066121336
 20
243.4468355913428
 30
0.0
  0
VERTEX
  5
E97
  8
DEFAULT
 10
-190.0324216087253
 20
243.4429696153928
 30
0.0
  0
VERTEX
  5
E98
  8
DEFAULT
 10
-190.0543626448535
 20
243.4394398112645
 30
0.0
  0
VERTEX
  5
E99
  8
DEFAULT
 10
-190.0995228357191
 20
243.4333887184731
 30
0.0
  0
VERTEX
  5
E9A
  8
DEFAULT
 10
-190.1463871847307
 20
243.4286823129686
 30
0.0
  0
VERTEX
  5
E9B
  8
DEFAULT
 10
-190.1949556918882
 20
243.4253205947512
 30
0.0
  0
VERTEX
  5
E9C
  8
DEFAULT
 10
-190.2452283571915
 20
243.4233035638208
 30
0.0
  0
VERTEX
  5
E9D
  8
DEFAULT
 10
-190.2972051806408
 20
243.4226312201772
 30
0.0
  0
VERTEX
  5
E9E
  8
DEFAULT
 10
-190.3488824450409
 20
243.4233901031016
 30
0.0
  0
VERTEX
  5
E9F
  8
DEFAULT
 10
-190.3991085122699
 20
243.4256667518746
 30
0.0
  0
VERTEX
  5
EA0
  8
DEFAULT
 10
-190.4478833823279
 20
243.4294611664963
 30
0.0
  0
VERTEX
  5
EA1
  8
DEFAULT
 10
-190.4717266184177
 20
243.4319275360003
 30
0.0
  0
VERTEX
  5
EA2
  8
DEFAULT
 10
-190.4952070552147
 20
243.4347733469666
 30
0.0
  0
VERTEX
  5
EA3
  8
DEFAULT
 10
-190.5183246927189
 20
243.437998599395
 30
0.0
  0
VERTEX
  5
EA4
  8
DEFAULT
 10
-190.5410795309304
 20
243.4416032932856
 30
0.0
  0
VERTEX
  5
EA5
  8
DEFAULT
 10
-190.5634715698491
 20
243.4455874286384
 30
0.0
  0
VERTEX
  5
EA6
  8
DEFAULT
 10
-190.5855008094751
 20
243.4499510054533
 30
0.0
  0
VERTEX
  5
EA7
  8
DEFAULT
 10
-190.6071672498082
 20
243.4546940237304
 30
0.0
  0
VERTEX
  5
EA8
  8
DEFAULT
 10
-190.6284708908487
 20
243.4598164834696
 30
0.0
  0
VERTEX
  5
EA9
  8
DEFAULT
 10
-190.6494117325963
 20
243.4653183846711
 30
0.0
  0
VERTEX
  5
EAA
  8
DEFAULT
 10
-190.6699897750511
 20
243.4711997273347
 30
0.0
  0
VERTEX
  5
EAB
  8
DEFAULT
 10
-190.6902050182132
 20
243.4774605114605
 30
0.0
  0
VERTEX
  5
EAC
  8
DEFAULT
 10
-190.7100574620825
 20
243.4841007370484
 30
0.0
  0
VERTEX
  5
EAD
  8
DEFAULT
 10
-190.729547106659
 20
243.4911204040985
 30
0.0
  0
VERTEX
  5
EAE
  8
DEFAULT
 10
-190.7486739519427
 20
243.4985195126108
 30
0.0
  0
VERTEX
  5
EAF
  8
DEFAULT
 10
-190.7674379979337
 20
243.5062980625852
 30
0.0
  0
VERTEX
  5
EB0
  8
DEFAULT
 10
-190.7858392446319
 20
243.5144560540218
 30
0.0
  0
VERTEX
  5
EB1
  8
DEFAULT
 10
-190.8038776920373
 20
243.5229934869206
 30
0.0
  0
VERTEX
  5
EB2
  8
DEFAULT
 10
-190.82155334015
 20
243.5319103612815
 30
0.0
  0
VERTEX
  5
EB3
  8
DEFAULT
 10
-190.8388661889698
 20
243.5412066771046
 30
0.0
  0
VERTEX
  5
EB4
  8
DEFAULT
 10
-190.8558162384969
 20
243.5508824343899
 30
0.0
  0
VERTEX
  5
EB5
  8
DEFAULT
 10
-190.8724034887313
 20
243.5609376331374
 30
0.0
  0
VERTEX
  5
EB6
  8
DEFAULT
 10
-190.8886279396728
 20
243.571372273347
 30
0.0
  0
VERTEX
  5
EB7
  8
DEFAULT
 10
-190.9044895913216
 20
243.5821863550187
 30
0.0
  0
VERTEX
  5
EB8
  8
DEFAULT
 10
-190.9199884436776
 20
243.5933798781527
 30
0.0
  0
VERTEX
  5
EB9
  8
DEFAULT
 10
-190.9351244967408
 20
243.6049528427488
 30
0.0
  0
VERTEX
  5
EBA
  8
DEFAULT
 10
-190.9498977505112
 20
243.6169052488071
 30
0.0
  0
VERTEX
  5
EBB
  8
DEFAULT
 10
-190.9643115334228
 20
243.6292137972904
 30
0.0
  0
VERTEX
  5
EBC
  8
DEFAULT
 10
-190.9783691739093
 20
243.6418551891616
 30
0.0
  0
VERTEX
  5
EBD
  8
DEFAULT
 10
-190.9920706719709
 20
243.6548294244206
 30
0.0
  0
VERTEX
  5
EBE
  8
DEFAULT
 10
-191.0054160276073
 20
243.6681365030675
 30
0.0
  0
VERTEX
  5
EBF
  8
DEFAULT
 10
-191.0184052408188
 20
243.6817764251022
 30
0.0
  0
VERTEX
  5
EC0
  8
DEFAULT
 10
-191.0310383116053
 20
243.6957491905249
 30
0.0
  0
VERTEX
  5
EC1
  8
DEFAULT
 10
-191.0433152399667
 20
243.7100547993354
 30
0.0
  0
VERTEX
  5
EC2
  8
DEFAULT
 10
-191.0552360259032
 20
243.7246932515337
 30
0.0
  0
VERTEX
  5
EC3
  8
DEFAULT
 10
-191.0668006694146
 20
243.73966454712
 30
0.0
  0
VERTEX
  5
EC4
  8
DEFAULT
 10
-191.078009170501
 20
243.7549686860941
 30
0.0
  0
VERTEX
  5
EC5
  8
DEFAULT
 10
-191.0888615291624
 20
243.770605668456
 30
0.0
  0
VERTEX
  5
EC6
  8
DEFAULT
 10
-191.0993577453988
 20
243.7865754942059
 30
0.0
  0
VERTEX
  5
EC7
  8
DEFAULT
 10
-191.1094978192101
 20
243.8028781633436
 30
0.0
  0
VERTEX
  5
EC8
  8
DEFAULT
 10
-191.1192817505965
 20
243.8195136758691
 30
0.0
  0
VERTEX
  5
EC9
  8
DEFAULT
 10
-191.1287095395578
 20
243.8364820317826
 30
0.0
  0
VERTEX
  5
ECA
  8
DEFAULT
 10
-191.1377811860941
 20
243.8537832310838
 30
0.0
  0
VERTEX
  5
ECB
  8
DEFAULT
 10
-191.1464966902053
 20
243.871417273773
 30
0.0
  0
VERTEX
  5
ECC
  8
DEFAULT
 10
-191.1548560518916
 20
243.88938415985
 30
0.0
  0
VERTEX
  5
ECD
  8
DEFAULT
 10
-191.1628592711529
 20
243.9076838893149
 30
0.0
  0
VERTEX
  5
ECE
  8
DEFAULT
 10
-191.1705063479891
 20
243.9263164621677
 30
0.0
  0
VERTEX
  5
ECF
  8
DEFAULT
 10
-191.1777972824003
 20
243.9452818784083
 30
0.0
  0
VERTEX
  5
ED0
  8
DEFAULT
 10
-191.1847320743865
 20
243.9645801380368
 30
0.0
  0
VERTEX
  5
ED1
  8
DEFAULT
 10
-191.1913107239477
 20
243.9842112410532
 30
0.0
  0
VERTEX
  5
ED2
  8
DEFAULT
 10
-191.1975332310839
 20
244.0041751874574
 30
0.0
  0
VERTEX
  5
ED3
  8
DEFAULT
 10
-191.203399595795
 20
244.0244719772495
 30
0.0
  0
VERTEX
  5
ED4
  8
DEFAULT
 10
-191.2089098180811
 20
244.0451016104295
 30
0.0
  0
VERTEX
  5
ED5
  8
DEFAULT
 10
-191.2140638979423
 20
244.0660640869973
 30
0.0
  0
VERTEX
  5
ED6
  8
DEFAULT
 10
-191.2188618353783
 20
244.087359406953
 30
0.0
  0
VERTEX
  5
ED7
  8
DEFAULT
 10
-191.2233036303894
 20
244.1089875702965
 30
0.0
  0
VERTEX
  5
ED8
  8
DEFAULT
 10
-191.2273892829755
 20
244.1309485770279
 30
0.0
  0
VERTEX
  5
ED9
  8
DEFAULT
 10
-191.2311187931365
 20
244.1532424271472
 30
0.0
  0
VERTEX
  5
EDA
  8
DEFAULT
 10
-191.2344921608725
 20
244.1758691206544
 30
0.0
  0
SEQEND
  5
EDB
  8
DEFAULT
  0
POLYLINE
  5
EDC
  8
DEFAULT
 66
     1
 10
0.0
 20
0.0
 30
0.0
 70
     1
  0
VERTEX
  5
EDD
  8
DEFAULT
 10
-193.9509202453988
 20
246.9093387866394
 30
0.0
  0
VERTEX
  5
EDE
  8
DEFAULT
 10
-193.9509202453988
 20
243.0
 30
0.0
  0
VERTEX
  5
EDF
  8
DEFAULT
 10
-193.3374233128834
 20
243.0
 30
0.0
  0
VERTEX
  5
EE0
  8
DEFAULT
 10
-193.3374233128834
 20
248.0170415814588
 30
0.0
  0
VERTEX
  5
EE1
  8
DEFAULT
 10
-193.7327880027266
 20
248.0170415814588
 30
0.0
 42
-0.1556077872199518
  0
VERTEX
  5
EE2
  8
DEFAULT
 10
-195.1779141104294
 20
246.7627811860941
 30
0.0
  0
VERTEX
  5
EE3
  8
DEFAULT
 10
-195.1779141104294
 20
246.1697341513292
 30
0.0
 42
0.0864966478079446
  0
SEQEND
  5
EE4
  8
DEFAULT
  0
POLYLINE
  5
EE5
  8
DEFAULT
 66
     1
 10
0.0
 20
0.0
 30
0.0
 70
     1
  0
VERTEX
  5
EE6
  8
DEFAULT
 10
-198.8145875937287
 20
244.7518745739605
 30
0.0
  0
VERTEX
  5
EE7
  8
DEFAULT
 10
-198.8326011266364
 20
244.6742688096455
 30
0.0
  0
VERTEX
  5
EE8
  8
DEFAULT
 10
-198.8525584584284
 20
244.5990861451943
 30
0.0
  0
VERTEX
  5
EE9
  8
DEFAULT
 10
-198.8744595891046
 20
244.5263265806067
 30
0.0
  0
VERTEX
  5
EEA
  8
DEFAULT
 10
-198.8861390790244
 20
244.4908554607618
 30
0.0
  0
VERTEX
  5
EEB
  8
DEFAULT
 10
-198.8983045186652
 20
244.4559901158827
 30
0.0
  0
VERTEX
  5
EEC
  8
DEFAULT
 10
-198.9109559080271
 20
244.4217305459696
 30
0.0
  0
VERTEX
  5
EED
  8
DEFAULT
 10
-198.9240932471101
 20
244.3880767510225
 30
0.0
  0
VERTEX
  5
EEE
  8
DEFAULT
 10
-198.9377165359141
 20
244.3550287310412
 30
0.0
  0
VERTEX
  5
EEF
  8
DEFAULT
 10
-198.9518257744392
 20
244.3225864860259
 30
0.0
  0
VERTEX
  5
EF0
  8
DEFAULT
 10
-198.9664209626854
 20
244.2907500159765
 30
0.0
  0
VERTEX
  5
EF1
  8
DEFAULT
 10
-198.9815021006526
 20
244.259519320893
 30
0.0
  0
VERTEX
  5
EF2
  8
DEFAULT
 10
-198.997069188341
 20
244.2288944007754
 30
0.0
  0
VERTEX
  5
EF3
  8
DEFAULT
 10
-199.0131222257504
 20
244.1988752556237
 30
0.0
  0
VERTEX
  5
EF4
  8
DEFAULT
 10
-199.0296612128809
 20
244.169461885438
 30
0.0
  0
VERTEX
  5
EF5
  8
DEFAULT
 10
-199.0466861497324
 20
244.1406542902181
 30
0.0
  0
VERTEX
  5
EF6
  8
DEFAULT
 10
-199.064197036305
 20
244.1124524699642
 30
0.0
  0
VERTEX
  5
EF7
  8
DEFAULT
 10
-199.0821938725987
 20
244.0848564246762
 30
0.0
  0
VERTEX
  5
EF8
  8
DEFAULT
 10
-199.1006766586135
 20
244.0578661543541
 30
0.0
  0
VERTEX
  5
EF9
  8
DEFAULT
 10
-199.1196453943493
 20
244.031481658998
 30
0.0
  0
VERTEX
  5
EFA
  8
DEFAULT
 10
-199.1391000798062
 20
244.0057029386077
 30
0.0
  0
VERTEX
  5
EFB
  8
DEFAULT
 10
-199.1590407149842
 20
243.9805299931834
 30
0.0
  0
VERTEX
  5
EFC
  8
DEFAULT
 10
-199.1794672998833
 20
243.9559628227249
 30
0.0
  0
VERTEX
  5
EFD
  8
DEFAULT
 10
-199.2003798345034
 20
243.9320014272324
 30
0.0
  0
VERTEX
  5
EFE
  8
DEFAULT
 10
-199.2217783188447
 20
243.9086458067059
 30
0.0
  0
VERTEX
  5
EFF
  8
DEFAULT
 10
-199.2436627529069
 20
243.8858959611452
 30
0.0
  0
VERTEX
  5
F00
  8
DEFAULT
 10
-199.2660331366903
 20
243.8637518905504
 30
0.0
  0
VERTEX
  5
F01
  8
DEFAULT
 10
-199.2888894701947
 20
243.8422135949216
 30
0.0
  0
VERTEX
  5
F02
  8
DEFAULT
 10
-199.3122317534201
 20
243.8212810742587
 30
0.0
  0
VERTEX
  5
F03
  8
DEFAULT
 10
-199.3360599863667
 20
243.8009543285617
 30
0.0
  0
VERTEX
  5
F04
  8
DEFAULT
 10
-199.3602976418712
 20
243.7812433431322
 30
0.0
  0
VERTEX
  5
F05
  8
DEFAULT
 10
-199.3848681407634
 20
243.762158103272
 30
0.0
  0
VERTEX
  5
F06
  8
DEFAULT
 10
-199.4097714830436
 20
243.7436986089809
 30
0.0
  0
VERTEX
  5
F07
  8
DEFAULT
 10
-199.4350076687116
 20
243.725864860259
 30
0.0
  0
VERTEX
  5
F08
  8
DEFAULT
 10
-199.4605766977676
 20
243.7086568571063
 30
0.0
  0
VERTEX
  5
F09
  8
DEFAULT
 10
-199.4864785702113
 20
243.6920745995228
 30
0.0
  0
VERTEX
  5
F0A
  8
DEFAULT
 10
-199.512713286043
 20
243.6761180875085
 30
0.0
  0
VERTEX
  5
F0B
  8
DEFAULT
 10
-199.5392808452625
 20
243.6607873210634
 30
0.0
  0
VERTEX
  5
F0C
  8
DEFAULT
 10
-199.5661812478698
 20
243.6460823001875
 30
0.0
  0
VERTEX
  5
F0D
  8
DEFAULT
 10
-199.5934144938651
 20
243.6320030248807
 30
0.0
  0
VERTEX
  5
F0E
  8
DEFAULT
 10
-199.6209805832481
 20
243.6185494951432
 30
0.0
  0
VERTEX
  5
F0F
  8
DEFAULT
 10
-199.6488795160191
 20
243.6057217109748
 30
0.0
  0
VERTEX
  5
F10
  8
DEFAULT
 10
-199.6771112921779
 20
243.5935196723756
 30
0.0
  0
VERTEX
  5
F11
  8
DEFAULT
 10
-199.7056759117246
 20
243.5819433793456
 30
0.0
  0
VERTEX
  5
F12
  8
DEFAULT
 10
-199.7345733746592
 20
243.5709928318848
 30
0.0
  0
VERTEX
  5
F13
  8
DEFAULT
 10
-199.7638036809816
 20
243.5606680299932
 30
0.0
  0
VERTEX
  5
F14
  8
DEFAULT
 10
-199.7933668306919
 20
243.5509689736708
 30
0.0
  0
VERTEX
  5
F15
  8
DEFAULT
 10
-199.8232628237901
 20
243.5418956629175
 30
0.0
  0
VERTEX
  5
F16
  8
DEFAULT
 10
-199.8534916602761
 20
243.5334480977335
 30
0.0
  0
VERTEX
  5
F17
  8
DEFAULT
 10
-199.88405334015
 20
243.5256262781186
 30
0.0
  0
VERTEX
  5
F18
  8
DEFAULT
 10
-199.9149478634117
 20
243.5184302040729
 30
0.0
  0
VERTEX
  5
F19
  8
DEFAULT
 10
-199.9461752300613
 20
243.5118598755964
 30
0.0
  0
VERTEX
  5
F1A
  8
DEFAULT
 10
-199.9777354400988
 20
243.5059152926892
 30
0.0
  0
VERTEX
  5
F1B
  8
DEFAULT
 10
-200.0096284935242
 20
243.5005964553511
 30
0.0
  0
VERTEX
  5
F1C
  8
DEFAULT
 10
-200.0418543903374
 20
243.4959033635822
 30
0.0
  0
VERTEX
  5
F1D
  8
DEFAULT
 10
-200.0744131305385
 20
243.4918360173824
 30
0.0
  0
VERTEX
  5
F1E
  8
DEFAULT
 10
-200.1073047141275
 20
243.4883944167519
 30
0.0
  0
VERTEX
  5
F1F
  8
DEFAULT
 10
-200.1405291411043
 20
243.4855785616905
 30
0.0
  0
VERTEX
  5
F20
  8
DEFAULT
 10
-200.174086411469
 20
243.4833884521984
 30
0.0
  0
VERTEX
  5
F21
  8
DEFAULT
 10
-200.2079765252215
 20
243.4818240882754
 30
0.0
  0
VERTEX
  5
F22
  8
DEFAULT
 10
-200.2421994823619
 20
243.4808854699216
 30
0.0
  0
VERTEX
  5
F23
  8
DEFAULT
 10
-200.2767552828902
 20
243.480572597137
 30
0.0
  0
VERTEX
  5
F24
  8
DEFAULT
 10
-200.3335916198023
 20
243.4814912448875
 30
0.0
  0
VERTEX
  5
F25
  8
DEFAULT
 10
-200.3899220347648
 20
243.4842471881391
 30
0.0
  0
VERTEX
  5
F26
  8
DEFAULT
 10
-200.4457465277778
 20
243.4888404268916
 30
0.0
  0
VERTEX
  5
F27
  8
DEFAULT
 10
-200.5010650988412
 20
243.4952709611452
 30
0.0
  0
VERTEX
  5
F28
  8
DEFAULT
 10
-200.555877747955
 20
243.5035387908998
 30
0.0
  0
VERTEX
  5
F29
  8
DEFAULT
 10
-200.6101844751193
 20
243.5136439161554
 30
0.0
  0
VERTEX
  5
F2A
  8
DEFAULT
 10
-200.663985280334
 20
243.5255863369121
 30
0.0
  0
VERTEX
  5
F2B
  8
DEFAULT
 10
-200.7172801635992
 20
243.5393660531697
 30
0.0
  0
VERTEX
  5
F2C
  8
DEFAULT
 10
-200.7700691249148
 20
243.5549830649284
 30
0.0
  0
VERTEX
  5
F2D
  8
DEFAULT
 10
-200.8223521642809
 20
243.5724373721881
 30
0.0
  0
VERTEX
  5
F2E
  8
DEFAULT
 10
-200.8741292816974
 20
243.5917289749489
 30
0.0
  0
VERTEX
  5
F2F
  8
DEFAULT
 10
-200.9254004771643
 20
243.6128578732106
 30
0.0
  0
VERTEX
  5
F30
  8
DEFAULT
 10
-200.9761657506817
 20
243.6358240669734
 30
0.0
  0
VERTEX
  5
F31
  8
DEFAULT
 10
-201.0264251022495
 20
243.6606275562372
 30
0.0
  0
VERTEX
  5
F32
  8
DEFAULT
 10
-201.0761785318678
 20
243.687268341002
 30
0.0
  0
VERTEX
  5
F33
  8
DEFAULT
 10
-201.1254260395365
 20
243.7157464212679
 30
0.0
  0
VERTEX
  5
F34
  8
DEFAULT
 10
-201.1497219426338
 20
243.7306794398645
 30
0.0
  0
VERTEX
  5
F35
  8
DEFAULT
 10
-201.1736151052318
 20
243.746081767638
 30
0.0
  0
VERTEX
  5
F36
  8
DEFAULT
 10
-201.1971055273305
 20
243.7619534045884
 30
0.0
  0
VERTEX
  5
F37
  8
DEFAULT
 10
-201.2201932089298
 20
243.7782943507157
 30
0.0
  0
VERTEX
  5
F38
  8
DEFAULT
 10
-201.2428781500298
 20
243.7951046060199
 30
0.0
  0
VERTEX
  5
F39
  8
DEFAULT
 10
-201.2651603506305
 20
243.812384170501
 30
0.0
  0
VERTEX
  5
F3A
  8
DEFAULT
 10
-201.2870398107319
 20
243.830133044159
 30
0.0
  0
VERTEX
  5
F3B
  8
DEFAULT
 10
-201.308516530334
 20
243.8483512269938
 30
0.0
  0
VERTEX
  5
F3C
  8
DEFAULT
 10
-201.3295905094368
 20
243.8670387190056
 30
0.0
  0
VERTEX
  5
F3D
  8
DEFAULT
 10
-201.3502617480403
 20
243.8861955201942
 30
0.0
  0
VERTEX
  5
F3E
  8
DEFAULT
 10
-201.3705302461444
 20
243.9058216305598
 30
0.0
  0
VERTEX
  5
F3F
  8
DEFAULT
 10
-201.3903960037492
 20
243.9259170501022
 30
0.0
  0
VERTEX
  5
F40
  8
DEFAULT
 10
-201.4098590208546
 20
243.9464817788216
 30
0.0
  0
VERTEX
  5
F41
  8
DEFAULT
 10
-201.4289192974608
 20
243.9675158167178
 30
0.0
  0
VERTEX
  5
F42
  8
DEFAULT
 10
-201.4475768335677
 20
243.9890191637909
 30
0.0
  0
VERTEX
  5
F43
  8
DEFAULT
 10
-201.4658316291752
 20
244.0109918200409
 30
0.0
  0
VERTEX
  5
F44
  8
DEFAULT
 10
-201.4836836842834
 20
244.0334337854678
 30
0.0
  0
VERTEX
  5
F45
  8
DEFAULT
 10
-201.5011329988923
 20
244.0563450600715
 30
0.0
  0
VERTEX
  5
F46
  8
DEFAULT
 10
-201.5181795730019
 20
244.0797256438522
 30
0.0
  0
VERTEX
  5
F47
  8
DEFAULT
 10
-201.5348234066121
 20
244.1035755368098
 30
0.0
  0
VERTEX
  5
F48
  8
DEFAULT
 10
-201.5510644997231
 20
244.1278947389442
 30
0.0
  0
VERTEX
  5
F49
  8
DEFAULT
 10
-201.5669028523347
 20
244.1526832502556
 30
0.0
  0
VERTEX
  5
F4A
  8
DEFAULT
 10
-201.582338464447
 20
244.1779410707438
 30
0.0
  0
VERTEX
  5
F4B
  8
DEFAULT
 10
-201.59737133606
 20
244.203668200409
 30
0.0
  0
VERTEX
  5
F4C
  8
DEFAULT
 10
-201.6120014671737
 20
244.229864639251
 30
0.0
  0
VERTEX
  5
F4D
  8
DEFAULT
 10
-201.626228857788
 20
244.2565303872699
 30
0.0
  0
VERTEX
  5
F4E
  8
DEFAULT
 10
-201.640053507903
 20
244.2836654444657
 30
0.0
  0
VERTEX
  5
F4F
  8
DEFAULT
 10
-201.6534754175188
 20
244.3112698108384
 30
0.0
  0
VERTEX
  5
F50
  8
DEFAULT
 10
-201.6664945866352
 20
244.339343486388
 30
0.0
  0
VERTEX
  5
F51
  8
DEFAULT
 10
-201.6791110152523
 20
244.3678864711145
 30
0.0
  0
VERTEX
  5
F52
  8
DEFAULT
 10
-201.7031356509884
 20
244.4263803680982
 30
0.0
  0
VERTEX
  5
F53
  8
DEFAULT
 10
-201.7256292071404
 20
244.4864452858725
 30
0.0
  0
VERTEX
  5
F54
  8
DEFAULT
 10
-201.7466715661213
 20
244.5477750085208
 30
0.0
  0
VERTEX
  5
F55
  8
DEFAULT
 10
-201.7662627279311
 20
244.610369536043
 30
0.0
  0
VERTEX
  5
F56
  8
DEFAULT
 10
-201.7844026925699
 20
244.674228868439
 30
0.0
  0
VERTEX
  5
F57
  8
DEFAULT
 10
-201.8010914600375
 20
244.7393530057089
 30
0.0
  0
VERTEX
  5
F58
  8
DEFAULT
 10
-201.816329030334
 20
244.8057419478528
 30
0.0
  0
VERTEX
  5
F59
  8
DEFAULT
 10
-201.8301154034594
 20
244.8733956948705
 30
0.0
  0
VERTEX
  5
F5A
  8
DEFAULT
 10
-201.8424505794138
 20
244.9423142467621
 30
0.0
  0
VERTEX
  5
F5B
  8
DEFAULT
 10
-201.853334558197
 20
245.0124976035276
 30
0.0
  0
VERTEX
  5
F5C
  8
DEFAULT
 10
-201.8627673398091
 20
245.083945765167
 30
0.0
  0
VERTEX
  5
F5D
  8
DEFAULT
 10
-201.8707489242502
 20
245.1566587316803
 30
0.0
  0
VERTEX
  5
F5E
  8
DEFAULT
 10
-201.8772793115201
 20
245.2306365030675
 30
0.0
  0
VERTEX
  5
F5F
  8
DEFAULT
 10
-201.8823585016189
 20
245.3058790793286
 30
0.0
  0
VERTEX
  5
F60
  8
DEFAULT
 10
-201.8859864945467
 20
245.3823864604635
 30
0.0
  0
VERTEX
  5
F61
  8
DEFAULT
 10
-201.8881632903033
 20
245.4601586464724
 30
0.0
  0
VERTEX
  5
F62
  8
DEFAULT
 10
-201.8888888888889
 20
245.5391956373551
 30
0.0
  0
VERTEX
  5
F63
  8
DEFAULT
 10
-201.8882764570552
 20
245.6008582033913
 30
0.0
  0
VERTEX
  5
F64
  8
DEFAULT
 10
-201.8864391615542
 20
245.6622944359237
 30
0.0
  0
VERTEX
  5
F65
  8
DEFAULT
 10
-201.8833770023858
 20
245.7235043349523
 30
0.0
  0
VERTEX
  5
F66
  8
DEFAULT
 10
-201.8790899795501
 20
245.7844879004772
 30
0.0
  0
VERTEX
  5
F67
  8
DEFAULT
 10
-201.873578093047
 20
245.8452451324983
 30
0.0
  0
VERTEX
  5
F68
  8
DEFAULT
 10
-201.8668413428766
 20
245.9057760310157
 30
0.0
  0
VERTEX
  5
F69
  8
DEFAULT
 10
-201.8588797290388
 20
245.9660805960293
 30
0.0
  0
VERTEX
  5
F6A
  8
DEFAULT
 10
-201.8496932515337
 20
246.0261588275392
 30
0.0
  0
VERTEX
  5
F6B
  8
DEFAULT
 10
-201.8392819103613
 20
246.0860107255453
 30
0.0
  0
VERTEX
  5
F6C
  8
DEFAULT
 10
-201.8276457055215
 20
246.1456362900477
 30
0.0
  0
VERTEX
  5
F6D
  8
DEFAULT
 10
-201.8147846370143
 20
246.2050355210463
 30
0.0
  0
VERTEX
  5
F6E
  8
DEFAULT
 10
-201.8006987048398
 20
246.2642084185412
 30
0.0
  0
VERTEX
  5
F6F
  8
DEFAULT
 10
-201.785387908998
 20
246.3231549825324
 30
0.0
  0
VERTEX
  5
F70
  8
DEFAULT
 10
-201.7688522494888
 20
246.3818752130198
 30
0.0
  0
VERTEX
  5
F71
  8
DEFAULT
 10
-201.7510917263122
 20
246.4403691100034
 30
0.0
  0
VERTEX
  5
F72
  8
DEFAULT
 10
-201.7321063394683
 20
246.4986366734833
 30
0.0
  0
VERTEX
  5
F73
  8
DEFAULT
 10
-201.7220827608427
 20
246.5275291437671
 30
0.0
  0
VERTEX
  5
F74
  8
DEFAULT
 10
-201.7116098436435
 20
246.5560521578903
 30
0.0
  0
VERTEX
  5
F75
  8
DEFAULT
 10
-201.7006875878707
 20
246.5842057158529
 30
0.0
  0
VERTEX
  5
F76
  8
DEFAULT
 10
-201.6893159935242
 20
246.6119898176551
 30
0.0
  0
VERTEX
  5
F77
  8
DEFAULT
 10
-201.6774950606041
 20
246.6394044632967
 30
0.0
  0
VERTEX
  5
F78
  8
DEFAULT
 10
-201.6652247891105
 20
246.6664496527778
 30
0.0
  0
VERTEX
  5
F79
  8
DEFAULT
 10
-201.6525051790431
 20
246.6931253860983
 30
0.0
  0
VERTEX
  5
F7A
  8
DEFAULT
 10
-201.6393362304022
 20
246.7194316632583
 30
0.0
  0
VERTEX
  5
F7B
  8
DEFAULT
 10
-201.6257179431876
 20
246.7453684842578
 30
0.0
  0
VERTEX
  5
F7C
  8
DEFAULT
 10
-201.6116503173995
 20
246.7709358490968
 30
0.0
  0
VERTEX
  5
F7D
  8
DEFAULT
 10
-201.5971333530377
 20
246.7961337577752
 30
0.0
  0
VERTEX
  5
F7E
  8
DEFAULT
 10
-201.5821670501023
 20
246.8209622102931
 30
0.0
  0
VERTEX
  5
F7F
  8
DEFAULT
 10
-201.5667514085932
 20
246.8454212066505
 30
0.0
  0
VERTEX
  5
F80
  8
DEFAULT
 10
-201.5508864285106
 20
246.8695107468473
 30
0.0
  0
VERTEX
  5
F81
  8
DEFAULT
 10
-201.5345721098543
 20
246.8932308308836
 30
0.0
  0
VERTEX
  5
F82
  8
DEFAULT
 10
-201.5178084526244
 20
246.9165814587594
 30
0.0
  0
VERTEX
  5
F83
  8
DEFAULT
 10
-201.5005954568209
 20
246.9395626304746
 30
0.0
  0
VERTEX
  5
F84
  8
DEFAULT
 10
-201.4829331224438
 20
246.9621743460293
 30
0.0
  0
VERTEX
  5
F85
  8
DEFAULT
 10
-201.464821449493
 20
246.9844166054235
 30
0.0
  0
VERTEX
  5
F86
  8
DEFAULT
 10
-201.4462604379686
 20
247.0062894086571
 30
0.0
  0
VERTEX
  5
F87
  8
DEFAULT
 10
-201.4272500878707
 20
247.0277927557302
 30
0.0
  0
VERTEX
  5
F88
  8
DEFAULT
 10
-201.4077903991991
 20
247.0489266466428
 30
0.0
  0
VERTEX
  5
F89
  8
DEFAULT
 10
-201.3878813719538
 20
247.0696910813948
 30
0.0
  0
VERTEX
  5
F8A
  8
DEFAULT
 10
-201.367523006135
 20
247.0900860599864
 30
0.0
  0
VERTEX
  5
F8B
  8
DEFAULT
 10
-201.3467153017425
 20
247.1101115824174
 30
0.0
  0
VERTEX
  5
F8C
  8
DEFAULT
 10
-201.3254582587764
 20
247.1297676486878
 30
0.0
  0
VERTEX
  5
F8D
  8
DEFAULT
 10
-201.3037518772367
 20
247.1490542587977
 30
0.0
  0
VERTEX
  5
F8E
  8
DEFAULT
 10
-201.2815961571234
 20
247.1679714127471
 30
0.0
  0
VERTEX
  5
F8F
  8
DEFAULT
 10
-201.2589910984364
 20
247.186519110536
 30
0.0
  0
VERTEX
  5
F90
  8
DEFAULT
 10
-201.2359367011759
 20
247.2046973521643
 30
0.0
  0
VERTEX
  5
F91
  8
DEFAULT
 10
-201.2124329653417
 20
247.2225061376321
 30
0.0
  0
VERTEX
  5
F92
  8
DEFAULT
 10
-201.1884798909339
 20
247.2399454669393
 30
0.0
  0
VERTEX
  5
F93
  8
DEFAULT
 10
-201.164117419159
 20
247.2569304650222
 30
0.0
  0
VERTEX
  5
F94
  8
DEFAULT
 10
-201.1393854912236
 20
247.2733762568166
 30
0.0
  0
VERTEX
  5
F95
  8
DEFAULT
 10
-201.1142841071276
 20
247.2892828423228
 30
0.0
  0
VERTEX
  5
F96
  8
DEFAULT
 10
-201.0888132668712
 20
247.3046502215406
 30
0.0
  0
VERTEX
  5
F97
  8
DEFAULT
 10
-201.0629729704542
 20
247.31947839447
 30
0.0
  0
VERTEX
  5
F98
  8
DEFAULT
 10
-201.0367632178766
 20
247.3337673611111
 30
0.0
  0
VERTEX
  5
F99
  8
DEFAULT
 10
-201.0101840091386
 20
247.3475171214639
 30
0.0
  0
VERTEX
  5
F9A
  8
DEFAULT
 10
-200.9832353442399
 20
247.3607276755283
 30
0.0
  0
VERTEX
  5
F9B
  8
DEFAULT
 10
-200.9559172231808
 20
247.3733990233044
 30
0.0
  0
VERTEX
  5
F9C
  8
DEFAULT
 10
-200.9282296459612
 20
247.3855311647921
 30
0.0
  0
VERTEX
  5
F9D
  8
DEFAULT
 10
-200.9001726125809
 20
247.3971240999915
 30
0.0
  0
VERTEX
  5
F9E
  8
DEFAULT
 10
-200.8717461230402
 20
247.4081778289025
 30
0.0
  0
VERTEX
  5
F9F
  8
DEFAULT
 10
-200.842950177339
 20
247.4186923515252
 30
0.0
  0
VERTEX
  5
FA0
  8
DEFAULT
 10
-200.8137847754772
 20
247.4286676678596
 30
0.0
  0
VERTEX
  5
FA1
  8
DEFAULT
 10
-200.7842499174548
 20
247.4381037779056
 30
0.0
  0
VERTEX
  5
FA2
  8
DEFAULT
 10
-200.754345603272
 20
247.4470006816633
 30
0.0
  0
VERTEX
  5
FA3
  8
DEFAULT
 10
-200.7240718329286
 20
247.4553583791326
 30
0.0
  0
VERTEX
  5
FA4
  8
DEFAULT
 10
-200.6934286064247
 20
247.4631768703136
 30
0.0
  0
VERTEX
  5
FA5
  8
DEFAULT
 10
-200.6624159237602
 20
247.4704561552062
 30
0.0
  0
VERTEX
  5
FA6
  8
DEFAULT
 10
-200.6310337849353
 20
247.4771962338105
 30
0.0
  0
VERTEX
  5
FA7
  8
DEFAULT
 10
-200.5992821899497
 20
247.4833971061265
 30
0.0
  0
VERTEX
  5
FA8
  8
DEFAULT
 10
-200.5671611388037
 20
247.4890587721541
 30
0.0
  0
VERTEX
  5
FA9
  8
DEFAULT
 10
-200.5346706314971
 20
247.4941812318933
 30
0.0
  0
VERTEX
  5
FAA
  8
DEFAULT
 10
-200.50181066803
 20
247.4987644853443
 30
0.0
  0
VERTEX
  5
FAB
  8
DEFAULT
 10
-200.4349823726141
 20
247.506313373381
 30
0.0
  0
VERTEX
  5
FAC
  8
DEFAULT
 10
-200.3666762525562
 20
247.5117054362645
 30
0.0
  0
VERTEX
  5
FAD
  8
DEFAULT
 10
-200.2968923078562
 20
247.5149406739945
 30
0.0
  0
VERTEX
  5
FAE
  8
DEFAULT
 10
-200.225630538514
 20
247.5160190865712
 30
0.0
  0
VERTEX
  5
FAF
  8
DEFAULT
 10
-200.1636684134288
 20
247.5150471838787
 30
0.0
  0
VERTEX
  5
FB0
  8
DEFAULT
 10
-200.103037661895
 20
247.512131475801
 30
0.0
  0
VERTEX
  5
FB1
  8
DEFAULT
 10
-200.0437382839127
 20
247.5072719623381
 30
0.0
  0
VERTEX
  5
FB2
  8
DEFAULT
 10
-200.0145878600034
 20
247.5041132785873
 30
0.0
  0
VERTEX
  5
FB3
  8
DEFAULT
 10
-199.9857702794819
 20
247.5004686434901
 30
0.0
  0
VERTEX
  5
FB4
  8
DEFAULT
 10
-199.9572855423483
 20
247.4963380570467
 30
0.0
  0
VERTEX
  5
FB5
  8
DEFAULT
 10
-199.9291336486026
 20
247.491721519257
 30
0.0
  0
VERTEX
  5
FB6
  8
DEFAULT
 10
-199.9013145982447
 20
247.486619030121
 30
0.0
  0
VERTEX
  5
FB7
  8
DEFAULT
 10
-199.8738283912747
 20
247.4810305896387
 30
0.0
  0
VERTEX
  5
FB8
  8
DEFAULT
 10
-199.8466750276926
 20
247.4749561978102
 30
0.0
  0
VERTEX
  5
FB9
  8
DEFAULT
 10
-199.8198545074983
 20
247.4683958546353
 30
0.0
  0
VERTEX
  5
FBA
  8
DEFAULT
 10
-199.7933668306919
 20
247.4613495601142
 30
0.0
  0
VERTEX
  5
FBB
  8
DEFAULT
 10
-199.7672119972733
 20
247.4538173142468
 30
0.0
  0
VERTEX
  5
FBC
  8
DEFAULT
 10
-199.7413900072426
 20
247.4457991170331
 30
0.0
  0
VERTEX
  5
FBD
  8
DEFAULT
 10
-199.7159008605998
 20
247.4372949684731
 30
0.0
  0
VERTEX
  5
FBE
  8
DEFAULT
 10
-199.6907445573449
 20
247.4283048685668
 30
0.0
  0
VERTEX
  5
FBF
  8
DEFAULT
 10
-199.6659210974778
 20
247.4188288173142
 30
0.0
  0
VERTEX
  5
FC0
  8
DEFAULT
 10
-199.6414304809987
 20
247.4088668147154
 30
0.0
  0
VERTEX
  5
FC1
  8
DEFAULT
 10
-199.6172727079073
 20
247.3984188607703
 30
0.0
  0
VERTEX
  5
FC2
  8
DEFAULT
 10
-199.5934477782038
 20
247.3874849554789
 30
0.0
  0
VERTEX
  5
FC3
  8
DEFAULT
 10
-199.5699556918882
 20
247.3760650988412
 30
0.0
  0
VERTEX
  5
FC4
  8
DEFAULT
 10
-199.5467964489605
 20
247.3641592908572
 30
0.0
  0
VERTEX
  5
FC5
  8
DEFAULT
 10
-199.5239700494206
 20
247.3517675315269
 30
0.0
  0
VERTEX
  5
FC6
  8
DEFAULT
 10
-199.5014764932685
 20
247.3388898208503
 30
0.0
  0
VERTEX
  5
FC7
  8
DEFAULT
 10
-199.4793157805044
 20
247.3255261588275
 30
0.0
  0
VERTEX
  5
FC8
  8
DEFAULT
 10
-199.4574879111281
 20
247.3116765454584
 30
0.0
  0
VERTEX
  5
FC9
  8
DEFAULT
 10
-199.4359928851397
 20
247.297340980743
 30
0.0
  0
VERTEX
  5
FCA
  8
DEFAULT
 10
-199.4148307025392
 20
247.2825194646813
 30
0.0
  0
VERTEX
  5
FCB
  8
DEFAULT
 10
-199.3940013633265
 20
247.2672119972733
 30
0.0
  0
VERTEX
  5
FCC
  8
DEFAULT
 10
-199.3734915537662
 20
247.2513719804448
 30
0.0
  0
VERTEX
  5
FCD
  8
DEFAULT
 10
-199.3532879601227
 20
247.2349528161213
 30
0.0
  0
VERTEX
  5
FCE
  8
DEFAULT
 10
-199.333390582396
 20
247.217954504303
 30
0.0
  0
VERTEX
  5
FCF
  8
DEFAULT
 10
-199.3137994205862
 20
247.2003770449898
 30
0.0
  0
VERTEX
  5
FD0
  8
DEFAULT
 10
-199.2945144746932
 20
247.1822204381816
 30
0.0
  0
VERTEX
  5
FD1
  8
DEFAULT
 10
-199.2755357447171
 20
247.1634846838786
 30
0.0
  0
VERTEX
  5
FD2
  8
DEFAULT
 10
-199.2568632306578
 20
247.1441697820808
 30
0.0
  0
VERTEX
  5
FD3
  8
DEFAULT
 10
-199.2384969325153
 20
247.124275732788
 30
0.0
  0
VERTEX
  5
FD4
  8
DEFAULT
 10
-199.2204368502897
 20
247.1038025360004
 30
0.0
  0
VERTEX
  5
FD5
  8
DEFAULT
 10
-199.2026829839809
 20
247.0827501917178
 30
0.0
  0
VERTEX
  5
FD6
  8
DEFAULT
 10
-199.1852353335889
 20
247.0611186999404
 30
0.0
  0
VERTEX
  5
FD7
  8
DEFAULT
 10
-199.1680938991138
 20
247.038908060668
 30
0.0
  0
VERTEX
  5
FD8
  8
DEFAULT
 10
-199.1512586805555
 20
247.0161182739008
 30
0.0
  0
VERTEX
  5
FD9
  8
DEFAULT
 10
-199.1347296779141
 20
246.9927493396387
 30
0.0
  0
VERTEX
  5
FDA
  8
DEFAULT
 10
-199.1185068911895
 20
246.9688012578817
 30
0.0
  0
VERTEX
  5
FDB
  8
DEFAULT
 10
-199.1025903203817
 20
246.9442740286298
 30
0.0
  0
VERTEX
  5
FDC
  8
DEFAULT
 10
-199.0869799654908
 20
246.9191676518831
 30
0.0
  0
VERTEX
  5
FDD
  8
DEFAULT
 10
-199.0716758265167
 20
246.8934821276414
 30
0.0
  0
VERTEX
  5
FDE
  8
DEFAULT
 10
-199.0566779034594
 20
246.8672174559049
 30
0.0
  0
VERTEX
  5
FDF
  8
DEFAULT
 10
-199.041986196319
 20
246.8403736366735
 30
0.0
  0
VERTEX
  5
FE0
  8
DEFAULT
 10
-199.0135214297887
 20
246.784948555726
 30
0.0
  0
VERTEX
  5
FE1
  8
DEFAULT
 10
-198.9862815269257
 20
246.7272068847989
 30
0.0
  0
VERTEX
  5
FE2
  8
DEFAULT
 10
-198.96026648773
 20
246.6671486238923
 30
0.0
  0
VERTEX
  5
FE3
  8
DEFAULT
 10
-198.9354763122018
 20
246.6047737730061
 30
0.0
  0
VERTEX
  5
FE4
  8
DEFAULT
 10
-198.9119110003408
 20
246.5400823321404
 30
0.0
  0
VERTEX
  5
FE5
  8
DEFAULT
 10
-198.8895705521472
 20
246.4730743012952
 30
0.0
  0
VERTEX
  5
FE6
  8
DEFAULT
 10
-198.2385821404226
 20
246.626448534424
 30
0.0
  0
VERTEX
  5
FE7
  8
DEFAULT
 10
-198.2649300230061
 20
246.711722961639
 30
0.0
  0
VERTEX
  5
FE8
  8
DEFAULT
 10
-198.2790126267468
 20
246.7534515152354
 30
0.0
  0
VERTEX
  5
FE9
  8
DEFAULT
 10
-198.2937010054533
 20
246.7945742954912
 30
0.0
  0
VERTEX
  5
FEA
  8
DEFAULT
 10
-198.3089951591258
 20
246.8350913024062
 30
0.0
  0
VERTEX
  5
FEB
  8
DEFAULT
 10
-198.3248950877642
 20
246.8750025359805
 30
0.0
  0
VERTEX
  5
FEC
  8
DEFAULT
 10
-198.3414007913685
 20
246.9143079962142
 30
0.0
  0
VERTEX
  5
FED
  8
DEFAULT
 10
-198.3585122699387
 20
246.9530076831071
 30
0.0
  0
VERTEX
  5
FEE
  8
DEFAULT
 10
-198.3762295234748
 20
246.9911015966593
 30
0.0
  0
VERTEX
  5
FEF
  8
DEFAULT
 10
-198.3945525519769
 20
247.0285897368709
 30
0.0
  0
VERTEX
  5
FF0
  8
DEFAULT
 10
-198.4134813554448
 20
247.0654721037417
 30
0.0
  0
VERTEX
  5
FF1
  8
DEFAULT
 10
-198.4330159338787
 20
247.1017486972718
 30
0.0
  0
VERTEX
  5
FF2
  8
DEFAULT
 10
-198.4531562872785
 20
247.1374195174612
 30
0.0
  0
VERTEX
  5
FF3
  8
DEFAULT
 10
-198.4739024156442
 20
247.1724845643099
 30
0.0
  0
VERTEX
  5
FF4
  8
DEFAULT
 10
-198.4952543189758
 20
247.2069438378179
 30
0.0
  0
VERTEX
  5
FF5
  8
DEFAULT
 10
-198.5172119972734
 20
247.2407973379852
 30
0.0
  0
VERTEX
  5
FF6
  8
DEFAULT
 10
-198.5397754505368
 20
247.2740450648117
 30
0.0
  0
VERTEX
  5
FF7
  8
DEFAULT
 10
-198.5629446787662
 20
247.3066870182976
 30
0.0
  0
VERTEX
  5
FF8
  8
DEFAULT
 10
-198.5867196819615
 20
247.3387231984428
 30
0.0
  0
VERTEX
  5
FF9
  8
DEFAULT
 10
-198.6111004601227
 20
247.3701536052473
 30
0.0
  0
VERTEX
  5
FFA
  8
DEFAULT
 10
-198.6360870132498
 20
247.400978238711
 30
0.0
  0
VERTEX
  5
FFB
  8
DEFAULT
 10
-198.6616793413429
 20
247.431197098834
 30
0.0
  0
VERTEX
  5
FFC
  8
DEFAULT
 10
-198.6878774444018
 20
247.4608101856164
 30
0.0
  0
VERTEX
  5
FFD
  8
DEFAULT
 10
-198.7146813224267
 20
247.489817499058
 30
0.0
  0
VERTEX
  5
FFE
  8
DEFAULT
 10
-198.7420909754175
 20
247.518219039159
 30
0.0
  0
VERTEX
  5
FFF
  8
DEFAULT
 10
-198.7701064033742
 20
247.5460148059192
 30
0.0
  0
VERTEX
  5
1000
  8
DEFAULT
 10
-198.7987276062969
 20
247.5732047993387
 30
0.0
  0
VERTEX
  5
1001
  8
DEFAULT
 10
-198.8279545841854
 20
247.5997890194176
 30
0.0
  0
VERTEX
  5
1002
  8
DEFAULT
 10
-198.8577873370399
 20
247.6257674661557
 30
0.0
  0
VERTEX
  5
1003
  8
DEFAULT
 10
-198.8882258648603
 20
247.6511401395531
 30
0.0
  0
VERTEX
  5
1004
  8
DEFAULT
 10
-198.9192701676466
 20
247.6759070396098
 30
0.0
  0
VERTEX
  5
1005
  8
DEFAULT
 10
-198.9509202453988
 20
247.7000681663258
 30
0.0
  0
VERTEX
  5
1006
  8
DEFAULT
 10
-198.9831062010055
 20
247.7235535957737
 30
0.0
  0
VERTEX
  5
1007
  8
DEFAULT
 10
-199.0157581373552
 20
247.7462934560327
 30
0.0
  0
VERTEX
  5
1008
  8
DEFAULT
 10
-199.0488760544479
 20
247.7682877471029
 30
0.0
  0
VERTEX
  5
1009
  8
DEFAULT
 10
-199.0824599522836
 20
247.7895364689843
 30
0.0
  0
VERTEX
  5
100A
  8
DEFAULT
 10
-199.1165098308623
 20
247.8100396216769
 30
0.0
  0
VERTEX
  5
100B
  8
DEFAULT
 10
-199.151025690184
 20
247.8297972051806
 30
0.0
  0
VERTEX
  5
100C
  8
DEFAULT
 10
-199.1860075302488
 20
247.8488092194956
 30
0.0
  0
VERTEX
  5
100D
  8
DEFAULT
 10
-199.2214553510566
 20
247.8670756646217
 30
0.0
  0
VERTEX
  5
100E
  8
DEFAULT
 10
-199.2573691526074
 20
247.884596540559
 30
0.0
  0
VERTEX
  5
100F
  8
DEFAULT
 10
-199.2937489349011
 20
247.9013718473074
 30
0.0
  0
VERTEX
  5
1010
  8
DEFAULT
 10
-199.330594697938
 20
247.9174015848671
 30
0.0
  0
VERTEX
  5
1011
  8
DEFAULT
 10
-199.3679064417178
 20
247.9326857532379
 30
0.0
  0
VERTEX
  5
1012
  8
DEFAULT
 10
-199.4056841662406
 20
247.9472243524199
 30
0.0
  0
VERTEX
  5
1013
  8
DEFAULT
 10
-199.4439278715065
 20
247.9610173824131
 30
0.0
  0
VERTEX
  5
1014
  8
DEFAULT
 10
-199.4826375575153
 20
247.9740648432174
 30
0.0
  0
VERTEX
  5
1015
  8
DEFAULT
 10
-199.5218132242672
 20
247.986366734833
 30
0.0
  0
VERTEX
  5
1016
  8
DEFAULT
 10
-199.5614548717621
 20
247.9979230572597
 30
0.0
  0
VERTEX
  5
1017
  8
DEFAULT
 10
-199.6015625
 20
248.0087338104976
 30
0.0
  0
VERTEX
  5
1018
  8
DEFAULT
 10
-199.6421361089809
 20
248.0187989945467
 30
0.0
  0
VERTEX
  5
1019
  8
DEFAULT
 10
-199.6831756987049
 20
248.0281186094069
 30
0.0
  0
VERTEX
  5
101A
  8
DEFAULT
 10
-199.7246812691718
 20
248.0366926550784
 30
0.0
  0
VERTEX
  5
101B
  8
DEFAULT
 10
-199.7666528203818
 20
248.044521131561
 30
0.0
  0
VERTEX
  5
101C
  8
DEFAULT
 10
-199.8090903523347
 20
248.0516040388548
 30
0.0
  0
VERTEX
  5
101D
  8
DEFAULT
 10
-199.8519938650307
 20
248.0579413769598
 30
0.0
  0
VERTEX
  5
101E
  8
DEFAULT
 10
-199.8953633584697
 20
248.0635331458759
 30
0.0
  0
VERTEX
  5
101F
  8
DEFAULT
 10
-199.9391988326517
 20
248.0683793456033
 30
0.0
  0
VERTEX
  5
1020
  8
DEFAULT
 10
-199.9835002875767
 20
248.0724799761418
 30
0.0
  0
VERTEX
  5
1021
  8
DEFAULT
 10
-200.0282677232447
 20
248.0758350374915
 30
0.0
  0
VERTEX
  5
1022
  8
DEFAULT
 10
-200.1192005368098
 20
248.0803084526244
 30
0.0
  0
VERTEX
  5
1023
  8
DEFAULT
 10
-200.211997273347
 20
248.081799591002
 30
0.0
  0
VERTEX
  5
1024
  8
DEFAULT
 10
-200.2942162470177
 20
248.080621325409
 30
0.0
  0
VERTEX
  5
1025
  8
DEFAULT
 10
-200.37556982788
 20
248.0770865286298
 30
0.0
  0
VERTEX
  5
1026
  8
DEFAULT
 10
-200.4560580159339
 20
248.0711952006646
 30
0.0
  0
VERTEX
  5
1027
  8
DEFAULT
 10
-200.5356808111793
 20
248.0629473415133
 30
0.0
  0
VERTEX
  5
1028
  8
DEFAULT
 10
-200.6144382136162
 20
248.0523429511758
 30
0.0
  0
VERTEX
  5
1029
  8
DEFAULT
 10
-200.6923302232447
 20
248.0393820296523
 30
0.0
  0
VERTEX
  5
102A
  8
DEFAULT
 10
-200.7693568400647
 20
248.0240645769427
 30
0.0
  0
VERTEX
  5
102B
  8
DEFAULT
 10
-200.8455180640763
 20
248.006390593047
 30
0.0
  0
VERTEX
  5
102C
  8
DEFAULT
 10
-200.9208138952795
 20
247.9863600779653
 30
0.0
  0
VERTEX
  5
102D
  8
DEFAULT
 10
-200.9952443336742
 20
247.9639730316973
 30
0.0
  0
VERTEX
  5
102E
  8
DEFAULT
 10
-201.0688093792604
 20
247.9392294542433
 30
0.0
  0
VERTEX
  5
102F
  8
DEFAULT
 10
-201.1415090320382
 20
247.9121293456033
 30
0.0
  0
VERTEX
  5
1030
  8
DEFAULT
 10
-201.2133432920075
 20
247.8826727057771
 30
0.0
  0
VERTEX
  5
1031
  8
DEFAULT
 10
-201.2843121591684
 20
247.8508595347648
 30
0.0
  0
VERTEX
  5
1032
  8
DEFAULT
 10
-201.3544156335208
 20
247.8166898325665
 30
0.0
  0
VERTEX
  5
1033
  8
DEFAULT
 10
-201.4236537150647
 20
247.780163599182
 30
0.0
  0
VERTEX
  5
1034
  8
DEFAULT
 10
-201.4578101035276
 20
247.7610384181152
 30
0.0
  0
VERTEX
  5
1035
  8
DEFAULT
 10
-201.4914738837764
 20
247.7413673738923
 30
0.0
  0
VERTEX
  5
1036
  8
DEFAULT
 10
-201.5246450558112
 20
247.7211504665133
 30
0.0
  0
VERTEX
  5
1037
  8
DEFAULT
 10
-201.5573236196319
 20
247.7003876959782
 30
0.0
  0
VERTEX
  5
1038
  8
DEFAULT
 10
-201.5895095752386
 20
247.679079062287
 30
0.0
  0
VERTEX
  5
1039
  8
DEFAULT
 10
-201.6212029226312
 20
247.6572245654397
 30
0.0
  0
VERTEX
  5
103A
  8
DEFAULT
 10
-201.6524036618098
 20
247.6348242054363
 30
0.0
  0
VERTEX
  5
103B
  8
DEFAULT
 10
-201.6831117927744
 20
247.6118779822768
 30
0.0
  0
VERTEX
  5
103C
  8
DEFAULT
 10
-201.7133273155249
 20
247.5883858959612
 30
0.0
  0
VERTEX
  5
103D
  8
DEFAULT
 10
-201.7430502300613
 20
247.5643479464895
 30
0.0
  0
VERTEX
  5
103E
  8
DEFAULT
 10
-201.7722805363838
 20
247.5397641338617
 30
0.0
  0
VERTEX
  5
103F
  8
DEFAULT
 10
-201.8010182344921
 20
247.5146344580778
 30
0.0
  0
VERTEX
  5
1040
  8
DEFAULT
 10
-201.8292633243865
 20
247.4889589191377
 30
0.0
  0
VERTEX
  5
1041
  8
DEFAULT
 10
-201.8570158060668
 20
247.4627375170416
 30
0.0
  0
VERTEX
  5
1042
  8
DEFAULT
 10
-201.8842756795331
 20
247.4359702517894
 30
0.0
  0
VERTEX
  5
1043
  8
DEFAULT
 10
-201.9110429447853
 20
247.4086571233811
 30
0.0
  0
VERTEX
  5
1044
  8
DEFAULT
 10
-201.9373176018235
 20
247.3807981318166
 30
0.0
  0
VERTEX
  5
1045
  8
DEFAULT
 10
-201.9630996506476
 20
247.3523932770961
 30
0.0
  0
VERTEX
  5
1046
  8
DEFAULT
 10
-201.9883890912577
 20
247.3234425592195
 30
0.0
  0
VERTEX
  5
1047
  8
DEFAULT
 10
-202.0131859236537
 20
247.2939459781868
 30
0.0
  0
VERTEX
  5
1048
  8
DEFAULT
 10
-202.0374901478357
 20
247.2639035339979
 30
0.0
  0
VERTEX
  5
1049
  8
DEFAULT
 10
-202.0613017638037
 20
247.233315226653
 30
0.0
  0
VERTEX
  5
104A
  8
DEFAULT
 10
-202.0846207715576
 20
247.202181056152
 30
0.0
  0
VERTEX
  5
104B
  8
DEFAULT
 10
-202.1074471710975
 20
247.1705010224949
 30
0.0
  0
VERTEX
  5
104C
  8
DEFAULT
 10
-202.1297809624233
 20
247.1382751256817
 30
0.0
  0
VERTEX
  5
104D
  8
DEFAULT
 10
-202.1516221455351
 20
247.1055033657124
 30
0.0
  0
VERTEX
  5
104E
  8
DEFAULT
 10
-202.1729707204329
 20
247.0721857425869
 30
0.0
  0
VERTEX
  5
104F
  8
DEFAULT
 10
-202.1938266871166
 20
247.0383222563054
 30
0.0
  0
VERTEX
  5
1050
  8
DEFAULT
 10
-202.2141900455862
 20
247.0039129068678
 30
0.0
  0
VERTEX
  5
1051
  8
DEFAULT
 10
-202.2340607958419
 20
246.9689576942741
 30
0.0
  0
VERTEX
  5
1052
  8
DEFAULT
 10
-202.272324471711
 20
246.8974096796183
 30
0.0
  0
VERTEX
  5
1053
  8
DEFAULT
 10
-202.3084379792945
 20
246.8239910851227
 30
0.0
  0
VERTEX
  5
1054
  8
DEFAULT
 10
-202.3422215831629
 20
246.7490147835719
 30
0.0
  0
VERTEX
  5
1055
  8
DEFAULT
 10
-202.3736752833163
 20
246.6724807749659
 30
0.0
  0
VERTEX
  5
1056
  8
DEFAULT
 10
-202.4027990797546
 20
246.5943890593047
 30
0.0
  0
VERTEX
  5
1057
  8
DEFAULT
 10
-202.4295929724778
 20
246.5147396365883
 30
0.0
  0
VERTEX
  5
1058
  8
DEFAULT
 10
-202.454056961486
 20
246.4335325068166
 30
0.0
  0
VERTEX
  5
1059
  8
DEFAULT
 10
-202.4761910467791
 20
246.3507676699898
 30
0.0
  0
VERTEX
  5
105A
  8
DEFAULT
 10
-202.4959952283572
 20
246.2664451261077
 30
0.0
  0
VERTEX
  5
105B
  8
DEFAULT
 10
-202.5134695062202
 20
246.1805648751704
 30
0.0
  0
VERTEX
  5
105C
  8
DEFAULT
 10
-202.5286138803681
 20
246.0931269171779
 30
0.0
  0
VERTEX
  5
105D
  8
DEFAULT
 10
-202.5414283508009
 20
246.0041312521302
 30
0.0
  0
VERTEX
  5
105E
  8
DEFAULT
 10
-202.5519129175187
 20
245.9135778800273
 30
0.0
  0
VERTEX
  5
105F
  8
DEFAULT
 10
-202.5600675805215
 20
245.8214668008691
 30
0.0
  0
VERTEX
  5
1060
  8
DEFAULT
 10
-202.5658923398091
 20
245.7277980146558
 30
0.0
  0
VERTEX
  5
1061
  8
DEFAULT
 10
-202.5693871953817
 20
245.6325715213872
 30
0.0
  0
VERTEX
  5
1062
  8
DEFAULT
 10
-202.5705521472393
 20
245.5357873210634
 30
0.0
  0
VERTEX
  5
1063
  8
DEFAULT
 10
-202.5695203327369
 20
245.4466784892638
 30
0.0
  0
VERTEX
  5
1064
  8
DEFAULT
 10
-202.5664248892297
 20
245.358288599182
 30
0.0
  0
VERTEX
  5
1065
  8
DEFAULT
 10
-202.5612658167178
 20
245.270617650818
 30
0.0
  0
VERTEX
  5
1066
  8
DEFAULT
 10
-202.5540431152011
 20
245.1836656441718
 30
0.0
  0
VERTEX
  5
1067
  8
DEFAULT
 10
-202.5447567846796
 20
245.0974325792433
 30
0.0
  0
VERTEX
  5
1068
  8
DEFAULT
 10
-202.5334068251534
 20
245.0119184560327
 30
0.0
  0
VERTEX
  5
1069
  8
DEFAULT
 10
-202.5199932366224
 20
244.9271232745399
 30
0.0
  0
VERTEX
  5
106A
  8
DEFAULT
 10
-202.5045160190866
 20
244.8430470347649
 30
0.0
  0
VERTEX
  5
106B
  8
DEFAULT
 10
-202.486975172546
 20
244.7596897367076
 30
0.0
  0
VERTEX
  5
106C
  8
DEFAULT
 10
-202.4673706970007
 20
244.6770513803681
 30
0.0
  0
VERTEX
  5
106D
  8
DEFAULT
 10
-202.4457025924506
 20
244.5951319657464
 30
0.0
  0
VERTEX
  5
106E
  8
DEFAULT
 10
-202.4219708588957
 20
244.5139314928426
 30
0.0
  0
VERTEX
  5
106F
  8
DEFAULT
 10
-202.3961754963361
 20
244.4334499616565
 30
0.0
  0
VERTEX
  5
1070
  8
DEFAULT
 10
-202.3683165047717
 20
244.3536873721882
 30
0.0
  0
VERTEX
  5
1071
  8
DEFAULT
 10
-202.3383938842025
 20
244.2746437244377
 30
0.0
  0
VERTEX
  5
1072
  8
DEFAULT
 10
-202.3064076346285
 20
244.1963190184049
 30
0.0
  0
VERTEX
  5
1073
  8
DEFAULT
 10
-202.2724442953306
 20
244.1195054213531
 30
0.0
  0
VERTEX
  5
1074
  8
DEFAULT
 10
-202.2365904055897
 20
244.0449951005453
 30
0.0
  0
VERTEX
  5
1075
  8
DEFAULT
 10
-202.1988459654056
 20
243.9727880559816
 30
0.0
  0
VERTEX
  5
1076
  8
DEFAULT
 10
-202.1592109747785
 20
243.9028842876619
 30
0.0
  0
VERTEX
  5
1077
  8
DEFAULT
 10
-202.1386845230487
 20
243.8687961320936
 30
0.0
  0
VERTEX
  5
1078
  8
DEFAULT
 10
-202.1176854337083
 20
243.8352837955862
 30
0.0
  0
VERTEX
  5
1079
  8
DEFAULT
 10
-202.096213706757
 20
243.8023472781399
 30
0.0
  0
VERTEX
  5
107A
  8
DEFAULT
 10
-202.074269342195
 20
243.7699865797546
 30
0.0
  0
VERTEX
  5
107B
  8
DEFAULT
 10
-202.0518523400222
 20
243.7382017004303
 30
0.0
  0
VERTEX
  5
107C
  8
DEFAULT
 10
-202.0289627002386
 20
243.706992640167
 30
0.0
  0
VERTEX
  5
107D
  8
DEFAULT
 10
-202.0056004228442
 20
243.6763593989647
 30
0.0
  0
VERTEX
  5
107E
  8
DEFAULT
 10
-201.9817655078391
 20
243.6463019768235
 30
0.0
  0
VERTEX
  5
107F
  8
DEFAULT
 10
-201.9574579552232
 20
243.6168203737432
 30
0.0
  0
VERTEX
  5
1080
  8
DEFAULT
 10
-201.9326777649966
 20
243.5879145897239
 30
0.0
  0
VERTEX
  5
1081
  8
DEFAULT
 10
-201.9074249371592
 20
243.5595846247657
 30
0.0
  0
VERTEX
  5
1082
  8
DEFAULT
 10
-201.881699471711
 20
243.5318304788684
 30
0.0
  0
VERTEX
  5
1083
  8
DEFAULT
 10
-201.855501368652
 20
243.5046521520322
 30
0.0
  0
VERTEX
  5
1084
  8
DEFAULT
 10
-201.8288306279823
 20
243.478049644257
 30
0.0
  0
VERTEX
  5
1085
  8
DEFAULT
 10
-201.8016872497018
 20
243.4520229555428
 30
0.0
  0
VERTEX
  5
1086
  8
DEFAULT
 10
-201.7740712338105
 20
243.4265720858896
 30
0.0
  0
VERTEX
  5
1087
  8
DEFAULT
 10
-201.7459825803085
 20
243.4016970352974
 30
0.0
  0
VERTEX
  5
1088
  8
DEFAULT
 10
-201.7174212891956
 20
243.3773978037662
 30
0.0
  0
VERTEX
  5
1089
  8
DEFAULT
 10
-201.6883873604721
 20
243.353674391296
 30
0.0
  0
VERTEX
  5
108A
  8
DEFAULT
 10
-201.6588807941377
 20
243.3305267978868
 30
0.0
  0
VERTEX
  5
108B
  8
DEFAULT
 10
-201.6289015901926
 20
243.3079550235387
 30
0.0
  0
VERTEX
  5
108C
  8
DEFAULT
 10
-201.5984497486367
 20
243.2859590682515
 30
0.0
  0
VERTEX
  5
108D
  8
DEFAULT
 10
-201.56752526947
 20
243.2645389320254
 30
0.0
  0
VERTEX
  5
108E
  8
DEFAULT
 10
-201.5361281526926
 20
243.2436946148603
 30
0.0
  0
VERTEX
  5
108F
  8
DEFAULT
 10
-201.5042001507115
 20
243.2234594010949
 30
0.0
  0
VERTEX
  5
1090
  8
DEFAULT
 10
-201.4716830159339
 20
243.2038665750682
 30
0.0
  0
VERTEX
  5
1091
  8
DEFAULT
 10
-201.4385767483598
 20
243.18491613678
 30
0.0
  0
VERTEX
  5
1092
  8
DEFAULT
 10
-201.4048813479891
 20
243.1666080862304
 30
0.0
  0
VERTEX
  5
1093
  8
DEFAULT
 10
-201.3705968148219
 20
243.1489424234194
 30
0.0
  0
VERTEX
  5
1094
  8
DEFAULT
 10
-201.3357231488582
 20
243.131919148347
 30
0.0
  0
VERTEX
  5
1095
  8
DEFAULT
 10
-201.300260350098
 20
243.1155382610131
 30
0.0
  0
VERTEX
  5
1096
  8
DEFAULT
 10
-201.2642084185413
 20
243.0997997614178
 30
0.0
  0
VERTEX
  5
1097
  8
DEFAULT
 10
-201.227567354188
 20
243.0847036495612
 30
0.0
  0
VERTEX
  5
1098
  8
DEFAULT
 10
-201.1903371570382
 20
243.0702499254431
 30
0.0
  0
VERTEX
  5
1099
  8
DEFAULT
 10
-201.1525178270919
 20
243.0564385890635
 30
0.0
  0
VERTEX
  5
109A
  8
DEFAULT
 10
-201.114109364349
 20
243.0432696404226
 30
0.0
  0
VERTEX
  5
109B
  8
DEFAULT
 10
-201.0751117688096
 20
243.0307430795203
 30
0.0
  0
VERTEX
  5
109C
  8
DEFAULT
 10
-201.0355250404738
 20
243.0188589063565
 30
0.0
  0
VERTEX
  5
109D
  8
DEFAULT
 10
-200.9953491793414
 20
243.0076171209313
 30
0.0
  0
VERTEX
  5
109E
  8
DEFAULT
 10
-200.9545841854124
 20
242.9970177232447
 30
0.0
  0
VERTEX
  5
109F
  8
DEFAULT
 10
-200.913230058687
 20
242.9870607132967
 30
0.0
  0
VERTEX
  5
10A0
  8
DEFAULT
 10
-200.871286799165
 20
242.9777460910873
 30
0.0
  0
VERTEX
  5
10A1
  8
DEFAULT
 10
-200.7856328817314
 20
242.9610440098841
 30
0.0
  0
VERTEX
  5
10A2
  8
DEFAULT
 10
-200.6976224331118
 20
242.9469114796353
 30
0.0
  0
VERTEX
  5
10A3
  8
DEFAULT
 10
-200.6072554533061
 20
242.9353485003408
 30
0.0
  0
VERTEX
  5
10A4
  8
DEFAULT
 10
-200.5145319423142
 20
242.9263550720007
 30
0.0
  0
VERTEX
  5
10A5
  8
DEFAULT
 10
-200.4194519001364
 20
242.9199311946148
 30
0.0
  0
VERTEX
  5
10A6
  8
DEFAULT
 10
-200.3220153267723
 20
242.9160768681834
 30
0.0
  0
VERTEX
  5
10A7
  8
DEFAULT
 10
-200.2222222222222
 20
242.9147920927062
 30
0.0
  0
VERTEX
  5
10A8
  8
DEFAULT
 10
-200.173675349885
 20
242.915209811158
 30
0.0
  0
VERTEX
  5
10A9
  8
DEFAULT
 10
-200.1255977867246
 20
242.9164629665133
 30
0.0
  0
VERTEX
  5
10AA
  8
DEFAULT
 10
-200.0779895327411
 20
242.9185515587722
 30
0.0
  0
VERTEX
  5
10AB
  8
DEFAULT
 10
-200.0308505879346
 20
242.9214755879345
 30
0.0
  0
VERTEX
  5
10AC
  8
DEFAULT
 10
-199.9841809523049
 20
242.9252350540005
 30
0.0
  0
VERTEX
  5
10AD
  8
DEFAULT
 10
-199.9379806258521
 20
242.92982995697
 30
0.0
  0
VERTEX
  5
10AE
  8
DEFAULT
 10
-199.8922496085762
 20
242.935260296843
 30
0.0
  0
VERTEX
  5
10AF
  8
DEFAULT
 10
-199.8469879004772
 20
242.9415260736196
 30
0.0
  0
VERTEX
  5
10B0
  8
DEFAULT
 10
-199.802195501555
 20
242.9486272872998
 30
0.0
  0
VERTEX
  5
10B1
  8
DEFAULT
 10
-199.7578724118098
 20
242.9565639378834
 30
0.0
  0
VERTEX
  5
10B2
  8
DEFAULT
 10
-199.7140186312415
 20
242.9653360253706
 30
0.0
  0
VERTEX
  5
10B3
  8
DEFAULT
 10
-199.67063415985
 20
242.9749435497614
 30
0.0
  0
VERTEX
  5
10B4
  8
DEFAULT
 10
-199.6277189976355
 20
242.9853865110557
 30
0.0
  0
VERTEX
  5
10B5
  8
DEFAULT
 10
-199.5852731445978
 20
242.9966649092536
 30
0.0
  0
VERTEX
  5
10B6
  8
DEFAULT
 10
-199.5432966007371
 20
243.008778744355
 30
0.0
  0
VERTEX
  5
10B7
  8
DEFAULT
 10
-199.5017893660532
 20
243.0217280163599
 30
0.0
  0
VERTEX
  5
10B8
  8
DEFAULT
 10
-199.4607514405462
 20
243.0355127252684
 30
0.0
  0
VERTEX
  5
10B9
  8
DEFAULT
 10
-199.4201828242161
 20
243.0501328710804
 30
0.0
  0
VERTEX
  5
10BA
  8
DEFAULT
 10
-199.3800835170629
 20
243.065588453796
 30
0.0
  0
VERTEX
  5
10BB
  8
DEFAULT
 10
-199.3404535190866
 20
243.0818794734151
 30
0.0
  0
VERTEX
  5
10BC
  8
DEFAULT
 10
-199.3012928302871
 20
243.0990059299378
 30
0.0
  0
VERTEX
  5
10BD
  8
DEFAULT
 10
-199.2626014506646
 20
243.116967823364
 30
0.0
  0
VERTEX
  5
10BE
  8
DEFAULT
 10
-199.224379380219
 20
243.1357651536937
 30
0.0
  0
VERTEX
  5
10BF
  8
DEFAULT
 10
-199.1866266189502
 20
243.155397920927
 30
0.0
  0
VERTEX
  5
10C0
  8
DEFAULT
 10
-199.1493431668584
 20
243.1758661250639
 30
0.0
  0
VERTEX
  5
10C1
  8
DEFAULT
 10
-199.1125290239434
 20
243.1971697661043
 30
0.0
  0
VERTEX
  5
10C2
  8
DEFAULT
 10
-199.0761841902054
 20
243.2193088440482
 30
0.0
  0
VERTEX
  5
10C3
  8
DEFAULT
 10
-199.0403086656442
 20
243.2422833588957
 30
0.0
  0
VERTEX
  5
10C4
  8
DEFAULT
 10
-199.0049024502599
 20
243.2660933106467
 30
0.0
  0
VERTEX
  5
10C5
  8
DEFAULT
 10
-198.9699655440525
 20
243.2907386993013
 30
0.0
  0
VERTEX
  5
10C6
  8
DEFAULT
 10
-198.935497947022
 20
243.3162195248594
 30
0.0
  0
VERTEX
  5
10C7
  8
DEFAULT
 10
-198.9014996591684
 20
243.3425357873211
 30
0.0
  0
VERTEX
  5
10C8
  8
DEFAULT
 10
-198.8680605482064
 20
243.3696475454797
 30
0.0
  0
VERTEX
  5
10C9
  8
DEFAULT
 10
-198.8352704818507
 20
243.3975148581288
 30
0.0
  0
VERTEX
  5
10CA
  8
DEFAULT
 10
-198.8031294601014
 20
243.4261377252684
 30
0.0
  0
VERTEX
  5
10CB
  8
DEFAULT
 10
-198.7716374829584
 20
243.4555161468984
 30
0.0
  0
VERTEX
  5
10CC
  8
DEFAULT
 10
-198.7407945504218
 20
243.4856501230189
 30
0.0
  0
VERTEX
  5
10CD
  8
DEFAULT
 10
-198.7106006624915
 20
243.5165396536298
 30
0.0
  0
VERTEX
  5
10CE
  8
DEFAULT
 10
-198.6810558191675
 20
243.5481847387312
 30
0.0
  0
VERTEX
  5
10CF
  8
DEFAULT
 10
-198.6521600204499
 20
243.5805853783231
 30
0.0
  0
VERTEX
  5
10D0
  8
DEFAULT
 10
-198.6239132663386
 20
243.6137415724054
 30
0.0
  0
VERTEX
  5
10D1
  8
DEFAULT
 10
-198.5963155568337
 20
243.6476533209782
 30
0.0
  0
VERTEX
  5
10D2
  8
DEFAULT
 10
-198.5693668919351
 20
243.6823206240414
 30
0.0
  0
VERTEX
  5
10D3
  8
DEFAULT
 10
-198.5430672716428
 20
243.7177434815951
 30
0.0
  0
VERTEX
  5
10D4
  8
DEFAULT
 10
-198.5174166959569
 20
243.7539218936392
 30
0.0
  0
VERTEX
  5
10D5
  8
DEFAULT
 10
-198.4924151648773
 20
243.7908558601738
 30
0.0
  0
VERTEX
  5
10D6
  8
DEFAULT
 10
-198.4680626784041
 20
243.8285453811989
 30
0.0
  0
VERTEX
  5
10D7
  8
DEFAULT
 10
-198.4443592365371
 20
243.8669904567144
 30
0.0
  0
VERTEX
  5
10D8
  8
DEFAULT
 10
-198.4213048392766
 20
243.9061910867203
 30
0.0
  0
VERTEX
  5
10D9
  8
DEFAULT
 10
-198.3988994866224
 20
243.9461472712167
 30
0.0
  0
VERTEX
  5
10DA
  8
DEFAULT
 10
-198.3771431785745
 20
243.9868590102036
 30
0.0
  0
VERTEX
  5
10DB
  8
DEFAULT
 10
-198.3560359151329
 20
244.028326303681
 30
0.0
  0
VERTEX
  5
10DC
  8
DEFAULT
 10
-198.3355776962977
 20
244.0705491516487
 30
0.0
  0
VERTEX
  5
10DD
  8
DEFAULT
 10
-198.3157685220689
 20
244.113527554107
 30
0.0
  0
VERTEX
  5
10DE
  8
DEFAULT
 10
-198.2966083924463
 20
244.1572615110557
 30
0.0
  0
VERTEX
  5
10DF
  8
DEFAULT
 10
-198.2780973074301
 20
244.2017510224949
 30
0.0
  0
VERTEX
  5
10E0
  8
DEFAULT
 10
-198.2602352670203
 20
244.2469960884245
 30
0.0
  0
VERTEX
  5
10E1
  8
DEFAULT
 10
-198.2430222712168
 20
244.2929967088446
 30
0.0
  0
VERTEX
  5
10E2
  8
DEFAULT
 10
-198.2105434134288
 20
244.3872646131561
 30
0.0
  0
VERTEX
  5
10E3
  8
DEFAULT
 10
-198.1806607340661
 20
244.4845547354295
 30
0.0
  0
VERTEX
  5
10E4
  8
DEFAULT
 10
-198.1533742331288
 20
244.5848670756646
 30
0.0
  0
SEQEND
  5
10E5
  8
DEFAULT
  0
POLYLINE
  5
10E6
  8
DEFAULT
 66
     1
 10
0.0
 20
0.0
 30
0.0
 70
     1
  0
VERTEX
  5
10E7
  8
DEFAULT
 10
-207.4274028629857
 20
243.0
 30
0.0
  0
VERTEX
  5
10E8
  8
DEFAULT
 10
-206.7934560327198
 20
243.0
 30
0.0
  0
VERTEX
  5
10E9
  8
DEFAULT
 10
-206.7934560327198
 20
246.9263803680982
 30
0.0
  0
VERTEX
  5
10EA
  8
DEFAULT
 10
-204.1690524880709
 20
243.0
 30
0.0
  0
VERTEX
  5
10EB
  8
DEFAULT
 10
-203.4907975460123
 20
243.0
 30
0.0
  0
VERTEX
  5
10EC
  8
DEFAULT
 10
-203.4907975460123
 20
247.9965916837083
 30
0.0
  0
VERTEX
  5
10ED
  8
DEFAULT
 10
-204.1247443762781
 20
247.9965916837083
 30
0.0
  0
VERTEX
  5
10EE
  8
DEFAULT
 10
-204.1247443762781
 20
244.0736196319018
 30
0.0
  0
VERTEX
  5
10EF
  8
DEFAULT
 10
-206.749147920927
 20
247.9965916837083
 30
0.0
  0
VERTEX
  5
10F0
  8
DEFAULT
 10
-207.4274028629857
 20
247.9965916837083
 30
0.0
  0
SEQEND
  5
10F1
  8
DEFAULT
  0
POLYLINE
  5
10F2
  8
DEFAULT
 66
     1
 10
0.0
 20
0.0
 30
0.0
 70
     1
  0
VERTEX
  5
10F3
  8
DEFAULT
 10
-208.8963871847307
 20
244.7518745739605
 30
0.0
  0
VERTEX
  5
10F4
  8
DEFAULT
 10
-208.9144007176384
 20
244.6742688096455
 30
0.0
  0
VERTEX
  5
10F5
  8
DEFAULT
 10
-208.9343580494304
 20
244.5990861451943
 30
0.0
  0
VERTEX
  5
10F6
  8
DEFAULT
 10
-208.9562591801067
 20
244.5263265806067
 30
0.0
  0
VERTEX
  5
10F7
  8
DEFAULT
 10
-208.9679386700264
 20
244.4908554607618
 30
0.0
  0
VERTEX
  5
10F8
  8
DEFAULT
 10
-208.9801041096673
 20
244.4559901158827
 30
0.0
  0
VERTEX
  5
10F9
  8
DEFAULT
 10
-208.9927554990292
 20
244.4217305459696
 30
0.0
  0
VERTEX
  5
10FA
  8
DEFAULT
 10
-209.0058928381121
 20
244.3880767510225
 30
0.0
  0
VERTEX
  5
10FB
  8
DEFAULT
 10
-209.0195161269161
 20
244.3550287310412
 30
0.0
  0
VERTEX
  5
10FC
  8
DEFAULT
 10
-209.0336253654413
 20
244.3225864860259
 30
0.0
  0
VERTEX
  5
10FD
  8
DEFAULT
 10
-209.0482205536874
 20
244.2907500159765
 30
0.0
  0
VERTEX
  5
10FE
  8
DEFAULT
 10
-209.0633016916547
 20
244.259519320893
 30
0.0
  0
VERTEX
  5
10FF
  8
DEFAULT
 10
-209.078868779343
 20
244.2288944007754
 30
0.0
  0
VERTEX
  5
1100
  8
DEFAULT
 10
-209.0949218167524
 20
244.1988752556237
 30
0.0
  0
VERTEX
  5
1101
  8
DEFAULT
 10
-209.1114608038829
 20
244.169461885438
 30
0.0
  0
VERTEX
  5
1102
  8
DEFAULT
 10
-209.1284857407344
 20
244.1406542902181
 30
0.0
  0
VERTEX
  5
1103
  8
DEFAULT
 10
-209.145996627307
 20
244.1124524699642
 30
0.0
  0
VERTEX
  5
1104
  8
DEFAULT
 10
-209.1639934636007
 20
244.0848564246762
 30
0.0
  0
VERTEX
  5
1105
  8
DEFAULT
 10
-209.1824762496155
 20
244.0578661543541
 30
0.0
  0
VERTEX
  5
1106
  8
DEFAULT
 10
-209.2014449853514
 20
244.031481658998
 30
0.0
  0
VERTEX
  5
1107
  8
DEFAULT
 10
-209.2208996708083
 20
244.0057029386077
 30
0.0
  0
VERTEX
  5
1108
  8
DEFAULT
 10
-209.2408403059862
 20
243.9805299931834
 30
0.0
  0
VERTEX
  5
1109
  8
DEFAULT
 10
-209.2612668908853
 20
243.9559628227249
 30
0.0
  0
VERTEX
  5
110A
  8
DEFAULT
 10
-209.2821794255055
 20
243.9320014272324
 30
0.0
  0
VERTEX
  5
110B
  8
DEFAULT
 10
-209.3035779098467
 20
243.9086458067059
 30
0.0
  0
VERTEX
  5
110C
  8
DEFAULT
 10
-209.325462343909
 20
243.8858959611452
 30
0.0
  0
VERTEX
  5
110D
  8
DEFAULT
 10
-209.3478327276923
 20
243.8637518905504
 30
0.0
  0
VERTEX
  5
110E
  8
DEFAULT
 10
-209.3706890611967
 20
243.8422135949216
 30
0.0
  0
VERTEX
  5
110F
  8
DEFAULT
 10
-209.3940313444222
 20
243.8212810742587
 30
0.0
  0
VERTEX
  5
1110
  8
DEFAULT
 10
-209.4178595773688
 20
243.8009543285617
 30
0.0
  0
VERTEX
  5
1111
  8
DEFAULT
 10
-209.4420972328732
 20
243.7812433431322
 30
0.0
  0
VERTEX
  5
1112
  8
DEFAULT
 10
-209.4666677317655
 20
243.762158103272
 30
0.0
  0
VERTEX
  5
1113
  8
DEFAULT
 10
-209.4915710740457
 20
243.7436986089809
 30
0.0
  0
VERTEX
  5
1114
  8
DEFAULT
 10
-209.5168072597137
 20
243.725864860259
 30
0.0
  0
VERTEX
  5
1115
  8
DEFAULT
 10
-209.5423762887696
 20
243.7086568571063
 30
0.0
  0
VERTEX
  5
1116
  8
DEFAULT
 10
-209.5682781612134
 20
243.6920745995228
 30
0.0
  0
VERTEX
  5
1117
  8
DEFAULT
 10
-209.594512877045
 20
243.6761180875085
 30
0.0
  0
VERTEX
  5
1118
  8
DEFAULT
 10
-209.6210804362645
 20
243.6607873210634
 30
0.0
  0
VERTEX
  5
1119
  8
DEFAULT
 10
-209.6479808388719
 20
243.6460823001875
 30
0.0
  0
VERTEX
  5
111A
  8
DEFAULT
 10
-209.6752140848671
 20
243.6320030248807
 30
0.0
  0
VERTEX
  5
111B
  8
DEFAULT
 10
-209.7027801742502
 20
243.6185494951432
 30
0.0
  0
VERTEX
  5
111C
  8
DEFAULT
 10
-209.7306791070211
 20
243.6057217109748
 30
0.0
  0
VERTEX
  5
111D
  8
DEFAULT
 10
-209.75891088318
 20
243.5935196723756
 30
0.0
  0
VERTEX
  5
111E
  8
DEFAULT
 10
-209.7874755027266
 20
243.5819433793456
 30
0.0
  0
VERTEX
  5
111F
  8
DEFAULT
 10
-209.8163729656612
 20
243.5709928318848
 30
0.0
  0
VERTEX
  5
1120
  8
DEFAULT
 10
-209.8456032719836
 20
243.5606680299932
 30
0.0
  0
VERTEX
  5
1121
  8
DEFAULT
 10
-209.8751664216939
 20
243.5509689736708
 30
0.0
  0
VERTEX
  5
1122
  8
DEFAULT
 10
-209.9050624147921
 20
243.5418956629175
 30
0.0
  0
VERTEX
  5
1123
  8
DEFAULT
 10
-209.9352912512781
 20
243.5334480977335
 30
0.0
  0
VERTEX
  5
1124
  8
DEFAULT
 10
-209.965852931152
 20
243.5256262781186
 30
0.0
  0
VERTEX
  5
1125
  8
DEFAULT
 10
-209.9967474544138
 20
243.5184302040729
 30
0.0
  0
VERTEX
  5
1126
  8
DEFAULT
 10
-210.0279748210634
 20
243.5118598755964
 30
0.0
  0
VERTEX
  5
1127
  8
DEFAULT
 10
-210.0595350311009
 20
243.5059152926892
 30
0.0
  0
VERTEX
  5
1128
  8
DEFAULT
 10
-210.0914280845262
 20
243.5005964553511
 30
0.0
  0
VERTEX
  5
1129
  8
DEFAULT
 10
-210.1236539813395
 20
243.4959033635822
 30
0.0
  0
VERTEX
  5
112A
  8
DEFAULT
 10
-210.1562127215406
 20
243.4918360173824
 30
0.0
  0
VERTEX
  5
112B
  8
DEFAULT
 10
-210.1891043051295
 20
243.4883944167519
 30
0.0
  0
VERTEX
  5
112C
  8
DEFAULT
 10
-210.2223287321063
 20
243.4855785616905
 30
0.0
  0
VERTEX
  5
112D
  8
DEFAULT
 10
-210.255886002471
 20
243.4833884521984
 30
0.0
  0
VERTEX
  5
112E
  8
DEFAULT
 10
-210.2897761162236
 20
243.4818240882754
 30
0.0
  0
VERTEX
  5
112F
  8
DEFAULT
 10
-210.323999073364
 20
243.4808854699216
 30
0.0
  0
VERTEX
  5
1130
  8
DEFAULT
 10
-210.3585548738923
 20
243.480572597137
 30
0.0
  0
VERTEX
  5
1131
  8
DEFAULT
 10
-210.4153912108044
 20
243.4814912448875
 30
0.0
  0
VERTEX
  5
1132
  8
DEFAULT
 10
-210.4717216257669
 20
243.4842471881391
 30
0.0
  0
VERTEX
  5
1133
  8
DEFAULT
 10
-210.5275461187798
 20
243.4888404268916
 30
0.0
  0
VERTEX
  5
1134
  8
DEFAULT
 10
-210.5828646898432
 20
243.4952709611452
 30
0.0
  0
VERTEX
  5
1135
  8
DEFAULT
 10
-210.6376773389571
 20
243.5035387908998
 30
0.0
  0
VERTEX
  5
1136
  8
DEFAULT
 10
-210.6919840661213
 20
243.5136439161554
 30
0.0
  0
VERTEX
  5
1137
  8
DEFAULT
 10
-210.7457848713361
 20
243.5255863369121
 30
0.0
  0
VERTEX
  5
1138
  8
DEFAULT
 10
-210.7990797546012
 20
243.5393660531697
 30
0.0
  0
VERTEX
  5
1139
  8
DEFAULT
 10
-210.8518687159169
 20
243.5549830649284
 30
0.0
  0
VERTEX
  5
113A
  8
DEFAULT
 10
-210.9041517552829
 20
243.5724373721881
 30
0.0
  0
VERTEX
  5
113B
  8
DEFAULT
 10
-210.9559288726994
 20
243.5917289749489
 30
0.0
  0
VERTEX
  5
113C
  8
DEFAULT
 10
-211.0072000681663
 20
243.6128578732106
 30
0.0
  0
VERTEX
  5
113D
  8
DEFAULT
 10
-211.0579653416837
 20
243.6358240669734
 30
0.0
  0
VERTEX
  5
113E
  8
DEFAULT
 10
-211.1082246932515
 20
243.6606275562372
 30
0.0
  0
VERTEX
  5
113F
  8
DEFAULT
 10
-211.1579781228698
 20
243.687268341002
 30
0.0
  0
VERTEX
  5
1140
  8
DEFAULT
 10
-211.2072256305385
 20
243.7157464212679
 30
0.0
  0
VERTEX
  5
1141
  8
DEFAULT
 10
-211.2315215336358
 20
243.7306794398645
 30
0.0
  0
VERTEX
  5
1142
  8
DEFAULT
 10
-211.2554146962338
 20
243.746081767638
 30
0.0
  0
VERTEX
  5
1143
  8
DEFAULT
 10
-211.2789051183325
 20
243.7619534045884
 30
0.0
  0
VERTEX
  5
1144
  8
DEFAULT
 10
-211.3019927999318
 20
243.7782943507157
 30
0.0
  0
VERTEX
  5
1145
  8
DEFAULT
 10
-211.3246777410318
 20
243.7951046060199
 30
0.0
  0
VERTEX
  5
1146
  8
DEFAULT
 10
-211.3469599416326
 20
243.812384170501
 30
0.0
  0
VERTEX
  5
1147
  8
DEFAULT
 10
-211.368839401734
 20
243.830133044159
 30
0.0
  0
VERTEX
  5
1148
  8
DEFAULT
 10
-211.3903161213361
 20
243.8483512269938
 30
0.0
  0
VERTEX
  5
1149
  8
DEFAULT
 10
-211.4113901004388
 20
243.8670387190056
 30
0.0
  0
VERTEX
  5
114A
  8
DEFAULT
 10
-211.4320613390423
 20
243.8861955201942
 30
0.0
  0
VERTEX
  5
114B
  8
DEFAULT
 10
-211.4523298371464
 20
243.9058216305598
 30
0.0
  0
VERTEX
  5
114C
  8
DEFAULT
 10
-211.4721955947512
 20
243.9259170501022
 30
0.0
  0
VERTEX
  5
114D
  8
DEFAULT
 10
-211.4916586118567
 20
243.9464817788216
 30
0.0
  0
VERTEX
  5
114E
  8
DEFAULT
 10
-211.5107188884629
 20
243.9675158167178
 30
0.0
  0
VERTEX
  5
114F
  8
DEFAULT
 10
-211.5293764245697
 20
243.9890191637909
 30
0.0
  0
VERTEX
  5
1150
  8
DEFAULT
 10
-211.5476312201772
 20
244.0109918200409
 30
0.0
  0
VERTEX
  5
1151
  8
DEFAULT
 10
-211.5654832752855
 20
244.0334337854678
 30
0.0
  0
VERTEX
  5
1152
  8
DEFAULT
 10
-211.5829325898943
 20
244.0563450600715
 30
0.0
  0
VERTEX
  5
1153
  8
DEFAULT
 10
-211.5999791640039
 20
244.0797256438522
 30
0.0
  0
VERTEX
  5
1154
  8
DEFAULT
 10
-211.6166229976142
 20
244.1035755368098
 30
0.0
  0
VERTEX
  5
1155
  8
DEFAULT
 10
-211.6328640907251
 20
244.1278947389442
 30
0.0
  0
VERTEX
  5
1156
  8
DEFAULT
 10
-211.6487024433367
 20
244.1526832502556
 30
0.0
  0
VERTEX
  5
1157
  8
DEFAULT
 10
-211.664138055449
 20
244.1779410707438
 30
0.0
  0
VERTEX
  5
1158
  8
DEFAULT
 10
-211.679170927062
 20
244.203668200409
 30
0.0
  0
VERTEX
  5
1159
  8
DEFAULT
 10
-211.6938010581757
 20
244.229864639251
 30
0.0
  0
VERTEX
  5
115A
  8
DEFAULT
 10
-211.7080284487901
 20
244.2565303872699
 30
0.0
  0
VERTEX
  5
115B
  8
DEFAULT
 10
-211.7218530989051
 20
244.2836654444657
 30
0.0
  0
VERTEX
  5
115C
  8
DEFAULT
 10
-211.7352750085208
 20
244.3112698108384
 30
0.0
  0
VERTEX
  5
115D
  8
DEFAULT
 10
-211.7482941776372
 20
244.339343486388
 30
0.0
  0
VERTEX
  5
115E
  8
DEFAULT
 10
-211.7609106062543
 20
244.3678864711145
 30
0.0
  0
VERTEX
  5
115F
  8
DEFAULT
 10
-211.7849352419905
 20
244.4263803680982
 30
0.0
  0
VERTEX
  5
1160
  8
DEFAULT
 10
-211.8074287981425
 20
244.4864452858725
 30
0.0
  0
VERTEX
  5
1161
  8
DEFAULT
 10
-211.8284711571234
 20
244.5477750085208
 30
0.0
  0
VERTEX
  5
1162
  8
DEFAULT
 10
-211.8480623189332
 20
244.610369536043
 30
0.0
  0
VERTEX
  5
1163
  8
DEFAULT
 10
-211.8662022835719
 20
244.674228868439
 30
0.0
  0
VERTEX
  5
1164
  8
DEFAULT
 10
-211.8828910510395
 20
244.7393530057089
 30
0.0
  0
VERTEX
  5
1165
  8
DEFAULT
 10
-211.8981286213361
 20
244.8057419478528
 30
0.0
  0
VERTEX
  5
1166
  8
DEFAULT
 10
-211.9119149944615
 20
244.8733956948705
 30
0.0
  0
VERTEX
  5
1167
  8
DEFAULT
 10
-211.9242501704158
 20
244.9423142467621
 30
0.0
  0
VERTEX
  5
1168
  8
DEFAULT
 10
-211.9351341491991
 20
245.0124976035276
 30
0.0
  0
VERTEX
  5
1169
  8
DEFAULT
 10
-211.9445669308112
 20
245.083945765167
 30
0.0
  0
VERTEX
  5
116A
  8
DEFAULT
 10
-211.9525485152522
 20
245.1566587316803
 30
0.0
  0
VERTEX
  5
116B
  8
DEFAULT
 10
-211.9590789025222
 20
245.2306365030675
 30
0.0
  0
VERTEX
  5
116C
  8
DEFAULT
 10
-211.964158092621
 20
245.3058790793286
 30
0.0
  0
VERTEX
  5
116D
  8
DEFAULT
 10
-211.9677860855488
 20
245.3823864604635
 30
0.0
  0
VERTEX
  5
116E
  8
DEFAULT
 10
-211.9699628813054
 20
245.4601586464724
 30
0.0
  0
VERTEX
  5
116F
  8
DEFAULT
 10
-211.970688479891
 20
245.5391956373551
 30
0.0
  0
VERTEX
  5
1170
  8
DEFAULT
 10
-211.9700760480573
 20
245.6008582033913
 30
0.0
  0
VERTEX
  5
1171
  8
DEFAULT
 10
-211.9682387525563
 20
245.6622944359237
 30
0.0
  0
VERTEX
  5
1172
  8
DEFAULT
 10
-211.9651765933879
 20
245.7235043349523
 30
0.0
  0
VERTEX
  5
1173
  8
DEFAULT
 10
-211.9608895705522
 20
245.7844879004772
 30
0.0
  0
VERTEX
  5
1174
  8
DEFAULT
 10
-211.9553776840491
 20
245.8452451324983
 30
0.0
  0
VERTEX
  5
1175
  8
DEFAULT
 10
-211.9486409338787
 20
245.9057760310157
 30
0.0
  0
VERTEX
  5
1176
  8
DEFAULT
 10
-211.9406793200409
 20
245.9660805960293
 30
0.0
  0
VERTEX
  5
1177
  8
DEFAULT
 10
-211.9314928425358
 20
246.0261588275392
 30
0.0
  0
VERTEX
  5
1178
  8
DEFAULT
 10
-211.9210815013633
 20
246.0860107255453
 30
0.0
  0
VERTEX
  5
1179
  8
DEFAULT
 10
-211.9094452965235
 20
246.1456362900477
 30
0.0
  0
VERTEX
  5
117A
  8
DEFAULT
 10
-211.8965842280164
 20
246.2050355210463
 30
0.0
  0
VERTEX
  5
117B
  8
DEFAULT
 10
-211.8824982958419
 20
246.2642084185412
 30
0.0
  0
VERTEX
  5
117C
  8
DEFAULT
 10
-211.8671875
 20
246.3231549825324
 30
0.0
  0
VERTEX
  5
117D
  8
DEFAULT
 10
-211.8506518404908
 20
246.3818752130198
 30
0.0
  0
VERTEX
  5
117E
  8
DEFAULT
 10
-211.8328913173142
 20
246.4403691100034
 30
0.0
  0
VERTEX
  5
117F
  8
DEFAULT
 10
-211.8139059304704
 20
246.4986366734833
 30
0.0
  0
VERTEX
  5
1180
  8
DEFAULT
 10
-211.8038823518448
 20
246.5275291437671
 30
0.0
  0
VERTEX
  5
1181
  8
DEFAULT
 10
-211.7934094346456
 20
246.5560521578903
 30
0.0
  0
VERTEX
  5
1182
  8
DEFAULT
 10
-211.7824871788727
 20
246.5842057158529
 30
0.0
  0
VERTEX
  5
1183
  8
DEFAULT
 10
-211.7711155845263
 20
246.6119898176551
 30
0.0
  0
VERTEX
  5
1184
  8
DEFAULT
 10
-211.7592946516062
 20
246.6394044632967
 30
0.0
  0
VERTEX
  5
1185
  8
DEFAULT
 10
-211.7470243801125
 20
246.6664496527778
 30
0.0
  0
VERTEX
  5
1186
  8
DEFAULT
 10
-211.7343047700452
 20
246.6931253860983
 30
0.0
  0
VERTEX
  5
1187
  8
DEFAULT
 10
-211.7211358214042
 20
246.7194316632583
 30
0.0
  0
VERTEX
  5
1188
  8
DEFAULT
 10
-211.7075175341897
 20
246.7453684842578
 30
0.0
  0
VERTEX
  5
1189
  8
DEFAULT
 10
-211.6934499084015
 20
246.7709358490968
 30
0.0
  0
VERTEX
  5
118A
  8
DEFAULT
 10
-211.6789329440397
 20
246.7961337577752
 30
0.0
  0
VERTEX
  5
118B
  8
DEFAULT
 10
-211.6639666411043
 20
246.8209622102931
 30
0.0
  0
VERTEX
  5
118C
  8
DEFAULT
 10
-211.6485509995953
 20
246.8454212066505
 30
0.0
  0
VERTEX
  5
118D
  8
DEFAULT
 10
-211.6326860195126
 20
246.8695107468473
 30
0.0
  0
VERTEX
  5
118E
  8
DEFAULT
 10
-211.6163717008563
 20
246.8932308308836
 30
0.0
  0
VERTEX
  5
118F
  8
DEFAULT
 10
-211.5996080436265
 20
246.9165814587594
 30
0.0
  0
VERTEX
  5
1190
  8
DEFAULT
 10
-211.582395047823
 20
246.9395626304746
 30
0.0
  0
VERTEX
  5
1191
  8
DEFAULT
 10
-211.5647327134458
 20
246.9621743460293
 30
0.0
  0
VERTEX
  5
1192
  8
DEFAULT
 10
-211.5466210404951
 20
246.9844166054235
 30
0.0
  0
VERTEX
  5
1193
  8
DEFAULT
 10
-211.5280600289707
 20
247.0062894086571
 30
0.0
  0
VERTEX
  5
1194
  8
DEFAULT
 10
-211.5090496788727
 20
247.0277927557302
 30
0.0
  0
VERTEX
  5
1195
  8
DEFAULT
 10
-211.4895899902011
 20
247.0489266466428
 30
0.0
  0
VERTEX
  5
1196
  8
DEFAULT
 10
-211.4696809629559
 20
247.0696910813948
 30
0.0
  0
VERTEX
  5
1197
  8
DEFAULT
 10
-211.449322597137
 20
247.0900860599864
 30
0.0
  0
VERTEX
  5
1198
  8
DEFAULT
 10
-211.4285148927445
 20
247.1101115824174
 30
0.0
  0
VERTEX
  5
1199
  8
DEFAULT
 10
-211.4072578497785
 20
247.1297676486878
 30
0.0
  0
VERTEX
  5
119A
  8
DEFAULT
 10
-211.3855514682388
 20
247.1490542587977
 30
0.0
  0
VERTEX
  5
119B
  8
DEFAULT
 10
-211.3633957481254
 20
247.1679714127471
 30
0.0
  0
VERTEX
  5
119C
  8
DEFAULT
 10
-211.3407906894385
 20
247.186519110536
 30
0.0
  0
VERTEX
  5
119D
  8
DEFAULT
 10
-211.3177362921779
 20
247.2046973521643
 30
0.0
  0
VERTEX
  5
119E
  8
DEFAULT
 10
-211.2942325563437
 20
247.2225061376321
 30
0.0
  0
VERTEX
  5
119F
  8
DEFAULT
 10
-211.2702794819359
 20
247.2399454669393
 30
0.0
  0
VERTEX
  5
11A0
  8
DEFAULT
 10
-211.245917010161
 20
247.2569304650222
 30
0.0
  0
VERTEX
  5
11A1
  8
DEFAULT
 10
-211.2211850822256
 20
247.2733762568166
 30
0.0
  0
VERTEX
  5
11A2
  8
DEFAULT
 10
-211.1960836981297
 20
247.2892828423228
 30
0.0
  0
VERTEX
  5
11A3
  8
DEFAULT
 10
-211.1706128578732
 20
247.3046502215406
 30
0.0
  0
VERTEX
  5
11A4
  8
DEFAULT
 10
-211.1447725614562
 20
247.31947839447
 30
0.0
  0
VERTEX
  5
11A5
  8
DEFAULT
 10
-211.1185628088787
 20
247.3337673611111
 30
0.0
  0
VERTEX
  5
11A6
  8
DEFAULT
 10
-211.0919836001406
 20
247.3475171214639
 30
0.0
  0
VERTEX
  5
11A7
  8
DEFAULT
 10
-211.065034935242
 20
247.3607276755283
 30
0.0
  0
VERTEX
  5
11A8
  8
DEFAULT
 10
-211.0377168141828
 20
247.3733990233044
 30
0.0
  0
VERTEX
  5
11A9
  8
DEFAULT
 10
-211.0100292369632
 20
247.3855311647921
 30
0.0
  0
VERTEX
  5
11AA
  8
DEFAULT
 10
-210.981972203583
 20
247.3971240999915
 30
0.0
  0
VERTEX
  5
11AB
  8
DEFAULT
 10
-210.9535457140423
 20
247.4081778289025
 30
0.0
  0
VERTEX
  5
11AC
  8
DEFAULT
 10
-210.924749768341
 20
247.4186923515252
 30
0.0
  0
VERTEX
  5
11AD
  8
DEFAULT
 10
-210.8955843664792
 20
247.4286676678596
 30
0.0
  0
VERTEX
  5
11AE
  8
DEFAULT
 10
-210.8660495084569
 20
247.4381037779056
 30
0.0
  0
VERTEX
  5
11AF
  8
DEFAULT
 10
-210.836145194274
 20
247.4470006816633
 30
0.0
  0
VERTEX
  5
11B0
  8
DEFAULT
 10
-210.8058714239306
 20
247.4553583791326
 30
0.0
  0
VERTEX
  5
11B1
  8
DEFAULT
 10
-210.7752281974267
 20
247.4631768703136
 30
0.0
  0
VERTEX
  5
11B2
  8
DEFAULT
 10
-210.7442155147623
 20
247.4704561552062
 30
0.0
  0
VERTEX
  5
11B3
  8
DEFAULT
 10
-210.7128333759373
 20
247.4771962338105
 30
0.0
  0
VERTEX
  5
11B4
  8
DEFAULT
 10
-210.6810817809518
 20
247.4833971061265
 30
0.0
  0
VERTEX
  5
11B5
  8
DEFAULT
 10
-210.6489607298057
 20
247.4890587721541
 30
0.0
  0
VERTEX
  5
11B6
  8
DEFAULT
 10
-210.6164702224991
 20
247.4941812318933
 30
0.0
  0
VERTEX
  5
11B7
  8
DEFAULT
 10
-210.583610259032
 20
247.4987644853443
 30
0.0
  0
VERTEX
  5
11B8
  8
DEFAULT
 10
-210.5167819636162
 20
247.506313373381
 30
0.0
  0
VERTEX
  5
11B9
  8
DEFAULT
 10
-210.4484758435583
 20
247.5117054362645
 30
0.0
  0
VERTEX
  5
11BA
  8
DEFAULT
 10
-210.3786918988582
 20
247.5149406739945
 30
0.0
  0
VERTEX
  5
11BB
  8
DEFAULT
 10
-210.307430129516
 20
247.5160190865712
 30
0.0
  0
VERTEX
  5
11BC
  8
DEFAULT
 10
-210.2454680044308
 20
247.5150471838787
 30
0.0
  0
VERTEX
  5
11BD
  8
DEFAULT
 10
-210.1848372528971
 20
247.512131475801
 30
0.0
  0
VERTEX
  5
11BE
  8
DEFAULT
 10
-210.1255378749148
 20
247.5072719623381
 30
0.0
  0
VERTEX
  5
11BF
  8
DEFAULT
 10
-210.0963874510055
 20
247.5041132785873
 30
0.0
  0
VERTEX
  5
11C0
  8
DEFAULT
 10
-210.067569870484
 20
247.5004686434901
 30
0.0
  0
VERTEX
  5
11C1
  8
DEFAULT
 10
-210.0390851333504
 20
247.4963380570467
 30
0.0
  0
VERTEX
  5
11C2
  8
DEFAULT
 10
-210.0109332396046
 20
247.491721519257
 30
0.0
  0
VERTEX
  5
11C3
  8
DEFAULT
 10
-209.9831141892468
 20
247.486619030121
 30
0.0
  0
VERTEX
  5
11C4
  8
DEFAULT
 10
-209.9556279822768
 20
247.4810305896387
 30
0.0
  0
VERTEX
  5
11C5
  8
DEFAULT
 10
-209.9284746186947
 20
247.4749561978102
 30
0.0
  0
VERTEX
  5
11C6
  8
DEFAULT
 10
-209.9016540985004
 20
247.4683958546353
 30
0.0
  0
VERTEX
  5
11C7
  8
DEFAULT
 10
-209.8751664216939
 20
247.4613495601142
 30
0.0
  0
VERTEX
  5
11C8
  8
DEFAULT
 10
-209.8490115882754
 20
247.4538173142468
 30
0.0
  0
VERTEX
  5
11C9
  8
DEFAULT
 10
-209.8231895982447
 20
247.4457991170331
 30
0.0
  0
VERTEX
  5
11CA
  8
DEFAULT
 10
-209.7977004516019
 20
247.4372949684731
 30
0.0
  0
VERTEX
  5
11CB
  8
DEFAULT
 10
-209.772544148347
 20
247.4283048685668
 30
0.0
  0
VERTEX
  5
11CC
  8
DEFAULT
 10
-209.7477206884799
 20
247.4188288173142
 30
0.0
  0
VERTEX
  5
11CD
  8
DEFAULT
 10
-209.7232300720007
 20
247.4088668147154
 30
0.0
  0
VERTEX
  5
11CE
  8
DEFAULT
 10
-209.6990722989094
 20
247.3984188607703
 30
0.0
  0
VERTEX
  5
11CF
  8
DEFAULT
 10
-209.6752473692059
 20
247.3874849554789
 30
0.0
  0
VERTEX
  5
11D0
  8
DEFAULT
 10
-209.6517552828903
 20
247.3760650988412
 30
0.0
  0
VERTEX
  5
11D1
  8
DEFAULT
 10
-209.6285960399625
 20
247.3641592908572
 30
0.0
  0
VERTEX
  5
11D2
  8
DEFAULT
 10
-209.6057696404226
 20
247.3517675315269
 30
0.0
  0
VERTEX
  5
11D3
  8
DEFAULT
 10
-209.5832760842706
 20
247.3388898208503
 30
0.0
  0
VERTEX
  5
11D4
  8
DEFAULT
 10
-209.5611153715065
 20
247.3255261588275
 30
0.0
  0
VERTEX
  5
11D5
  8
DEFAULT
 10
-209.5392875021302
 20
247.3116765454584
 30
0.0
  0
VERTEX
  5
11D6
  8
DEFAULT
 10
-209.5177924761418
 20
247.297340980743
 30
0.0
  0
VERTEX
  5
11D7
  8
DEFAULT
 10
-209.4966302935412
 20
247.2825194646813
 30
0.0
  0
VERTEX
  5
11D8
  8
DEFAULT
 10
-209.4758009543286
 20
247.2672119972733
 30
0.0
  0
VERTEX
  5
11D9
  8
DEFAULT
 10
-209.4552911447682
 20
247.2513719804448
 30
0.0
  0
VERTEX
  5
11DA
  8
DEFAULT
 10
-209.4350875511248
 20
247.2349528161213
 30
0.0
  0
VERTEX
  5
11DB
  8
DEFAULT
 10
-209.4151901733981
 20
247.217954504303
 30
0.0
  0
VERTEX
  5
11DC
  8
DEFAULT
 10
-209.3955990115883
 20
247.2003770449898
 30
0.0
  0
VERTEX
  5
11DD
  8
DEFAULT
 10
-209.3763140656953
 20
247.1822204381816
 30
0.0
  0
VERTEX
  5
11DE
  8
DEFAULT
 10
-209.3573353357192
 20
247.1634846838786
 30
0.0
  0
VERTEX
  5
11DF
  8
DEFAULT
 10
-209.3386628216599
 20
247.1441697820808
 30
0.0
  0
VERTEX
  5
11E0
  8
DEFAULT
 10
-209.3202965235174
 20
247.124275732788
 30
0.0
  0
VERTEX
  5
11E1
  8
DEFAULT
 10
-209.3022364412917
 20
247.1038025360004
 30
0.0
  0
VERTEX
  5
11E2
  8
DEFAULT
 10
-209.2844825749829
 20
247.0827501917178
 30
0.0
  0
VERTEX
  5
11E3
  8
DEFAULT
 10
-209.267034924591
 20
247.0611186999404
 30
0.0
  0
VERTEX
  5
11E4
  8
DEFAULT
 10
-209.2498934901159
 20
247.038908060668
 30
0.0
  0
VERTEX
  5
11E5
  8
DEFAULT
 10
-209.2330582715576
 20
247.0161182739008
 30
0.0
  0
VERTEX
  5
11E6
  8
DEFAULT
 10
-209.2165292689162
 20
246.9927493396387
 30
0.0
  0
VERTEX
  5
11E7
  8
DEFAULT
 10
-209.2003064821916
 20
246.9688012578817
 30
0.0
  0
VERTEX
  5
11E8
  8
DEFAULT
 10
-209.1843899113838
 20
246.9442740286298
 30
0.0
  0
VERTEX
  5
11E9
  8
DEFAULT
 10
-209.1687795564928
 20
246.9191676518831
 30
0.0
  0
VERTEX
  5
11EA
  8
DEFAULT
 10
-209.1534754175187
 20
246.8934821276414
 30
0.0
  0
VERTEX
  5
11EB
  8
DEFAULT
 10
-209.1384774944614
 20
246.8672174559049
 30
0.0
  0
VERTEX
  5
11EC
  8
DEFAULT
 10
-209.123785787321
 20
246.8403736366735
 30
0.0
  0
VERTEX
  5
11ED
  8
DEFAULT
 10
-209.0953210207907
 20
246.784948555726
 30
0.0
  0
VERTEX
  5
11EE
  8
DEFAULT
 10
-209.0680811179277
 20
246.7272068847989
 30
0.0
  0
VERTEX
  5
11EF
  8
DEFAULT
 10
-209.0420660787321
 20
246.6671486238923
 30
0.0
  0
VERTEX
  5
11F0
  8
DEFAULT
 10
-209.0172759032038
 20
246.6047737730061
 30
0.0
  0
VERTEX
  5
11F1
  8
DEFAULT
 10
-208.9937105913429
 20
246.5400823321404
 30
0.0
  0
VERTEX
  5
11F2
  8
DEFAULT
 10
-208.9713701431493
 20
246.4730743012952
 30
0.0
  0
VERTEX
  5
11F3
  8
DEFAULT
 10
-208.3203817314247
 20
246.626448534424
 30
0.0
  0
VERTEX
  5
11F4
  8
DEFAULT
 10
-208.3467296140082
 20
246.711722961639
 30
0.0
  0
VERTEX
  5
11F5
  8
DEFAULT
 10
-208.3608122177488
 20
246.7534515152354
 30
0.0
  0
VERTEX
  5
11F6
  8
DEFAULT
 10
-208.3755005964554
 20
246.7945742954912
 30
0.0
  0
VERTEX
  5
11F7
  8
DEFAULT
 10
-208.3907947501278
 20
246.8350913024062
 30
0.0
  0
VERTEX
  5
11F8
  8
DEFAULT
 10
-208.4066946787662
 20
246.8750025359805
 30
0.0
  0
VERTEX
  5
11F9
  8
DEFAULT
 10
-208.4232003823705
 20
246.9143079962142
 30
0.0
  0
VERTEX
  5
11FA
  8
DEFAULT
 10
-208.4403118609407
 20
246.9530076831071
 30
0.0
  0
VERTEX
  5
11FB
  8
DEFAULT
 10
-208.4580291144769
 20
246.9911015966593
 30
0.0
  0
VERTEX
  5
11FC
  8
DEFAULT
 10
-208.4763521429789
 20
247.0285897368709
 30
0.0
  0
VERTEX
  5
11FD
  8
DEFAULT
 10
-208.4952809464469
 20
247.0654721037417
 30
0.0
  0
VERTEX
  5
11FE
  8
DEFAULT
 10
-208.5148155248807
 20
247.1017486972718
 30
0.0
  0
VERTEX
  5
11FF
  8
DEFAULT
 10
-208.5349558782805
 20
247.1374195174612
 30
0.0
  0
VERTEX
  5
1200
  8
DEFAULT
 10
-208.5557020066462
 20
247.1724845643099
 30
0.0
  0
VERTEX
  5
1201
  8
DEFAULT
 10
-208.5770539099779
 20
247.2069438378179
 30
0.0
  0
VERTEX
  5
1202
  8
DEFAULT
 10
-208.5990115882754
 20
247.2407973379852
 30
0.0
  0
VERTEX
  5
1203
  8
DEFAULT
 10
-208.6215750415388
 20
247.2740450648117
 30
0.0
  0
VERTEX
  5
1204
  8
DEFAULT
 10
-208.6447442697682
 20
247.3066870182976
 30
0.0
  0
VERTEX
  5
1205
  8
DEFAULT
 10
-208.6685192729636
 20
247.3387231984428
 30
0.0
  0
VERTEX
  5
1206
  8
DEFAULT
 10
-208.6929000511248
 20
247.3701536052473
 30
0.0
  0
VERTEX
  5
1207
  8
DEFAULT
 10
-208.7178866042519
 20
247.400978238711
 30
0.0
  0
VERTEX
  5
1208
  8
DEFAULT
 10
-208.7434789323449
 20
247.431197098834
 30
0.0
  0
VERTEX
  5
1209
  8
DEFAULT
 10
-208.7696770354039
 20
247.4608101856164
 30
0.0
  0
VERTEX
  5
120A
  8
DEFAULT
 10
-208.7964809134288
 20
247.489817499058
 30
0.0
  0
VERTEX
  5
120B
  8
DEFAULT
 10
-208.8238905664195
 20
247.518219039159
 30
0.0
  0
VERTEX
  5
120C
  8
DEFAULT
 10
-208.8519059943763
 20
247.5460148059192
 30
0.0
  0
VERTEX
  5
120D
  8
DEFAULT
 10
-208.8805271972989
 20
247.5732047993387
 30
0.0
  0
VERTEX
  5
120E
  8
DEFAULT
 10
-208.9097541751875
 20
247.5997890194176
 30
0.0
  0
VERTEX
  5
120F
  8
DEFAULT
 10
-208.9395869280419
 20
247.6257674661557
 30
0.0
  0
VERTEX
  5
1210
  8
DEFAULT
 10
-208.9700254558623
 20
247.6511401395531
 30
0.0
  0
VERTEX
  5
1211
  8
DEFAULT
 10
-209.0010697586486
 20
247.6759070396098
 30
0.0
  0
VERTEX
  5
1212
  8
DEFAULT
 10
-209.0327198364008
 20
247.7000681663258
 30
0.0
  0
VERTEX
  5
1213
  8
DEFAULT
 10
-209.0649057920075
 20
247.7235535957737
 30
0.0
  0
VERTEX
  5
1214
  8
DEFAULT
 10
-209.0975577283572
 20
247.7462934560327
 30
0.0
  0
VERTEX
  5
1215
  8
DEFAULT
 10
-209.1306756454499
 20
247.7682877471029
 30
0.0
  0
VERTEX
  5
1216
  8
DEFAULT
 10
-209.1642595432856
 20
247.7895364689843
 30
0.0
  0
VERTEX
  5
1217
  8
DEFAULT
 10
-209.1983094218643
 20
247.8100396216769
 30
0.0
  0
VERTEX
  5
1218
  8
DEFAULT
 10
-209.2328252811861
 20
247.8297972051806
 30
0.0
  0
VERTEX
  5
1219
  8
DEFAULT
 10
-209.2678071212509
 20
247.8488092194956
 30
0.0
  0
VERTEX
  5
121A
  8
DEFAULT
 10
-209.3032549420586
 20
247.8670756646217
 30
0.0
  0
VERTEX
  5
121B
  8
DEFAULT
 10
-209.3391687436094
 20
247.884596540559
 30
0.0
  0
VERTEX
  5
121C
  8
DEFAULT
 10
-209.3755485259032
 20
247.9013718473074
 30
0.0
  0
VERTEX
  5
121D
  8
DEFAULT
 10
-209.41239428894
 20
247.9174015848671
 30
0.0
  0
VERTEX
  5
121E
  8
DEFAULT
 10
-209.4497060327198
 20
247.9326857532379
 30
0.0
  0
VERTEX
  5
121F
  8
DEFAULT
 10
-209.4874837572427
 20
247.9472243524199
 30
0.0
  0
VERTEX
  5
1220
  8
DEFAULT
 10
-209.5257274625085
 20
247.9610173824131
 30
0.0
  0
VERTEX
  5
1221
  8
DEFAULT
 10
-209.5644371485174
 20
247.9740648432174
 30
0.0
  0
VERTEX
  5
1222
  8
DEFAULT
 10
-209.6036128152693
 20
247.986366734833
 30
0.0
  0
VERTEX
  5
1223
  8
DEFAULT
 10
-209.6432544627642
 20
247.9979230572597
 30
0.0
  0
VERTEX
  5
1224
  8
DEFAULT
 10
-209.6833620910021
 20
248.0087338104976
 30
0.0
  0
VERTEX
  5
1225
  8
DEFAULT
 10
-209.723935699983
 20
248.0187989945467
 30
0.0
  0
VERTEX
  5
1226
  8
DEFAULT
 10
-209.7649752897069
 20
248.0281186094069
 30
0.0
  0
VERTEX
  5
1227
  8
DEFAULT
 10
-209.8064808601738
 20
248.0366926550784
 30
0.0
  0
VERTEX
  5
1228
  8
DEFAULT
 10
-209.8484524113838
 20
248.044521131561
 30
0.0
  0
VERTEX
  5
1229
  8
DEFAULT
 10
-209.8908899433367
 20
248.0516040388548
 30
0.0
  0
VERTEX
  5
122A
  8
DEFAULT
 10
-209.9337934560327
 20
248.0579413769598
 30
0.0
  0
VERTEX
  5
122B
  8
DEFAULT
 10
-209.9771629494717
 20
248.0635331458759
 30
0.0
  0
VERTEX
  5
122C
  8
DEFAULT
 10
-210.0209984236537
 20
248.0683793456033
 30
0.0
  0
VERTEX
  5
122D
  8
DEFAULT
 10
-210.0652998785787
 20
248.0724799761418
 30
0.0
  0
VERTEX
  5
122E
  8
DEFAULT
 10
-210.1100673142468
 20
248.0758350374915
 30
0.0
  0
VERTEX
  5
122F
  8
DEFAULT
 10
-210.2010001278119
 20
248.0803084526244
 30
0.0
  0
VERTEX
  5
1230
  8
DEFAULT
 10
-210.293796864349
 20
248.081799591002
 30
0.0
  0
VERTEX
  5
1231
  8
DEFAULT
 10
-210.3760158380198
 20
248.080621325409
 30
0.0
  0
VERTEX
  5
1232
  8
DEFAULT
 10
-210.4573694188821
 20
248.0770865286298
 30
0.0
  0
VERTEX
  5
1233
  8
DEFAULT
 10
-210.5378576069359
 20
248.0711952006646
 30
0.0
  0
VERTEX
  5
1234
  8
DEFAULT
 10
-210.6174804021813
 20
248.0629473415133
 30
0.0
  0
VERTEX
  5
1235
  8
DEFAULT
 10
-210.6962378046183
 20
248.0523429511758
 30
0.0
  0
VERTEX
  5
1236
  8
DEFAULT
 10
-210.7741298142467
 20
248.0393820296523
 30
0.0
  0
VERTEX
  5
1237
  8
DEFAULT
 10
-210.8511564310668
 20
248.0240645769427
 30
0.0
  0
VERTEX
  5
1238
  8
DEFAULT
 10
-210.9273176550784
 20
248.006390593047
 30
0.0
  0
VERTEX
  5
1239
  8
DEFAULT
 10
-211.0026134862815
 20
247.9863600779653
 30
0.0
  0
VERTEX
  5
123A
  8
DEFAULT
 10
-211.0770439246762
 20
247.9639730316973
 30
0.0
  0
VERTEX
  5
123B
  8
DEFAULT
 10
-211.1506089702624
 20
247.9392294542433
 30
0.0
  0
VERTEX
  5
123C
  8
DEFAULT
 10
-211.2233086230402
 20
247.9121293456033
 30
0.0
  0
VERTEX
  5
123D
  8
DEFAULT
 10
-211.2951428830095
 20
247.8826727057771
 30
0.0
  0
VERTEX
  5
123E
  8
DEFAULT
 10
-211.3661117501704
 20
247.8508595347648
 30
0.0
  0
VERTEX
  5
123F
  8
DEFAULT
 10
-211.4362152245228
 20
247.8166898325665
 30
0.0
  0
VERTEX
  5
1240
  8
DEFAULT
 10
-211.5054533060668
 20
247.780163599182
 30
0.0
  0
VERTEX
  5
1241
  8
DEFAULT
 10
-211.5396096945296
 20
247.7610384181152
 30
0.0
  0
VERTEX
  5
1242
  8
DEFAULT
 10
-211.5732734747784
 20
247.7413673738923
 30
0.0
  0
VERTEX
  5
1243
  8
DEFAULT
 10
-211.6064446468132
 20
247.7211504665133
 30
0.0
  0
VERTEX
  5
1244
  8
DEFAULT
 10
-211.6391232106339
 20
247.7003876959782
 30
0.0
  0
VERTEX
  5
1245
  8
DEFAULT
 10
-211.6713091662406
 20
247.679079062287
 30
0.0
  0
VERTEX
  5
1246
  8
DEFAULT
 10
-211.7030025136332
 20
247.6572245654397
 30
0.0
  0
VERTEX
  5
1247
  8
DEFAULT
 10
-211.7342032528119
 20
247.6348242054363
 30
0.0
  0
VERTEX
  5
1248
  8
DEFAULT
 10
-211.7649113837764
 20
247.6118779822768
 30
0.0
  0
VERTEX
  5
1249
  8
DEFAULT
 10
-211.7951269065269
 20
247.5883858959612
 30
0.0
  0
VERTEX
  5
124A
  8
DEFAULT
 10
-211.8248498210634
 20
247.5643479464895
 30
0.0
  0
VERTEX
  5
124B
  8
DEFAULT
 10
-211.8540801273858
 20
247.5397641338617
 30
0.0
  0
VERTEX
  5
124C
  8
DEFAULT
 10
-211.8828178254942
 20
247.5146344580778
 30
0.0
  0
VERTEX
  5
124D
  8
DEFAULT
 10
-211.9110629153885
 20
247.4889589191377
 30
0.0
  0
VERTEX
  5
124E
  8
DEFAULT
 10
-211.9388153970688
 20
247.4627375170416
 30
0.0
  0
VERTEX
  5
124F
  8
DEFAULT
 10
-211.9660752705351
 20
247.4359702517894
 30
0.0
  0
VERTEX
  5
1250
  8
DEFAULT
 10
-211.9928425357873
 20
247.4086571233811
 30
0.0
  0
VERTEX
  5
1251
  8
DEFAULT
 10
-212.0191171928255
 20
247.3807981318166
 30
0.0
  0
VERTEX
  5
1252
  8
DEFAULT
 10
-212.0448992416496
 20
247.3523932770961
 30
0.0
  0
VERTEX
  5
1253
  8
DEFAULT
 10
-212.0701886822597
 20
247.3234425592195
 30
0.0
  0
VERTEX
  5
1254
  8
DEFAULT
 10
-212.0949855146557
 20
247.2939459781868
 30
0.0
  0
VERTEX
  5
1255
  8
DEFAULT
 10
-212.1192897388378
 20
247.2639035339979
 30
0.0
  0
VERTEX
  5
1256
  8
DEFAULT
 10
-212.1431013548057
 20
247.233315226653
 30
0.0
  0
VERTEX
  5
1257
  8
DEFAULT
 10
-212.1664203625596
 20
247.202181056152
 30
0.0
  0
VERTEX
  5
1258
  8
DEFAULT
 10
-212.1892467620995
 20
247.1705010224949
 30
0.0
  0
VERTEX
  5
1259
  8
DEFAULT
 10
-212.2115805534254
 20
247.1382751256817
 30
0.0
  0
VERTEX
  5
125A
  8
DEFAULT
 10
-212.2334217365371
 20
247.1055033657124
 30
0.0
  0
VERTEX
  5
125B
  8
DEFAULT
 10
-212.2547703114349
 20
247.0721857425869
 30
0.0
  0
VERTEX
  5
125C
  8
DEFAULT
 10
-212.2756262781186
 20
247.0383222563054
 30
0.0
  0
VERTEX
  5
125D
  8
DEFAULT
 10
-212.2959896365883
 20
247.0039129068678
 30
0.0
  0
VERTEX
  5
125E
  8
DEFAULT
 10
-212.3158603868439
 20
246.9689576942741
 30
0.0
  0
VERTEX
  5
125F
  8
DEFAULT
 10
-212.354124062713
 20
246.8974096796183
 30
0.0
  0
VERTEX
  5
1260
  8
DEFAULT
 10
-212.3902375702965
 20
246.8239910851227
 30
0.0
  0
VERTEX
  5
1261
  8
DEFAULT
 10
-212.424021174165
 20
246.7490147835719
 30
0.0
  0
VERTEX
  5
1262
  8
DEFAULT
 10
-212.4554748743184
 20
246.6724807749659
 30
0.0
  0
VERTEX
  5
1263
  8
DEFAULT
 10
-212.4845986707566
 20
246.5943890593047
 30
0.0
  0
VERTEX
  5
1264
  8
DEFAULT
 10
-212.5113925634799
 20
246.5147396365883
 30
0.0
  0
VERTEX
  5
1265
  8
DEFAULT
 10
-212.535856552488
 20
246.4335325068166
 30
0.0
  0
VERTEX
  5
1266
  8
DEFAULT
 10
-212.5579906377812
 20
246.3507676699898
 30
0.0
  0
VERTEX
  5
1267
  8
DEFAULT
 10
-212.5777948193592
 20
246.2664451261077
 30
0.0
  0
VERTEX
  5
1268
  8
DEFAULT
 10
-212.5952690972222
 20
246.1805648751704
 30
0.0
  0
VERTEX
  5
1269
  8
DEFAULT
 10
-212.6104134713701
 20
246.0931269171779
 30
0.0
  0
VERTEX
  5
126A
  8
DEFAULT
 10
-212.623227941803
 20
246.0041312521302
 30
0.0
  0
VERTEX
  5
126B
  8
DEFAULT
 10
-212.6337125085208
 20
245.9135778800273
 30
0.0
  0
VERTEX
  5
126C
  8
DEFAULT
 10
-212.6418671715235
 20
245.8214668008691
 30
0.0
  0
VERTEX
  5
126D
  8
DEFAULT
 10
-212.6476919308112
 20
245.7277980146558
 30
0.0
  0
VERTEX
  5
126E
  8
DEFAULT
 10
-212.6511867863838
 20
245.6325715213872
 30
0.0
  0
VERTEX
  5
126F
  8
DEFAULT
 10
-212.6523517382413
 20
245.5357873210634
 30
0.0
  0
VERTEX
  5
1270
  8
DEFAULT
 10
-212.6513199237389
 20
245.4466784892638
 30
0.0
  0
VERTEX
  5
1271
  8
DEFAULT
 10
-212.6482244802318
 20
245.358288599182
 30
0.0
  0
VERTEX
  5
1272
  8
DEFAULT
 10
-212.6430654077198
 20
245.270617650818
 30
0.0
  0
VERTEX
  5
1273
  8
DEFAULT
 10
-212.6358427062031
 20
245.1836656441718
 30
0.0
  0
VERTEX
  5
1274
  8
DEFAULT
 10
-212.6265563756816
 20
245.0974325792433
 30
0.0
  0
VERTEX
  5
1275
  8
DEFAULT
 10
-212.6152064161554
 20
245.0119184560327
 30
0.0
  0
VERTEX
  5
1276
  8
DEFAULT
 10
-212.6017928276244
 20
244.9271232745399
 30
0.0
  0
VERTEX
  5
1277
  8
DEFAULT
 10
-212.5863156100886
 20
244.8430470347649
 30
0.0
  0
VERTEX
  5
1278
  8
DEFAULT
 10
-212.568774763548
 20
244.7596897367076
 30
0.0
  0
VERTEX
  5
1279
  8
DEFAULT
 10
-212.5491702880027
 20
244.6770513803681
 30
0.0
  0
VERTEX
  5
127A
  8
DEFAULT
 10
-212.5275021834526
 20
244.5951319657464
 30
0.0
  0
VERTEX
  5
127B
  8
DEFAULT
 10
-212.5037704498977
 20
244.5139314928426
 30
0.0
  0
VERTEX
  5
127C
  8
DEFAULT
 10
-212.4779750873381
 20
244.4334499616565
 30
0.0
  0
VERTEX
  5
127D
  8
DEFAULT
 10
-212.4501160957737
 20
244.3536873721882
 30
0.0
  0
VERTEX
  5
127E
  8
DEFAULT
 10
-212.4201934752045
 20
244.2746437244377
 30
0.0
  0
VERTEX
  5
127F
  8
DEFAULT
 10
-212.3882072256305
 20
244.1963190184049
 30
0.0
  0
VERTEX
  5
1280
  8
DEFAULT
 10
-212.3542438863327
 20
244.1195054213531
 30
0.0
  0
VERTEX
  5
1281
  8
DEFAULT
 10
-212.3183899965917
 20
244.0449951005453
 30
0.0
  0
VERTEX
  5
1282
  8
DEFAULT
 10
-212.2806455564076
 20
243.9727880559816
 30
0.0
  0
VERTEX
  5
1283
  8
DEFAULT
 10
-212.2410105657805
 20
243.9028842876619
 30
0.0
  0
VERTEX
  5
1284
  8
DEFAULT
 10
-212.2204841140508
 20
243.8687961320936
 30
0.0
  0
VERTEX
  5
1285
  8
DEFAULT
 10
-212.1994850247103
 20
243.8352837955862
 30
0.0
  0
VERTEX
  5
1286
  8
DEFAULT
 10
-212.178013297759
 20
243.8023472781399
 30
0.0
  0
VERTEX
  5
1287
  8
DEFAULT
 10
-212.156068933197
 20
243.7699865797546
 30
0.0
  0
VERTEX
  5
1288
  8
DEFAULT
 10
-212.1336519310242
 20
243.7382017004303
 30
0.0
  0
VERTEX
  5
1289
  8
DEFAULT
 10
-212.1107622912407
 20
243.706992640167
 30
0.0
  0
VERTEX
  5
128A
  8
DEFAULT
 10
-212.0874000138463
 20
243.6763593989647
 30
0.0
  0
VERTEX
  5
128B
  8
DEFAULT
 10
-212.0635650988412
 20
243.6463019768235
 30
0.0
  0
VERTEX
  5
128C
  8
DEFAULT
 10
-212.0392575462253
 20
243.6168203737432
 30
0.0
  0
VERTEX
  5
128D
  8
DEFAULT
 10
-212.0144773559987
 20
243.5879145897239
 30
0.0
  0
VERTEX
  5
128E
  8
DEFAULT
 10
-211.9892245281612
 20
243.5595846247657
 30
0.0
  0
VERTEX
  5
128F
  8
DEFAULT
 10
-211.963499062713
 20
243.5318304788684
 30
0.0
  0
VERTEX
  5
1290
  8
DEFAULT
 10
-211.9373009596541
 20
243.5046521520322
 30
0.0
  0
VERTEX
  5
1291
  8
DEFAULT
 10
-211.9106302189843
 20
243.478049644257
 30
0.0
  0
VERTEX
  5
1292
  8
DEFAULT
 10
-211.8834868407038
 20
243.4520229555428
 30
0.0
  0
VERTEX
  5
1293
  8
DEFAULT
 10
-211.8558708248125
 20
243.4265720858896
 30
0.0
  0
VERTEX
  5
1294
  8
DEFAULT
 10
-211.8277821713105
 20
243.4016970352974
 30
0.0
  0
VERTEX
  5
1295
  8
DEFAULT
 10
-211.7992208801977
 20
243.3773978037662
 30
0.0
  0
VERTEX
  5
1296
  8
DEFAULT
 10
-211.7701869514741
 20
243.353674391296
 30
0.0
  0
VERTEX
  5
1297
  8
DEFAULT
 10
-211.7406803851397
 20
243.3305267978868
 30
0.0
  0
VERTEX
  5
1298
  8
DEFAULT
 10
-211.7107011811946
 20
243.3079550235387
 30
0.0
  0
VERTEX
  5
1299
  8
DEFAULT
 10
-211.6802493396387
 20
243.2859590682515
 30
0.0
  0
VERTEX
  5
129A
  8
DEFAULT
 10
-211.6493248604721
 20
243.2645389320254
 30
0.0
  0
VERTEX
  5
129B
  8
DEFAULT
 10
-211.6179277436946
 20
243.2436946148603
 30
0.0
  0
VERTEX
  5
129C
  8
DEFAULT
 10
-211.5859997417135
 20
243.2234594010949
 30
0.0
  0
VERTEX
  5
129D
  8
DEFAULT
 10
-211.5534826069359
 20
243.2038665750682
 30
0.0
  0
VERTEX
  5
129E
  8
DEFAULT
 10
-211.5203763393618
 20
243.18491613678
 30
0.0
  0
VERTEX
  5
129F
  8
DEFAULT
 10
-211.4866809389912
 20
243.1666080862304
 30
0.0
  0
VERTEX
  5
12A0
  8
DEFAULT
 10
-211.4523964058239
 20
243.1489424234194
 30
0.0
  0
VERTEX
  5
12A1
  8
DEFAULT
 10
-211.4175227398603
 20
243.131919148347
 30
0.0
  0
VERTEX
  5
12A2
  8
DEFAULT
 10
-211.3820599411001
 20
243.1155382610131
 30
0.0
  0
VERTEX
  5
12A3
  8
DEFAULT
 10
-211.3460080095433
 20
243.0997997614178
 30
0.0
  0
VERTEX
  5
12A4
  8
DEFAULT
 10
-211.30936694519
 20
243.0847036495612
 30
0.0
  0
VERTEX
  5
12A5
  8
DEFAULT
 10
-211.2721367480402
 20
243.0702499254431
 30
0.0
  0
VERTEX
  5
12A6
  8
DEFAULT
 10
-211.2343174180939
 20
243.0564385890635
 30
0.0
  0
VERTEX
  5
12A7
  8
DEFAULT
 10
-211.1959089553511
 20
243.0432696404226
 30
0.0
  0
VERTEX
  5
12A8
  8
DEFAULT
 10
-211.1569113598117
 20
243.0307430795203
 30
0.0
  0
VERTEX
  5
12A9
  8
DEFAULT
 10
-211.1173246314758
 20
243.0188589063565
 30
0.0
  0
VERTEX
  5
12AA
  8
DEFAULT
 10
-211.0771487703434
 20
243.0076171209313
 30
0.0
  0
VERTEX
  5
12AB
  8
DEFAULT
 10
-211.0363837764145
 20
242.9970177232447
 30
0.0
  0
VERTEX
  5
12AC
  8
DEFAULT
 10
-210.995029649689
 20
242.9870607132967
 30
0.0
  0
VERTEX
  5
12AD
  8
DEFAULT
 10
-210.953086390167
 20
242.9777460910873
 30
0.0
  0
VERTEX
  5
12AE
  8
DEFAULT
 10
-210.8674324727335
 20
242.9610440098841
 30
0.0
  0
VERTEX
  5
12AF
  8
DEFAULT
 10
-210.7794220241138
 20
242.9469114796353
 30
0.0
  0
VERTEX
  5
12B0
  8
DEFAULT
 10
-210.6890550443081
 20
242.9353485003408
 30
0.0
  0
VERTEX
  5
12B1
  8
DEFAULT
 10
-210.5963315333163
 20
242.9263550720007
 30
0.0
  0
VERTEX
  5
12B2
  8
DEFAULT
 10
-210.5012514911384
 20
242.9199311946148
 30
0.0
  0
VERTEX
  5
12B3
  8
DEFAULT
 10
-210.4038149177744
 20
242.9160768681834
 30
0.0
  0
VERTEX
  5
12B4
  8
DEFAULT
 10
-210.3040218132243
 20
242.9147920927062
 30
0.0
  0
VERTEX
  5
12B5
  8
DEFAULT
 10
-210.255474940887
 20
242.915209811158
 30
0.0
  0
VERTEX
  5
12B6
  8
DEFAULT
 10
-210.2073973777267
 20
242.9164629665133
 30
0.0
  0
VERTEX
  5
12B7
  8
DEFAULT
 10
-210.1597891237432
 20
242.9185515587722
 30
0.0
  0
VERTEX
  5
12B8
  8
DEFAULT
 10
-210.1126501789366
 20
242.9214755879345
 30
0.0
  0
VERTEX
  5
12B9
  8
DEFAULT
 10
-210.0659805433069
 20
242.9252350540005
 30
0.0
  0
VERTEX
  5
12BA
  8
DEFAULT
 10
-210.0197802168541
 20
242.92982995697
 30
0.0
  0
VERTEX
  5
12BB
  8
DEFAULT
 10
-209.9740491995782
 20
242.935260296843
 30
0.0
  0
VERTEX
  5
12BC
  8
DEFAULT
 10
-209.9287874914792
 20
242.9415260736196
 30
0.0
  0
VERTEX
  5
12BD
  8
DEFAULT
 10
-209.8839950925571
 20
242.9486272872998
 30
0.0
  0
VERTEX
  5
12BE
  8
DEFAULT
 10
-209.8396720028119
 20
242.9565639378834
 30
0.0
  0
VERTEX
  5
12BF
  8
DEFAULT
 10
-209.7958182222436
 20
242.9653360253706
 30
0.0
  0
VERTEX
  5
12C0
  8
DEFAULT
 10
-209.7524337508521
 20
242.9749435497614
 30
0.0
  0
VERTEX
  5
12C1
  8
DEFAULT
 10
-209.7095185886375
 20
242.9853865110557
 30
0.0
  0
VERTEX
  5
12C2
  8
DEFAULT
 10
-209.6670727355999
 20
242.9966649092536
 30
0.0
  0
VERTEX
  5
12C3
  8
DEFAULT
 10
-209.6250961917391
 20
243.008778744355
 30
0.0
  0
VERTEX
  5
12C4
  8
DEFAULT
 10
-209.5835889570552
 20
243.0217280163599
 30
0.0
  0
VERTEX
  5
12C5
  8
DEFAULT
 10
-209.5425510315482
 20
243.0355127252684
 30
0.0
  0
VERTEX
  5
12C6
  8
DEFAULT
 10
-209.5019824152181
 20
243.0501328710804
 30
0.0
  0
VERTEX
  5
12C7
  8
DEFAULT
 10
-209.4618831080649
 20
243.065588453796
 30
0.0
  0
VERTEX
  5
12C8
  8
DEFAULT
 10
-209.4222531100886
 20
243.0818794734151
 30
0.0
  0
VERTEX
  5
12C9
  8
DEFAULT
 10
-209.3830924212892
 20
243.0990059299378
 30
0.0
  0
VERTEX
  5
12CA
  8
DEFAULT
 10
-209.3444010416667
 20
243.116967823364
 30
0.0
  0
VERTEX
  5
12CB
  8
DEFAULT
 10
-209.306178971221
 20
243.1357651536937
 30
0.0
  0
VERTEX
  5
12CC
  8
DEFAULT
 10
-209.2684262099523
 20
243.155397920927
 30
0.0
  0
VERTEX
  5
12CD
  8
DEFAULT
 10
-209.2311427578604
 20
243.1758661250639
 30
0.0
  0
VERTEX
  5
12CE
  8
DEFAULT
 10
-209.1943286149455
 20
243.1971697661043
 30
0.0
  0
VERTEX
  5
12CF
  8
DEFAULT
 10
-209.1579837812074
 20
243.2193088440482
 30
0.0
  0
VERTEX
  5
12D0
  8
DEFAULT
 10
-209.1221082566462
 20
243.2422833588957
 30
0.0
  0
VERTEX
  5
12D1
  8
DEFAULT
 10
-209.086702041262
 20
243.2660933106467
 30
0.0
  0
VERTEX
  5
12D2
  8
DEFAULT
 10
-209.0517651350546
 20
243.2907386993013
 30
0.0
  0
VERTEX
  5
12D3
  8
DEFAULT
 10
-209.017297538024
 20
243.3162195248594
 30
0.0
  0
VERTEX
  5
12D4
  8
DEFAULT
 10
-208.9832992501704
 20
243.3425357873211
 30
0.0
  0
VERTEX
  5
12D5
  8
DEFAULT
 10
-208.9498601392085
 20
243.3696475454797
 30
0.0
  0
VERTEX
  5
12D6
  8
DEFAULT
 10
-208.9170700728528
 20
243.3975148581288
 30
0.0
  0
VERTEX
  5
12D7
  8
DEFAULT
 10
-208.8849290511035
 20
243.4261377252684
 30
0.0
  0
VERTEX
  5
12D8
  8
DEFAULT
 10
-208.8534370739605
 20
243.4555161468984
 30
0.0
  0
VERTEX
  5
12D9
  8
DEFAULT
 10
-208.8225941414238
 20
243.4856501230189
 30
0.0
  0
VERTEX
  5
12DA
  8
DEFAULT
 10
-208.7924002534936
 20
243.5165396536298
 30
0.0
  0
VERTEX
  5
12DB
  8
DEFAULT
 10
-208.7628554101696
 20
243.5481847387312
 30
0.0
  0
VERTEX
  5
12DC
  8
DEFAULT
 10
-208.733959611452
 20
243.5805853783231
 30
0.0
  0
VERTEX
  5
12DD
  8
DEFAULT
 10
-208.7057128573407
 20
243.6137415724054
 30
0.0
  0
VERTEX
  5
12DE
  8
DEFAULT
 10
-208.6781151478357
 20
243.6476533209782
 30
0.0
  0
VERTEX
  5
12DF
  8
DEFAULT
 10
-208.6511664829371
 20
243.6823206240414
 30
0.0
  0
VERTEX
  5
12E0
  8
DEFAULT
 10
-208.6248668626449
 20
243.7177434815951
 30
0.0
  0
VERTEX
  5
12E1
  8
DEFAULT
 10
-208.5992162869589
 20
243.7539218936392
 30
0.0
  0
VERTEX
  5
12E2
  8
DEFAULT
 10
-208.5742147558794
 20
243.7908558601738
 30
0.0
  0
VERTEX
  5
12E3
  8
DEFAULT
 10
-208.5498622694061
 20
243.8285453811989
 30
0.0
  0
VERTEX
  5
12E4
  8
DEFAULT
 10
-208.5261588275392
 20
243.8669904567144
 30
0.0
  0
VERTEX
  5
12E5
  8
DEFAULT
 10
-208.5031044302787
 20
243.9061910867203
 30
0.0
  0
VERTEX
  5
12E6
  8
DEFAULT
 10
-208.4806990776244
 20
243.9461472712167
 30
0.0
  0
VERTEX
  5
12E7
  8
DEFAULT
 10
-208.4589427695765
 20
243.9868590102036
 30
0.0
  0
VERTEX
  5
12E8
  8
DEFAULT
 10
-208.437835506135
 20
244.028326303681
 30
0.0
  0
VERTEX
  5
12E9
  8
DEFAULT
 10
-208.4173772872998
 20
244.0705491516487
 30
0.0
  0
VERTEX
  5
12EA
  8
DEFAULT
 10
-208.3975681130709
 20
244.113527554107
 30
0.0
  0
VERTEX
  5
12EB
  8
DEFAULT
 10
-208.3784079834484
 20
244.1572615110557
 30
0.0
  0
VERTEX
  5
12EC
  8
DEFAULT
 10
-208.3598968984322
 20
244.2017510224949
 30
0.0
  0
VERTEX
  5
12ED
  8
DEFAULT
 10
-208.3420348580223
 20
244.2469960884245
 30
0.0
  0
VERTEX
  5
12EE
  8
DEFAULT
 10
-208.3248218622188
 20
244.2929967088446
 30
0.0
  0
VERTEX
  5
12EF
  8
DEFAULT
 10
-208.2923430044308
 20
244.3872646131561
 30
0.0
  0
VERTEX
  5
12F0
  8
DEFAULT
 10
-208.2624603250682
 20
244.4845547354295
 30
0.0
  0
VERTEX
  5
12F1
  8
DEFAULT
 10
-208.2351738241309
 20
244.5848670756646
 30
0.0
  0
SEQEND
  5
12F2
  8
DEFAULT
  0
POLYLINE
  5
12F3
  8
CONNECTIONS
 66
     1
 10
0.0
 20
0.0
 30
0.0000000000000001
 70
     1
  0
VERTEX
  5
12F4
  8
CONNECTIONS
 10
-198.1342498421324
 20
270.1432286354397
 30
0.0000000000000001
 42
-0.2163651637530993
  0
VERTEX
  5
12F5
  8
CONNECTIONS
 10
-198.9082310754761
 20
270.4338832524088
 30
0.0000000000000001
  0
VERTEX
  5
12F6
  8
CONNECTIONS
 10
-200.6071067766649
 20
272.1327589535995
 30
0.0000000000000001
 42
-0.1989123673794273
  0
VERTEX
  5
12F7
  8
CONNECTIONS
 10
-200.8999999954779
 20
272.8398657347854
 30
0.0000000000000001
  0
VERTEX
  5
12F8
  8
CONNECTIONS
 10
-200.8999999954781
 20
275.8115017576372
 30
0.0000000000000001
 42
-0.1939573301341047
  0
VERTEX
  5
12F9
  8
CONNECTIONS
 10
-200.6204714419355
 20
276.5049863608114
 30
0.0000000000000001
 42
0.1939573301340323
  0
VERTEX
  5
12FA
  8
CONNECTIONS
 10
-200.3568279143588
 20
277.1590616772109
 30
0.0000000000000001
  0
VERTEX
  5
12FB
  8
CONNECTIONS
 10
-200.3568279143587
 20
280.840938331834
 30
0.0000000000000001
 42
0.9999999999999699
  0
VERTEX
  5
12FC
  8
CONNECTIONS
 10
-202.2431720765961
 20
280.840938331834
 30
0.0000000000000001
  0
VERTEX
  5
12FD
  8
CONNECTIONS
 10
-202.2431720765962
 20
280.4000000045225
 30
0.0000000000000001
 42
-0.4142135623730745
  0
VERTEX
  5
12FE
  8
CONNECTIONS
 10
-203.2431720765962
 20
279.4000000045226
 30
0.0000000000000001
  0
VERTEX
  5
12FF
  8
CONNECTIONS
 10
-203.288730167301
 20
279.4000000045226
 30
0.0000000000000001
 42
-0.198912367379683
  0
VERTEX
  5
1300
  8
CONNECTIONS
 10
-203.9958369484876
 20
279.6928932233361
 30
0.0000000000000001
  0
VERTEX
  5
1301
  8
CONNECTIONS
 10
-208.7600505078451
 20
284.4571067826939
 30
0.0000000000000001
 42
0.1989123673796739
  0
VERTEX
  5
1302
  8
CONNECTIONS
 10
-209.4671572890316
 20
284.7500000015074
 30
0.0000000000000001
  0
VERTEX
  5
1303
  8
CONNECTIONS
 10
-209.8789870017728
 20
284.7500000015033
 30
0.0000000000000001
 42
-0.2163651637595918
  0
VERTEX
  5
1304
  8
CONNECTIONS
 10
-210.6317982310417
 20
285.0917635294837
 30
0.0000000000000001
 42
2.662889863689708
  0
VERTEX
  5
1305
  8
CONNECTIONS
 10
-210.6317982310416
 20
283.6082364735308
 30
0.0000000000000001
 42
-0.2163651637596195
  0
VERTEX
  5
1306
  8
CONNECTIONS
 10
-209.8789870017728
 20
283.9500000015113
 30
0.0000000000000001
  0
VERTEX
  5
1307
  8
CONNECTIONS
 10
-209.7985281389201
 20
283.9500000015104
 30
0.0000000000000001
 42
-0.1989123673759661
  0
VERTEX
  5
1308
  8
CONNECTIONS
 10
-209.0914213577477
 20
283.657106782697
 30
0.0000000000000001
  0
VERTEX
  5
1309
  8
CONNECTIONS
 10
-204.3272077983867
 20
278.8928932233358
 30
0.0000000000000001
 42
0.1989123673796508
  0
VERTEX
  5
130A
  8
CONNECTIONS
 10
-203.6201010172001
 20
278.6000000045224
 30
0.0000000000000001
  0
VERTEX
  5
130B
  8
CONNECTIONS
 10
-203.2431720765962
 20
278.6000000045224
 30
0.0000000000000001
 42
-0.414213562373095
  0
VERTEX
  5
130C
  8
CONNECTIONS
 10
-202.2431720765962
 20
277.6000000045224
 30
0.0000000000000001
 42
0.2223688257545322
  0
VERTEX
  5
130D
  8
CONNECTIONS
 10
-201.9795285490193
 20
276.5049863608115
 30
0.0000000000000001
 42
-0.1939573301340878
  0
VERTEX
  5
130E
  8
CONNECTIONS
 10
-201.6999999954767
 20
275.8115017576372
 30
0.0000000000000001
  0
VERTEX
  5
130F
  8
CONNECTIONS
 10
-201.6999999954767
 20
272.5084948847554
 30
0.0000000000000001
 42
0.198912367382849
  0
VERTEX
  5
1310
  8
CONNECTIONS
 10
-201.4071067766546
 20
271.8013881035601
 30
0.0000000000000001
  0
VERTEX
  5
1311
  8
CONNECTIONS
 10
-199.4739165004627
 20
269.8681978274156
 30
0.0000000000000001
 42
-0.2163651637531478
  0
VERTEX
  5
1312
  8
CONNECTIONS
 10
-199.1832618834846
 20
269.0942165940752
 30
0.0000000000000001
 42
2.662889863606775
  0
SEQEND
  5
1313
  8
CONNECTIONS
  0
POLYLINE
  5
1314
  8
CONNECTIONS
 66
     1
 10
0.0
 20
0.0
 30
0.0
 70
     1
  0
VERTEX
  5
1315
  8
CONNECTIONS
 10
-209.8743420825153
 20
257.0000000045189
 30
0.0
 42
-0.1243688756259442
  0
VERTEX
  5
1316
  8
CONNECTIONS
 10
-211.2992631329603
 20
257.360000004519
 30
0.0
 42
-0.0411682485747844
  0
VERTEX
  5
1317
  8
CONNECTIONS
 10
-215.1565236922866
 20
259.8718800066327
 30
0.0
 42
0.1549822773790835
  0
VERTEX
  5
1318
  8
CONNECTIONS
 10
-216.861332016781
 20
260.4980430290919
 30
0.0
 42
-0.3883924297971707
  0
VERTEX
  5
1319
  8
CONNECTIONS
 10
-219.5019569678705
 20
263.1386679797569
 30
0.0
 42
0.1549822773790538
  0
VERTEX
  5
131A
  8
CONNECTIONS
 10
-220.1281199906043
 20
264.8434763041495
 30
0.0
 42
-0.3422534837141468
  0
VERTEX
  5
131B
  8
CONNECTIONS
 10
-220.1281199906038
 20
299.1565237048916
 30
0.0
 42
0.1549822773789249
  0
VERTEX
  5
131C
  8
CONNECTIONS
 10
-219.5019569678698
 20
300.8613320292839
 30
0.0
 42
-0.3883924297972011
  0
VERTEX
  5
131D
  8
CONNECTIONS
 10
-216.8613320167819
 20
303.5019569799473
 30
0.0
 42
0.1549822773790354
  0
VERTEX
  5
131E
  8
CONNECTIONS
 10
-215.1565236922884
 20
304.1281200024068
 30
0.0
 42
-0.0411682485746572
  0
VERTEX
  5
131F
  8
CONNECTIONS
 10
-211.2992631329667
 20
306.6400000045188
 30
0.0
 42
-0.1243688756260622
  0
VERTEX
  5
1320
  8
CONNECTIONS
 10
-209.8743420825217
 20
307.0000000045189
 30
0.0
  0
VERTEX
  5
1321
  8
CONNECTIONS
 10
-185.8399436227191
 20
307.0000000045189
 30
0.0
 42
-0.1243688756260833
  0
VERTEX
  5
1322
  8
CONNECTIONS
 10
-184.4150225722742
 20
306.6400000045188
 30
0.0
 42
-0.0411682485746372
  0
VERTEX
  5
1323
  8
CONNECTIONS
 10
-180.5577620129524
 20
304.1281200024068
 30
0.0
 42
0.1549822773790205
  0
VERTEX
  5
1324
  8
CONNECTIONS
 10
-178.852953688459
 20
303.5019569799473
 30
0.0
 42
-0.388392429797167
  0
VERTEX
  5
1325
  8
CONNECTIONS
 10
-176.2123287373711
 20
300.8613320292839
 30
0.0
 42
0.1549822773788385
  0
VERTEX
  5
1326
  8
CONNECTIONS
 10
-175.5861657146371
 20
299.1565237048916
 30
0.0
 42
-0.3422534837141441
  0
VERTEX
  5
1327
  8
CONNECTIONS
 10
-175.5861657146365
 20
264.8434763041495
 30
0.0
 42
0.1549822773790312
  0
VERTEX
  5
1328
  8
CONNECTIONS
 10
-176.2123287373703
 20
263.1386679797569
 30
0.0
 42
-0.3883924297971446
  0
VERTEX
  5
1329
  8
CONNECTIONS
 10
-178.8529536884599
 20
260.4980430290919
 30
0.0
 42
0.1549822773790235
  0
VERTEX
  5
132A
  8
CONNECTIONS
 10
-180.5577620129543
 20
259.8718800066327
 30
0.0
 42
-0.041168248574777
  0
VERTEX
  5
132B
  8
CONNECTIONS
 10
-184.4150225722806
 20
257.360000004519
 30
0.0
 42
-0.124368875625918
  0
VERTEX
  5
132C
  8
CONNECTIONS
 10
-185.8399436227255
 20
257.0000000045189
 30
0.0
  0
SEQEND
  5
132D
  8
CONNECTIONS
  0
CIRCLE
  5
132E
  8
CONNECTIONS
 10
-216.7383296954144
 20
263.2616703015687
 30
0.0
 40
1.499999999999537
  0
CIRCLE
  5
132F
  8
CONNECTIONS
 10
-179.2616702955406
 20
300.7383297074726
 30
0.0
 40
1.500000000000256
  0
CIRCLE
  5
1330
  8
CONNECTIONS
 10
-216.7383296984295
 20
300.7383297044576
 30
0.0
 40
1.500000000000018
  0
CIRCLE
  5
1331
  8
CONNECTIONS
 10
-179.2616702955407
 20
263.2616703015687
 30
0.0
 40
1.499999999243599
  0
POLYLINE
  5
1332
  8
CONNECTIONS
 66
     1
 10
0.0
 20
0.0
 30
0.0000000000000004
 70
     1
  0
VERTEX
  5
1333
  8
CONNECTIONS
 10
-195.8115017485932
 20
285.0000000045225
 30
0.0000000000000004
 42
-0.1939573301339443
  0
VERTEX
  5
1334
  8
CONNECTIONS
 10
-196.5049863517669
 20
285.2795285580646
 30
0.0000000000000004
 42
0.1939573301337724
  0
VERTEX
  5
1335
  8
CONNECTIONS
 10
-197.159061668166
 20
285.5431720856412
 30
0.0000000000000004
  0
VERTEX
  5
1336
  8
CONNECTIONS
 10
-200.840938322789
 20
285.5431720856412
 30
0.0000000000000004
 42
0.9999999999999699
  0
VERTEX
  5
1337
  8
CONNECTIONS
 10
-200.840938322789
 20
283.6568279234038
 30
0.0000000000000004
  0
VERTEX
  5
1338
  8
CONNECTIONS
 10
-197.159061668166
 20
283.6568279234037
 30
0.0000000000000004
 42
0.1939573301339701
  0
VERTEX
  5
1339
  8
CONNECTIONS
 10
-196.5049863517668
 20
283.9204714509802
 30
0.0000000000000004
 42
-0.1939573301340025
  0
VERTEX
  5
133A
  8
CONNECTIONS
 10
-195.8115017485932
 20
284.2000000045224
 30
0.0000000000000004
  0
VERTEX
  5
133B
  8
CONNECTIONS
 10
-188.0468027706584
 20
284.2000000045264
 30
0.0000000000000004
 42
-0.216365163759576
  0
VERTEX
  5
133C
  8
CONNECTIONS
 10
-187.2939915413893
 20
283.858236476546
 30
0.0000000000000004
 42
2.662889863689704
  0
VERTEX
  5
133D
  8
CONNECTIONS
 10
-187.2939915413895
 20
285.3417635324989
 30
0.0000000000000004
 42
-0.2163651637596634
  0
VERTEX
  5
133E
  8
CONNECTIONS
 10
-188.0468027706584
 20
285.0000000045184
 30
0.0000000000000004
  0
SEQEND
  5
133F
  8
CONNECTIONS
  0
POLYLINE
  5
1340
  8
TRACES
 66
     1
 10
0.0
 20
0.0
 30
0.0
 70
     1
  0
VERTEX
  5
1341
  8
TRACES
 10
-122.638971041122
 20
285.0527967219683
 30
0.0
 42
0.1571160887174823
  0
VERTEX
  5
1342
  8
TRACES
 10
-122.127872186353
 20
284.7137620792225
 30
0.0
 42
-0.1288157958924787
  0
VERTEX
  5
1343
  8
TRACES
 10
-121.6914213577454
 20
284.457106782694
 30
0.0
  0
VERTEX
  5
1344
  8
TRACES
 10
-119.9272077953729
 20
282.692893220321
 30
0.0
 42
0.1162841622255545
  0
VERTEX
  5
1345
  8
TRACES
 10
-119.53688905535
 20
282.4515036457022
 30
0.0
 42
0.2958287811325081
  0
VERTEX
  5
1346
  8
TRACES
 10
-119.0101504399779
 20
282.5876360749497
 30
0.0
 42
-0.2070037998915821
  0
VERTEX
  5
1347
  8
TRACES
 10
-118.3699774453246
 20
282.8689865479481
 30
0.0
  0
VERTEX
  5
1348
  8
TRACES
 10
-116.7100225576917
 20
282.8689865479481
 30
0.0
 42
-0.9999999999994359
  0
VERTEX
  5
1349
  8
TRACES
 10
-116.7100225576917
 20
281.1310134550666
 30
0.0
  0
VERTEX
  5
134A
  8
TRACES
 10
-118.3699774453246
 20
281.1310134550666
 30
0.0
 42
-0.1830391505860243
  0
VERTEX
  5
134B
  8
TRACES
 10
-118.9456740080935
 20
281.3490690639179
 30
0.0
 42
0.178677309167887
  0
VERTEX
  5
134C
  8
TRACES
 10
-119.5794052198155
 20
281.5995863268657
 30
0.0
 42
-0.1916978761013436
  0
VERTEX
  5
134D
  8
TRACES
 10
-120.2577512959915
 20
281.8920658710414
 30
0.0
  0
VERTEX
  5
134E
  8
TRACES
 10
-121.645087436338
 20
283.279402011388
 30
0.0
 42
0.3555851431576158
  0
VERTEX
  5
134F
  8
TRACES
 10
-122.9011954924602
 20
283.4081167423195
 30
0.0
 42
-1.115572207882927
  0
VERTEX
  5
1350
  8
TRACES
 10
-123.919862399973
 20
285.403514508474
 30
0.0
  0
VERTEX
  5
1351
  8
TRACES
 10
-123.9198623999729
 20
285.5141022137767
 30
0.0
 42
0.1989123673796458
  0
VERTEX
  5
1352
  8
TRACES
 10
-124.2127556187864
 20
286.2212089949633
 30
0.0
  0
VERTEX
  5
1353
  8
TRACES
 10
-125.5048433239986
 20
287.5132967001756
 30
0.0
 42
0.1989123673796827
  0
VERTEX
  5
1354
  8
TRACES
 10
-126.2119501051852
 20
287.8061899189891
 30
0.0
  0
VERTEX
  5
1355
  8
TRACES
 10
-135.8778745510899
 20
287.806189918989
 30
0.0
 42
-0.1989123673796706
  0
VERTEX
  5
1356
  8
TRACES
 10
-136.5849813322765
 20
288.0990831378025
 30
0.0
  0
VERTEX
  5
1357
  8
TRACES
 10
-139.1430049771675
 20
290.6571067826937
 30
0.0
 42
0.1989123673796675
  0
VERTEX
  5
1358
  8
TRACES
 10
-139.850111758354
 20
290.9500000015072
 30
0.0
  0
VERTEX
  5
1359
  8
TRACES
 10
-141.5518340781878
 20
290.9500000015072
 30
0.0
 42
0.1830391505855013
  0
VERTEX
  5
135A
  8
TRACES
 10
-142.214325994923
 20
290.6990690639178
 30
0.0
 42
-0.1830391505855814
  0
VERTEX
  5
135B
  8
TRACES
 10
-142.7900225576916
 20
290.4810134550668
 30
0.0
  0
VERTEX
  5
135C
  8
TRACES
 10
-144.4499774453245
 20
290.4810134550667
 30
0.0
 42
-1.000000000000016
  0
VERTEX
  5
135D
  8
TRACES
 10
-144.4499774453245
 20
292.218986547948
 30
0.0
  0
VERTEX
  5
135E
  8
TRACES
 10
-142.7900225576916
 20
292.218986547948
 30
0.0
 42
-0.1830391505853539
  0
VERTEX
  5
135F
  8
TRACES
 10
-142.2143259949231
 20
292.0009309390969
 30
0.0
 42
0.1830391505854824
  0
VERTEX
  5
1360
  8
TRACES
 10
-141.5518340781879
 20
291.7500000015074
 30
0.0
  0
VERTEX
  5
1361
  8
TRACES
 10
-139.5187409084549
 20
291.7500000015073
 30
0.0
 42
-0.1989123673796546
  0
VERTEX
  5
1362
  8
TRACES
 10
-138.8116341272683
 20
291.4571067826939
 30
0.0
  0
VERTEX
  5
1363
  8
TRACES
 10
-136.2536104823774
 20
288.8990831378026
 30
0.0
 42
0.1989123673797276
  0
VERTEX
  5
1364
  8
TRACES
 10
-135.5465037011907
 20
288.6061899189891
 30
0.0
  0
VERTEX
  5
1365
  8
TRACES
 10
-125.8805792552861
 20
288.6061899189892
 30
0.0
 42
-0.1989123673796666
  0
VERTEX
  5
1366
  8
TRACES
 10
-125.1734724740995
 20
288.3132967001757
 30
0.0
  0
VERTEX
  5
1367
  8
TRACES
 10
-123.4127556187862
 20
286.5525798448623
 30
0.0
 42
-0.1848776809623288
  0
VERTEX
  5
1368
  8
TRACES
 10
-123.1213278387489
 20
285.8995908063451
 30
0.0
 42
0.202711958692044
  0
VERTEX
  5
1369
  8
TRACES
 10
-122.7796517420547
 20
285.1996946515288
 30
0.0
  0
SEQEND
  5
136A
  8
TRACES
  0
POLYLINE
  5
136B
  8
TRACES
 66
     1
 10
0.0
 20
0.0
 30
0.0000000000000001
 70
     1
  0
VERTEX
  5
136C
  8
TRACES
 10
-149.2961113555718
 20
283.7516606355468
 30
0.0000000000000001
 42
-0.2163651637560832
  0
VERTEX
  5
136D
  8
TRACES
 10
-148.9543478275964
 20
282.998849406289
 30
0.0000000000000001
  0
VERTEX
  5
136E
  8
TRACES
 10
-148.9543478275959
 20
265.2485281389351
 30
0.0000000000000001
 42
0.198912367380832
  0
VERTEX
  5
136F
  8
TRACES
 10
-148.6614546087814
 20
264.5414213577449
 30
0.0000000000000001
  0
VERTEX
  5
1370
  8
TRACES
 10
-142.1139624811001
 20
257.9939292300626
 30
0.0000000000000001
 42
0.1989123673795423
  0
VERTEX
  5
1371
  8
TRACES
 10
-141.4068556999139
 20
257.7010360112494
 30
0.0000000000000001
  0
VERTEX
  5
1372
  8
TRACES
 10
-139.1474921291895
 20
257.7010360112494
 30
0.0000000000000001
 42
0.1989123673796457
  0
VERTEX
  5
1373
  8
TRACES
 10
-138.4403853480028
 20
257.9939292300627
 30
0.0000000000000001
  0
VERTEX
  5
1374
  8
TRACES
 10
-136.8928932203221
 20
259.5414213577438
 30
0.0000000000000001
 42
0.198912367380012
  0
VERTEX
  5
1375
  8
TRACES
 10
-136.6000000015085
 20
260.2485281389303
 30
0.0000000000000001
  0
VERTEX
  5
1376
  8
TRACES
 10
-136.6000000015085
 20
261.1018566343708
 30
0.0000000000000001
 42
-0.1862373641466356
  0
VERTEX
  5
1377
  8
TRACES
 10
-136.3490690639187
 20
261.7643485511067
 30
0.0000000000000001
 42
0.1830391505865755
  0
VERTEX
  5
1378
  8
TRACES
 10
-136.1310134550679
 20
262.3400451138749
 30
0.0000000000000001
  0
VERTEX
  5
1379
  8
TRACES
 10
-136.1310134550679
 20
264.0000000015074
 30
0.0000000000000001
 42
0.9999999999999999
  0
VERTEX
  5
137A
  8
TRACES
 10
-137.8689865479494
 20
264.0000000015074
 30
0.0000000000000001
  0
VERTEX
  5
137B
  8
TRACES
 10
-137.8689865479494
 20
262.3400451138749
 30
0.0000000000000001
 42
0.179843613359412
  0
VERTEX
  5
137C
  8
TRACES
 10
-137.6509309390979
 20
261.7643485511063
 30
0.0000000000000001
 42
-0.183039150584746
  0
VERTEX
  5
137D
  8
TRACES
 10
-137.4000000015087
 20
261.1018566343708
 30
0.0000000000000001
  0
VERTEX
  5
137E
  8
TRACES
 10
-137.4000000015087
 20
260.5798989888305
 30
0.0000000000000001
 42
-0.1989123673796855
  0
VERTEX
  5
137F
  8
TRACES
 10
-137.6928932203223
 20
259.8727922076438
 30
0.0000000000000001
  0
VERTEX
  5
1380
  8
TRACES
 10
-138.7717561979021
 20
258.7939292300638
 30
0.0000000000000001
 42
-0.1989123673799226
  0
VERTEX
  5
1381
  8
TRACES
 10
-139.4788629790887
 20
258.5010360112504
 30
0.0000000000000001
  0
VERTEX
  5
1382
  8
TRACES
 10
-141.0754848500167
 20
258.5010360112504
 30
0.0000000000000001
 42
-0.1194816149652018
  0
VERTEX
  5
1383
  8
TRACES
 10
-141.5497755133637
 20
258.5611131122246
 30
0.0000000000000001
  0
VERTEX
  5
1384
  8
TRACES
 10
-147.8614546087823
 20
264.872792207643
 30
0.0000000000000001
 42
-0.1989123673796331
  0
VERTEX
  5
1385
  8
TRACES
 10
-148.1543478275957
 20
265.5798989888295
 30
0.0000000000000001
  0
VERTEX
  5
1386
  8
TRACES
 10
-148.1543478275956
 20
282.998849406289
 30
0.0000000000000001
 42
-0.2163651637560731
  0
VERTEX
  5
1387
  8
TRACES
 10
-147.8125842996202
 20
283.7516606355468
 30
0.0000000000000001
 42
0.4539830367732003
  0
VERTEX
  5
1388
  8
TRACES
 10
-147.8125842996202
 20
285.4483393734981
 30
0.0000000000000001
 42
-0.2163651637560907
  0
VERTEX
  5
1389
  8
TRACES
 10
-148.1543478275956
 20
286.2011506027559
 30
0.0000000000000001
  0
VERTEX
  5
138A
  8
TRACES
 10
-148.1543478275955
 20
294.4797682179058
 30
0.0000000000000001
 42
-0.1989123673796444
  0
VERTEX
  5
138B
  8
TRACES
 10
-147.8614546087821
 20
295.1868749990923
 30
0.0000000000000001
  0
VERTEX
  5
138C
  8
TRACES
 10
-147.3112228251807
 20
295.7371067826938
 30
0.0000000000000001
 42
-0.1989123673796604
  0
VERTEX
  5
138D
  8
TRACES
 10
-146.6041160439941
 20
296.0300000015073
 30
0.0000000000000001
  0
VERTEX
  5
138E
  8
TRACES
 10
-145.6881659248286
 20
296.0300000015073
 30
0.0000000000000001
 42
-0.1830391505854553
  0
VERTEX
  5
138F
  8
TRACES
 10
-145.0256740080936
 20
295.7790690639177
 30
0.0000000000000001
 42
0.1798436133591477
  0
VERTEX
  5
1390
  8
TRACES
 10
-144.4499774453245
 20
295.5610134550667
 30
0.0000000000000001
  0
VERTEX
  5
1391
  8
TRACES
 10
-142.7900225576925
 20
295.5610134550667
 30
0.0000000000000001
 42
0.183039150584007
  0
VERTEX
  5
1392
  8
TRACES
 10
-142.2143259949247
 20
295.7790690639177
 30
0.0000000000000001
  0
VERTEX
  5
1393
  8
TRACES
 10
-141.9111358843983
 20
296.0300000015075
 30
0.0000000000000001
  0
VERTEX
  5
1394
  8
TRACES
 10
-122.7700791771716
 20
296.0300000015072
 30
0.0000000000000001
  0
VERTEX
  5
1395
  8
TRACES
 10
-122.6990895638491
 20
295.9934041388984
 30
0.0000000000000001
  0
VERTEX
  5
1396
  8
TRACES
 10
-118.232893220322
 20
291.5272077953715
 30
0.0000000000000001
 42
-0.198912367379322
  0
VERTEX
  5
1397
  8
TRACES
 10
-117.9400000015087
 20
290.820101014185
 30
0.0000000000000001
  0
VERTEX
  5
1398
  8
TRACES
 10
-117.9400000015087
 20
286.3199396061619
 30
0.0000000000000001
 42
-0.3260895571032065
  0
VERTEX
  5
1399
  8
TRACES
 10
-118.6350098145699
 20
285.3675841127291
 30
0.0000000000000001
 42
0.8559117307187436
  0
VERTEX
  5
139A
  8
TRACES
 10
-118.3699774453246
 20
283.6710134550666
 30
0.0000000000000001
  0
VERTEX
  5
139B
  8
TRACES
 10
-116.7100225576917
 20
283.6710134550666
 30
0.0000000000000001
 42
0.8559117307181996
  0
VERTEX
  5
139C
  8
TRACES
 10
-116.4449901884462
 20
285.3675841127292
 30
0.0000000000000001
 42
-0.3352410841251465
  0
VERTEX
  5
139D
  8
TRACES
 10
-117.1400000015085
 20
286.3199396061619
 30
0.0000000000000001
  0
VERTEX
  5
139E
  8
TRACES
 10
-117.1400000015085
 20
291.1514718640836
 30
0.0000000000000001
 42
0.1983856913594083
  0
VERTEX
  5
139F
  8
TRACES
 10
-117.3896507873767
 20
291.8153362123248
 30
0.0000000000000001
  0
VERTEX
  5
13A0
  8
TRACES
 10
-122.1114213577459
 20
296.537106782694
 30
0.0000000000000001
 42
0.198360709818909
  0
VERTEX
  5
13A1
  8
TRACES
 10
-122.7565636097209
 20
296.8300000015073
 30
0.0000000000000001
  0
VERTEX
  5
13A2
  8
TRACES
 10
-141.5558231896537
 20
296.8300000015073
 30
0.0000000000000001
 42
-0.1830691240884701
  0
VERTEX
  5
13A3
  8
TRACES
 10
-142.2143259949239
 20
297.0809309390969
 30
0.0000000000000001
 42
0.1798436133590823
  0
VERTEX
  5
13A4
  8
TRACES
 10
-142.7900225576925
 20
297.2989865479479
 30
0.0000000000000001
  0
VERTEX
  5
13A5
  8
TRACES
 10
-144.4499774453245
 20
297.2989865479479
 30
0.0000000000000001
 42
0.1830391505854617
  0
VERTEX
  5
13A6
  8
TRACES
 10
-145.0256740080931
 20
297.0809309390968
 30
0.0000000000000001
 42
-0.1862373641483764
  0
VERTEX
  5
13A7
  8
TRACES
 10
-145.6881659248286
 20
296.8300000015073
 30
0.0000000000000001
  0
VERTEX
  5
13A8
  8
TRACES
 10
-146.935486893894
 20
296.8300000015073
 30
0.0000000000000001
 42
0.1989123673798151
  0
VERTEX
  5
13A9
  8
TRACES
 10
-147.6425936750808
 20
296.5371067826937
 30
0.0000000000000001
  0
VERTEX
  5
13AA
  8
TRACES
 10
-148.6614546087833
 20
295.5182458489904
 30
0.0000000000000001
 42
0.1989123673796279
  0
VERTEX
  5
13AB
  8
TRACES
 10
-148.9543478275966
 20
294.811139067804
 30
0.0000000000000001
  0
VERTEX
  5
13AC
  8
TRACES
 10
-148.9543478275965
 20
286.2011506027558
 30
0.0000000000000001
 42
-0.2163651637560448
  0
VERTEX
  5
13AD
  8
TRACES
 10
-149.2961113555718
 20
285.448339373498
 30
0.0000000000000001
 42
0.4539830367732795
  0
SEQEND
  5
13AE
  8
TRACES
  0
POLYLINE
  5
13AF
  8
TRACES
 66
     1
 10
0.0
 20
0.0
 30
0.0
  0
VERTEX
  5
13B0
  8
TRACES
 10
-148.1543478275955
 20
296.0253526301783
 30
0.0
  0
VERTEX
  5
13B1
  8
TRACES
 10
-148.1543478275953
 20
296.0300000015073
 30
0.0
  0
VERTEX
  5
13B2
  8
TRACES
 10
-148.1497004562668
 20
296.0300000015073
 30
0.0
  0
SEQEND
  5
13B3
  8
TRACES
  0
CIRCLE
  5
13B4
  8
TRACES
 10
148.554347827596
 20
284.6000000045224
 30
-0.0000000000000001
 40
0.5
210
0.0
220
0.0
230
-1.0
  0
POLYLINE
  5
13B5
  8
TRACES
 66
     1
 10
0.0
 20
0.0
 30
0.0
 70
     1
  0
VERTEX
  5
13B6
  8
TRACES
 10
-129.2099774453247
 20
274.4389865479479
 30
0.0
  0
VERTEX
  5
13B7
  8
TRACES
 10
-127.5500225576927
 20
274.4389865479479
 30
0.0
 42
-0.9999999999999675
  0
VERTEX
  5
13B8
  8
TRACES
 10
-127.5500225576927
 20
272.7010134550668
 30
0.0
  0
VERTEX
  5
13B9
  8
TRACES
 10
-127.9800000015093
 20
272.7010134550669
 30
0.0
  0
VERTEX
  5
13BA
  8
TRACES
 10
-127.9800000015093
 20
265.4395772701162
 30
0.0
  0
VERTEX
  5
13BB
  8
TRACES
 10
-130.8195772701878
 20
262.6000000015073
 30
0.0
  0
VERTEX
  5
13BC
  8
TRACES
 10
-133.5910134550681
 20
262.6000000015073
 30
0.0
  0
VERTEX
  5
13BD
  8
TRACES
 10
-133.5910134550681
 20
262.1700225576914
 30
0.0
 42
-1.000000000000033
  0
VERTEX
  5
13BE
  8
TRACES
 10
-135.3289865479493
 20
262.1700225576914
 30
0.0
  0
VERTEX
  5
13BF
  8
TRACES
 10
-135.3289865479492
 20
263.8299774453234
 30
0.0
 42
-1.000000000000033
  0
VERTEX
  5
13C0
  8
TRACES
 10
-133.591013455068
 20
263.8299774453234
 30
0.0
  0
VERTEX
  5
13C1
  8
TRACES
 10
-133.5910134550681
 20
263.4000000015075
 30
0.0
  0
VERTEX
  5
13C2
  8
TRACES
 10
-131.1509481201151
 20
263.4000000015075
 30
0.0
  0
VERTEX
  5
13C3
  8
TRACES
 10
-128.7800000015081
 20
265.7709481201172
 30
0.0
  0
VERTEX
  5
13C4
  8
TRACES
 10
-128.7800000015081
 20
272.7010134550669
 30
0.0
  0
VERTEX
  5
13C5
  8
TRACES
 10
-129.2099774453247
 20
272.7010134550669
 30
0.0
 42
-0.9999999999999999
  0
SEQEND
  5
13C6
  8
TRACES
  0
POLYLINE
  5
13C7
  8
TRACES
 66
     1
 10
0.0
 20
0.0
 30
0.0000000000000001
 70
     1
  0
VERTEX
  5
13C8
  8
TRACES
 10
-137.40321519721
 20
267.9910661297884
 30
0.0000000000000001
  0
VERTEX
  5
13C9
  8
TRACES
 10
-138.8471067826907
 20
266.547174544336
 30
0.0000000000000001
 42
0.1989123673810194
  0
VERTEX
  5
13CA
  8
TRACES
 10
-139.1400000015076
 20
265.8400677631461
 30
0.0000000000000001
  0
VERTEX
  5
13CB
  8
TRACES
 10
-139.1400000015079
 20
265.5323294180398
 30
0.0000000000000001
  0
VERTEX
  5
13CC
  8
TRACES
 10
-139.1400000015085
 20
265.0681659248279
 30
0.0000000000000001
 42
0.1830391505861436
  0
VERTEX
  5
13CD
  8
TRACES
 10
-138.8890690639186
 20
264.4056740080919
 30
0.0000000000000001
 42
-0.1756084598407058
  0
VERTEX
  5
13CE
  8
TRACES
 10
-138.6710134550679
 20
263.8299774453236
 30
0.0000000000000001
  0
VERTEX
  5
13CF
  8
TRACES
 10
-138.6710134550679
 20
262.1700225576911
 30
0.0000000000000001
 42
-1.000000000000344
  0
VERTEX
  5
13D0
  8
TRACES
 10
-140.4089865479493
 20
262.1700225576911
 30
0.0000000000000001
  0
VERTEX
  5
13D1
  8
TRACES
 10
-140.4089865479493
 20
263.8299774453236
 30
0.0000000000000001
 42
-0.1830391505852693
  0
VERTEX
  5
13D2
  8
TRACES
 10
-140.1909309390979
 20
264.405674008092
 30
0.0000000000000001
 42
0.1904775429620988
  0
VERTEX
  5
13D3
  8
TRACES
 10
-139.9400000015087
 20
265.0681659248279
 30
0.0000000000000001
  0
VERTEX
  5
13D4
  8
TRACES
 10
-139.9400000015087
 20
265.5323294180398
 30
0.0000000000000001
  0
VERTEX
  5
13D5
  8
TRACES
 10
-139.9400000015092
 20
266.171438613046
 30
0.0000000000000001
 42
-0.1989123673796454
  0
VERTEX
  5
13D6
  8
TRACES
 10
-139.6471067826959
 20
266.8785453942328
 30
0.0000000000000001
  0
VERTEX
  5
13D7
  8
TRACES
 10
-137.9689006221728
 20
268.5567515547577
 30
0.0000000000000001
 42
-5.451024294536496
  0
SEQEND
  5
13D8
  8
TRACES
  0
CIRCLE
  5
13D9
  8
TRACES
 10
136.9411106577359
 20
269.01885609422
 30
-0.0000000000000001
 40
0.5
210
0.0
220
0.0
230
-1.0
  0
CIRCLE
  5
13DA
  8
HOLES
 10
143.6200000015076
 20
288.8100000015073
 30
0.0
 40
0.43
210
0.0
220
0.0
230
-1.0
  0
POLYLINE
  5
13DB
  8
TRACES
 66
     1
 10
0.0
 20
0.0
 30
0.0
 70
     1
  0
VERTEX
  5
13DC
  8
TRACES
 10
-142.7900225576921
 20
287.9410134550666
 30
0.0
  0
VERTEX
  5
13DD
  8
TRACES
 10
-144.4499774453241
 20
287.9410134550666
 30
0.0
 42
-1.000000000000033
  0
VERTEX
  5
13DE
  8
TRACES
 10
-144.4499774453241
 20
289.6789865479479
 30
0.0
  0
VERTEX
  5
13DF
  8
TRACES
 10
-142.7900225576921
 20
289.6789865479481
 30
0.0
 42
-1.000000000000033
  0
SEQEND
  5
13E0
  8
TRACES
  0
POLYLINE
  5
13E1
  8
TRACES
 66
     1
 10
0.0
 20
0.0
 30
0.0
 70
     1
  0
VERTEX
  5
13E2
  8
TRACES
 10
-134.1500000045225
 20
280.8500000045224
 30
0.0
 42
-1.000000170429942
  0
VERTEX
  5
13E3
  8
TRACES
 10
-133.2500000045225
 20
280.8499998511355
 30
0.0
  0
VERTEX
  5
13E4
  8
TRACES
 10
-133.2500000045225
 20
277.1500000045224
 30
0.0
 42
-1.000000129639825
  0
VERTEX
  5
13E5
  8
TRACES
 10
-134.1500000045225
 20
277.1500001211983
 30
0.0
  0
SEQEND
  5
13E6
  8
TRACES
  0
POLYLINE
  5
13E7
  8
TRACES
 66
     1
 10
0.0
 20
0.0
 30
0.0
 70
     1
  0
VERTEX
  5
13E8
  8
TRACES
 10
-136.3153445008528
 20
281.9727274122886
 30
0.0
  0
VERTEX
  5
13E9
  8
TRACES
 10
-140.2846555081922
 20
281.9727274122886
 30
0.0
  0
VERTEX
  5
13EA
  8
TRACES
 10
-140.2846555081922
 20
282.8272725967563
 30
0.0
  0
VERTEX
  5
13EB
  8
TRACES
 10
-136.3153445008528
 20
282.8272725967563
 30
0.0
  0
SEQEND
  5
13EC
  8
TRACES
  0
POLYLINE
  5
13ED
  8
TRACES
 66
     1
 10
0.0
 20
0.0
 30
0.0000000000000004
 70
     1
  0
VERTEX
  5
13EE
  8
TRACES
 10
-134.1500000045225
 20
285.0500000045225
 30
0.0000000000000004
 42
-1.000000170429848
  0
VERTEX
  5
13EF
  8
TRACES
 10
-134.1500001579094
 20
284.1500000045225
 30
0.0000000000000004
  0
VERTEX
  5
13F0
  8
TRACES
 10
-137.8500000045225
 20
284.1500000045224
 30
0.0000000000000004
 42
-1.000000129639951
  0
VERTEX
  5
13F1
  8
TRACES
 10
-137.8499998878466
 20
285.0500000045224
 30
0.0000000000000004
  0
SEQEND
  5
13F2
  8
TRACES
  0
CIRCLE
  5
13F3
  8
TRACES
 10
123.5198623999729
 20
284.3500000015073
 30
0.0
 40
0.5
210
0.0
220
0.0
230
-1.0
  0
CIRCLE
  5
13F4
  8
HOLES
 10
128.3800000015083
 20
273.5700000015074
 30
0.0
 40
0.43
210
0.0
220
0.0
230
-1.0
  0
POLYLINE
  5
13F5
  8
TRACES
 66
     1
 10
0.0
 20
0.0
 30
0.0
 70
     1
  0
VERTEX
  5
13F6
  8
TRACES
 10
-127.5500225576918
 20
298.1010134550667
 30
0.0
  0
VERTEX
  5
13F7
  8
TRACES
 10
-129.2099774453247
 20
298.1010134550667
 30
0.0
 42
-1.000000000000033
  0
VERTEX
  5
13F8
  8
TRACES
 10
-129.2099774453247
 20
299.838986547948
 30
0.0
  0
VERTEX
  5
13F9
  8
TRACES
 10
-127.5500225576918
 20
299.8389865479479
 30
0.0
 42
-0.9999999999999675
  0
SEQEND
  5
13FA
  8
TRACES
  0
POLYLINE
  5
13FB
  8
TRACES
 66
     1
 10
0.0
 20
0.0
 30
0.0
 70
     1
  0
VERTEX
  5
13FC
  8
TRACES
 10
-142.7900225576925
 20
298.1010134550667
 30
0.0
  0
VERTEX
  5
13FD
  8
TRACES
 10
-144.4499774453245
 20
298.1010134550667
 30
0.0
 42
-1.000000000000033
  0
VERTEX
  5
13FE
  8
TRACES
 10
-144.4499774453245
 20
299.838986547948
 30
0.0
  0
VERTEX
  5
13FF
  8
TRACES
 10
-142.7900225576925
 20
299.8389865479479
 30
0.0
 42
-0.9999999999999675
  0
SEQEND
  5
1400
  8
TRACES
  0
POLYLINE
  5
1401
  8
TRACES
 66
     1
 10
0.0
 20
0.0
 30
0.0
 70
     1
  0
VERTEX
  5
1402
  8
TRACES
 10
-118.0000000015086
 20
275.7100000015074
 30
0.0
  0
VERTEX
  5
1403
  8
TRACES
 10
-126.3118340781887
 20
275.7100000015074
 30
0.0
 42
0.1830391505857595
  0
VERTEX
  5
1404
  8
TRACES
 10
-126.9743259949237
 20
275.4590690639178
 30
0.0
 42
-0.17984361335866
  0
VERTEX
  5
1405
  8
TRACES
 10
-127.5500225576918
 20
275.2410134550668
 30
0.0
  0
VERTEX
  5
1406
  8
TRACES
 10
-129.2099774453247
 20
275.2410134550668
 30
0.0
 42
-0.9999999999996728
  0
VERTEX
  5
1407
  8
TRACES
 10
-129.2099774453247
 20
276.978986547948
 30
0.0
  0
VERTEX
  5
1408
  8
TRACES
 10
-127.5500225576918
 20
276.978986547948
 30
0.0
 42
-0.1830391505853466
  0
VERTEX
  5
1409
  8
TRACES
 10
-126.9743259949235
 20
276.7609309390966
 30
0.0
 42
0.18623736414623
  0
VERTEX
  5
140A
  8
TRACES
 10
-126.3118340781887
 20
276.5100000015074
 30
0.0
  0
VERTEX
  5
140B
  8
TRACES
 10
-114.6081659248287
 20
276.5100000015074
 30
0.0
 42
0.1830391505868872
  0
VERTEX
  5
140C
  8
TRACES
 10
-113.9456740080934
 20
276.7609309390972
 30
0.0
 42
-0.1798436133580392
  0
VERTEX
  5
140D
  8
TRACES
 10
-113.3699774453246
 20
276.978986547948
 30
0.0
  0
VERTEX
  5
140E
  8
TRACES
 10
-111.7100225576917
 20
276.978986547948
 30
0.0
 42
-0.9999999999995831
  0
VERTEX
  5
140F
  8
TRACES
 10
-111.7100225576917
 20
275.2410134550668
 30
0.0
  0
VERTEX
  5
1410
  8
TRACES
 10
-113.3699774453246
 20
275.2410134550668
 30
0.0
 42
-0.1830391505856917
  0
VERTEX
  5
1411
  8
TRACES
 10
-113.9456740080925
 20
275.4590690639176
 30
0.0
 42
0.1862373641460653
  0
VERTEX
  5
1412
  8
TRACES
 10
-114.6081659248287
 20
275.7100000015074
 30
0.0
  0
SEQEND
  5
1413
  8
TRACES
  0
CIRCLE
  5
1414
  8
HOLES
 10
128.3800000015083
 20
298.9700000015074
 30
0.0
 40
0.43
210
0.0
220
0.0
230
-1.0
  0
CIRCLE
  5
1415
  8
HOLES
 10
128.3800000015083
 20
291.3500000015073
 30
0.0
 40
0.43
210
0.0
220
0.0
230
-1.0
  0
CIRCLE
  5
1416
  8
HOLES
 10
128.3800000015083
 20
276.1100000015075
 30
0.0
 40
0.43
210
0.0
220
0.0
230
-1.0
  0
CIRCLE
  5
1417
  8
HOLES
 10
143.6200000015081
 20
296.4300000015074
 30
0.0
 40
0.43
210
0.0
220
0.0
230
-1.0
  0
POLYLINE
  5
1418
  8
TRACES
 66
     1
 10
0.0
 20
0.0
 30
0.0
 70
     1
  0
VERTEX
  5
1419
  8
TRACES
 10
-127.5500225576918
 20
290.4810134550668
 30
0.0
  0
VERTEX
  5
141A
  8
TRACES
 10
-129.2099774453247
 20
290.4810134550668
 30
0.0
 42
-0.9999999999999675
  0
VERTEX
  5
141B
  8
TRACES
 10
-129.2099774453247
 20
292.2189865479479
 30
0.0
  0
VERTEX
  5
141C
  8
TRACES
 10
-127.5500225576918
 20
292.218986547948
 30
0.0
 42
-1.000000000000033
  0
SEQEND
  5
141D
  8
TRACES
  0
CIRCLE
  5
141E
  8
HOLES
 10
143.6200000015081
 20
298.9700000015074
 30
0.0
 40
0.43
210
0.0
220
0.0
230
-1.0
  0
POLYLINE
  5
141F
  8
TRACES
 66
     1
 10
0.0
 20
0.0
 30
0.0
 70
     1
  0
VERTEX
  5
1420
  8
TRACES
 10
-142.7900225576925
 20
270.1610134550668
 30
0.0
  0
VERTEX
  5
1421
  8
TRACES
 10
-144.4499774453245
 20
270.1610134550668
 30
0.0
 42
-0.9999999999999675
  0
VERTEX
  5
1422
  8
TRACES
 10
-144.4499774453245
 20
271.898986547948
 30
0.0
  0
VERTEX
  5
1423
  8
TRACES
 10
-142.7900225576925
 20
271.8989865479479
 30
0.0
 42
-0.9999999999999675
  0
SEQEND
  5
1424
  8
TRACES
  0
CIRCLE
  5
1425
  8
HOLES
 10
143.6200000015081
 20
271.0300000015073
 30
0.0
 40
0.43
210
0.0
220
0.0
230
-1.0
  0
CIRCLE
  5
1426
  8
HOLES
 10
143.6200000015081
 20
291.3500000015073
 30
0.0
 40
0.43
210
0.0
220
0.0
230
-1.0
  0
CIRCLE
  5
1427
  8
HOLES
 10
117.5400000015081
 20
282.0000000015074
 30
0.0
 40
0.5
210
0.0
220
0.0
230
-1.0
  0
CIRCLE
  5
1428
  8
HOLES
 10
117.5400000015081
 20
284.5400000015073
 30
0.0
 40
0.5
210
0.0
220
0.0
230
-1.0
  0
CIRCLE
  5
1429
  8
HOLES
 10
117.5400000015081
 20
279.4600000015074
 30
0.0
 40
0.5
210
0.0
220
0.0
230
-1.0
  0
CIRCLE
  5
142A
  8
HOLES
 10
139.5400000015081
 20
263.0000000015074
 30
0.0
 40
0.5
210
0.0
220
0.0
230
-1.0
  0
CIRCLE
  5
142B
  8
HOLES
 10
134.4600000015082
 20
263.0000000015074
 30
0.0
 40
0.5
210
0.0
220
0.0
230
-1.0
  0
CIRCLE
  5
142C
  8
HOLES
 10
137.0000000015082
 20
263.0000000015074
 30
0.0
 40
0.5
210
0.0
220
0.0
230
-1.0
  0
CIRCLE
  5
142D
  8
HOLES
 10
112.5400000015081
 20
276.1100000015075
 30
0.0
 40
0.5
210
0.0
220
0.0
230
-1.0
  0
CIRCLE
  5
142E
  8
HOLES
 10
112.5400000015081
 20
287.9609879405915
 30
0.0
 40
0.5
210
0.0
220
0.0
230
-1.0
  0
POLYLINE
  5
142F
  8
TRACES
 66
     1
 10
0.0
 20
0.0
 30
0.0
 70
     1
  0
VERTEX
  5
1430
  8
TRACES
 10
-112.4328932203225
 20
280.819421710907
 30
0.0
  0
VERTEX
  5
1431
  8
TRACES
 10
-113.8994217109087
 20
279.3528932203209
 30
0.0
 42
-0.1989123673795241
  0
VERTEX
  5
1432
  8
TRACES
 10
-114.6065284920946
 20
279.0600000015073
 30
0.0
  0
VERTEX
  5
1433
  8
TRACES
 10
-115.4718340781885
 20
279.0600000015073
 30
0.0
 42
0.1830391505856446
  0
VERTEX
  5
1434
  8
TRACES
 10
-116.1343259949235
 20
278.8090690639177
 30
0.0
 42
-0.1798436133581738
  0
VERTEX
  5
1435
  8
TRACES
 10
-116.7100225576917
 20
278.5910134550667
 30
0.0
  0
VERTEX
  5
1436
  8
TRACES
 10
-118.3699774453246
 20
278.5910134550667
 30
0.0
 42
-0.9999999999995012
  0
VERTEX
  5
1437
  8
TRACES
 10
-118.3699774453246
 20
280.3289865479481
 30
0.0
  0
VERTEX
  5
1438
  8
TRACES
 10
-116.7100225576917
 20
280.3289865479481
 30
0.0
 42
-0.1830391505849371
  0
VERTEX
  5
1439
  8
TRACES
 10
-116.1343259949235
 20
280.110930939097
 30
0.0
 42
0.1862373641464825
  0
VERTEX
  5
143A
  8
TRACES
 10
-115.4718340781885
 20
279.8600000015075
 30
0.0
  0
VERTEX
  5
143B
  8
TRACES
 10
-114.9378993419937
 20
279.8600000015075
 30
0.0
 42
0.198912367379789
  0
VERTEX
  5
143C
  8
TRACES
 10
-114.2307925608068
 20
280.1528932203213
 30
0.0
  0
VERTEX
  5
143D
  8
TRACES
 10
-113.2328932203216
 20
281.1507925608063
 30
0.0
 42
0.1989123673797463
  0
VERTEX
  5
143E
  8
TRACES
 10
-112.9400000015082
 20
281.8578993419932
 30
0.0
  0
VERTEX
  5
143F
  8
TRACES
 10
-112.9400000015087
 20
286.1810483359371
 30
0.0
 42
0.3260895571028463
  0
VERTEX
  5
1440
  8
TRACES
 10
-113.6350098145699
 20
287.1334038293697
 30
0.0
 42
-0.8559117307185399
  0
VERTEX
  5
1441
  8
TRACES
 10
-113.3699774453246
 20
288.8299744870322
 30
0.0
  0
VERTEX
  5
1442
  8
TRACES
 10
-111.7100225576917
 20
288.8299744870322
 30
0.0
 42
-0.8559117307183
  0
VERTEX
  5
1443
  8
TRACES
 10
-111.4449901884463
 20
287.1334038293695
 30
0.0
 42
0.3352410841253345
  0
VERTEX
  5
1444
  8
TRACES
 10
-112.1400000015085
 20
286.1810483359371
 30
0.0
  0
VERTEX
  5
1445
  8
TRACES
 10
-112.1400000015087
 20
281.5265284920944
 30
0.0
 42
-0.1989123673799126
  0
SEQEND
  5
1446
  8
TRACES
  0
POLYLINE
  5
1447
  8
DEFAULT
 66
     1
 10
0.0
 20
0.0
 30
0.0
 70
     1
  0
VERTEX
  5
1448
  8
DEFAULT
 10
-125.1256579174847
 20
257.0000000045189
 30
0.0
 42
0.1243688756259247
  0
VERTEX
  5
1449
  8
DEFAULT
 10
-123.7007368670397
 20
257.360000004519
 30
0.0
 42
0.0411682485747816
  0
VERTEX
  5
144A
  8
DEFAULT
 10
-119.8434763077134
 20
259.8718800066327
 30
0.0
 42
-0.1549822773791006
  0
VERTEX
  5
144B
  8
DEFAULT
 10
-118.138667983219
 20
260.4980430290919
 30
0.0
 42
0.3883924297971905
  0
VERTEX
  5
144C
  8
DEFAULT
 10
-115.4980430321294
 20
263.1386679797569
 30
0.0
 42
-0.1549822773789939
  0
VERTEX
  5
144D
  8
DEFAULT
 10
-114.8718800093957
 20
264.8434763041494
 30
0.0
 42
0.3422534837141346
  0
VERTEX
  5
144E
  8
DEFAULT
 10
-114.8718800093962
 20
299.1565237048916
 30
0.0
 42
-0.1549822773788783
  0
VERTEX
  5
144F
  8
DEFAULT
 10
-115.4980430321301
 20
300.8613320292839
 30
0.0
 42
0.3883924297972175
  0
VERTEX
  5
1450
  8
DEFAULT
 10
-118.1386679832181
 20
303.5019569799474
 30
0.0
 42
-0.1549822773790479
  0
VERTEX
  5
1451
  8
DEFAULT
 10
-119.8434763077116
 20
304.1281200024068
 30
0.0
 42
0.041168248574647
  0
VERTEX
  5
1452
  8
DEFAULT
 10
-123.7007368670333
 20
306.6400000045188
 30
0.0
 42
0.1243688756260788
  0
VERTEX
  5
1453
  8
DEFAULT
 10
-125.1256579174783
 20
307.0000000045189
 30
0.0
  0
VERTEX
  5
1454
  8
DEFAULT
 10
-149.1600563772809
 20
307.0000000045189
 30
0.0
 42
0.1243688756260735
  0
VERTEX
  5
1455
  8
DEFAULT
 10
-150.5849774277258
 20
306.6400000045188
 30
0.0
 42
0.0411682485746507
  0
VERTEX
  5
1456
  8
DEFAULT
 10
-154.4422379870476
 20
304.1281200024068
 30
0.0
 42
-0.1549822773790298
  0
VERTEX
  5
1457
  8
DEFAULT
 10
-156.147046311541
 20
303.5019569799473
 30
0.0
 42
0.3883924297971879
  0
VERTEX
  5
1458
  8
DEFAULT
 10
-158.7876712626289
 20
300.8613320292839
 30
0.0
 42
-0.1549822773788871
  0
VERTEX
  5
1459
  8
DEFAULT
 10
-159.4138342853629
 20
299.1565237048916
 30
0.0
 42
0.3422534837141465
  0
VERTEX
  5
145A
  8
DEFAULT
 10
-159.4138342853635
 20
264.8434763041495
 30
0.0
 42
-0.154982277379049
  0
VERTEX
  5
145B
  8
DEFAULT
 10
-158.7876712626297
 20
263.1386679797569
 30
0.0
 42
0.388392429797161
  0
VERTEX
  5
145C
  8
DEFAULT
 10
-156.1470463115401
 20
260.4980430290919
 30
0.0
 42
-0.1549822773790375
  0
VERTEX
  5
145D
  8
DEFAULT
 10
-154.4422379870457
 20
259.8718800066327
 30
0.0
 42
0.0411682485747579
  0
VERTEX
  5
145E
  8
DEFAULT
 10
-150.5849774277194
 20
257.360000004519
 30
0.0
 42
0.1243688756259308
  0
VERTEX
  5
145F
  8
DEFAULT
 10
-149.1600563772745
 20
257.0000000045189
 30
0.0
  0
SEQEND
  5
1460
  8
DEFAULT
  0
ENDSEC
  0
EOF
