ISO-10303-21;
HEADER;
/* Generated by software containing ST-Developer
 * from STEP Tools, Inc. (www.steptools.com) 
 */
/* OPTION: using custom schema-name function */

FILE_DESCRIPTION(
/* description */ (''),
/* implementation_level */ '2;1');

FILE_NAME(
/* name */ 'PCB_DoubleSided_ALL_PARTS',
/* time_stamp */ '2026-06-18T16:13:54+03:00',
/* author */ (''),
/* organization */ (''),
/* preprocessor_version */ 'ST-DEVELOPER v16.5',
/* originating_system */ 'Rhino 7.23',
/* authorisation */ '');

FILE_SCHEMA (('CONFIG_CONTROL_DESIGN'));
ENDSEC;

DATA;
#10=SHAPE_REPRESENTATION_RELATIONSHIP('','',#2938,#15);
#11=MANIFOLD_SOLID_BREP('brep_1',#16);
#12=MANIFOLD_SOLID_BREP('brep_2',#17);
#13=MANIFOLD_SOLID_BREP('brep_3',#18);
#14=MANIFOLD_SOLID_BREP('brep_4',#19);
#15=ADVANCED_BREP_SHAPE_REPRESENTATION('brep_rep_0',(#11,#12,#13,#14,#3098),
#2937);
#16=CLOSED_SHELL('',(#42,#43,#44,#45,#46,#47,#48,#49,#50,#51,#52,#53,#54,
#55,#56,#57,#58,#59,#60,#61,#62,#63,#64,#65,#66,#67,#68,#69,#70,#71,#72,
#73,#74,#75,#76,#77,#78,#79,#80,#81,#82,#83,#84,#85,#86,#87,#88,#89,#90,
#91,#92,#93,#94,#95,#96,#97,#98,#99,#100,#101,#102,#103,#104,#105,#106,
#107,#108,#109,#110,#111,#112,#113,#114,#115,#116,#117,#118,#119,#120,#121,
#122,#123,#124,#125,#126,#127,#128,#129,#130,#131,#132,#133,#134,#135,#136,
#137,#138,#139,#140,#141,#142,#143,#144,#145,#146,#147,#148,#149,#150,#151,
#152,#153,#154,#155,#156,#157,#158,#159,#160,#161,#162,#163));
#17=CLOSED_SHELL('',(#164,#165,#166,#167,#168,#169,#170,#171,#172,#173,
#174,#175,#176,#177,#178,#179,#180,#181,#182,#183,#184,#185,#186,#187,#188,
#189,#190,#191,#192,#193,#194,#195,#196,#197));
#18=CLOSED_SHELL('',(#198,#199,#200,#201,#202,#203,#204,#205));
#19=CLOSED_SHELL('',(#206,#207,#208,#209));
#20=FACE_BOUND('',#395,.T.);
#21=FACE_BOUND('',#407,.T.);
#22=FACE_BOUND('',#414,.T.);
#23=FACE_BOUND('',#426,.T.);
#24=FACE_BOUND('',#444,.T.);
#25=FACE_BOUND('',#445,.T.);
#26=FACE_BOUND('',#446,.T.);
#27=FACE_BOUND('',#447,.T.);
#28=FACE_BOUND('',#448,.T.);
#29=FACE_BOUND('',#450,.T.);
#30=FACE_BOUND('',#451,.T.);
#31=FACE_BOUND('',#452,.T.);
#32=FACE_BOUND('',#453,.T.);
#33=FACE_BOUND('',#454,.T.);
#34=FACE_BOUND('',#455,.T.);
#35=FACE_BOUND('',#509,.T.);
#36=FACE_BOUND('',#510,.T.);
#37=FACE_BOUND('',#511,.T.);
#38=FACE_BOUND('',#553,.T.);
#39=FACE_BOUND('',#559,.T.);
#40=FACE_BOUND('',#565,.T.);
#41=FACE_BOUND('',#567,.T.);
#42=ADVANCED_FACE('',(#210),#2764,.T.);
#43=ADVANCED_FACE('',(#211),#2765,.T.);
#44=ADVANCED_FACE('',(#212),#2694,.T.);
#45=ADVANCED_FACE('',(#213),#2695,.F.);
#46=ADVANCED_FACE('',(#214),#2696,.T.);
#47=ADVANCED_FACE('',(#215),#2697,.F.);
#48=ADVANCED_FACE('',(#216),#2698,.F.);
#49=ADVANCED_FACE('',(#217),#2684,.T.);
#50=ADVANCED_FACE('',(#218),#2699,.F.);
#51=ADVANCED_FACE('',(#219),#2700,.T.);
#52=ADVANCED_FACE('',(#220),#2701,.F.);
#53=ADVANCED_FACE('',(#221),#2702,.F.);
#54=ADVANCED_FACE('',(#222),#2703,.T.);
#55=ADVANCED_FACE('',(#223),#2704,.F.);
#56=ADVANCED_FACE('',(#224),#2705,.F.);
#57=ADVANCED_FACE('',(#225),#2766,.T.);
#58=ADVANCED_FACE('',(#226,#20),#2767,.T.);
#59=ADVANCED_FACE('',(#227),#2685,.T.);
#60=ADVANCED_FACE('',(#228),#2706,.F.);
#61=ADVANCED_FACE('',(#229),#2707,.T.);
#62=ADVANCED_FACE('',(#230),#2708,.F.);
#63=ADVANCED_FACE('',(#231),#2709,.F.);
#64=ADVANCED_FACE('',(#232),#2768,.T.);
#65=ADVANCED_FACE('',(#233),#2769,.T.);
#66=ADVANCED_FACE('',(#234),#2770,.T.);
#67=ADVANCED_FACE('',(#235),#2710,.F.);
#68=ADVANCED_FACE('',(#236),#2771,.T.);
#69=ADVANCED_FACE('',(#237,#21),#2772,.T.);
#70=ADVANCED_FACE('',(#238),#2773,.T.);
#71=ADVANCED_FACE('',(#239),#2774,.T.);
#72=ADVANCED_FACE('',(#240),#2775,.T.);
#73=ADVANCED_FACE('',(#241),#2711,.F.);
#74=ADVANCED_FACE('',(#242),#2776,.T.);
#75=ADVANCED_FACE('',(#243,#22),#2777,.T.);
#76=ADVANCED_FACE('',(#244),#2686,.T.);
#77=ADVANCED_FACE('',(#245),#2712,.F.);
#78=ADVANCED_FACE('',(#246),#2713,.T.);
#79=ADVANCED_FACE('',(#247),#2714,.F.);
#80=ADVANCED_FACE('',(#248),#2715,.F.);
#81=ADVANCED_FACE('',(#249),#2778,.T.);
#82=ADVANCED_FACE('',(#250),#2779,.T.);
#83=ADVANCED_FACE('',(#251),#2780,.T.);
#84=ADVANCED_FACE('',(#252),#2716,.F.);
#85=ADVANCED_FACE('',(#253),#2781,.T.);
#86=ADVANCED_FACE('',(#254,#23),#2782,.T.);
#87=ADVANCED_FACE('',(#255),#2783,.T.);
#88=ADVANCED_FACE('',(#256),#2784,.T.);
#89=ADVANCED_FACE('',(#257),#2785,.T.);
#90=ADVANCED_FACE('',(#258),#2717,.F.);
#91=ADVANCED_FACE('',(#259),#2687,.T.);
#92=ADVANCED_FACE('',(#260),#2718,.T.);
#93=ADVANCED_FACE('',(#261),#2719,.T.);
#94=ADVANCED_FACE('',(#262),#2720,.T.);
#95=ADVANCED_FACE('',(#263),#2721,.T.);
#96=ADVANCED_FACE('',(#264),#2688,.T.);
#97=ADVANCED_FACE('',(#265),#2722,.T.);
#98=ADVANCED_FACE('',(#266),#2723,.T.);
#99=ADVANCED_FACE('',(#267),#2724,.T.);
#100=ADVANCED_FACE('',(#268),#2725,.T.);
#101=ADVANCED_FACE('',(#269),#2689,.T.);
#102=ADVANCED_FACE('',(#270),#2690,.T.);
#103=ADVANCED_FACE('',(#271,#24,#25,#26,#27,#28),#2786,.T.);
#104=ADVANCED_FACE('',(#272,#29,#30,#31,#32,#33,#34),#2787,.T.);
#105=ADVANCED_FACE('',(#273),#2726,.T.);
#106=ADVANCED_FACE('',(#274),#2788,.T.);
#107=ADVANCED_FACE('',(#275),#2727,.T.);
#108=ADVANCED_FACE('',(#276),#2728,.F.);
#109=ADVANCED_FACE('',(#277),#2729,.T.);
#110=ADVANCED_FACE('',(#278),#2730,.F.);
#111=ADVANCED_FACE('',(#279),#2789,.T.);
#112=ADVANCED_FACE('',(#280),#2731,.T.);
#113=ADVANCED_FACE('',(#281),#2790,.T.);
#114=ADVANCED_FACE('',(#282),#2791,.T.);
#115=ADVANCED_FACE('',(#283),#2792,.T.);
#116=ADVANCED_FACE('',(#284),#2793,.T.);
#117=ADVANCED_FACE('',(#285),#2794,.T.);
#118=ADVANCED_FACE('',(#286),#2795,.T.);
#119=ADVANCED_FACE('',(#287),#2796,.T.);
#120=ADVANCED_FACE('',(#288),#2797,.T.);
#121=ADVANCED_FACE('',(#289),#2798,.T.);
#122=ADVANCED_FACE('',(#290),#2799,.T.);
#123=ADVANCED_FACE('',(#291),#2800,.T.);
#124=ADVANCED_FACE('',(#292),#2801,.T.);
#125=ADVANCED_FACE('',(#293),#2802,.T.);
#126=ADVANCED_FACE('',(#294),#2803,.T.);
#127=ADVANCED_FACE('',(#295),#2804,.T.);
#128=ADVANCED_FACE('',(#296),#2805,.T.);
#129=ADVANCED_FACE('',(#297),#2806,.T.);
#130=ADVANCED_FACE('',(#298),#2807,.T.);
#131=ADVANCED_FACE('',(#299),#2808,.T.);
#132=ADVANCED_FACE('',(#300),#2809,.T.);
#133=ADVANCED_FACE('',(#301),#2810,.T.);
#134=ADVANCED_FACE('',(#302),#2811,.T.);
#135=ADVANCED_FACE('',(#303),#2812,.T.);
#136=ADVANCED_FACE('',(#304),#2813,.T.);
#137=ADVANCED_FACE('',(#305),#2814,.T.);
#138=ADVANCED_FACE('',(#306),#2815,.T.);
#139=ADVANCED_FACE('',(#307),#2816,.T.);
#140=ADVANCED_FACE('',(#308),#2817,.T.);
#141=ADVANCED_FACE('',(#309),#2818,.T.);
#142=ADVANCED_FACE('',(#310),#2732,.T.);
#143=ADVANCED_FACE('',(#311),#2733,.T.);
#144=ADVANCED_FACE('',(#312),#2734,.T.);
#145=ADVANCED_FACE('',(#313),#2735,.T.);
#146=ADVANCED_FACE('',(#314),#2819,.T.);
#147=ADVANCED_FACE('',(#315),#2736,.T.);
#148=ADVANCED_FACE('',(#316),#2737,.T.);
#149=ADVANCED_FACE('',(#317),#2820,.T.);
#150=ADVANCED_FACE('',(#318),#2691,.T.);
#151=ADVANCED_FACE('',(#319),#2821,.T.);
#152=ADVANCED_FACE('',(#320),#2692,.T.);
#153=ADVANCED_FACE('',(#321),#2738,.F.);
#154=ADVANCED_FACE('',(#322),#2822,.T.);
#155=ADVANCED_FACE('',(#323),#2739,.F.);
#156=ADVANCED_FACE('',(#324),#2823,.T.);
#157=ADVANCED_FACE('',(#325,#35,#36,#37),#2824,.T.);
#158=ADVANCED_FACE('',(#326),#2825,.T.);
#159=ADVANCED_FACE('',(#327),#2826,.T.);
#160=ADVANCED_FACE('',(#328),#2827,.T.);
#161=ADVANCED_FACE('',(#329),#2740,.F.);
#162=ADVANCED_FACE('',(#330),#2741,.F.);
#163=ADVANCED_FACE('',(#331),#2742,.F.);
#164=ADVANCED_FACE('',(#332),#2828,.T.);
#165=ADVANCED_FACE('',(#333),#2743,.T.);
#166=ADVANCED_FACE('',(#334),#2744,.F.);
#167=ADVANCED_FACE('',(#335),#2745,.T.);
#168=ADVANCED_FACE('',(#336),#2829,.T.);
#169=ADVANCED_FACE('',(#337),#2830,.T.);
#170=ADVANCED_FACE('',(#338),#2831,.T.);
#171=ADVANCED_FACE('',(#339),#2832,.T.);
#172=ADVANCED_FACE('',(#340),#2746,.F.);
#173=ADVANCED_FACE('',(#341),#2833,.T.);
#174=ADVANCED_FACE('',(#342),#2747,.T.);
#175=ADVANCED_FACE('',(#343),#2748,.T.);
#176=ADVANCED_FACE('',(#344),#2749,.T.);
#177=ADVANCED_FACE('',(#345),#2834,.T.);
#178=ADVANCED_FACE('',(#346),#2750,.T.);
#179=ADVANCED_FACE('',(#347),#2751,.T.);
#180=ADVANCED_FACE('',(#348),#2835,.T.);
#181=ADVANCED_FACE('',(#349),#2752,.T.);
#182=ADVANCED_FACE('',(#350),#2836,.T.);
#183=ADVANCED_FACE('',(#351),#2753,.F.);
#184=ADVANCED_FACE('',(#352),#2837,.T.);
#185=ADVANCED_FACE('',(#353),#2754,.T.);
#186=ADVANCED_FACE('',(#354),#2838,.T.);
#187=ADVANCED_FACE('',(#355),#2755,.T.);
#188=ADVANCED_FACE('',(#356),#2839,.T.);
#189=ADVANCED_FACE('',(#357),#2756,.T.);
#190=ADVANCED_FACE('',(#358),#2757,.T.);
#191=ADVANCED_FACE('',(#359),#2840,.T.);
#192=ADVANCED_FACE('',(#360),#2841,.T.);
#193=ADVANCED_FACE('',(#361),#2758,.T.);
#194=ADVANCED_FACE('',(#362),#2842,.T.);
#195=ADVANCED_FACE('',(#363),#2843,.T.);
#196=ADVANCED_FACE('',(#364),#2844,.T.);
#197=ADVANCED_FACE('',(#365),#2845,.T.);
#198=ADVANCED_FACE('',(#366,#38),#2846,.T.);
#199=ADVANCED_FACE('',(#367),#2759,.T.);
#200=ADVANCED_FACE('',(#368),#2847,.T.);
#201=ADVANCED_FACE('',(#369),#2693,.T.);
#202=ADVANCED_FACE('',(#370),#2848,.T.);
#203=ADVANCED_FACE('',(#371,#39),#2849,.T.);
#204=ADVANCED_FACE('',(#372),#2760,.F.);
#205=ADVANCED_FACE('',(#373),#2761,.F.);
#206=ADVANCED_FACE('',(#374),#2762,.T.);
#207=ADVANCED_FACE('',(#375),#2763,.F.);
#208=ADVANCED_FACE('',(#376,#40),#2850,.T.);
#209=ADVANCED_FACE('',(#377,#41),#2851,.T.);
#210=FACE_OUTER_BOUND('',#378,.T.);
#211=FACE_OUTER_BOUND('',#379,.T.);
#212=FACE_OUTER_BOUND('',#380,.T.);
#213=FACE_OUTER_BOUND('',#381,.T.);
#214=FACE_OUTER_BOUND('',#382,.T.);
#215=FACE_OUTER_BOUND('',#383,.T.);
#216=FACE_OUTER_BOUND('',#384,.T.);
#217=FACE_OUTER_BOUND('',#385,.T.);
#218=FACE_OUTER_BOUND('',#386,.T.);
#219=FACE_OUTER_BOUND('',#387,.T.);
#220=FACE_OUTER_BOUND('',#388,.T.);
#221=FACE_OUTER_BOUND('',#389,.T.);
#222=FACE_OUTER_BOUND('',#390,.T.);
#223=FACE_OUTER_BOUND('',#391,.T.);
#224=FACE_OUTER_BOUND('',#392,.T.);
#225=FACE_OUTER_BOUND('',#393,.T.);
#226=FACE_OUTER_BOUND('',#394,.T.);
#227=FACE_OUTER_BOUND('',#396,.T.);
#228=FACE_OUTER_BOUND('',#397,.T.);
#229=FACE_OUTER_BOUND('',#398,.T.);
#230=FACE_OUTER_BOUND('',#399,.T.);
#231=FACE_OUTER_BOUND('',#400,.T.);
#232=FACE_OUTER_BOUND('',#401,.T.);
#233=FACE_OUTER_BOUND('',#402,.T.);
#234=FACE_OUTER_BOUND('',#403,.T.);
#235=FACE_OUTER_BOUND('',#404,.T.);
#236=FACE_OUTER_BOUND('',#405,.T.);
#237=FACE_OUTER_BOUND('',#406,.T.);
#238=FACE_OUTER_BOUND('',#408,.T.);
#239=FACE_OUTER_BOUND('',#409,.T.);
#240=FACE_OUTER_BOUND('',#410,.T.);
#241=FACE_OUTER_BOUND('',#411,.T.);
#242=FACE_OUTER_BOUND('',#412,.T.);
#243=FACE_OUTER_BOUND('',#413,.T.);
#244=FACE_OUTER_BOUND('',#415,.T.);
#245=FACE_OUTER_BOUND('',#416,.T.);
#246=FACE_OUTER_BOUND('',#417,.T.);
#247=FACE_OUTER_BOUND('',#418,.T.);
#248=FACE_OUTER_BOUND('',#419,.T.);
#249=FACE_OUTER_BOUND('',#420,.T.);
#250=FACE_OUTER_BOUND('',#421,.T.);
#251=FACE_OUTER_BOUND('',#422,.T.);
#252=FACE_OUTER_BOUND('',#423,.T.);
#253=FACE_OUTER_BOUND('',#424,.T.);
#254=FACE_OUTER_BOUND('',#425,.T.);
#255=FACE_OUTER_BOUND('',#427,.T.);
#256=FACE_OUTER_BOUND('',#428,.T.);
#257=FACE_OUTER_BOUND('',#429,.T.);
#258=FACE_OUTER_BOUND('',#430,.T.);
#259=FACE_OUTER_BOUND('',#431,.T.);
#260=FACE_OUTER_BOUND('',#432,.T.);
#261=FACE_OUTER_BOUND('',#433,.T.);
#262=FACE_OUTER_BOUND('',#434,.T.);
#263=FACE_OUTER_BOUND('',#435,.T.);
#264=FACE_OUTER_BOUND('',#436,.T.);
#265=FACE_OUTER_BOUND('',#437,.T.);
#266=FACE_OUTER_BOUND('',#438,.T.);
#267=FACE_OUTER_BOUND('',#439,.T.);
#268=FACE_OUTER_BOUND('',#440,.T.);
#269=FACE_OUTER_BOUND('',#441,.T.);
#270=FACE_OUTER_BOUND('',#442,.T.);
#271=FACE_OUTER_BOUND('',#443,.T.);
#272=FACE_OUTER_BOUND('',#449,.T.);
#273=FACE_OUTER_BOUND('',#456,.T.);
#274=FACE_OUTER_BOUND('',#457,.T.);
#275=FACE_OUTER_BOUND('',#458,.T.);
#276=FACE_OUTER_BOUND('',#459,.T.);
#277=FACE_OUTER_BOUND('',#460,.T.);
#278=FACE_OUTER_BOUND('',#461,.T.);
#279=FACE_OUTER_BOUND('',#462,.T.);
#280=FACE_OUTER_BOUND('',#463,.T.);
#281=FACE_OUTER_BOUND('',#464,.T.);
#282=FACE_OUTER_BOUND('',#465,.T.);
#283=FACE_OUTER_BOUND('',#466,.T.);
#284=FACE_OUTER_BOUND('',#467,.T.);
#285=FACE_OUTER_BOUND('',#468,.T.);
#286=FACE_OUTER_BOUND('',#469,.T.);
#287=FACE_OUTER_BOUND('',#470,.T.);
#288=FACE_OUTER_BOUND('',#471,.T.);
#289=FACE_OUTER_BOUND('',#472,.T.);
#290=FACE_OUTER_BOUND('',#473,.T.);
#291=FACE_OUTER_BOUND('',#474,.T.);
#292=FACE_OUTER_BOUND('',#475,.T.);
#293=FACE_OUTER_BOUND('',#476,.T.);
#294=FACE_OUTER_BOUND('',#477,.T.);
#295=FACE_OUTER_BOUND('',#478,.T.);
#296=FACE_OUTER_BOUND('',#479,.T.);
#297=FACE_OUTER_BOUND('',#480,.T.);
#298=FACE_OUTER_BOUND('',#481,.T.);
#299=FACE_OUTER_BOUND('',#482,.T.);
#300=FACE_OUTER_BOUND('',#483,.T.);
#301=FACE_OUTER_BOUND('',#484,.T.);
#302=FACE_OUTER_BOUND('',#485,.T.);
#303=FACE_OUTER_BOUND('',#486,.T.);
#304=FACE_OUTER_BOUND('',#487,.T.);
#305=FACE_OUTER_BOUND('',#488,.T.);
#306=FACE_OUTER_BOUND('',#489,.T.);
#307=FACE_OUTER_BOUND('',#490,.T.);
#308=FACE_OUTER_BOUND('',#491,.T.);
#309=FACE_OUTER_BOUND('',#492,.T.);
#310=FACE_OUTER_BOUND('',#493,.T.);
#311=FACE_OUTER_BOUND('',#494,.T.);
#312=FACE_OUTER_BOUND('',#495,.T.);
#313=FACE_OUTER_BOUND('',#496,.T.);
#314=FACE_OUTER_BOUND('',#497,.T.);
#315=FACE_OUTER_BOUND('',#498,.T.);
#316=FACE_OUTER_BOUND('',#499,.T.);
#317=FACE_OUTER_BOUND('',#500,.T.);
#318=FACE_OUTER_BOUND('',#501,.T.);
#319=FACE_OUTER_BOUND('',#502,.T.);
#320=FACE_OUTER_BOUND('',#503,.T.);
#321=FACE_OUTER_BOUND('',#504,.T.);
#322=FACE_OUTER_BOUND('',#505,.T.);
#323=FACE_OUTER_BOUND('',#506,.T.);
#324=FACE_OUTER_BOUND('',#507,.T.);
#325=FACE_OUTER_BOUND('',#508,.T.);
#326=FACE_OUTER_BOUND('',#512,.T.);
#327=FACE_OUTER_BOUND('',#513,.T.);
#328=FACE_OUTER_BOUND('',#514,.T.);
#329=FACE_OUTER_BOUND('',#515,.T.);
#330=FACE_OUTER_BOUND('',#516,.T.);
#331=FACE_OUTER_BOUND('',#517,.T.);
#332=FACE_OUTER_BOUND('',#518,.T.);
#333=FACE_OUTER_BOUND('',#519,.T.);
#334=FACE_OUTER_BOUND('',#520,.T.);
#335=FACE_OUTER_BOUND('',#521,.T.);
#336=FACE_OUTER_BOUND('',#522,.T.);
#337=FACE_OUTER_BOUND('',#523,.T.);
#338=FACE_OUTER_BOUND('',#524,.T.);
#339=FACE_OUTER_BOUND('',#525,.T.);
#340=FACE_OUTER_BOUND('',#526,.T.);
#341=FACE_OUTER_BOUND('',#527,.T.);
#342=FACE_OUTER_BOUND('',#528,.T.);
#343=FACE_OUTER_BOUND('',#529,.T.);
#344=FACE_OUTER_BOUND('',#530,.T.);
#345=FACE_OUTER_BOUND('',#531,.T.);
#346=FACE_OUTER_BOUND('',#532,.T.);
#347=FACE_OUTER_BOUND('',#533,.T.);
#348=FACE_OUTER_BOUND('',#534,.T.);
#349=FACE_OUTER_BOUND('',#535,.T.);
#350=FACE_OUTER_BOUND('',#536,.T.);
#351=FACE_OUTER_BOUND('',#537,.T.);
#352=FACE_OUTER_BOUND('',#538,.T.);
#353=FACE_OUTER_BOUND('',#539,.T.);
#354=FACE_OUTER_BOUND('',#540,.T.);
#355=FACE_OUTER_BOUND('',#541,.T.);
#356=FACE_OUTER_BOUND('',#542,.T.);
#357=FACE_OUTER_BOUND('',#543,.T.);
#358=FACE_OUTER_BOUND('',#544,.T.);
#359=FACE_OUTER_BOUND('',#545,.T.);
#360=FACE_OUTER_BOUND('',#546,.T.);
#361=FACE_OUTER_BOUND('',#547,.T.);
#362=FACE_OUTER_BOUND('',#548,.T.);
#363=FACE_OUTER_BOUND('',#549,.T.);
#364=FACE_OUTER_BOUND('',#550,.T.);
#365=FACE_OUTER_BOUND('',#551,.T.);
#366=FACE_OUTER_BOUND('',#552,.T.);
#367=FACE_OUTER_BOUND('',#554,.T.);
#368=FACE_OUTER_BOUND('',#555,.T.);
#369=FACE_OUTER_BOUND('',#556,.T.);
#370=FACE_OUTER_BOUND('',#557,.T.);
#371=FACE_OUTER_BOUND('',#558,.T.);
#372=FACE_OUTER_BOUND('',#560,.T.);
#373=FACE_OUTER_BOUND('',#561,.T.);
#374=FACE_OUTER_BOUND('',#562,.T.);
#375=FACE_OUTER_BOUND('',#563,.T.);
#376=FACE_OUTER_BOUND('',#564,.T.);
#377=FACE_OUTER_BOUND('',#566,.T.);
#378=EDGE_LOOP('',(#568,#569,#570,#571));
#379=EDGE_LOOP('',(#572,#573,#574,#575));
#380=EDGE_LOOP('',(#576,#577,#578,#579));
#381=EDGE_LOOP('',(#580,#581,#582,#583));
#382=EDGE_LOOP('',(#584,#585,#586,#587));
#383=EDGE_LOOP('',(#588,#589,#590,#591));
#384=EDGE_LOOP('',(#592,#593,#594,#595));
#385=EDGE_LOOP('',(#596,#597,#598,#599,#600,#601));
#386=EDGE_LOOP('',(#602,#603,#604,#605));
#387=EDGE_LOOP('',(#606,#607,#608,#609));
#388=EDGE_LOOP('',(#610,#611,#612,#613));
#389=EDGE_LOOP('',(#614,#615,#616,#617));
#390=EDGE_LOOP('',(#618,#619,#620,#621,#622,#623));
#391=EDGE_LOOP('',(#624,#625,#626,#627));
#392=EDGE_LOOP('',(#628,#629,#630,#631));
#393=EDGE_LOOP('',(#632,#633,#634,#635));
#394=EDGE_LOOP('',(#636,#637,#638,#639,#640,#641,#642,#643,#644,#645,#646,
#647));
#395=EDGE_LOOP('',(#648));
#396=EDGE_LOOP('',(#649,#650,#651,#652,#653,#654));
#397=EDGE_LOOP('',(#655,#656,#657,#658));
#398=EDGE_LOOP('',(#659,#660,#661,#662));
#399=EDGE_LOOP('',(#663,#664,#665,#666));
#400=EDGE_LOOP('',(#667,#668,#669,#670));
#401=EDGE_LOOP('',(#671,#672,#673,#674));
#402=EDGE_LOOP('',(#675,#676,#677,#678));
#403=EDGE_LOOP('',(#679,#680,#681,#682));
#404=EDGE_LOOP('',(#683,#684,#685,#686));
#405=EDGE_LOOP('',(#687,#688,#689,#690));
#406=EDGE_LOOP('',(#691,#692,#693,#694,#695,#696,#697,#698,#699,#700,#701,
#702));
#407=EDGE_LOOP('',(#703));
#408=EDGE_LOOP('',(#704,#705,#706,#707));
#409=EDGE_LOOP('',(#708,#709,#710,#711));
#410=EDGE_LOOP('',(#712,#713,#714,#715));
#411=EDGE_LOOP('',(#716,#717,#718,#719));
#412=EDGE_LOOP('',(#720,#721,#722,#723));
#413=EDGE_LOOP('',(#724,#725,#726,#727,#728,#729,#730,#731,#732,#733,#734,
#735));
#414=EDGE_LOOP('',(#736));
#415=EDGE_LOOP('',(#737,#738,#739,#740,#741,#742));
#416=EDGE_LOOP('',(#743,#744,#745,#746));
#417=EDGE_LOOP('',(#747,#748,#749,#750));
#418=EDGE_LOOP('',(#751,#752,#753,#754));
#419=EDGE_LOOP('',(#755,#756,#757,#758));
#420=EDGE_LOOP('',(#759,#760,#761,#762));
#421=EDGE_LOOP('',(#763,#764,#765,#766));
#422=EDGE_LOOP('',(#767,#768,#769,#770));
#423=EDGE_LOOP('',(#771,#772,#773,#774));
#424=EDGE_LOOP('',(#775,#776,#777,#778));
#425=EDGE_LOOP('',(#779,#780,#781,#782,#783,#784,#785,#786,#787,#788,#789,
#790,#791));
#426=EDGE_LOOP('',(#792));
#427=EDGE_LOOP('',(#793,#794,#795,#796));
#428=EDGE_LOOP('',(#797,#798,#799,#800));
#429=EDGE_LOOP('',(#801,#802,#803,#804));
#430=EDGE_LOOP('',(#805,#806,#807,#808));
#431=EDGE_LOOP('',(#809,#810,#811,#812,#813,#814));
#432=EDGE_LOOP('',(#815,#816,#817,#818));
#433=EDGE_LOOP('',(#819,#820,#821,#822));
#434=EDGE_LOOP('',(#823,#824,#825,#826));
#435=EDGE_LOOP('',(#827,#828,#829,#830));
#436=EDGE_LOOP('',(#831,#832,#833,#834,#835,#836));
#437=EDGE_LOOP('',(#837,#838,#839,#840));
#438=EDGE_LOOP('',(#841,#842,#843,#844));
#439=EDGE_LOOP('',(#845,#846,#847,#848));
#440=EDGE_LOOP('',(#849,#850,#851,#852));
#441=EDGE_LOOP('',(#853,#854,#855,#856,#857,#858));
#442=EDGE_LOOP('',(#859,#860,#861,#862,#863,#864));
#443=EDGE_LOOP('',(#865,#866,#867,#868,#869,#870,#871,#872,#873,#874,#875,
#876,#877,#878,#879,#880,#881,#882,#883,#884,#885,#886,#887,#888,#889,#890,
#891,#892,#893,#894,#895,#896,#897));
#444=EDGE_LOOP('',(#898));
#445=EDGE_LOOP('',(#899));
#446=EDGE_LOOP('',(#900));
#447=EDGE_LOOP('',(#901));
#448=EDGE_LOOP('',(#902,#903,#904,#905));
#449=EDGE_LOOP('',(#906,#907,#908,#909,#910,#911,#912,#913,#914,#915,#916,
#917,#918,#919,#920,#921,#922,#923,#924,#925,#926,#927,#928,#929,#930,#931,
#932,#933,#934,#935,#936,#937,#938,#939,#940,#941,#942,#943,#944,#945,#946,
#947,#948,#949,#950,#951,#952,#953));
#450=EDGE_LOOP('',(#954,#955,#956,#957,#958,#959));
#451=EDGE_LOOP('',(#960,#961,#962,#963,#964,#965));
#452=EDGE_LOOP('',(#966,#967,#968,#969,#970,#971));
#453=EDGE_LOOP('',(#972,#973,#974,#975));
#454=EDGE_LOOP('',(#976));
#455=EDGE_LOOP('',(#977));
#456=EDGE_LOOP('',(#978,#979,#980,#981));
#457=EDGE_LOOP('',(#982,#983,#984,#985));
#458=EDGE_LOOP('',(#986,#987,#988,#989));
#459=EDGE_LOOP('',(#990,#991,#992,#993));
#460=EDGE_LOOP('',(#994,#995,#996,#997));
#461=EDGE_LOOP('',(#998,#999,#1000,#1001));
#462=EDGE_LOOP('',(#1002,#1003,#1004,#1005));
#463=EDGE_LOOP('',(#1006,#1007,#1008,#1009));
#464=EDGE_LOOP('',(#1010,#1011,#1012,#1013,#1014));
#465=EDGE_LOOP('',(#1015,#1016,#1017,#1018,#1019,#1020));
#466=EDGE_LOOP('',(#1021,#1022,#1023,#1024,#1025,#1026,#1027,#1028));
#467=EDGE_LOOP('',(#1029,#1030,#1031,#1032));
#468=EDGE_LOOP('',(#1033,#1034,#1035,#1036));
#469=EDGE_LOOP('',(#1037,#1038,#1039,#1040));
#470=EDGE_LOOP('',(#1041,#1042,#1043,#1044,#1045));
#471=EDGE_LOOP('',(#1046,#1047,#1048,#1049,#1050));
#472=EDGE_LOOP('',(#1051,#1052,#1053,#1054,#1055));
#473=EDGE_LOOP('',(#1056,#1057,#1058,#1059,#1060,#1061));
#474=EDGE_LOOP('',(#1062,#1063,#1064,#1065));
#475=EDGE_LOOP('',(#1066,#1067,#1068,#1069,#1070,#1071,#1072));
#476=EDGE_LOOP('',(#1073,#1074,#1075,#1076,#1077,#1078,#1079,#1080));
#477=EDGE_LOOP('',(#1081,#1082,#1083,#1084));
#478=EDGE_LOOP('',(#1085,#1086,#1087,#1088));
#479=EDGE_LOOP('',(#1089,#1090,#1091,#1092));
#480=EDGE_LOOP('',(#1093,#1094,#1095,#1096,#1097));
#481=EDGE_LOOP('',(#1098,#1099,#1100,#1101,#1102));
#482=EDGE_LOOP('',(#1103,#1104,#1105,#1106,#1107));
#483=EDGE_LOOP('',(#1108,#1109,#1110,#1111,#1112,#1113));
#484=EDGE_LOOP('',(#1114,#1115,#1116,#1117));
#485=EDGE_LOOP('',(#1118,#1119,#1120,#1121,#1122,#1123,#1124));
#486=EDGE_LOOP('',(#1125,#1126,#1127,#1128,#1129,#1130,#1131,#1132));
#487=EDGE_LOOP('',(#1133,#1134,#1135,#1136));
#488=EDGE_LOOP('',(#1137,#1138,#1139,#1140));
#489=EDGE_LOOP('',(#1141,#1142,#1143,#1144));
#490=EDGE_LOOP('',(#1145,#1146,#1147,#1148,#1149));
#491=EDGE_LOOP('',(#1150,#1151,#1152,#1153,#1154));
#492=EDGE_LOOP('',(#1155,#1156,#1157,#1158));
#493=EDGE_LOOP('',(#1159,#1160,#1161,#1162));
#494=EDGE_LOOP('',(#1163,#1164,#1165,#1166));
#495=EDGE_LOOP('',(#1167,#1168,#1169,#1170));
#496=EDGE_LOOP('',(#1171,#1172,#1173,#1174));
#497=EDGE_LOOP('',(#1175,#1176,#1177,#1178,#1179,#1180,#1181));
#498=EDGE_LOOP('',(#1182,#1183,#1184,#1185));
#499=EDGE_LOOP('',(#1186,#1187,#1188,#1189));
#500=EDGE_LOOP('',(#1190,#1191,#1192,#1193));
#501=EDGE_LOOP('',(#1194,#1195,#1196,#1197));
#502=EDGE_LOOP('',(#1198,#1199,#1200,#1201));
#503=EDGE_LOOP('',(#1202,#1203,#1204,#1205));
#504=EDGE_LOOP('',(#1206,#1207,#1208,#1209));
#505=EDGE_LOOP('',(#1210,#1211,#1212,#1213));
#506=EDGE_LOOP('',(#1214,#1215,#1216,#1217));
#507=EDGE_LOOP('',(#1218,#1219,#1220,#1221));
#508=EDGE_LOOP('',(#1222,#1223,#1224,#1225));
#509=EDGE_LOOP('',(#1226,#1227,#1228,#1229));
#510=EDGE_LOOP('',(#1230));
#511=EDGE_LOOP('',(#1231));
#512=EDGE_LOOP('',(#1232,#1233,#1234,#1235));
#513=EDGE_LOOP('',(#1236,#1237,#1238,#1239));
#514=EDGE_LOOP('',(#1240,#1241,#1242,#1243));
#515=EDGE_LOOP('',(#1244,#1245,#1246,#1247));
#516=EDGE_LOOP('',(#1248,#1249,#1250,#1251));
#517=EDGE_LOOP('',(#1252,#1253,#1254,#1255));
#518=EDGE_LOOP('',(#1256,#1257,#1258,#1259));
#519=EDGE_LOOP('',(#1260,#1261,#1262,#1263));
#520=EDGE_LOOP('',(#1264,#1265,#1266,#1267));
#521=EDGE_LOOP('',(#1268,#1269,#1270,#1271,#1272));
#522=EDGE_LOOP('',(#1273,#1274,#1275,#1276,#1277,#1278));
#523=EDGE_LOOP('',(#1279,#1280,#1281,#1282,#1283,#1284));
#524=EDGE_LOOP('',(#1285,#1286,#1287,#1288,#1289,#1290,#1291,#1292,#1293,
#1294,#1295));
#525=EDGE_LOOP('',(#1296,#1297,#1298,#1299));
#526=EDGE_LOOP('',(#1300,#1301,#1302,#1303));
#527=EDGE_LOOP('',(#1304,#1305,#1306,#1307));
#528=EDGE_LOOP('',(#1308,#1309,#1310,#1311));
#529=EDGE_LOOP('',(#1312,#1313,#1314,#1315));
#530=EDGE_LOOP('',(#1316,#1317,#1318,#1319));
#531=EDGE_LOOP('',(#1320,#1321,#1322,#1323));
#532=EDGE_LOOP('',(#1324,#1325,#1326,#1327));
#533=EDGE_LOOP('',(#1328,#1329,#1330,#1331,#1332));
#534=EDGE_LOOP('',(#1333,#1334,#1335,#1336));
#535=EDGE_LOOP('',(#1337,#1338,#1339,#1340));
#536=EDGE_LOOP('',(#1341,#1342));
#537=EDGE_LOOP('',(#1343,#1344,#1345,#1346));
#538=EDGE_LOOP('',(#1347,#1348,#1349,#1350));
#539=EDGE_LOOP('',(#1351,#1352,#1353,#1354));
#540=EDGE_LOOP('',(#1355,#1356,#1357,#1358));
#541=EDGE_LOOP('',(#1359,#1360,#1361,#1362));
#542=EDGE_LOOP('',(#1363,#1364,#1365,#1366));
#543=EDGE_LOOP('',(#1367,#1368,#1369,#1370));
#544=EDGE_LOOP('',(#1371,#1372,#1373,#1374));
#545=EDGE_LOOP('',(#1375,#1376,#1377,#1378));
#546=EDGE_LOOP('',(#1379,#1380,#1381,#1382));
#547=EDGE_LOOP('',(#1383,#1384,#1385,#1386));
#548=EDGE_LOOP('',(#1387,#1388));
#549=EDGE_LOOP('',(#1389,#1390,#1391,#1392,#1393,#1394,#1395,#1396,#1397,
#1398,#1399,#1400,#1401,#1402,#1403,#1404,#1405,#1406,#1407,#1408,#1409,
#1410,#1411,#1412,#1413,#1414,#1415,#1416,#1417));
#550=EDGE_LOOP('',(#1418,#1419,#1420,#1421));
#551=EDGE_LOOP('',(#1422,#1423,#1424,#1425,#1426,#1427,#1428,#1429,#1430,
#1431,#1432,#1433,#1434,#1435,#1436,#1437,#1438,#1439,#1440,#1441));
#552=EDGE_LOOP('',(#1442));
#553=EDGE_LOOP('',(#1443));
#554=EDGE_LOOP('',(#1444,#1445,#1446,#1447));
#555=EDGE_LOOP('',(#1448));
#556=EDGE_LOOP('',(#1449,#1450,#1451,#1452));
#557=EDGE_LOOP('',(#1453));
#558=EDGE_LOOP('',(#1454));
#559=EDGE_LOOP('',(#1455));
#560=EDGE_LOOP('',(#1456,#1457,#1458,#1459));
#561=EDGE_LOOP('',(#1460,#1461,#1462,#1463));
#562=EDGE_LOOP('',(#1464,#1465,#1466,#1467));
#563=EDGE_LOOP('',(#1468,#1469,#1470,#1471));
#564=EDGE_LOOP('',(#1472));
#565=EDGE_LOOP('',(#1473));
#566=EDGE_LOOP('',(#1474));
#567=EDGE_LOOP('',(#1475));
#568=ORIENTED_EDGE('',*,*,#1670,.T.);
#569=ORIENTED_EDGE('',*,*,#1477,.F.);
#570=ORIENTED_EDGE('',*,*,#1669,.F.);
#571=ORIENTED_EDGE('',*,*,#1671,.F.);
#572=ORIENTED_EDGE('',*,*,#1483,.F.);
#573=ORIENTED_EDGE('',*,*,#1480,.F.);
#574=ORIENTED_EDGE('',*,*,#1482,.T.);
#575=ORIENTED_EDGE('',*,*,#1660,.F.);
#576=ORIENTED_EDGE('',*,*,#1585,.T.);
#577=ORIENTED_EDGE('',*,*,#1594,.T.);
#578=ORIENTED_EDGE('',*,*,#1484,.F.);
#579=ORIENTED_EDGE('',*,*,#1595,.F.);
#580=ORIENTED_EDGE('',*,*,#1586,.T.);
#581=ORIENTED_EDGE('',*,*,#1596,.T.);
#582=ORIENTED_EDGE('',*,*,#1485,.F.);
#583=ORIENTED_EDGE('',*,*,#1594,.F.);
#584=ORIENTED_EDGE('',*,*,#1587,.T.);
#585=ORIENTED_EDGE('',*,*,#1597,.T.);
#586=ORIENTED_EDGE('',*,*,#1486,.F.);
#587=ORIENTED_EDGE('',*,*,#1596,.F.);
#588=ORIENTED_EDGE('',*,*,#1588,.T.);
#589=ORIENTED_EDGE('',*,*,#1598,.T.);
#590=ORIENTED_EDGE('',*,*,#1487,.F.);
#591=ORIENTED_EDGE('',*,*,#1597,.F.);
#592=ORIENTED_EDGE('',*,*,#1494,.T.);
#593=ORIENTED_EDGE('',*,*,#1495,.T.);
#594=ORIENTED_EDGE('',*,*,#1496,.F.);
#595=ORIENTED_EDGE('',*,*,#1492,.F.);
#596=ORIENTED_EDGE('',*,*,#1617,.T.);
#597=ORIENTED_EDGE('',*,*,#1649,.T.);
#598=ORIENTED_EDGE('',*,*,#1551,.T.);
#599=ORIENTED_EDGE('',*,*,#1498,.F.);
#600=ORIENTED_EDGE('',*,*,#1495,.F.);
#601=ORIENTED_EDGE('',*,*,#1497,.T.);
#602=ORIENTED_EDGE('',*,*,#1543,.T.);
#603=ORIENTED_EDGE('',*,*,#1552,.T.);
#604=ORIENTED_EDGE('',*,*,#1499,.F.);
#605=ORIENTED_EDGE('',*,*,#1551,.F.);
#606=ORIENTED_EDGE('',*,*,#1544,.T.);
#607=ORIENTED_EDGE('',*,*,#1553,.T.);
#608=ORIENTED_EDGE('',*,*,#1500,.F.);
#609=ORIENTED_EDGE('',*,*,#1552,.F.);
#610=ORIENTED_EDGE('',*,*,#1545,.T.);
#611=ORIENTED_EDGE('',*,*,#1554,.T.);
#612=ORIENTED_EDGE('',*,*,#1501,.F.);
#613=ORIENTED_EDGE('',*,*,#1553,.F.);
#614=ORIENTED_EDGE('',*,*,#1508,.T.);
#615=ORIENTED_EDGE('',*,*,#1509,.T.);
#616=ORIENTED_EDGE('',*,*,#1510,.F.);
#617=ORIENTED_EDGE('',*,*,#1506,.F.);
#618=ORIENTED_EDGE('',*,*,#1643,.T.);
#619=ORIENTED_EDGE('',*,*,#1654,.T.);
#620=ORIENTED_EDGE('',*,*,#1595,.T.);
#621=ORIENTED_EDGE('',*,*,#1512,.F.);
#622=ORIENTED_EDGE('',*,*,#1509,.F.);
#623=ORIENTED_EDGE('',*,*,#1511,.T.);
#624=ORIENTED_EDGE('',*,*,#1546,.T.);
#625=ORIENTED_EDGE('',*,*,#1555,.T.);
#626=ORIENTED_EDGE('',*,*,#1513,.F.);
#627=ORIENTED_EDGE('',*,*,#1555,.F.);
#628=ORIENTED_EDGE('',*,*,#1589,.T.);
#629=ORIENTED_EDGE('',*,*,#1599,.T.);
#630=ORIENTED_EDGE('',*,*,#1515,.F.);
#631=ORIENTED_EDGE('',*,*,#1599,.F.);
#632=ORIENTED_EDGE('',*,*,#1606,.T.);
#633=ORIENTED_EDGE('',*,*,#1518,.F.);
#634=ORIENTED_EDGE('',*,*,#1536,.F.);
#635=ORIENTED_EDGE('',*,*,#1603,.F.);
#636=ORIENTED_EDGE('',*,*,#1648,.T.);
#637=ORIENTED_EDGE('',*,*,#1524,.T.);
#638=ORIENTED_EDGE('',*,*,#1523,.T.);
#639=ORIENTED_EDGE('',*,*,#1522,.T.);
#640=ORIENTED_EDGE('',*,*,#1647,.T.);
#641=ORIENTED_EDGE('',*,*,#1610,.T.);
#642=ORIENTED_EDGE('',*,*,#1605,.T.);
#643=ORIENTED_EDGE('',*,*,#1517,.T.);
#644=ORIENTED_EDGE('',*,*,#1521,.F.);
#645=ORIENTED_EDGE('',*,*,#1520,.T.);
#646=ORIENTED_EDGE('',*,*,#1518,.T.);
#647=ORIENTED_EDGE('',*,*,#1613,.T.);
#648=ORIENTED_EDGE('',*,*,#1525,.T.);
#649=ORIENTED_EDGE('',*,*,#1480,.T.);
#650=ORIENTED_EDGE('',*,*,#1655,.T.);
#651=ORIENTED_EDGE('',*,*,#1607,.F.);
#652=ORIENTED_EDGE('',*,*,#1647,.F.);
#653=ORIENTED_EDGE('',*,*,#1530,.T.);
#654=ORIENTED_EDGE('',*,*,#1656,.F.);
#655=ORIENTED_EDGE('',*,*,#1531,.T.);
#656=ORIENTED_EDGE('',*,*,#1489,.F.);
#657=ORIENTED_EDGE('',*,*,#1530,.F.);
#658=ORIENTED_EDGE('',*,*,#1522,.F.);
#659=ORIENTED_EDGE('',*,*,#1532,.T.);
#660=ORIENTED_EDGE('',*,*,#1490,.F.);
#661=ORIENTED_EDGE('',*,*,#1531,.F.);
#662=ORIENTED_EDGE('',*,*,#1523,.F.);
#663=ORIENTED_EDGE('',*,*,#1533,.T.);
#664=ORIENTED_EDGE('',*,*,#1491,.F.);
#665=ORIENTED_EDGE('',*,*,#1532,.F.);
#666=ORIENTED_EDGE('',*,*,#1524,.F.);
#667=ORIENTED_EDGE('',*,*,#1534,.T.);
#668=ORIENTED_EDGE('',*,*,#1516,.F.);
#669=ORIENTED_EDGE('',*,*,#1534,.F.);
#670=ORIENTED_EDGE('',*,*,#1525,.F.);
#671=ORIENTED_EDGE('',*,*,#1537,.T.);
#672=ORIENTED_EDGE('',*,*,#1517,.F.);
#673=ORIENTED_EDGE('',*,*,#1535,.F.);
#674=ORIENTED_EDGE('',*,*,#1526,.F.);
#675=ORIENTED_EDGE('',*,*,#1609,.T.);
#676=ORIENTED_EDGE('',*,*,#1527,.F.);
#677=ORIENTED_EDGE('',*,*,#1535,.T.);
#678=ORIENTED_EDGE('',*,*,#1605,.F.);
#679=ORIENTED_EDGE('',*,*,#1536,.T.);
#680=ORIENTED_EDGE('',*,*,#1520,.F.);
#681=ORIENTED_EDGE('',*,*,#1519,.T.);
#682=ORIENTED_EDGE('',*,*,#1528,.F.);
#683=ORIENTED_EDGE('',*,*,#1519,.F.);
#684=ORIENTED_EDGE('',*,*,#1521,.T.);
#685=ORIENTED_EDGE('',*,*,#1537,.F.);
#686=ORIENTED_EDGE('',*,*,#1529,.F.);
#687=ORIENTED_EDGE('',*,*,#1614,.T.);
#688=ORIENTED_EDGE('',*,*,#1557,.T.);
#689=ORIENTED_EDGE('',*,*,#1539,.T.);
#690=ORIENTED_EDGE('',*,*,#1619,.F.);
#691=ORIENTED_EDGE('',*,*,#1623,.F.);
#692=ORIENTED_EDGE('',*,*,#1650,.F.);
#693=ORIENTED_EDGE('',*,*,#1545,.F.);
#694=ORIENTED_EDGE('',*,*,#1544,.F.);
#695=ORIENTED_EDGE('',*,*,#1543,.F.);
#696=ORIENTED_EDGE('',*,*,#1649,.F.);
#697=ORIENTED_EDGE('',*,*,#1622,.F.);
#698=ORIENTED_EDGE('',*,*,#1539,.F.);
#699=ORIENTED_EDGE('',*,*,#1541,.F.);
#700=ORIENTED_EDGE('',*,*,#1542,.T.);
#701=ORIENTED_EDGE('',*,*,#1538,.F.);
#702=ORIENTED_EDGE('',*,*,#1616,.F.);
#703=ORIENTED_EDGE('',*,*,#1546,.F.);
#704=ORIENTED_EDGE('',*,*,#1547,.T.);
#705=ORIENTED_EDGE('',*,*,#1556,.T.);
#706=ORIENTED_EDGE('',*,*,#1538,.T.);
#707=ORIENTED_EDGE('',*,*,#1558,.F.);
#708=ORIENTED_EDGE('',*,*,#1616,.T.);
#709=ORIENTED_EDGE('',*,*,#1556,.F.);
#710=ORIENTED_EDGE('',*,*,#1548,.T.);
#711=ORIENTED_EDGE('',*,*,#1620,.F.);
#712=ORIENTED_EDGE('',*,*,#1549,.T.);
#713=ORIENTED_EDGE('',*,*,#1540,.F.);
#714=ORIENTED_EDGE('',*,*,#1541,.T.);
#715=ORIENTED_EDGE('',*,*,#1557,.F.);
#716=ORIENTED_EDGE('',*,*,#1550,.T.);
#717=ORIENTED_EDGE('',*,*,#1558,.T.);
#718=ORIENTED_EDGE('',*,*,#1542,.F.);
#719=ORIENTED_EDGE('',*,*,#1540,.T.);
#720=ORIENTED_EDGE('',*,*,#1628,.T.);
#721=ORIENTED_EDGE('',*,*,#1560,.F.);
#722=ORIENTED_EDGE('',*,*,#1578,.F.);
#723=ORIENTED_EDGE('',*,*,#1625,.F.);
#724=ORIENTED_EDGE('',*,*,#1652,.T.);
#725=ORIENTED_EDGE('',*,*,#1566,.T.);
#726=ORIENTED_EDGE('',*,*,#1565,.T.);
#727=ORIENTED_EDGE('',*,*,#1564,.T.);
#728=ORIENTED_EDGE('',*,*,#1651,.T.);
#729=ORIENTED_EDGE('',*,*,#1632,.T.);
#730=ORIENTED_EDGE('',*,*,#1627,.T.);
#731=ORIENTED_EDGE('',*,*,#1559,.T.);
#732=ORIENTED_EDGE('',*,*,#1563,.F.);
#733=ORIENTED_EDGE('',*,*,#1562,.T.);
#734=ORIENTED_EDGE('',*,*,#1560,.T.);
#735=ORIENTED_EDGE('',*,*,#1635,.T.);
#736=ORIENTED_EDGE('',*,*,#1567,.T.);
#737=ORIENTED_EDGE('',*,*,#1477,.T.);
#738=ORIENTED_EDGE('',*,*,#1657,.T.);
#739=ORIENTED_EDGE('',*,*,#1629,.F.);
#740=ORIENTED_EDGE('',*,*,#1651,.F.);
#741=ORIENTED_EDGE('',*,*,#1572,.T.);
#742=ORIENTED_EDGE('',*,*,#1658,.F.);
#743=ORIENTED_EDGE('',*,*,#1573,.T.);
#744=ORIENTED_EDGE('',*,*,#1503,.F.);
#745=ORIENTED_EDGE('',*,*,#1572,.F.);
#746=ORIENTED_EDGE('',*,*,#1564,.F.);
#747=ORIENTED_EDGE('',*,*,#1574,.T.);
#748=ORIENTED_EDGE('',*,*,#1504,.F.);
#749=ORIENTED_EDGE('',*,*,#1573,.F.);
#750=ORIENTED_EDGE('',*,*,#1565,.F.);
#751=ORIENTED_EDGE('',*,*,#1575,.T.);
#752=ORIENTED_EDGE('',*,*,#1505,.F.);
#753=ORIENTED_EDGE('',*,*,#1574,.F.);
#754=ORIENTED_EDGE('',*,*,#1566,.F.);
#755=ORIENTED_EDGE('',*,*,#1576,.T.);
#756=ORIENTED_EDGE('',*,*,#1514,.F.);
#757=ORIENTED_EDGE('',*,*,#1576,.F.);
#758=ORIENTED_EDGE('',*,*,#1567,.F.);
#759=ORIENTED_EDGE('',*,*,#1579,.T.);
#760=ORIENTED_EDGE('',*,*,#1559,.F.);
#761=ORIENTED_EDGE('',*,*,#1577,.F.);
#762=ORIENTED_EDGE('',*,*,#1568,.F.);
#763=ORIENTED_EDGE('',*,*,#1631,.T.);
#764=ORIENTED_EDGE('',*,*,#1569,.F.);
#765=ORIENTED_EDGE('',*,*,#1577,.T.);
#766=ORIENTED_EDGE('',*,*,#1627,.F.);
#767=ORIENTED_EDGE('',*,*,#1578,.T.);
#768=ORIENTED_EDGE('',*,*,#1562,.F.);
#769=ORIENTED_EDGE('',*,*,#1561,.T.);
#770=ORIENTED_EDGE('',*,*,#1570,.F.);
#771=ORIENTED_EDGE('',*,*,#1561,.F.);
#772=ORIENTED_EDGE('',*,*,#1563,.T.);
#773=ORIENTED_EDGE('',*,*,#1579,.F.);
#774=ORIENTED_EDGE('',*,*,#1571,.F.);
#775=ORIENTED_EDGE('',*,*,#1642,.T.);
#776=ORIENTED_EDGE('',*,*,#1601,.T.);
#777=ORIENTED_EDGE('',*,*,#1581,.T.);
#778=ORIENTED_EDGE('',*,*,#1644,.F.);
#779=ORIENTED_EDGE('',*,*,#1646,.F.);
#780=ORIENTED_EDGE('',*,*,#1581,.F.);
#781=ORIENTED_EDGE('',*,*,#1583,.F.);
#782=ORIENTED_EDGE('',*,*,#1584,.T.);
#783=ORIENTED_EDGE('',*,*,#1580,.F.);
#784=ORIENTED_EDGE('',*,*,#1637,.F.);
#785=ORIENTED_EDGE('',*,*,#1640,.F.);
#786=ORIENTED_EDGE('',*,*,#1653,.F.);
#787=ORIENTED_EDGE('',*,*,#1588,.F.);
#788=ORIENTED_EDGE('',*,*,#1587,.F.);
#789=ORIENTED_EDGE('',*,*,#1586,.F.);
#790=ORIENTED_EDGE('',*,*,#1585,.F.);
#791=ORIENTED_EDGE('',*,*,#1654,.F.);
#792=ORIENTED_EDGE('',*,*,#1589,.F.);
#793=ORIENTED_EDGE('',*,*,#1590,.T.);
#794=ORIENTED_EDGE('',*,*,#1600,.T.);
#795=ORIENTED_EDGE('',*,*,#1580,.T.);
#796=ORIENTED_EDGE('',*,*,#1602,.F.);
#797=ORIENTED_EDGE('',*,*,#1637,.T.);
#798=ORIENTED_EDGE('',*,*,#1600,.F.);
#799=ORIENTED_EDGE('',*,*,#1591,.T.);
#800=ORIENTED_EDGE('',*,*,#1639,.F.);
#801=ORIENTED_EDGE('',*,*,#1592,.T.);
#802=ORIENTED_EDGE('',*,*,#1582,.F.);
#803=ORIENTED_EDGE('',*,*,#1583,.T.);
#804=ORIENTED_EDGE('',*,*,#1601,.F.);
#805=ORIENTED_EDGE('',*,*,#1593,.T.);
#806=ORIENTED_EDGE('',*,*,#1602,.T.);
#807=ORIENTED_EDGE('',*,*,#1584,.F.);
#808=ORIENTED_EDGE('',*,*,#1582,.T.);
#809=ORIENTED_EDGE('',*,*,#1608,.F.);
#810=ORIENTED_EDGE('',*,*,#1604,.T.);
#811=ORIENTED_EDGE('',*,*,#1492,.T.);
#812=ORIENTED_EDGE('',*,*,#1493,.F.);
#813=ORIENTED_EDGE('',*,*,#1533,.F.);
#814=ORIENTED_EDGE('',*,*,#1648,.F.);
#815=ORIENTED_EDGE('',*,*,#1607,.T.);
#816=ORIENTED_EDGE('',*,*,#1611,.T.);
#817=ORIENTED_EDGE('',*,*,#1609,.F.);
#818=ORIENTED_EDGE('',*,*,#1610,.F.);
#819=ORIENTED_EDGE('',*,*,#1608,.T.);
#820=ORIENTED_EDGE('',*,*,#1613,.F.);
#821=ORIENTED_EDGE('',*,*,#1606,.F.);
#822=ORIENTED_EDGE('',*,*,#1612,.T.);
#823=ORIENTED_EDGE('',*,*,#1621,.T.);
#824=ORIENTED_EDGE('',*,*,#1619,.T.);
#825=ORIENTED_EDGE('',*,*,#1622,.T.);
#826=ORIENTED_EDGE('',*,*,#1617,.F.);
#827=ORIENTED_EDGE('',*,*,#1623,.T.);
#828=ORIENTED_EDGE('',*,*,#1620,.T.);
#829=ORIENTED_EDGE('',*,*,#1624,.T.);
#830=ORIENTED_EDGE('',*,*,#1618,.F.);
#831=ORIENTED_EDGE('',*,*,#1630,.F.);
#832=ORIENTED_EDGE('',*,*,#1626,.T.);
#833=ORIENTED_EDGE('',*,*,#1506,.T.);
#834=ORIENTED_EDGE('',*,*,#1507,.F.);
#835=ORIENTED_EDGE('',*,*,#1575,.F.);
#836=ORIENTED_EDGE('',*,*,#1652,.F.);
#837=ORIENTED_EDGE('',*,*,#1629,.T.);
#838=ORIENTED_EDGE('',*,*,#1633,.T.);
#839=ORIENTED_EDGE('',*,*,#1631,.F.);
#840=ORIENTED_EDGE('',*,*,#1632,.F.);
#841=ORIENTED_EDGE('',*,*,#1630,.T.);
#842=ORIENTED_EDGE('',*,*,#1635,.F.);
#843=ORIENTED_EDGE('',*,*,#1628,.F.);
#844=ORIENTED_EDGE('',*,*,#1634,.T.);
#845=ORIENTED_EDGE('',*,*,#1640,.T.);
#846=ORIENTED_EDGE('',*,*,#1639,.T.);
#847=ORIENTED_EDGE('',*,*,#1641,.T.);
#848=ORIENTED_EDGE('',*,*,#1638,.F.);
#849=ORIENTED_EDGE('',*,*,#1645,.T.);
#850=ORIENTED_EDGE('',*,*,#1644,.T.);
#851=ORIENTED_EDGE('',*,*,#1646,.T.);
#852=ORIENTED_EDGE('',*,*,#1643,.F.);
#853=ORIENTED_EDGE('',*,*,#1488,.F.);
#854=ORIENTED_EDGE('',*,*,#1598,.F.);
#855=ORIENTED_EDGE('',*,*,#1653,.T.);
#856=ORIENTED_EDGE('',*,*,#1638,.T.);
#857=ORIENTED_EDGE('',*,*,#1636,.T.);
#858=ORIENTED_EDGE('',*,*,#1481,.F.);
#859=ORIENTED_EDGE('',*,*,#1502,.F.);
#860=ORIENTED_EDGE('',*,*,#1554,.F.);
#861=ORIENTED_EDGE('',*,*,#1650,.T.);
#862=ORIENTED_EDGE('',*,*,#1618,.T.);
#863=ORIENTED_EDGE('',*,*,#1615,.T.);
#864=ORIENTED_EDGE('',*,*,#1476,.F.);
#865=ORIENTED_EDGE('',*,*,#1675,.F.);
#866=ORIENTED_EDGE('',*,*,#1662,.T.);
#867=ORIENTED_EDGE('',*,*,#1482,.F.);
#868=ORIENTED_EDGE('',*,*,#1656,.T.);
#869=ORIENTED_EDGE('',*,*,#1489,.T.);
#870=ORIENTED_EDGE('',*,*,#1490,.T.);
#871=ORIENTED_EDGE('',*,*,#1491,.T.);
#872=ORIENTED_EDGE('',*,*,#1493,.T.);
#873=ORIENTED_EDGE('',*,*,#1496,.T.);
#874=ORIENTED_EDGE('',*,*,#1498,.T.);
#875=ORIENTED_EDGE('',*,*,#1499,.T.);
#876=ORIENTED_EDGE('',*,*,#1500,.T.);
#877=ORIENTED_EDGE('',*,*,#1501,.T.);
#878=ORIENTED_EDGE('',*,*,#1502,.T.);
#879=ORIENTED_EDGE('',*,*,#1478,.T.);
#880=ORIENTED_EDGE('',*,*,#1666,.T.);
#881=ORIENTED_EDGE('',*,*,#1667,.T.);
#882=ORIENTED_EDGE('',*,*,#1673,.T.);
#883=ORIENTED_EDGE('',*,*,#1669,.T.);
#884=ORIENTED_EDGE('',*,*,#1658,.T.);
#885=ORIENTED_EDGE('',*,*,#1503,.T.);
#886=ORIENTED_EDGE('',*,*,#1504,.T.);
#887=ORIENTED_EDGE('',*,*,#1505,.T.);
#888=ORIENTED_EDGE('',*,*,#1507,.T.);
#889=ORIENTED_EDGE('',*,*,#1510,.T.);
#890=ORIENTED_EDGE('',*,*,#1512,.T.);
#891=ORIENTED_EDGE('',*,*,#1484,.T.);
#892=ORIENTED_EDGE('',*,*,#1485,.T.);
#893=ORIENTED_EDGE('',*,*,#1486,.T.);
#894=ORIENTED_EDGE('',*,*,#1487,.T.);
#895=ORIENTED_EDGE('',*,*,#1488,.T.);
#896=ORIENTED_EDGE('',*,*,#1677,.F.);
#897=ORIENTED_EDGE('',*,*,#1681,.T.);
#898=ORIENTED_EDGE('',*,*,#1515,.T.);
#899=ORIENTED_EDGE('',*,*,#1516,.T.);
#900=ORIENTED_EDGE('',*,*,#1513,.T.);
#901=ORIENTED_EDGE('',*,*,#1514,.T.);
#902=ORIENTED_EDGE('',*,*,#1793,.T.);
#903=ORIENTED_EDGE('',*,*,#1797,.T.);
#904=ORIENTED_EDGE('',*,*,#1799,.T.);
#905=ORIENTED_EDGE('',*,*,#1791,.T.);
#906=ORIENTED_EDGE('',*,*,#1682,.F.);
#907=ORIENTED_EDGE('',*,*,#1678,.T.);
#908=ORIENTED_EDGE('',*,*,#1636,.F.);
#909=ORIENTED_EDGE('',*,*,#1641,.F.);
#910=ORIENTED_EDGE('',*,*,#1591,.F.);
#911=ORIENTED_EDGE('',*,*,#1590,.F.);
#912=ORIENTED_EDGE('',*,*,#1593,.F.);
#913=ORIENTED_EDGE('',*,*,#1592,.F.);
#914=ORIENTED_EDGE('',*,*,#1642,.F.);
#915=ORIENTED_EDGE('',*,*,#1645,.F.);
#916=ORIENTED_EDGE('',*,*,#1511,.F.);
#917=ORIENTED_EDGE('',*,*,#1508,.F.);
#918=ORIENTED_EDGE('',*,*,#1626,.F.);
#919=ORIENTED_EDGE('',*,*,#1634,.F.);
#920=ORIENTED_EDGE('',*,*,#1625,.T.);
#921=ORIENTED_EDGE('',*,*,#1570,.T.);
#922=ORIENTED_EDGE('',*,*,#1571,.T.);
#923=ORIENTED_EDGE('',*,*,#1568,.T.);
#924=ORIENTED_EDGE('',*,*,#1569,.T.);
#925=ORIENTED_EDGE('',*,*,#1633,.F.);
#926=ORIENTED_EDGE('',*,*,#1657,.F.);
#927=ORIENTED_EDGE('',*,*,#1670,.F.);
#928=ORIENTED_EDGE('',*,*,#1674,.F.);
#929=ORIENTED_EDGE('',*,*,#1668,.F.);
#930=ORIENTED_EDGE('',*,*,#1665,.F.);
#931=ORIENTED_EDGE('',*,*,#1479,.F.);
#932=ORIENTED_EDGE('',*,*,#1615,.F.);
#933=ORIENTED_EDGE('',*,*,#1624,.F.);
#934=ORIENTED_EDGE('',*,*,#1548,.F.);
#935=ORIENTED_EDGE('',*,*,#1547,.F.);
#936=ORIENTED_EDGE('',*,*,#1550,.F.);
#937=ORIENTED_EDGE('',*,*,#1549,.F.);
#938=ORIENTED_EDGE('',*,*,#1614,.F.);
#939=ORIENTED_EDGE('',*,*,#1621,.F.);
#940=ORIENTED_EDGE('',*,*,#1497,.F.);
#941=ORIENTED_EDGE('',*,*,#1494,.F.);
#942=ORIENTED_EDGE('',*,*,#1604,.F.);
#943=ORIENTED_EDGE('',*,*,#1612,.F.);
#944=ORIENTED_EDGE('',*,*,#1603,.T.);
#945=ORIENTED_EDGE('',*,*,#1528,.T.);
#946=ORIENTED_EDGE('',*,*,#1529,.T.);
#947=ORIENTED_EDGE('',*,*,#1526,.T.);
#948=ORIENTED_EDGE('',*,*,#1527,.T.);
#949=ORIENTED_EDGE('',*,*,#1611,.F.);
#950=ORIENTED_EDGE('',*,*,#1655,.F.);
#951=ORIENTED_EDGE('',*,*,#1483,.T.);
#952=ORIENTED_EDGE('',*,*,#1661,.F.);
#953=ORIENTED_EDGE('',*,*,#1676,.T.);
#954=ORIENTED_EDGE('',*,*,#1780,.T.);
#955=ORIENTED_EDGE('',*,*,#1781,.T.);
#956=ORIENTED_EDGE('',*,*,#1738,.T.);
#957=ORIENTED_EDGE('',*,*,#1779,.T.);
#958=ORIENTED_EDGE('',*,*,#1778,.T.);
#959=ORIENTED_EDGE('',*,*,#1760,.F.);
#960=ORIENTED_EDGE('',*,*,#1769,.T.);
#961=ORIENTED_EDGE('',*,*,#1784,.T.);
#962=ORIENTED_EDGE('',*,*,#1785,.T.);
#963=ORIENTED_EDGE('',*,*,#1745,.F.);
#964=ORIENTED_EDGE('',*,*,#1783,.T.);
#965=ORIENTED_EDGE('',*,*,#1782,.T.);
#966=ORIENTED_EDGE('',*,*,#1757,.T.);
#967=ORIENTED_EDGE('',*,*,#1788,.T.);
#968=ORIENTED_EDGE('',*,*,#1789,.T.);
#969=ORIENTED_EDGE('',*,*,#1750,.F.);
#970=ORIENTED_EDGE('',*,*,#1787,.T.);
#971=ORIENTED_EDGE('',*,*,#1786,.T.);
#972=ORIENTED_EDGE('',*,*,#1770,.F.);
#973=ORIENTED_EDGE('',*,*,#1771,.F.);
#974=ORIENTED_EDGE('',*,*,#1772,.F.);
#975=ORIENTED_EDGE('',*,*,#1773,.F.);
#976=ORIENTED_EDGE('',*,*,#1814,.F.);
#977=ORIENTED_EDGE('',*,*,#1817,.F.);
#978=ORIENTED_EDGE('',*,*,#1661,.T.);
#979=ORIENTED_EDGE('',*,*,#1660,.T.);
#980=ORIENTED_EDGE('',*,*,#1662,.F.);
#981=ORIENTED_EDGE('',*,*,#1659,.F.);
#982=ORIENTED_EDGE('',*,*,#1478,.F.);
#983=ORIENTED_EDGE('',*,*,#1476,.T.);
#984=ORIENTED_EDGE('',*,*,#1479,.T.);
#985=ORIENTED_EDGE('',*,*,#1664,.F.);
#986=ORIENTED_EDGE('',*,*,#1666,.F.);
#987=ORIENTED_EDGE('',*,*,#1664,.T.);
#988=ORIENTED_EDGE('',*,*,#1665,.T.);
#989=ORIENTED_EDGE('',*,*,#1663,.F.);
#990=ORIENTED_EDGE('',*,*,#1672,.T.);
#991=ORIENTED_EDGE('',*,*,#1667,.F.);
#992=ORIENTED_EDGE('',*,*,#1663,.T.);
#993=ORIENTED_EDGE('',*,*,#1668,.T.);
#994=ORIENTED_EDGE('',*,*,#1671,.T.);
#995=ORIENTED_EDGE('',*,*,#1673,.F.);
#996=ORIENTED_EDGE('',*,*,#1672,.F.);
#997=ORIENTED_EDGE('',*,*,#1674,.T.);
#998=ORIENTED_EDGE('',*,*,#1680,.T.);
#999=ORIENTED_EDGE('',*,*,#1676,.F.);
#1000=ORIENTED_EDGE('',*,*,#1659,.T.);
#1001=ORIENTED_EDGE('',*,*,#1675,.T.);
#1002=ORIENTED_EDGE('',*,*,#1677,.T.);
#1003=ORIENTED_EDGE('',*,*,#1481,.T.);
#1004=ORIENTED_EDGE('',*,*,#1678,.F.);
#1005=ORIENTED_EDGE('',*,*,#1679,.F.);
#1006=ORIENTED_EDGE('',*,*,#1679,.T.);
#1007=ORIENTED_EDGE('',*,*,#1682,.T.);
#1008=ORIENTED_EDGE('',*,*,#1680,.F.);
#1009=ORIENTED_EDGE('',*,*,#1681,.F.);
#1010=ORIENTED_EDGE('',*,*,#1762,.F.);
#1011=ORIENTED_EDGE('',*,*,#1778,.F.);
#1012=ORIENTED_EDGE('',*,*,#1684,.T.);
#1013=ORIENTED_EDGE('',*,*,#1683,.T.);
#1014=ORIENTED_EDGE('',*,*,#1758,.F.);
#1015=ORIENTED_EDGE('',*,*,#1687,.F.);
#1016=ORIENTED_EDGE('',*,*,#1686,.F.);
#1017=ORIENTED_EDGE('',*,*,#1688,.F.);
#1018=ORIENTED_EDGE('',*,*,#1699,.F.);
#1019=ORIENTED_EDGE('',*,*,#1698,.F.);
#1020=ORIENTED_EDGE('',*,*,#1697,.F.);
#1021=ORIENTED_EDGE('',*,*,#1741,.F.);
#1022=ORIENTED_EDGE('',*,*,#1690,.F.);
#1023=ORIENTED_EDGE('',*,*,#1688,.T.);
#1024=ORIENTED_EDGE('',*,*,#1692,.F.);
#1025=ORIENTED_EDGE('',*,*,#1696,.F.);
#1026=ORIENTED_EDGE('',*,*,#1691,.T.);
#1027=ORIENTED_EDGE('',*,*,#1684,.F.);
#1028=ORIENTED_EDGE('',*,*,#1779,.F.);
#1029=ORIENTED_EDGE('',*,*,#1693,.T.);
#1030=ORIENTED_EDGE('',*,*,#1685,.F.);
#1031=ORIENTED_EDGE('',*,*,#1683,.F.);
#1032=ORIENTED_EDGE('',*,*,#1691,.F.);
#1033=ORIENTED_EDGE('',*,*,#1692,.T.);
#1034=ORIENTED_EDGE('',*,*,#1686,.T.);
#1035=ORIENTED_EDGE('',*,*,#1689,.T.);
#1036=ORIENTED_EDGE('',*,*,#1694,.F.);
#1037=ORIENTED_EDGE('',*,*,#1696,.T.);
#1038=ORIENTED_EDGE('',*,*,#1694,.T.);
#1039=ORIENTED_EDGE('',*,*,#1695,.T.);
#1040=ORIENTED_EDGE('',*,*,#1693,.F.);
#1041=ORIENTED_EDGE('',*,*,#1759,.T.);
#1042=ORIENTED_EDGE('',*,*,#1697,.T.);
#1043=ORIENTED_EDGE('',*,*,#1700,.F.);
#1044=ORIENTED_EDGE('',*,*,#1780,.F.);
#1045=ORIENTED_EDGE('',*,*,#1763,.T.);
#1046=ORIENTED_EDGE('',*,*,#1781,.F.);
#1047=ORIENTED_EDGE('',*,*,#1700,.T.);
#1048=ORIENTED_EDGE('',*,*,#1698,.T.);
#1049=ORIENTED_EDGE('',*,*,#1737,.F.);
#1050=ORIENTED_EDGE('',*,*,#1740,.T.);
#1051=ORIENTED_EDGE('',*,*,#1767,.F.);
#1052=ORIENTED_EDGE('',*,*,#1782,.F.);
#1053=ORIENTED_EDGE('',*,*,#1702,.T.);
#1054=ORIENTED_EDGE('',*,*,#1701,.T.);
#1055=ORIENTED_EDGE('',*,*,#1764,.F.);
#1056=ORIENTED_EDGE('',*,*,#1705,.F.);
#1057=ORIENTED_EDGE('',*,*,#1704,.F.);
#1058=ORIENTED_EDGE('',*,*,#1706,.F.);
#1059=ORIENTED_EDGE('',*,*,#1717,.F.);
#1060=ORIENTED_EDGE('',*,*,#1716,.F.);
#1061=ORIENTED_EDGE('',*,*,#1715,.F.);
#1062=ORIENTED_EDGE('',*,*,#1743,.T.);
#1063=ORIENTED_EDGE('',*,*,#1742,.T.);
#1064=ORIENTED_EDGE('',*,*,#1717,.T.);
#1065=ORIENTED_EDGE('',*,*,#1708,.T.);
#1066=ORIENTED_EDGE('',*,*,#1764,.T.);
#1067=ORIENTED_EDGE('',*,*,#1703,.T.);
#1068=ORIENTED_EDGE('',*,*,#1713,.F.);
#1069=ORIENTED_EDGE('',*,*,#1707,.F.);
#1070=ORIENTED_EDGE('',*,*,#1705,.T.);
#1071=ORIENTED_EDGE('',*,*,#1765,.F.);
#1072=ORIENTED_EDGE('',*,*,#1766,.F.);
#1073=ORIENTED_EDGE('',*,*,#1746,.F.);
#1074=ORIENTED_EDGE('',*,*,#1708,.F.);
#1075=ORIENTED_EDGE('',*,*,#1706,.T.);
#1076=ORIENTED_EDGE('',*,*,#1710,.F.);
#1077=ORIENTED_EDGE('',*,*,#1714,.F.);
#1078=ORIENTED_EDGE('',*,*,#1709,.T.);
#1079=ORIENTED_EDGE('',*,*,#1702,.F.);
#1080=ORIENTED_EDGE('',*,*,#1783,.F.);
#1081=ORIENTED_EDGE('',*,*,#1711,.T.);
#1082=ORIENTED_EDGE('',*,*,#1703,.F.);
#1083=ORIENTED_EDGE('',*,*,#1701,.F.);
#1084=ORIENTED_EDGE('',*,*,#1709,.F.);
#1085=ORIENTED_EDGE('',*,*,#1710,.T.);
#1086=ORIENTED_EDGE('',*,*,#1704,.T.);
#1087=ORIENTED_EDGE('',*,*,#1707,.T.);
#1088=ORIENTED_EDGE('',*,*,#1712,.F.);
#1089=ORIENTED_EDGE('',*,*,#1714,.T.);
#1090=ORIENTED_EDGE('',*,*,#1712,.T.);
#1091=ORIENTED_EDGE('',*,*,#1713,.T.);
#1092=ORIENTED_EDGE('',*,*,#1711,.F.);
#1093=ORIENTED_EDGE('',*,*,#1765,.T.);
#1094=ORIENTED_EDGE('',*,*,#1715,.T.);
#1095=ORIENTED_EDGE('',*,*,#1718,.F.);
#1096=ORIENTED_EDGE('',*,*,#1784,.F.);
#1097=ORIENTED_EDGE('',*,*,#1768,.T.);
#1098=ORIENTED_EDGE('',*,*,#1785,.F.);
#1099=ORIENTED_EDGE('',*,*,#1718,.T.);
#1100=ORIENTED_EDGE('',*,*,#1716,.T.);
#1101=ORIENTED_EDGE('',*,*,#1742,.F.);
#1102=ORIENTED_EDGE('',*,*,#1744,.T.);
#1103=ORIENTED_EDGE('',*,*,#1755,.F.);
#1104=ORIENTED_EDGE('',*,*,#1786,.F.);
#1105=ORIENTED_EDGE('',*,*,#1720,.T.);
#1106=ORIENTED_EDGE('',*,*,#1719,.T.);
#1107=ORIENTED_EDGE('',*,*,#1752,.F.);
#1108=ORIENTED_EDGE('',*,*,#1723,.F.);
#1109=ORIENTED_EDGE('',*,*,#1722,.F.);
#1110=ORIENTED_EDGE('',*,*,#1724,.F.);
#1111=ORIENTED_EDGE('',*,*,#1735,.F.);
#1112=ORIENTED_EDGE('',*,*,#1734,.F.);
#1113=ORIENTED_EDGE('',*,*,#1733,.F.);
#1114=ORIENTED_EDGE('',*,*,#1748,.T.);
#1115=ORIENTED_EDGE('',*,*,#1747,.T.);
#1116=ORIENTED_EDGE('',*,*,#1735,.T.);
#1117=ORIENTED_EDGE('',*,*,#1726,.T.);
#1118=ORIENTED_EDGE('',*,*,#1752,.T.);
#1119=ORIENTED_EDGE('',*,*,#1721,.T.);
#1120=ORIENTED_EDGE('',*,*,#1731,.F.);
#1121=ORIENTED_EDGE('',*,*,#1725,.F.);
#1122=ORIENTED_EDGE('',*,*,#1723,.T.);
#1123=ORIENTED_EDGE('',*,*,#1753,.F.);
#1124=ORIENTED_EDGE('',*,*,#1754,.F.);
#1125=ORIENTED_EDGE('',*,*,#1751,.F.);
#1126=ORIENTED_EDGE('',*,*,#1726,.F.);
#1127=ORIENTED_EDGE('',*,*,#1724,.T.);
#1128=ORIENTED_EDGE('',*,*,#1728,.F.);
#1129=ORIENTED_EDGE('',*,*,#1732,.F.);
#1130=ORIENTED_EDGE('',*,*,#1727,.T.);
#1131=ORIENTED_EDGE('',*,*,#1720,.F.);
#1132=ORIENTED_EDGE('',*,*,#1787,.F.);
#1133=ORIENTED_EDGE('',*,*,#1729,.T.);
#1134=ORIENTED_EDGE('',*,*,#1721,.F.);
#1135=ORIENTED_EDGE('',*,*,#1719,.F.);
#1136=ORIENTED_EDGE('',*,*,#1727,.F.);
#1137=ORIENTED_EDGE('',*,*,#1728,.T.);
#1138=ORIENTED_EDGE('',*,*,#1722,.T.);
#1139=ORIENTED_EDGE('',*,*,#1725,.T.);
#1140=ORIENTED_EDGE('',*,*,#1730,.F.);
#1141=ORIENTED_EDGE('',*,*,#1732,.T.);
#1142=ORIENTED_EDGE('',*,*,#1730,.T.);
#1143=ORIENTED_EDGE('',*,*,#1731,.T.);
#1144=ORIENTED_EDGE('',*,*,#1729,.F.);
#1145=ORIENTED_EDGE('',*,*,#1753,.T.);
#1146=ORIENTED_EDGE('',*,*,#1733,.T.);
#1147=ORIENTED_EDGE('',*,*,#1736,.F.);
#1148=ORIENTED_EDGE('',*,*,#1788,.F.);
#1149=ORIENTED_EDGE('',*,*,#1756,.T.);
#1150=ORIENTED_EDGE('',*,*,#1789,.F.);
#1151=ORIENTED_EDGE('',*,*,#1736,.T.);
#1152=ORIENTED_EDGE('',*,*,#1734,.T.);
#1153=ORIENTED_EDGE('',*,*,#1747,.F.);
#1154=ORIENTED_EDGE('',*,*,#1749,.T.);
#1155=ORIENTED_EDGE('',*,*,#1737,.T.);
#1156=ORIENTED_EDGE('',*,*,#1699,.T.);
#1157=ORIENTED_EDGE('',*,*,#1690,.T.);
#1158=ORIENTED_EDGE('',*,*,#1739,.F.);
#1159=ORIENTED_EDGE('',*,*,#1740,.F.);
#1160=ORIENTED_EDGE('',*,*,#1739,.T.);
#1161=ORIENTED_EDGE('',*,*,#1741,.T.);
#1162=ORIENTED_EDGE('',*,*,#1738,.F.);
#1163=ORIENTED_EDGE('',*,*,#1746,.T.);
#1164=ORIENTED_EDGE('',*,*,#1745,.T.);
#1165=ORIENTED_EDGE('',*,*,#1744,.F.);
#1166=ORIENTED_EDGE('',*,*,#1743,.F.);
#1167=ORIENTED_EDGE('',*,*,#1751,.T.);
#1168=ORIENTED_EDGE('',*,*,#1750,.T.);
#1169=ORIENTED_EDGE('',*,*,#1749,.F.);
#1170=ORIENTED_EDGE('',*,*,#1748,.F.);
#1171=ORIENTED_EDGE('',*,*,#1754,.T.);
#1172=ORIENTED_EDGE('',*,*,#1756,.F.);
#1173=ORIENTED_EDGE('',*,*,#1757,.F.);
#1174=ORIENTED_EDGE('',*,*,#1755,.T.);
#1175=ORIENTED_EDGE('',*,*,#1761,.T.);
#1176=ORIENTED_EDGE('',*,*,#1758,.T.);
#1177=ORIENTED_EDGE('',*,*,#1685,.T.);
#1178=ORIENTED_EDGE('',*,*,#1695,.F.);
#1179=ORIENTED_EDGE('',*,*,#1689,.F.);
#1180=ORIENTED_EDGE('',*,*,#1687,.T.);
#1181=ORIENTED_EDGE('',*,*,#1759,.F.);
#1182=ORIENTED_EDGE('',*,*,#1760,.T.);
#1183=ORIENTED_EDGE('',*,*,#1762,.T.);
#1184=ORIENTED_EDGE('',*,*,#1761,.F.);
#1185=ORIENTED_EDGE('',*,*,#1763,.F.);
#1186=ORIENTED_EDGE('',*,*,#1766,.T.);
#1187=ORIENTED_EDGE('',*,*,#1768,.F.);
#1188=ORIENTED_EDGE('',*,*,#1769,.F.);
#1189=ORIENTED_EDGE('',*,*,#1767,.T.);
#1190=ORIENTED_EDGE('',*,*,#1790,.F.);
#1191=ORIENTED_EDGE('',*,*,#1792,.T.);
#1192=ORIENTED_EDGE('',*,*,#1795,.T.);
#1193=ORIENTED_EDGE('',*,*,#1791,.F.);
#1194=ORIENTED_EDGE('',*,*,#1795,.F.);
#1195=ORIENTED_EDGE('',*,*,#1794,.T.);
#1196=ORIENTED_EDGE('',*,*,#1796,.T.);
#1197=ORIENTED_EDGE('',*,*,#1793,.F.);
#1198=ORIENTED_EDGE('',*,*,#1796,.F.);
#1199=ORIENTED_EDGE('',*,*,#1798,.T.);
#1200=ORIENTED_EDGE('',*,*,#1801,.T.);
#1201=ORIENTED_EDGE('',*,*,#1797,.F.);
#1202=ORIENTED_EDGE('',*,*,#1801,.F.);
#1203=ORIENTED_EDGE('',*,*,#1800,.T.);
#1204=ORIENTED_EDGE('',*,*,#1790,.T.);
#1205=ORIENTED_EDGE('',*,*,#1799,.F.);
#1206=ORIENTED_EDGE('',*,*,#1810,.F.);
#1207=ORIENTED_EDGE('',*,*,#1802,.F.);
#1208=ORIENTED_EDGE('',*,*,#1811,.T.);
#1209=ORIENTED_EDGE('',*,*,#1800,.F.);
#1210=ORIENTED_EDGE('',*,*,#1812,.F.);
#1211=ORIENTED_EDGE('',*,*,#1803,.F.);
#1212=ORIENTED_EDGE('',*,*,#1810,.T.);
#1213=ORIENTED_EDGE('',*,*,#1798,.F.);
#1214=ORIENTED_EDGE('',*,*,#1813,.F.);
#1215=ORIENTED_EDGE('',*,*,#1804,.F.);
#1216=ORIENTED_EDGE('',*,*,#1812,.T.);
#1217=ORIENTED_EDGE('',*,*,#1794,.F.);
#1218=ORIENTED_EDGE('',*,*,#1811,.F.);
#1219=ORIENTED_EDGE('',*,*,#1805,.F.);
#1220=ORIENTED_EDGE('',*,*,#1813,.T.);
#1221=ORIENTED_EDGE('',*,*,#1792,.F.);
#1222=ORIENTED_EDGE('',*,*,#1802,.T.);
#1223=ORIENTED_EDGE('',*,*,#1803,.T.);
#1224=ORIENTED_EDGE('',*,*,#1804,.T.);
#1225=ORIENTED_EDGE('',*,*,#1805,.T.);
#1226=ORIENTED_EDGE('',*,*,#1809,.F.);
#1227=ORIENTED_EDGE('',*,*,#1808,.F.);
#1228=ORIENTED_EDGE('',*,*,#1807,.F.);
#1229=ORIENTED_EDGE('',*,*,#1806,.F.);
#1230=ORIENTED_EDGE('',*,*,#1815,.T.);
#1231=ORIENTED_EDGE('',*,*,#1818,.T.);
#1232=ORIENTED_EDGE('',*,*,#1806,.T.);
#1233=ORIENTED_EDGE('',*,*,#1774,.F.);
#1234=ORIENTED_EDGE('',*,*,#1770,.T.);
#1235=ORIENTED_EDGE('',*,*,#1775,.T.);
#1236=ORIENTED_EDGE('',*,*,#1807,.T.);
#1237=ORIENTED_EDGE('',*,*,#1776,.F.);
#1238=ORIENTED_EDGE('',*,*,#1771,.T.);
#1239=ORIENTED_EDGE('',*,*,#1774,.T.);
#1240=ORIENTED_EDGE('',*,*,#1808,.T.);
#1241=ORIENTED_EDGE('',*,*,#1777,.F.);
#1242=ORIENTED_EDGE('',*,*,#1772,.T.);
#1243=ORIENTED_EDGE('',*,*,#1776,.T.);
#1244=ORIENTED_EDGE('',*,*,#1809,.T.);
#1245=ORIENTED_EDGE('',*,*,#1775,.F.);
#1246=ORIENTED_EDGE('',*,*,#1773,.T.);
#1247=ORIENTED_EDGE('',*,*,#1777,.T.);
#1248=ORIENTED_EDGE('',*,*,#1814,.T.);
#1249=ORIENTED_EDGE('',*,*,#1816,.F.);
#1250=ORIENTED_EDGE('',*,*,#1815,.F.);
#1251=ORIENTED_EDGE('',*,*,#1816,.T.);
#1252=ORIENTED_EDGE('',*,*,#1817,.T.);
#1253=ORIENTED_EDGE('',*,*,#1819,.F.);
#1254=ORIENTED_EDGE('',*,*,#1818,.F.);
#1255=ORIENTED_EDGE('',*,*,#1819,.T.);
#1256=ORIENTED_EDGE('',*,*,#1821,.T.);
#1257=ORIENTED_EDGE('',*,*,#1822,.T.);
#1258=ORIENTED_EDGE('',*,*,#1823,.F.);
#1259=ORIENTED_EDGE('',*,*,#1820,.F.);
#1260=ORIENTED_EDGE('',*,*,#1824,.T.);
#1261=ORIENTED_EDGE('',*,*,#1826,.F.);
#1262=ORIENTED_EDGE('',*,*,#1871,.T.);
#1263=ORIENTED_EDGE('',*,*,#1825,.F.);
#1264=ORIENTED_EDGE('',*,*,#1831,.T.);
#1265=ORIENTED_EDGE('',*,*,#1832,.T.);
#1266=ORIENTED_EDGE('',*,*,#1833,.F.);
#1267=ORIENTED_EDGE('',*,*,#1835,.F.);
#1268=ORIENTED_EDGE('',*,*,#1865,.T.);
#1269=ORIENTED_EDGE('',*,*,#1866,.T.);
#1270=ORIENTED_EDGE('',*,*,#1867,.T.);
#1271=ORIENTED_EDGE('',*,*,#1830,.T.);
#1272=ORIENTED_EDGE('',*,*,#1868,.F.);
#1273=ORIENTED_EDGE('',*,*,#1855,.T.);
#1274=ORIENTED_EDGE('',*,*,#1854,.T.);
#1275=ORIENTED_EDGE('',*,*,#1835,.T.);
#1276=ORIENTED_EDGE('',*,*,#1834,.T.);
#1277=ORIENTED_EDGE('',*,*,#1827,.F.);
#1278=ORIENTED_EDGE('',*,*,#1853,.F.);
#1279=ORIENTED_EDGE('',*,*,#1844,.T.);
#1280=ORIENTED_EDGE('',*,*,#1842,.T.);
#1281=ORIENTED_EDGE('',*,*,#1827,.T.);
#1282=ORIENTED_EDGE('',*,*,#1829,.F.);
#1283=ORIENTED_EDGE('',*,*,#1830,.F.);
#1284=ORIENTED_EDGE('',*,*,#1828,.T.);
#1285=ORIENTED_EDGE('',*,*,#1848,.F.);
#1286=ORIENTED_EDGE('',*,*,#1851,.T.);
#1287=ORIENTED_EDGE('',*,*,#1873,.T.);
#1288=ORIENTED_EDGE('',*,*,#1857,.T.);
#1289=ORIENTED_EDGE('',*,*,#1853,.T.);
#1290=ORIENTED_EDGE('',*,*,#1842,.F.);
#1291=ORIENTED_EDGE('',*,*,#1846,.T.);
#1292=ORIENTED_EDGE('',*,*,#1837,.F.);
#1293=ORIENTED_EDGE('',*,*,#1840,.T.);
#1294=ORIENTED_EDGE('',*,*,#1859,.F.);
#1295=ORIENTED_EDGE('',*,*,#1863,.T.);
#1296=ORIENTED_EDGE('',*,*,#1862,.T.);
#1297=ORIENTED_EDGE('',*,*,#1859,.T.);
#1298=ORIENTED_EDGE('',*,*,#1839,.F.);
#1299=ORIENTED_EDGE('',*,*,#1836,.T.);
#1300=ORIENTED_EDGE('',*,*,#1841,.T.);
#1301=ORIENTED_EDGE('',*,*,#1839,.T.);
#1302=ORIENTED_EDGE('',*,*,#1840,.F.);
#1303=ORIENTED_EDGE('',*,*,#1838,.F.);
#1304=ORIENTED_EDGE('',*,*,#1843,.T.);
#1305=ORIENTED_EDGE('',*,*,#1838,.T.);
#1306=ORIENTED_EDGE('',*,*,#1837,.T.);
#1307=ORIENTED_EDGE('',*,*,#1845,.F.);
#1308=ORIENTED_EDGE('',*,*,#1845,.T.);
#1309=ORIENTED_EDGE('',*,*,#1846,.F.);
#1310=ORIENTED_EDGE('',*,*,#1844,.F.);
#1311=ORIENTED_EDGE('',*,*,#1847,.T.);
#1312=ORIENTED_EDGE('',*,*,#1852,.T.);
#1313=ORIENTED_EDGE('',*,*,#1850,.T.);
#1314=ORIENTED_EDGE('',*,*,#1851,.F.);
#1315=ORIENTED_EDGE('',*,*,#1849,.F.);
#1316=ORIENTED_EDGE('',*,*,#1857,.F.);
#1317=ORIENTED_EDGE('',*,*,#1856,.T.);
#1318=ORIENTED_EDGE('',*,*,#1858,.T.);
#1319=ORIENTED_EDGE('',*,*,#1855,.F.);
#1320=ORIENTED_EDGE('',*,*,#1860,.T.);
#1321=ORIENTED_EDGE('',*,*,#1849,.T.);
#1322=ORIENTED_EDGE('',*,*,#1848,.T.);
#1323=ORIENTED_EDGE('',*,*,#1861,.F.);
#1324=ORIENTED_EDGE('',*,*,#1861,.T.);
#1325=ORIENTED_EDGE('',*,*,#1863,.F.);
#1326=ORIENTED_EDGE('',*,*,#1862,.F.);
#1327=ORIENTED_EDGE('',*,*,#1864,.T.);
#1328=ORIENTED_EDGE('',*,*,#1869,.T.);
#1329=ORIENTED_EDGE('',*,*,#1866,.F.);
#1330=ORIENTED_EDGE('',*,*,#1865,.F.);
#1331=ORIENTED_EDGE('',*,*,#1870,.F.);
#1332=ORIENTED_EDGE('',*,*,#1871,.F.);
#1333=ORIENTED_EDGE('',*,*,#1856,.F.);
#1334=ORIENTED_EDGE('',*,*,#1873,.F.);
#1335=ORIENTED_EDGE('',*,*,#1850,.F.);
#1336=ORIENTED_EDGE('',*,*,#1872,.T.);
#1337=ORIENTED_EDGE('',*,*,#1874,.T.);
#1338=ORIENTED_EDGE('',*,*,#1875,.T.);
#1339=ORIENTED_EDGE('',*,*,#1824,.F.);
#1340=ORIENTED_EDGE('',*,*,#1876,.F.);
#1341=ORIENTED_EDGE('',*,*,#1823,.T.);
#1342=ORIENTED_EDGE('',*,*,#1874,.F.);
#1343=ORIENTED_EDGE('',*,*,#1878,.T.);
#1344=ORIENTED_EDGE('',*,*,#1879,.T.);
#1345=ORIENTED_EDGE('',*,*,#1880,.F.);
#1346=ORIENTED_EDGE('',*,*,#1877,.F.);
#1347=ORIENTED_EDGE('',*,*,#1881,.T.);
#1348=ORIENTED_EDGE('',*,*,#1882,.T.);
#1349=ORIENTED_EDGE('',*,*,#1883,.F.);
#1350=ORIENTED_EDGE('',*,*,#1879,.F.);
#1351=ORIENTED_EDGE('',*,*,#1884,.T.);
#1352=ORIENTED_EDGE('',*,*,#1885,.T.);
#1353=ORIENTED_EDGE('',*,*,#1886,.F.);
#1354=ORIENTED_EDGE('',*,*,#1882,.F.);
#1355=ORIENTED_EDGE('',*,*,#1887,.T.);
#1356=ORIENTED_EDGE('',*,*,#1888,.T.);
#1357=ORIENTED_EDGE('',*,*,#1889,.F.);
#1358=ORIENTED_EDGE('',*,*,#1885,.F.);
#1359=ORIENTED_EDGE('',*,*,#1890,.T.);
#1360=ORIENTED_EDGE('',*,*,#1891,.T.);
#1361=ORIENTED_EDGE('',*,*,#1892,.F.);
#1362=ORIENTED_EDGE('',*,*,#1888,.F.);
#1363=ORIENTED_EDGE('',*,*,#1900,.T.);
#1364=ORIENTED_EDGE('',*,*,#1894,.F.);
#1365=ORIENTED_EDGE('',*,*,#1891,.F.);
#1366=ORIENTED_EDGE('',*,*,#1893,.T.);
#1367=ORIENTED_EDGE('',*,*,#1897,.F.);
#1368=ORIENTED_EDGE('',*,*,#1895,.F.);
#1369=ORIENTED_EDGE('',*,*,#1896,.T.);
#1370=ORIENTED_EDGE('',*,*,#1910,.F.);
#1371=ORIENTED_EDGE('',*,*,#1902,.T.);
#1372=ORIENTED_EDGE('',*,*,#1901,.T.);
#1373=ORIENTED_EDGE('',*,*,#1903,.F.);
#1374=ORIENTED_EDGE('',*,*,#1900,.F.);
#1375=ORIENTED_EDGE('',*,*,#1904,.T.);
#1376=ORIENTED_EDGE('',*,*,#1895,.T.);
#1377=ORIENTED_EDGE('',*,*,#1905,.F.);
#1378=ORIENTED_EDGE('',*,*,#1906,.F.);
#1379=ORIENTED_EDGE('',*,*,#1907,.T.);
#1380=ORIENTED_EDGE('',*,*,#1899,.F.);
#1381=ORIENTED_EDGE('',*,*,#1901,.F.);
#1382=ORIENTED_EDGE('',*,*,#1898,.T.);
#1383=ORIENTED_EDGE('',*,*,#1909,.T.);
#1384=ORIENTED_EDGE('',*,*,#1906,.T.);
#1385=ORIENTED_EDGE('',*,*,#1908,.F.);
#1386=ORIENTED_EDGE('',*,*,#1907,.F.);
#1387=ORIENTED_EDGE('',*,*,#1910,.T.);
#1388=ORIENTED_EDGE('',*,*,#1821,.F.);
#1389=ORIENTED_EDGE('',*,*,#1822,.F.);
#1390=ORIENTED_EDGE('',*,*,#1896,.F.);
#1391=ORIENTED_EDGE('',*,*,#1904,.F.);
#1392=ORIENTED_EDGE('',*,*,#1909,.F.);
#1393=ORIENTED_EDGE('',*,*,#1898,.F.);
#1394=ORIENTED_EDGE('',*,*,#1902,.F.);
#1395=ORIENTED_EDGE('',*,*,#1893,.F.);
#1396=ORIENTED_EDGE('',*,*,#1890,.F.);
#1397=ORIENTED_EDGE('',*,*,#1887,.F.);
#1398=ORIENTED_EDGE('',*,*,#1884,.F.);
#1399=ORIENTED_EDGE('',*,*,#1881,.F.);
#1400=ORIENTED_EDGE('',*,*,#1878,.F.);
#1401=ORIENTED_EDGE('',*,*,#1911,.F.);
#1402=ORIENTED_EDGE('',*,*,#1831,.F.);
#1403=ORIENTED_EDGE('',*,*,#1854,.F.);
#1404=ORIENTED_EDGE('',*,*,#1858,.F.);
#1405=ORIENTED_EDGE('',*,*,#1872,.F.);
#1406=ORIENTED_EDGE('',*,*,#1852,.F.);
#1407=ORIENTED_EDGE('',*,*,#1860,.F.);
#1408=ORIENTED_EDGE('',*,*,#1864,.F.);
#1409=ORIENTED_EDGE('',*,*,#1836,.F.);
#1410=ORIENTED_EDGE('',*,*,#1841,.F.);
#1411=ORIENTED_EDGE('',*,*,#1843,.F.);
#1412=ORIENTED_EDGE('',*,*,#1847,.F.);
#1413=ORIENTED_EDGE('',*,*,#1828,.F.);
#1414=ORIENTED_EDGE('',*,*,#1867,.F.);
#1415=ORIENTED_EDGE('',*,*,#1869,.F.);
#1416=ORIENTED_EDGE('',*,*,#1826,.T.);
#1417=ORIENTED_EDGE('',*,*,#1875,.F.);
#1418=ORIENTED_EDGE('',*,*,#1912,.F.);
#1419=ORIENTED_EDGE('',*,*,#1832,.F.);
#1420=ORIENTED_EDGE('',*,*,#1911,.T.);
#1421=ORIENTED_EDGE('',*,*,#1877,.T.);
#1422=ORIENTED_EDGE('',*,*,#1876,.T.);
#1423=ORIENTED_EDGE('',*,*,#1825,.T.);
#1424=ORIENTED_EDGE('',*,*,#1870,.T.);
#1425=ORIENTED_EDGE('',*,*,#1868,.T.);
#1426=ORIENTED_EDGE('',*,*,#1829,.T.);
#1427=ORIENTED_EDGE('',*,*,#1834,.F.);
#1428=ORIENTED_EDGE('',*,*,#1833,.T.);
#1429=ORIENTED_EDGE('',*,*,#1912,.T.);
#1430=ORIENTED_EDGE('',*,*,#1880,.T.);
#1431=ORIENTED_EDGE('',*,*,#1883,.T.);
#1432=ORIENTED_EDGE('',*,*,#1886,.T.);
#1433=ORIENTED_EDGE('',*,*,#1889,.T.);
#1434=ORIENTED_EDGE('',*,*,#1892,.T.);
#1435=ORIENTED_EDGE('',*,*,#1894,.T.);
#1436=ORIENTED_EDGE('',*,*,#1903,.T.);
#1437=ORIENTED_EDGE('',*,*,#1899,.T.);
#1438=ORIENTED_EDGE('',*,*,#1908,.T.);
#1439=ORIENTED_EDGE('',*,*,#1905,.T.);
#1440=ORIENTED_EDGE('',*,*,#1897,.T.);
#1441=ORIENTED_EDGE('',*,*,#1820,.T.);
#1442=ORIENTED_EDGE('',*,*,#1913,.F.);
#1443=ORIENTED_EDGE('',*,*,#1921,.F.);
#1444=ORIENTED_EDGE('',*,*,#1914,.F.);
#1445=ORIENTED_EDGE('',*,*,#1913,.T.);
#1446=ORIENTED_EDGE('',*,*,#1914,.T.);
#1447=ORIENTED_EDGE('',*,*,#1915,.F.);
#1448=ORIENTED_EDGE('',*,*,#1917,.T.);
#1449=ORIENTED_EDGE('',*,*,#1915,.T.);
#1450=ORIENTED_EDGE('',*,*,#1916,.T.);
#1451=ORIENTED_EDGE('',*,*,#1917,.F.);
#1452=ORIENTED_EDGE('',*,*,#1916,.F.);
#1453=ORIENTED_EDGE('',*,*,#1918,.F.);
#1454=ORIENTED_EDGE('',*,*,#1919,.T.);
#1455=ORIENTED_EDGE('',*,*,#1922,.F.);
#1456=ORIENTED_EDGE('',*,*,#1922,.T.);
#1457=ORIENTED_EDGE('',*,*,#1923,.T.);
#1458=ORIENTED_EDGE('',*,*,#1918,.T.);
#1459=ORIENTED_EDGE('',*,*,#1923,.F.);
#1460=ORIENTED_EDGE('',*,*,#1921,.T.);
#1461=ORIENTED_EDGE('',*,*,#1920,.F.);
#1462=ORIENTED_EDGE('',*,*,#1919,.F.);
#1463=ORIENTED_EDGE('',*,*,#1920,.T.);
#1464=ORIENTED_EDGE('',*,*,#1924,.T.);
#1465=ORIENTED_EDGE('',*,*,#1925,.T.);
#1466=ORIENTED_EDGE('',*,*,#1926,.F.);
#1467=ORIENTED_EDGE('',*,*,#1925,.F.);
#1468=ORIENTED_EDGE('',*,*,#1927,.T.);
#1469=ORIENTED_EDGE('',*,*,#1928,.T.);
#1470=ORIENTED_EDGE('',*,*,#1929,.F.);
#1471=ORIENTED_EDGE('',*,*,#1928,.F.);
#1472=ORIENTED_EDGE('',*,*,#1924,.F.);
#1473=ORIENTED_EDGE('',*,*,#1927,.F.);
#1474=ORIENTED_EDGE('',*,*,#1926,.T.);
#1475=ORIENTED_EDGE('',*,*,#1929,.T.);
#1476=EDGE_CURVE('',#2384,#2385,#2178,.T.);
#1477=EDGE_CURVE('',#2386,#2387,#2179,.T.);
#1478=EDGE_CURVE('',#2384,#2512,#2180,.T.);
#1479=EDGE_CURVE('',#2385,#2513,#2181,.T.);
#1480=EDGE_CURVE('',#2388,#2389,#2182,.T.);
#1481=EDGE_CURVE('',#2390,#2391,#2183,.T.);
#1482=EDGE_CURVE('',#2388,#2508,#2184,.T.);
#1483=EDGE_CURVE('',#2389,#2509,#2185,.T.);
#1484=EDGE_CURVE('',#2393,#2392,#1930,.T.);
#1485=EDGE_CURVE('',#2392,#2394,#1931,.T.);
#1486=EDGE_CURVE('',#2394,#2395,#1932,.T.);
#1487=EDGE_CURVE('',#2395,#2396,#1933,.T.);
#1488=EDGE_CURVE('',#2396,#2390,#1934,.T.);
#1489=EDGE_CURVE('',#2397,#2398,#1935,.T.);
#1490=EDGE_CURVE('',#2398,#2399,#1936,.T.);
#1491=EDGE_CURVE('',#2399,#2400,#1937,.T.);
#1492=EDGE_CURVE('',#2401,#2402,#1938,.T.);
#1493=EDGE_CURVE('',#2400,#2402,#1939,.T.);
#1494=EDGE_CURVE('',#2401,#2403,#1940,.T.);
#1495=EDGE_CURVE('',#2403,#2404,#1941,.T.);
#1496=EDGE_CURVE('',#2402,#2404,#1942,.T.);
#1497=EDGE_CURVE('',#2403,#2482,#1943,.T.);
#1498=EDGE_CURVE('',#2404,#2405,#1944,.T.);
#1499=EDGE_CURVE('',#2405,#2406,#1945,.T.);
#1500=EDGE_CURVE('',#2406,#2407,#1946,.T.);
#1501=EDGE_CURVE('',#2407,#2408,#1947,.T.);
#1502=EDGE_CURVE('',#2408,#2384,#1948,.T.);
#1503=EDGE_CURVE('',#2409,#2410,#1949,.T.);
#1504=EDGE_CURVE('',#2410,#2411,#1950,.T.);
#1505=EDGE_CURVE('',#2411,#2412,#1951,.T.);
#1506=EDGE_CURVE('',#2413,#2414,#1952,.T.);
#1507=EDGE_CURVE('',#2412,#2414,#1953,.T.);
#1508=EDGE_CURVE('',#2413,#2415,#1954,.T.);
#1509=EDGE_CURVE('',#2415,#2416,#1955,.T.);
#1510=EDGE_CURVE('',#2414,#2416,#1956,.T.);
#1511=EDGE_CURVE('',#2415,#2502,#1957,.T.);
#1512=EDGE_CURVE('',#2416,#2393,#1958,.T.);
#1513=EDGE_CURVE('',#2417,#2417,#1959,.T.);
#1514=EDGE_CURVE('',#2418,#2418,#1960,.T.);
#1515=EDGE_CURVE('',#2419,#2419,#1961,.T.);
#1516=EDGE_CURVE('',#2420,#2420,#1962,.T.);
#1517=EDGE_CURVE('',#2421,#2424,#2186,.T.);
#1518=EDGE_CURVE('',#2422,#2475,#2187,.T.);
#1519=EDGE_CURVE('',#2423,#2433,#2188,.T.);
#1520=EDGE_CURVE('',#2423,#2422,#2189,.T.);
#1521=EDGE_CURVE('',#2423,#2424,#1963,.T.);
#1522=EDGE_CURVE('',#2426,#2425,#1964,.T.);
#1523=EDGE_CURVE('',#2427,#2426,#1965,.T.);
#1524=EDGE_CURVE('',#2428,#2427,#1966,.T.);
#1525=EDGE_CURVE('',#2429,#2429,#1967,.T.);
#1526=EDGE_CURVE('',#2430,#2431,#2190,.T.);
#1527=EDGE_CURVE('',#2431,#2476,#2191,.T.);
#1528=EDGE_CURVE('',#2432,#2433,#2192,.T.);
#1529=EDGE_CURVE('',#2433,#2430,#1968,.T.);
#1530=EDGE_CURVE('',#2425,#2397,#1969,.T.);
#1531=EDGE_CURVE('',#2426,#2398,#1970,.T.);
#1532=EDGE_CURVE('',#2427,#2399,#1971,.T.);
#1533=EDGE_CURVE('',#2428,#2400,#1972,.T.);
#1534=EDGE_CURVE('',#2429,#2420,#1973,.T.);
#1535=EDGE_CURVE('',#2431,#2421,#2193,.T.);
#1536=EDGE_CURVE('',#2432,#2422,#2194,.T.);
#1537=EDGE_CURVE('',#2430,#2424,#2195,.T.);
#1538=EDGE_CURVE('',#2434,#2437,#2196,.T.);
#1539=EDGE_CURVE('',#2435,#2483,#2197,.T.);
#1540=EDGE_CURVE('',#2436,#2446,#2198,.T.);
#1541=EDGE_CURVE('',#2436,#2435,#2199,.T.);
#1542=EDGE_CURVE('',#2436,#2437,#1974,.T.);
#1543=EDGE_CURVE('',#2438,#2439,#1975,.T.);
#1544=EDGE_CURVE('',#2439,#2440,#1976,.T.);
#1545=EDGE_CURVE('',#2440,#2441,#1977,.T.);
#1546=EDGE_CURVE('',#2442,#2442,#1978,.T.);
#1547=EDGE_CURVE('',#2443,#2444,#2200,.T.);
#1548=EDGE_CURVE('',#2444,#2484,#2201,.T.);
#1549=EDGE_CURVE('',#2445,#2446,#2202,.T.);
#1550=EDGE_CURVE('',#2446,#2443,#1979,.T.);
#1551=EDGE_CURVE('',#2438,#2405,#1980,.T.);
#1552=EDGE_CURVE('',#2439,#2406,#1981,.T.);
#1553=EDGE_CURVE('',#2440,#2407,#1982,.T.);
#1554=EDGE_CURVE('',#2441,#2408,#1983,.T.);
#1555=EDGE_CURVE('',#2442,#2417,#1984,.T.);
#1556=EDGE_CURVE('',#2444,#2434,#2203,.T.);
#1557=EDGE_CURVE('',#2445,#2435,#2204,.T.);
#1558=EDGE_CURVE('',#2443,#2437,#2205,.T.);
#1559=EDGE_CURVE('',#2447,#2450,#2206,.T.);
#1560=EDGE_CURVE('',#2448,#2491,#2207,.T.);
#1561=EDGE_CURVE('',#2449,#2459,#2208,.T.);
#1562=EDGE_CURVE('',#2449,#2448,#2209,.T.);
#1563=EDGE_CURVE('',#2449,#2450,#1985,.T.);
#1564=EDGE_CURVE('',#2452,#2451,#1986,.T.);
#1565=EDGE_CURVE('',#2453,#2452,#1987,.T.);
#1566=EDGE_CURVE('',#2454,#2453,#1988,.T.);
#1567=EDGE_CURVE('',#2455,#2455,#1989,.T.);
#1568=EDGE_CURVE('',#2456,#2457,#2210,.T.);
#1569=EDGE_CURVE('',#2457,#2492,#2211,.T.);
#1570=EDGE_CURVE('',#2458,#2459,#2212,.T.);
#1571=EDGE_CURVE('',#2459,#2456,#1990,.T.);
#1572=EDGE_CURVE('',#2451,#2409,#1991,.T.);
#1573=EDGE_CURVE('',#2452,#2410,#1992,.T.);
#1574=EDGE_CURVE('',#2453,#2411,#1993,.T.);
#1575=EDGE_CURVE('',#2454,#2412,#1994,.T.);
#1576=EDGE_CURVE('',#2455,#2418,#1995,.T.);
#1577=EDGE_CURVE('',#2457,#2447,#2213,.T.);
#1578=EDGE_CURVE('',#2458,#2448,#2214,.T.);
#1579=EDGE_CURVE('',#2456,#2450,#2215,.T.);
#1580=EDGE_CURVE('',#2460,#2463,#2216,.T.);
#1581=EDGE_CURVE('',#2461,#2503,#2217,.T.);
#1582=EDGE_CURVE('',#2462,#2473,#2218,.T.);
#1583=EDGE_CURVE('',#2462,#2461,#2219,.T.);
#1584=EDGE_CURVE('',#2462,#2463,#1996,.T.);
#1585=EDGE_CURVE('',#2464,#2465,#1997,.T.);
#1586=EDGE_CURVE('',#2465,#2466,#1998,.T.);
#1587=EDGE_CURVE('',#2466,#2467,#1999,.T.);
#1588=EDGE_CURVE('',#2467,#2468,#2000,.T.);
#1589=EDGE_CURVE('',#2469,#2469,#2001,.T.);
#1590=EDGE_CURVE('',#2470,#2471,#2220,.T.);
#1591=EDGE_CURVE('',#2471,#2498,#2221,.T.);
#1592=EDGE_CURVE('',#2472,#2473,#2222,.T.);
#1593=EDGE_CURVE('',#2473,#2470,#2002,.T.);
#1594=EDGE_CURVE('',#2465,#2392,#2003,.T.);
#1595=EDGE_CURVE('',#2464,#2393,#2004,.T.);
#1596=EDGE_CURVE('',#2466,#2394,#2005,.T.);
#1597=EDGE_CURVE('',#2467,#2395,#2006,.T.);
#1598=EDGE_CURVE('',#2468,#2396,#2007,.T.);
#1599=EDGE_CURVE('',#2469,#2419,#2008,.T.);
#1600=EDGE_CURVE('',#2471,#2460,#2223,.T.);
#1601=EDGE_CURVE('',#2472,#2461,#2224,.T.);
#1602=EDGE_CURVE('',#2470,#2463,#2225,.T.);
#1603=EDGE_CURVE('',#2477,#2432,#2226,.T.);
#1604=EDGE_CURVE('',#2478,#2401,#2009,.T.);
#1605=EDGE_CURVE('',#2479,#2421,#2227,.T.);
#1606=EDGE_CURVE('',#2477,#2475,#2228,.T.);
#1607=EDGE_CURVE('',#2480,#2474,#2010,.T.);
#1608=EDGE_CURVE('',#2478,#2481,#2011,.T.);
#1609=EDGE_CURVE('',#2479,#2476,#2229,.T.);
#1610=EDGE_CURVE('',#2480,#2479,#2012,.T.);
#1611=EDGE_CURVE('',#2474,#2476,#2013,.T.);
#1612=EDGE_CURVE('',#2477,#2478,#2014,.T.);
#1613=EDGE_CURVE('',#2475,#2481,#2015,.T.);
#1614=EDGE_CURVE('',#2485,#2445,#2230,.T.);
#1615=EDGE_CURVE('',#2486,#2385,#2016,.T.);
#1616=EDGE_CURVE('',#2487,#2434,#2231,.T.);
#1617=EDGE_CURVE('',#2482,#2488,#2017,.T.);
#1618=EDGE_CURVE('',#2489,#2486,#2018,.T.);
#1619=EDGE_CURVE('',#2485,#2483,#2232,.T.);
#1620=EDGE_CURVE('',#2487,#2484,#2233,.T.);
#1621=EDGE_CURVE('',#2482,#2485,#2019,.T.);
#1622=EDGE_CURVE('',#2483,#2488,#2020,.T.);
#1623=EDGE_CURVE('',#2489,#2487,#2021,.T.);
#1624=EDGE_CURVE('',#2484,#2486,#2022,.T.);
#1625=EDGE_CURVE('',#2493,#2458,#2234,.T.);
#1626=EDGE_CURVE('',#2494,#2413,#2023,.T.);
#1627=EDGE_CURVE('',#2495,#2447,#2235,.T.);
#1628=EDGE_CURVE('',#2493,#2491,#2236,.T.);
#1629=EDGE_CURVE('',#2496,#2490,#2024,.T.);
#1630=EDGE_CURVE('',#2494,#2497,#2025,.T.);
#1631=EDGE_CURVE('',#2495,#2492,#2237,.T.);
#1632=EDGE_CURVE('',#2496,#2495,#2026,.T.);
#1633=EDGE_CURVE('',#2490,#2492,#2027,.T.);
#1634=EDGE_CURVE('',#2493,#2494,#2028,.T.);
#1635=EDGE_CURVE('',#2491,#2497,#2029,.T.);
#1636=EDGE_CURVE('',#2499,#2391,#2030,.T.);
#1637=EDGE_CURVE('',#2500,#2460,#2238,.T.);
#1638=EDGE_CURVE('',#2501,#2499,#2031,.T.);
#1639=EDGE_CURVE('',#2500,#2498,#2239,.T.);
#1640=EDGE_CURVE('',#2501,#2500,#2032,.T.);
#1641=EDGE_CURVE('',#2498,#2499,#2033,.T.);
#1642=EDGE_CURVE('',#2504,#2472,#2240,.T.);
#1643=EDGE_CURVE('',#2502,#2505,#2034,.T.);
#1644=EDGE_CURVE('',#2504,#2503,#2241,.T.);
#1645=EDGE_CURVE('',#2502,#2504,#2035,.T.);
#1646=EDGE_CURVE('',#2503,#2505,#2036,.T.);
#1647=EDGE_CURVE('',#2425,#2480,#2037,.T.);
#1648=EDGE_CURVE('',#2481,#2428,#2038,.T.);
#1649=EDGE_CURVE('',#2488,#2438,#2039,.T.);
#1650=EDGE_CURVE('',#2441,#2489,#2040,.T.);
#1651=EDGE_CURVE('',#2451,#2496,#2041,.T.);
#1652=EDGE_CURVE('',#2497,#2454,#2042,.T.);
#1653=EDGE_CURVE('',#2468,#2501,#2043,.T.);
#1654=EDGE_CURVE('',#2505,#2464,#2044,.T.);
#1655=EDGE_CURVE('',#2389,#2474,#2045,.T.);
#1656=EDGE_CURVE('',#2388,#2397,#2046,.T.);
#1657=EDGE_CURVE('',#2387,#2490,#2047,.T.);
#1658=EDGE_CURVE('',#2386,#2409,#2048,.T.);
#1659=EDGE_CURVE('',#2507,#2506,#2049,.T.);
#1660=EDGE_CURVE('',#2509,#2508,#2242,.T.);
#1661=EDGE_CURVE('',#2507,#2509,#2050,.T.);
#1662=EDGE_CURVE('',#2506,#2508,#2051,.T.);
#1663=EDGE_CURVE('',#2510,#2511,#2052,.T.);
#1664=EDGE_CURVE('',#2512,#2513,#2243,.T.);
#1665=EDGE_CURVE('',#2513,#2511,#2053,.T.);
#1666=EDGE_CURVE('',#2512,#2510,#2054,.T.);
#1667=EDGE_CURVE('',#2510,#2516,#2055,.T.);
#1668=EDGE_CURVE('',#2511,#2517,#2056,.T.);
#1669=EDGE_CURVE('',#2514,#2386,#2244,.T.);
#1670=EDGE_CURVE('',#2515,#2387,#2245,.T.);
#1671=EDGE_CURVE('',#2515,#2514,#2246,.T.);
#1672=EDGE_CURVE('',#2517,#2516,#2057,.T.);
#1673=EDGE_CURVE('',#2516,#2514,#2058,.T.);
#1674=EDGE_CURVE('',#2517,#2515,#2059,.T.);
#1675=EDGE_CURVE('',#2506,#2520,#2060,.T.);
#1676=EDGE_CURVE('',#2507,#2521,#2061,.T.);
#1677=EDGE_CURVE('',#2518,#2390,#2247,.T.);
#1678=EDGE_CURVE('',#2519,#2391,#2248,.T.);
#1679=EDGE_CURVE('',#2518,#2519,#2249,.T.);
#1680=EDGE_CURVE('',#2520,#2521,#2062,.T.);
#1681=EDGE_CURVE('',#2518,#2520,#2063,.T.);
#1682=EDGE_CURVE('',#2519,#2521,#2064,.T.);
#1683=EDGE_CURVE('',#2523,#2522,#2250,.T.);
#1684=EDGE_CURVE('',#2534,#2523,#2251,.T.);
#1685=EDGE_CURVE('',#2522,#2527,#2252,.T.);
#1686=EDGE_CURVE('',#2524,#2525,#2253,.T.);
#1687=EDGE_CURVE('',#2525,#2531,#2254,.T.);
#1688=EDGE_CURVE('',#2526,#2524,#2255,.T.);
#1689=EDGE_CURVE('',#2525,#2529,#2256,.T.);
#1690=EDGE_CURVE('',#2526,#2564,#2257,.T.);
#1691=EDGE_CURVE('',#2528,#2523,#2258,.T.);
#1692=EDGE_CURVE('',#2530,#2524,#2259,.T.);
#1693=EDGE_CURVE('',#2528,#2527,#2260,.T.);
#1694=EDGE_CURVE('',#2530,#2529,#2261,.T.);
#1695=EDGE_CURVE('',#2529,#2527,#2262,.T.);
#1696=EDGE_CURVE('',#2528,#2530,#2263,.T.);
#1697=EDGE_CURVE('',#2531,#2532,#2264,.T.);
#1698=EDGE_CURVE('',#2532,#2533,#2265,.T.);
#1699=EDGE_CURVE('',#2533,#2526,#2266,.T.);
#1700=EDGE_CURVE('',#2535,#2532,#2267,.T.);
#1701=EDGE_CURVE('',#2537,#2536,#2268,.T.);
#1702=EDGE_CURVE('',#2548,#2537,#2269,.T.);
#1703=EDGE_CURVE('',#2536,#2541,#2270,.T.);
#1704=EDGE_CURVE('',#2538,#2539,#2271,.T.);
#1705=EDGE_CURVE('',#2539,#2545,#2272,.T.);
#1706=EDGE_CURVE('',#2540,#2538,#2273,.T.);
#1707=EDGE_CURVE('',#2539,#2543,#2274,.T.);
#1708=EDGE_CURVE('',#2540,#2568,#2275,.T.);
#1709=EDGE_CURVE('',#2542,#2537,#2276,.T.);
#1710=EDGE_CURVE('',#2544,#2538,#2277,.T.);
#1711=EDGE_CURVE('',#2542,#2541,#2278,.T.);
#1712=EDGE_CURVE('',#2544,#2543,#2279,.T.);
#1713=EDGE_CURVE('',#2543,#2541,#2280,.T.);
#1714=EDGE_CURVE('',#2542,#2544,#2281,.T.);
#1715=EDGE_CURVE('',#2545,#2546,#2282,.T.);
#1716=EDGE_CURVE('',#2546,#2547,#2283,.T.);
#1717=EDGE_CURVE('',#2547,#2540,#2284,.T.);
#1718=EDGE_CURVE('',#2549,#2546,#2285,.T.);
#1719=EDGE_CURVE('',#2551,#2550,#2286,.T.);
#1720=EDGE_CURVE('',#2562,#2551,#2287,.T.);
#1721=EDGE_CURVE('',#2550,#2555,#2288,.T.);
#1722=EDGE_CURVE('',#2552,#2553,#2289,.T.);
#1723=EDGE_CURVE('',#2553,#2559,#2290,.T.);
#1724=EDGE_CURVE('',#2554,#2552,#2291,.T.);
#1725=EDGE_CURVE('',#2553,#2557,#2292,.T.);
#1726=EDGE_CURVE('',#2554,#2572,#2293,.T.);
#1727=EDGE_CURVE('',#2556,#2551,#2294,.T.);
#1728=EDGE_CURVE('',#2558,#2552,#2295,.T.);
#1729=EDGE_CURVE('',#2556,#2555,#2296,.T.);
#1730=EDGE_CURVE('',#2558,#2557,#2297,.T.);
#1731=EDGE_CURVE('',#2557,#2555,#2298,.T.);
#1732=EDGE_CURVE('',#2556,#2558,#2299,.T.);
#1733=EDGE_CURVE('',#2559,#2560,#2300,.T.);
#1734=EDGE_CURVE('',#2560,#2561,#2301,.T.);
#1735=EDGE_CURVE('',#2561,#2554,#2302,.T.);
#1736=EDGE_CURVE('',#2563,#2560,#2303,.T.);
#1737=EDGE_CURVE('',#2565,#2533,#2304,.T.);
#1738=EDGE_CURVE('',#2566,#2567,#2305,.T.);
#1739=EDGE_CURVE('',#2565,#2564,#2306,.T.);
#1740=EDGE_CURVE('',#2565,#2566,#2065,.T.);
#1741=EDGE_CURVE('',#2564,#2567,#2066,.T.);
#1742=EDGE_CURVE('',#2569,#2547,#2307,.T.);
#1743=EDGE_CURVE('',#2568,#2569,#2308,.T.);
#1744=EDGE_CURVE('',#2569,#2570,#2067,.T.);
#1745=EDGE_CURVE('',#2571,#2570,#2068,.T.);
#1746=EDGE_CURVE('',#2568,#2571,#2069,.T.);
#1747=EDGE_CURVE('',#2573,#2561,#2309,.T.);
#1748=EDGE_CURVE('',#2572,#2573,#2310,.T.);
#1749=EDGE_CURVE('',#2573,#2574,#2070,.T.);
#1750=EDGE_CURVE('',#2575,#2574,#2071,.T.);
#1751=EDGE_CURVE('',#2572,#2575,#2072,.T.);
#1752=EDGE_CURVE('',#2576,#2550,#2311,.T.);
#1753=EDGE_CURVE('',#2577,#2559,#2312,.T.);
#1754=EDGE_CURVE('',#2576,#2577,#2313,.T.);
#1755=EDGE_CURVE('',#2578,#2576,#2073,.T.);
#1756=EDGE_CURVE('',#2579,#2577,#2074,.T.);
#1757=EDGE_CURVE('',#2578,#2579,#2075,.T.);
#1758=EDGE_CURVE('',#2580,#2522,#2314,.T.);
#1759=EDGE_CURVE('',#2581,#2531,#2315,.T.);
#1760=EDGE_CURVE('',#2583,#2582,#2316,.T.);
#1761=EDGE_CURVE('',#2581,#2580,#2317,.T.);
#1762=EDGE_CURVE('',#2582,#2580,#2076,.T.);
#1763=EDGE_CURVE('',#2583,#2581,#2077,.T.);
#1764=EDGE_CURVE('',#2584,#2536,#2318,.T.);
#1765=EDGE_CURVE('',#2585,#2545,#2319,.T.);
#1766=EDGE_CURVE('',#2584,#2585,#2320,.T.);
#1767=EDGE_CURVE('',#2586,#2584,#2078,.T.);
#1768=EDGE_CURVE('',#2587,#2585,#2079,.T.);
#1769=EDGE_CURVE('',#2586,#2587,#2080,.T.);
#1770=EDGE_CURVE('',#2588,#2589,#2081,.T.);
#1771=EDGE_CURVE('',#2590,#2588,#2082,.T.);
#1772=EDGE_CURVE('',#2591,#2590,#2083,.T.);
#1773=EDGE_CURVE('',#2589,#2591,#2084,.T.);
#1774=EDGE_CURVE('',#2588,#2605,#2085,.T.);
#1775=EDGE_CURVE('',#2589,#2604,#2086,.T.);
#1776=EDGE_CURVE('',#2590,#2606,#2087,.T.);
#1777=EDGE_CURVE('',#2591,#2607,#2088,.T.);
#1778=EDGE_CURVE('',#2534,#2582,#2321,.T.);
#1779=EDGE_CURVE('',#2567,#2534,#2322,.T.);
#1780=EDGE_CURVE('',#2583,#2535,#2323,.T.);
#1781=EDGE_CURVE('',#2535,#2566,#2324,.T.);
#1782=EDGE_CURVE('',#2548,#2586,#2325,.T.);
#1783=EDGE_CURVE('',#2571,#2548,#2326,.T.);
#1784=EDGE_CURVE('',#2587,#2549,#2327,.T.);
#1785=EDGE_CURVE('',#2549,#2570,#2328,.T.);
#1786=EDGE_CURVE('',#2562,#2578,#2329,.T.);
#1787=EDGE_CURVE('',#2575,#2562,#2330,.T.);
#1788=EDGE_CURVE('',#2579,#2563,#2331,.T.);
#1789=EDGE_CURVE('',#2563,#2574,#2332,.T.);
#1790=EDGE_CURVE('',#2596,#2594,#2333,.T.);
#1791=EDGE_CURVE('',#2594,#2592,#2334,.T.);
#1792=EDGE_CURVE('',#2596,#2597,#2335,.T.);
#1793=EDGE_CURVE('',#2592,#2593,#2089,.T.);
#1794=EDGE_CURVE('',#2597,#2599,#2090,.T.);
#1795=EDGE_CURVE('',#2597,#2592,#2336,.T.);
#1796=EDGE_CURVE('',#2599,#2593,#2337,.T.);
#1797=EDGE_CURVE('',#2593,#2595,#2338,.T.);
#1798=EDGE_CURVE('',#2599,#2598,#2339,.T.);
#1799=EDGE_CURVE('',#2595,#2594,#2091,.T.);
#1800=EDGE_CURVE('',#2598,#2596,#2092,.T.);
#1801=EDGE_CURVE('',#2598,#2595,#2340,.T.);
#1802=EDGE_CURVE('',#2600,#2601,#2093,.T.);
#1803=EDGE_CURVE('',#2601,#2602,#2094,.T.);
#1804=EDGE_CURVE('',#2602,#2603,#2095,.T.);
#1805=EDGE_CURVE('',#2603,#2600,#2096,.T.);
#1806=EDGE_CURVE('',#2604,#2605,#2341,.T.);
#1807=EDGE_CURVE('',#2605,#2606,#2342,.T.);
#1808=EDGE_CURVE('',#2606,#2607,#2097,.T.);
#1809=EDGE_CURVE('',#2607,#2604,#2098,.T.);
#1810=EDGE_CURVE('',#2601,#2598,#2099,.T.);
#1811=EDGE_CURVE('',#2600,#2596,#2100,.T.);
#1812=EDGE_CURVE('',#2602,#2599,#2101,.T.);
#1813=EDGE_CURVE('',#2603,#2597,#2102,.T.);
#1814=EDGE_CURVE('',#2608,#2608,#2103,.T.);
#1815=EDGE_CURVE('',#2609,#2609,#2104,.T.);
#1816=EDGE_CURVE('',#2609,#2608,#2105,.T.);
#1817=EDGE_CURVE('',#2610,#2610,#2106,.T.);
#1818=EDGE_CURVE('',#2611,#2611,#2107,.T.);
#1819=EDGE_CURVE('',#2611,#2610,#2108,.T.);
#1820=EDGE_CURVE('',#2612,#2613,#2343,.T.);
#1821=EDGE_CURVE('',#2612,#2614,#2344,.T.);
#1822=EDGE_CURVE('',#2614,#2615,#2345,.T.);
#1823=EDGE_CURVE('',#2613,#2615,#2346,.T.);
#1824=EDGE_CURVE('',#2616,#2617,#2109,.T.);
#1825=EDGE_CURVE('',#2616,#2618,#2347,.T.);
#1826=EDGE_CURVE('',#2619,#2617,#2348,.T.);
#1827=EDGE_CURVE('',#2620,#2626,#2349,.T.);
#1828=EDGE_CURVE('',#2621,#2633,#2110,.T.);
#1829=EDGE_CURVE('',#2622,#2626,#2111,.T.);
#1830=EDGE_CURVE('',#2621,#2622,#2112,.T.);
#1831=EDGE_CURVE('',#2623,#2624,#2113,.T.);
#1832=EDGE_CURVE('',#2624,#2625,#2114,.T.);
#1833=EDGE_CURVE('',#2627,#2625,#2115,.T.);
#1834=EDGE_CURVE('',#2627,#2626,#2350,.T.);
#1835=EDGE_CURVE('',#2623,#2627,#2351,.T.);
#1836=EDGE_CURVE('',#2630,#2646,#2116,.T.);
#1837=EDGE_CURVE('',#2631,#2635,#2352,.T.);
#1838=EDGE_CURVE('',#2629,#2631,#2353,.T.);
#1839=EDGE_CURVE('',#2630,#2628,#2354,.T.);
#1840=EDGE_CURVE('',#2631,#2628,#2117,.T.);
#1841=EDGE_CURVE('',#2629,#2630,#2118,.T.);
#1842=EDGE_CURVE('',#2632,#2620,#2355,.T.);
#1843=EDGE_CURVE('',#2634,#2629,#2119,.T.);
#1844=EDGE_CURVE('',#2633,#2632,#2356,.T.);
#1845=EDGE_CURVE('',#2634,#2635,#2357,.T.);
#1846=EDGE_CURVE('',#2632,#2635,#2120,.T.);
#1847=EDGE_CURVE('',#2633,#2634,#2121,.T.);
#1848=EDGE_CURVE('',#2636,#2647,#2358,.T.);
#1849=EDGE_CURVE('',#2637,#2636,#2359,.T.);
#1850=EDGE_CURVE('',#2638,#2639,#2360,.T.);
#1851=EDGE_CURVE('',#2636,#2639,#2122,.T.);
#1852=EDGE_CURVE('',#2637,#2638,#2123,.T.);
#1853=EDGE_CURVE('',#2640,#2620,#2361,.T.);
#1854=EDGE_CURVE('',#2641,#2623,#2124,.T.);
#1855=EDGE_CURVE('',#2640,#2641,#2362,.T.);
#1856=EDGE_CURVE('',#2643,#2642,#2363,.T.);
#1857=EDGE_CURVE('',#2643,#2640,#2125,.T.);
#1858=EDGE_CURVE('',#2642,#2641,#2126,.T.);
#1859=EDGE_CURVE('',#2644,#2628,#2364,.T.);
#1860=EDGE_CURVE('',#2645,#2637,#2127,.T.);
#1861=EDGE_CURVE('',#2645,#2647,#2365,.T.);
#1862=EDGE_CURVE('',#2646,#2644,#2366,.T.);
#1863=EDGE_CURVE('',#2644,#2647,#2128,.T.);
#1864=EDGE_CURVE('',#2646,#2645,#2129,.T.);
#1865=EDGE_CURVE('',#2649,#2648,#2367,.T.);
#1866=EDGE_CURVE('',#2648,#2650,#2368,.T.);
#1867=EDGE_CURVE('',#2650,#2621,#2130,.T.);
#1868=EDGE_CURVE('',#2649,#2622,#2131,.T.);
#1869=EDGE_CURVE('',#2619,#2650,#2369,.T.);
#1870=EDGE_CURVE('',#2618,#2649,#2370,.T.);
#1871=EDGE_CURVE('',#2619,#2618,#2132,.T.);
#1872=EDGE_CURVE('',#2638,#2642,#2371,.T.);
#1873=EDGE_CURVE('',#2639,#2643,#2372,.T.);
#1874=EDGE_CURVE('',#2613,#2615,#2133,.T.);
#1875=EDGE_CURVE('',#2615,#2617,#2373,.T.);
#1876=EDGE_CURVE('',#2613,#2616,#2374,.T.);
#1877=EDGE_CURVE('',#2651,#2652,#2134,.T.);
#1878=EDGE_CURVE('',#2651,#2653,#2135,.T.);
#1879=EDGE_CURVE('',#2653,#2654,#2136,.T.);
#1880=EDGE_CURVE('',#2652,#2654,#2137,.T.);
#1881=EDGE_CURVE('',#2653,#2655,#2138,.T.);
#1882=EDGE_CURVE('',#2655,#2656,#2139,.T.);
#1883=EDGE_CURVE('',#2654,#2656,#2140,.T.);
#1884=EDGE_CURVE('',#2655,#2657,#2141,.T.);
#1885=EDGE_CURVE('',#2657,#2658,#2142,.T.);
#1886=EDGE_CURVE('',#2656,#2658,#2143,.T.);
#1887=EDGE_CURVE('',#2657,#2659,#2144,.T.);
#1888=EDGE_CURVE('',#2659,#2660,#2145,.T.);
#1889=EDGE_CURVE('',#2658,#2660,#2146,.T.);
#1890=EDGE_CURVE('',#2659,#2661,#2147,.T.);
#1891=EDGE_CURVE('',#2661,#2662,#2148,.T.);
#1892=EDGE_CURVE('',#2660,#2662,#2149,.T.);
#1893=EDGE_CURVE('',#2661,#2665,#2150,.T.);
#1894=EDGE_CURVE('',#2662,#2666,#2151,.T.);
#1895=EDGE_CURVE('',#2663,#2664,#2152,.T.);
#1896=EDGE_CURVE('',#2663,#2614,#2375,.T.);
#1897=EDGE_CURVE('',#2664,#2612,#2376,.T.);
#1898=EDGE_CURVE('',#2667,#2671,#2377,.T.);
#1899=EDGE_CURVE('',#2668,#2672,#2378,.T.);
#1900=EDGE_CURVE('',#2665,#2666,#2153,.T.);
#1901=EDGE_CURVE('',#2667,#2668,#2379,.T.);
#1902=EDGE_CURVE('',#2665,#2667,#2154,.T.);
#1903=EDGE_CURVE('',#2666,#2668,#2155,.T.);
#1904=EDGE_CURVE('',#2669,#2663,#2156,.T.);
#1905=EDGE_CURVE('',#2670,#2664,#2157,.T.);
#1906=EDGE_CURVE('',#2669,#2670,#2380,.T.);
#1907=EDGE_CURVE('',#2671,#2672,#2381,.T.);
#1908=EDGE_CURVE('',#2672,#2670,#2158,.T.);
#1909=EDGE_CURVE('',#2671,#2669,#2159,.T.);
#1910=EDGE_CURVE('',#2612,#2614,#2160,.T.);
#1911=EDGE_CURVE('',#2624,#2651,#2382,.T.);
#1912=EDGE_CURVE('',#2625,#2652,#2383,.T.);
#1913=EDGE_CURVE('',#2673,#2673,#2161,.T.);
#1914=EDGE_CURVE('',#2673,#2674,#2162,.T.);
#1915=EDGE_CURVE('',#2674,#2674,#2163,.T.);
#1916=EDGE_CURVE('',#2674,#2675,#2164,.T.);
#1917=EDGE_CURVE('',#2675,#2675,#2165,.T.);
#1918=EDGE_CURVE('',#2676,#2676,#2166,.T.);
#1919=EDGE_CURVE('',#2677,#2677,#2167,.T.);
#1920=EDGE_CURVE('',#2677,#2678,#2168,.T.);
#1921=EDGE_CURVE('',#2678,#2678,#2169,.T.);
#1922=EDGE_CURVE('',#2679,#2679,#2170,.T.);
#1923=EDGE_CURVE('',#2679,#2676,#2171,.T.);
#1924=EDGE_CURVE('',#2680,#2680,#2172,.T.);
#1925=EDGE_CURVE('',#2680,#2681,#2173,.T.);
#1926=EDGE_CURVE('',#2681,#2681,#2174,.T.);
#1927=EDGE_CURVE('',#2682,#2682,#2175,.T.);
#1928=EDGE_CURVE('',#2682,#2683,#2176,.T.);
#1929=EDGE_CURVE('',#2683,#2683,#2177,.T.);
#1930=(
BOUNDED_CURVE()
B_SPLINE_CURVE(2,(#3737,#3738,#3739),.UNSPECIFIED.,.F.,.F.)
B_SPLINE_CURVE_WITH_KNOTS((3,3),(-287.976047691267,-287.743120589472),
 .UNSPECIFIED.)
CURVE()
GEOMETRIC_REPRESENTATION_ITEM()
RATIONAL_B_SPLINE_CURVE((1.,0.999992440503091,1.))
REPRESENTATION_ITEM('')
);
#1931=(
BOUNDED_CURVE()
B_SPLINE_CURVE(2,(#3740,#3741,#3742),.UNSPECIFIED.,.F.,.F.)
B_SPLINE_CURVE_WITH_KNOTS((3,3),(-287.743120589472,-285.89801267049),
 .UNSPECIFIED.)
CURVE()
GEOMETRIC_REPRESENTATION_ITEM()
RATIONAL_B_SPLINE_CURVE((1.,0.953087795391078,1.))
REPRESENTATION_ITEM('')
);
#1932=(
BOUNDED_CURVE()
B_SPLINE_CURVE(2,(#3743,#3744,#3745,#3746,#3747),.UNSPECIFIED.,.F.,.F.)
B_SPLINE_CURVE_WITH_KNOTS((3,2,3),(-285.89801267049,-283.859763100644,-281.821513530797),
 .UNSPECIFIED.)
CURVE()
GEOMETRIC_REPRESENTATION_ITEM()
RATIONAL_B_SPLINE_CURVE((1.,0.960058680860346,1.06075180996998,0.960058680860347,
1.))
REPRESENTATION_ITEM('')
);
#1933=(
BOUNDED_CURVE()
B_SPLINE_CURVE(2,(#3748,#3749,#3750),.UNSPECIFIED.,.F.,.F.)
B_SPLINE_CURVE_WITH_KNOTS((3,3),(-281.821513530797,-279.976405611815),
 .UNSPECIFIED.)
CURVE()
GEOMETRIC_REPRESENTATION_ITEM()
RATIONAL_B_SPLINE_CURVE((1.,0.953087795391077,1.))
REPRESENTATION_ITEM('')
);
#1934=(
BOUNDED_CURVE()
B_SPLINE_CURVE(2,(#3751,#3752,#3753,#3754,#3755),.UNSPECIFIED.,.F.,.F.)
B_SPLINE_CURVE_WITH_KNOTS((3,2,3),(-279.976405611815,-279.105755861723,
-275.966603856275),.UNSPECIFIED.)
CURVE()
GEOMETRIC_REPRESENTATION_ITEM()
RATIONAL_B_SPLINE_CURVE((1.,0.996348927591631,0.992922421623111,0.94737296145303,
1.))
REPRESENTATION_ITEM('')
);
#1935=(
BOUNDED_CURVE()
B_SPLINE_CURVE(2,(#3756,#3757,#3758),.UNSPECIFIED.,.F.,.F.)
B_SPLINE_CURVE_WITH_KNOTS((3,3),(-238.368005151798,-236.522897232815),
 .UNSPECIFIED.)
CURVE()
GEOMETRIC_REPRESENTATION_ITEM()
RATIONAL_B_SPLINE_CURVE((1.,0.953087795391065,1.))
REPRESENTATION_ITEM('')
);
#1936=(
BOUNDED_CURVE()
B_SPLINE_CURVE(2,(#3759,#3760,#3761,#3762,#3763),.UNSPECIFIED.,.F.,.F.)
B_SPLINE_CURVE_WITH_KNOTS((3,2,3),(-236.522897232815,-234.484647662968,
-232.446398093121),.UNSPECIFIED.)
CURVE()
GEOMETRIC_REPRESENTATION_ITEM()
RATIONAL_B_SPLINE_CURVE((1.,0.960058680812572,1.06075180986445,0.960058680812572,
1.))
REPRESENTATION_ITEM('')
);
#1937=(
BOUNDED_CURVE()
B_SPLINE_CURVE(2,(#3764,#3765,#3766),.UNSPECIFIED.,.F.,.F.)
B_SPLINE_CURVE_WITH_KNOTS((3,3),(-232.446398093121,-230.601290174139),
 .UNSPECIFIED.)
CURVE()
GEOMETRIC_REPRESENTATION_ITEM()
RATIONAL_B_SPLINE_CURVE((1.,0.953087795391065,1.))
REPRESENTATION_ITEM('')
);
#1938=(
BOUNDED_CURVE()
B_SPLINE_CURVE(1,(#3767,#3768),.UNSPECIFIED.,.F.,.F.)
B_SPLINE_CURVE_WITH_KNOTS((2,2),(0.,7.),.UNSPECIFIED.)
CURVE()
GEOMETRIC_REPRESENTATION_ITEM()
RATIONAL_B_SPLINE_CURVE((1.,1.))
REPRESENTATION_ITEM('')
);
#1939=(
BOUNDED_CURVE()
B_SPLINE_CURVE(2,(#3769,#3770,#3771,#3772,#3773,#3774,#3775),
 .UNSPECIFIED.,.F.,.F.)
B_SPLINE_CURVE_WITH_KNOTS((3,2,2,3),(-230.601290174139,-230.368363072347,
-226.332642328384,-222.296921584421),.UNSPECIFIED.)
CURVE()
GEOMETRIC_REPRESENTATION_ITEM()
RATIONAL_B_SPLINE_CURVE((1.,0.999992440506707,1.00000000000723,0.919664089445838,
1.00000000000723,0.919664089442513,1.))
REPRESENTATION_ITEM('')
);
#1940=(
BOUNDED_CURVE()
B_SPLINE_CURVE(2,(#3776,#3777,#3778,#3779,#3780),.UNSPECIFIED.,.F.,.F.)
B_SPLINE_CURVE_WITH_KNOTS((3,2,3),(-222.296921584421,-210.855699583666,
-199.414477582911),.UNSPECIFIED.)
CURVE()
GEOMETRIC_REPRESENTATION_ITEM()
RATIONAL_B_SPLINE_CURVE((1.,0.930265925815405,1.10141142711498,0.930265925815405,
1.))
REPRESENTATION_ITEM('')
);
#1941=(
BOUNDED_CURVE()
B_SPLINE_CURVE(1,(#3781,#3782),.UNSPECIFIED.,.F.,.F.)
B_SPLINE_CURVE_WITH_KNOTS((2,2),(0.,7.),.UNSPECIFIED.)
CURVE()
GEOMETRIC_REPRESENTATION_ITEM()
RATIONAL_B_SPLINE_CURVE((1.,1.))
REPRESENTATION_ITEM('')
);
#1942=(
BOUNDED_CURVE()
B_SPLINE_CURVE(2,(#3783,#3784,#3785,#3786,#3787),.UNSPECIFIED.,.F.,.F.)
B_SPLINE_CURVE_WITH_KNOTS((3,2,3),(-222.296921584421,-210.855699583666,
-199.414477582911),.UNSPECIFIED.)
CURVE()
GEOMETRIC_REPRESENTATION_ITEM()
RATIONAL_B_SPLINE_CURVE((1.,0.930265925815405,1.10141142711498,0.930265925815405,
1.))
REPRESENTATION_ITEM('')
);
#1943=(
BOUNDED_CURVE()
B_SPLINE_CURVE(2,(#3788,#3789,#3790,#3791,#3792),.UNSPECIFIED.,.F.,.F.)
B_SPLINE_CURVE_WITH_KNOTS((3,2,3),(-199.414477582911,-195.378756838948,
-194.246250582949),.UNSPECIFIED.)
CURVE()
GEOMETRIC_REPRESENTATION_ITEM()
RATIONAL_B_SPLINE_CURVE((1.,0.919664089442512,1.00000000000723,0.993704457676501,
1.))
REPRESENTATION_ITEM('')
);
#1944=(
BOUNDED_CURVE()
B_SPLINE_CURVE(2,(#3793,#3794,#3795,#3796,#3797,#3798,#3799),
 .UNSPECIFIED.,.F.,.F.)
B_SPLINE_CURVE_WITH_KNOTS((3,2,2,3),(-199.414477582911,-195.378756838948,
-191.343036094985,-191.110108996814),.UNSPECIFIED.)
CURVE()
GEOMETRIC_REPRESENTATION_ITEM()
RATIONAL_B_SPLINE_CURVE((1.,0.919664089442512,1.00000000000723,0.919664089445837,
1.00000000000723,0.999992440506942,1.))
REPRESENTATION_ITEM('')
);
#1945=(
BOUNDED_CURVE()
B_SPLINE_CURVE(2,(#3800,#3801,#3802),.UNSPECIFIED.,.F.,.F.)
B_SPLINE_CURVE_WITH_KNOTS((3,3),(-191.110108996814,-189.265001078266),
 .UNSPECIFIED.)
CURVE()
GEOMETRIC_REPRESENTATION_ITEM()
RATIONAL_B_SPLINE_CURVE((1.,0.953087795412974,1.))
REPRESENTATION_ITEM('')
);
#1946=(
BOUNDED_CURVE()
B_SPLINE_CURVE(2,(#3803,#3804,#3805,#3806,#3807),.UNSPECIFIED.,.F.,.F.)
B_SPLINE_CURVE_WITH_KNOTS((3,2,3),(-189.265001078266,-187.226751509492,
-185.188501940718),.UNSPECIFIED.)
CURVE()
GEOMETRIC_REPRESENTATION_ITEM()
RATIONAL_B_SPLINE_CURVE((1.,0.960058680820216,1.06075180980411,0.960058680820214,
1.))
REPRESENTATION_ITEM('')
);
#1947=(
BOUNDED_CURVE()
B_SPLINE_CURVE(2,(#3808,#3809,#3810),.UNSPECIFIED.,.F.,.F.)
B_SPLINE_CURVE_WITH_KNOTS((3,3),(-185.188501940718,-183.34339402217),
 .UNSPECIFIED.)
CURVE()
GEOMETRIC_REPRESENTATION_ITEM()
RATIONAL_B_SPLINE_CURVE((1.,0.953087795412973,1.))
REPRESENTATION_ITEM('')
);
#1948=(
BOUNDED_CURVE()
B_SPLINE_CURVE(2,(#3811,#3812,#3813,#3814,#3815),.UNSPECIFIED.,.F.,.F.)
B_SPLINE_CURVE_WITH_KNOTS((3,2,3),(-183.34339402217,-182.472744271931,-179.333592266707),
 .UNSPECIFIED.)
CURVE()
GEOMETRIC_REPRESENTATION_ITEM()
RATIONAL_B_SPLINE_CURVE((1.,0.996348927520125,0.992922421480654,0.947372961392053,
1.))
REPRESENTATION_ITEM('')
);
#1949=(
BOUNDED_CURVE()
B_SPLINE_CURVE(2,(#3816,#3817,#3818),.UNSPECIFIED.,.F.,.F.)
B_SPLINE_CURVE_WITH_KNOTS((3,3),(-141.734993556064,-139.889885637082),
 .UNSPECIFIED.)
CURVE()
GEOMETRIC_REPRESENTATION_ITEM()
RATIONAL_B_SPLINE_CURVE((1.,0.953087795391104,1.))
REPRESENTATION_ITEM('')
);
#1950=(
BOUNDED_CURVE()
B_SPLINE_CURVE(2,(#3819,#3820,#3821,#3822,#3823),.UNSPECIFIED.,.F.,.F.)
B_SPLINE_CURVE_WITH_KNOTS((3,2,3),(-139.889885637082,-137.851636067237,
-135.813386497392),.UNSPECIFIED.)
CURVE()
GEOMETRIC_REPRESENTATION_ITEM()
RATIONAL_B_SPLINE_CURVE((1.,0.960058680808829,1.06075180985605,0.960058680808831,
1.))
REPRESENTATION_ITEM('')
);
#1951=(
BOUNDED_CURVE()
B_SPLINE_CURVE(2,(#3824,#3825,#3826),.UNSPECIFIED.,.F.,.F.)
B_SPLINE_CURVE_WITH_KNOTS((3,3),(-135.813386497392,-133.96827857841),
 .UNSPECIFIED.)
CURVE()
GEOMETRIC_REPRESENTATION_ITEM()
RATIONAL_B_SPLINE_CURVE((1.,0.953087795391105,1.))
REPRESENTATION_ITEM('')
);
#1952=(
BOUNDED_CURVE()
B_SPLINE_CURVE(1,(#3827,#3828),.UNSPECIFIED.,.F.,.F.)
B_SPLINE_CURVE_WITH_KNOTS((2,2),(0.,7.),.UNSPECIFIED.)
CURVE()
GEOMETRIC_REPRESENTATION_ITEM()
RATIONAL_B_SPLINE_CURVE((1.,1.))
REPRESENTATION_ITEM('')
);
#1953=(
BOUNDED_CURVE()
B_SPLINE_CURVE(2,(#3829,#3830,#3831,#3832,#3833,#3834,#3835),
 .UNSPECIFIED.,.F.,.F.)
B_SPLINE_CURVE_WITH_KNOTS((3,2,2,3),(-133.96827857841,-133.735351476699,
-129.699630732736,-125.663909988773),.UNSPECIFIED.)
CURVE()
GEOMETRIC_REPRESENTATION_ITEM()
RATIONAL_B_SPLINE_CURVE((1.,0.999992440503096,1.,0.919664089439186,1.,0.919664089439186,
1.))
REPRESENTATION_ITEM('')
);
#1954=(
BOUNDED_CURVE()
B_SPLINE_CURVE(2,(#3836,#3837,#3838,#3839,#3840),.UNSPECIFIED.,.F.,.F.)
B_SPLINE_CURVE_WITH_KNOTS((3,2,3),(-125.663909988773,-114.222687988018,
-102.781465987263),.UNSPECIFIED.)
CURVE()
GEOMETRIC_REPRESENTATION_ITEM()
RATIONAL_B_SPLINE_CURVE((1.,0.930265925812041,1.10141142710701,0.930265925812041,
1.))
REPRESENTATION_ITEM('')
);
#1955=(
BOUNDED_CURVE()
B_SPLINE_CURVE(1,(#3841,#3842),.UNSPECIFIED.,.F.,.F.)
B_SPLINE_CURVE_WITH_KNOTS((2,2),(0.,7.),.UNSPECIFIED.)
CURVE()
GEOMETRIC_REPRESENTATION_ITEM()
RATIONAL_B_SPLINE_CURVE((1.,1.))
REPRESENTATION_ITEM('')
);
#1956=(
BOUNDED_CURVE()
B_SPLINE_CURVE(2,(#3843,#3844,#3845,#3846,#3847),.UNSPECIFIED.,.F.,.F.)
B_SPLINE_CURVE_WITH_KNOTS((3,2,3),(-125.663909988773,-114.222687988018,
-102.781465987263),.UNSPECIFIED.)
CURVE()
GEOMETRIC_REPRESENTATION_ITEM()
RATIONAL_B_SPLINE_CURVE((1.,0.930265925812041,1.10141142710701,0.930265925812041,
1.))
REPRESENTATION_ITEM('')
);
#1957=(
BOUNDED_CURVE()
B_SPLINE_CURVE(2,(#3848,#3849,#3850,#3851,#3852),.UNSPECIFIED.,.F.,.F.)
B_SPLINE_CURVE_WITH_KNOTS((3,2,3),(-102.781465987263,-98.7457452432996,
-97.6132389872172),.UNSPECIFIED.)
CURVE()
GEOMETRIC_REPRESENTATION_ITEM()
RATIONAL_B_SPLINE_CURVE((1.,0.919664089439187,1.,0.993704457671966,1.))
REPRESENTATION_ITEM('')
);
#1958=(
BOUNDED_CURVE()
B_SPLINE_CURVE(2,(#3853,#3854,#3855,#3856,#3857),.UNSPECIFIED.,.F.,.F.)
B_SPLINE_CURVE_WITH_KNOTS((3,2,3),(-102.781465987263,-98.7457452432996,
-94.7100244993363),.UNSPECIFIED.)
CURVE()
GEOMETRIC_REPRESENTATION_ITEM()
RATIONAL_B_SPLINE_CURVE((1.,0.919664089439187,1.,0.919664089439187,1.))
REPRESENTATION_ITEM('')
);
#1959=(
BOUNDED_CURVE()
B_SPLINE_CURVE(2,(#3858,#3859,#3860,#3861,#3862,#3863,#3864,#3865,#3866),
 .UNSPECIFIED.,.T.,.F.)
B_SPLINE_CURVE_WITH_KNOTS((3,2,2,2,3),(-94.7100244993363,-92.2360202846343,
-89.7620160699324,-87.2880118552304,-84.8140076405284),.UNSPECIFIED.)
CURVE()
GEOMETRIC_REPRESENTATION_ITEM()
RATIONAL_B_SPLINE_CURVE((1.,0.707106781186548,1.,0.707106781186548,1.,0.707106781186548,
1.,0.707106781186548,1.))
REPRESENTATION_ITEM('')
);
#1960=(
BOUNDED_CURVE()
B_SPLINE_CURVE(2,(#3867,#3868,#3869,#3870,#3871,#3872,#3873,#3874,#3875),
 .UNSPECIFIED.,.T.,.F.)
B_SPLINE_CURVE_WITH_KNOTS((3,2,2,2,3),(-84.8140076405284,-82.3400034258265,
-79.8659992111245,-77.3919949964226,-74.9179907817206),.UNSPECIFIED.)
CURVE()
GEOMETRIC_REPRESENTATION_ITEM()
RATIONAL_B_SPLINE_CURVE((1.,0.707106781186548,1.,0.707106781186548,1.,0.707106781186548,
1.,0.707106781186548,1.))
REPRESENTATION_ITEM('')
);
#1961=(
BOUNDED_CURVE()
B_SPLINE_CURVE(2,(#3876,#3877,#3878,#3879,#3880,#3881,#3882,#3883,#3884),
 .UNSPECIFIED.,.T.,.F.)
B_SPLINE_CURVE_WITH_KNOTS((3,2,2,2,3),(-74.9179907817206,-72.4439865670186,
-69.9699823523167,-67.4959781376147,-65.0219739229127),.UNSPECIFIED.)
CURVE()
GEOMETRIC_REPRESENTATION_ITEM()
RATIONAL_B_SPLINE_CURVE((1.,0.707106781186548,1.,0.707106781186548,1.,0.707106781186548,
1.,0.707106781186548,1.))
REPRESENTATION_ITEM('')
);
#1962=(
BOUNDED_CURVE()
B_SPLINE_CURVE(2,(#3885,#3886,#3887,#3888,#3889,#3890,#3891,#3892,#3893),
 .UNSPECIFIED.,.T.,.F.)
B_SPLINE_CURVE_WITH_KNOTS((3,2,2,2,3),(-65.0219739229127,-62.5479697082108,
-60.0739654935088,-57.5999612788069,-55.1259570641049),.UNSPECIFIED.)
CURVE()
GEOMETRIC_REPRESENTATION_ITEM()
RATIONAL_B_SPLINE_CURVE((1.,0.707106781186548,1.,0.707106781186548,1.,0.707106781186548,
1.,0.707106781186548,1.))
REPRESENTATION_ITEM('')
);
#1963=(
BOUNDED_CURVE()
B_SPLINE_CURVE(2,(#3902,#3903,#3904,#3905,#3906),.UNSPECIFIED.,.F.,.F.)
B_SPLINE_CURVE_WITH_KNOTS((3,2,3),(5.89316882790615,8.69078625967546,10.6849563480206),
 .UNSPECIFIED.)
CURVE()
GEOMETRIC_REPRESENTATION_ITEM()
RATIONAL_B_SPLINE_CURVE((1.,0.872119832864745,1.,0.936362046161925,1.))
REPRESENTATION_ITEM('')
);
#1964=(
BOUNDED_CURVE()
B_SPLINE_CURVE(2,(#3907,#3908,#3909),.UNSPECIFIED.,.F.,.F.)
B_SPLINE_CURVE_WITH_KNOTS((3,3),(236.522897232815,238.368005151798),
 .UNSPECIFIED.)
CURVE()
GEOMETRIC_REPRESENTATION_ITEM()
RATIONAL_B_SPLINE_CURVE((1.,0.95308779539105,1.))
REPRESENTATION_ITEM('')
);
#1965=(
BOUNDED_CURVE()
B_SPLINE_CURVE(2,(#3910,#3911,#3912),.UNSPECIFIED.,.F.,.F.)
B_SPLINE_CURVE_WITH_KNOTS((3,3),(232.446398093121,236.522897232815),
 .UNSPECIFIED.)
CURVE()
GEOMETRIC_REPRESENTATION_ITEM()
RATIONAL_B_SPLINE_CURVE((1.,0.737847933950479,1.))
REPRESENTATION_ITEM('')
);
#1966=(
BOUNDED_CURVE()
B_SPLINE_CURVE(2,(#3913,#3914,#3915),.UNSPECIFIED.,.F.,.F.)
B_SPLINE_CURVE_WITH_KNOTS((3,3),(230.601290174139,232.446398093121),
 .UNSPECIFIED.)
CURVE()
GEOMETRIC_REPRESENTATION_ITEM()
RATIONAL_B_SPLINE_CURVE((1.,0.953087795391049,1.))
REPRESENTATION_ITEM('')
);
#1967=(
BOUNDED_CURVE()
B_SPLINE_CURVE(2,(#3916,#3917,#3918,#3919,#3920,#3921,#3922,#3923,#3924),
 .UNSPECIFIED.,.T.,.F.)
B_SPLINE_CURVE_WITH_KNOTS((3,2,2,2,3),(55.1259570641049,57.5999612788069,
60.0739654935088,62.5479697082108,65.0219739229127),.UNSPECIFIED.)
CURVE()
GEOMETRIC_REPRESENTATION_ITEM()
RATIONAL_B_SPLINE_CURVE((1.,0.707106781186548,1.,0.707106781186548,1.,0.707106781186548,
1.,0.707106781186548,1.))
REPRESENTATION_ITEM('')
);
#1968=(
BOUNDED_CURVE()
B_SPLINE_CURVE(2,(#3931,#3932,#3933,#3934,#3935),.UNSPECIFIED.,.F.,.F.)
B_SPLINE_CURVE_WITH_KNOTS((3,2,3),(5.89316882790617,8.2890625879634,10.6849563480206),
 .UNSPECIFIED.)
CURVE()
GEOMETRIC_REPRESENTATION_ITEM()
RATIONAL_B_SPLINE_CURVE((1.,0.906879482644959,1.,0.906879482644959,1.))
REPRESENTATION_ITEM('')
);
#1969=(
BOUNDED_CURVE()
B_SPLINE_CURVE(1,(#3936,#3937),.UNSPECIFIED.,.F.,.F.)
B_SPLINE_CURVE_WITH_KNOTS((2,2),(2.96690003866004,7.),.UNSPECIFIED.)
CURVE()
GEOMETRIC_REPRESENTATION_ITEM()
RATIONAL_B_SPLINE_CURVE((1.,1.))
REPRESENTATION_ITEM('')
);
#1970=(
BOUNDED_CURVE()
B_SPLINE_CURVE(1,(#3938,#3939),.UNSPECIFIED.,.F.,.F.)
B_SPLINE_CURVE_WITH_KNOTS((2,2),(2.96690003866004,7.),.UNSPECIFIED.)
CURVE()
GEOMETRIC_REPRESENTATION_ITEM()
RATIONAL_B_SPLINE_CURVE((1.,1.))
REPRESENTATION_ITEM('')
);
#1971=(
BOUNDED_CURVE()
B_SPLINE_CURVE(1,(#3940,#3941),.UNSPECIFIED.,.F.,.F.)
B_SPLINE_CURVE_WITH_KNOTS((2,2),(2.96690003866004,7.),.UNSPECIFIED.)
CURVE()
GEOMETRIC_REPRESENTATION_ITEM()
RATIONAL_B_SPLINE_CURVE((1.,1.))
REPRESENTATION_ITEM('')
);
#1972=(
BOUNDED_CURVE()
B_SPLINE_CURVE(1,(#3942,#3943),.UNSPECIFIED.,.F.,.F.)
B_SPLINE_CURVE_WITH_KNOTS((2,2),(2.96690003866004,7.),.UNSPECIFIED.)
CURVE()
GEOMETRIC_REPRESENTATION_ITEM()
RATIONAL_B_SPLINE_CURVE((1.,1.))
REPRESENTATION_ITEM('')
);
#1973=(
BOUNDED_CURVE()
B_SPLINE_CURVE(1,(#3944,#3945),.UNSPECIFIED.,.F.,.F.)
B_SPLINE_CURVE_WITH_KNOTS((2,2),(2.96690003866004,7.),.UNSPECIFIED.)
CURVE()
GEOMETRIC_REPRESENTATION_ITEM()
RATIONAL_B_SPLINE_CURVE((1.,1.))
REPRESENTATION_ITEM('')
);
#1974=(
BOUNDED_CURVE()
B_SPLINE_CURVE(2,(#3960,#3961,#3962,#3963,#3964),.UNSPECIFIED.,.F.,.F.)
B_SPLINE_CURVE_WITH_KNOTS((3,2,3),(5.89316882790615,8.69078625967546,10.6849563480206),
 .UNSPECIFIED.)
CURVE()
GEOMETRIC_REPRESENTATION_ITEM()
RATIONAL_B_SPLINE_CURVE((1.,0.872119832864745,1.,0.936362046161925,1.))
REPRESENTATION_ITEM('')
);
#1975=(
BOUNDED_CURVE()
B_SPLINE_CURVE(2,(#3965,#3966,#3967),.UNSPECIFIED.,.F.,.F.)
B_SPLINE_CURVE_WITH_KNOTS((3,3),(-191.110108996814,-189.265001078266),
 .UNSPECIFIED.)
CURVE()
GEOMETRIC_REPRESENTATION_ITEM()
RATIONAL_B_SPLINE_CURVE((1.,0.953087795412968,1.))
REPRESENTATION_ITEM('')
);
#1976=(
BOUNDED_CURVE()
B_SPLINE_CURVE(2,(#3968,#3969,#3970),.UNSPECIFIED.,.F.,.F.)
B_SPLINE_CURVE_WITH_KNOTS((3,3),(-189.265001078266,-185.188501940718),
 .UNSPECIFIED.)
CURVE()
GEOMETRIC_REPRESENTATION_ITEM()
RATIONAL_B_SPLINE_CURVE((1.,0.737847934076982,1.))
REPRESENTATION_ITEM('')
);
#1977=(
BOUNDED_CURVE()
B_SPLINE_CURVE(2,(#3971,#3972,#3973),.UNSPECIFIED.,.F.,.F.)
B_SPLINE_CURVE_WITH_KNOTS((3,3),(-185.188501940718,-183.34339402217),
 .UNSPECIFIED.)
CURVE()
GEOMETRIC_REPRESENTATION_ITEM()
RATIONAL_B_SPLINE_CURVE((1.,0.953087795412976,1.))
REPRESENTATION_ITEM('')
);
#1978=(
BOUNDED_CURVE()
B_SPLINE_CURVE(2,(#3974,#3975,#3976,#3977,#3978,#3979,#3980,#3981,#3982),
 .UNSPECIFIED.,.T.,.F.)
B_SPLINE_CURVE_WITH_KNOTS((3,2,2,2,3),(-94.7100244993363,-92.2360202846343,
-89.7620160699324,-87.2880118552304,-84.8140076405284),.UNSPECIFIED.)
CURVE()
GEOMETRIC_REPRESENTATION_ITEM()
RATIONAL_B_SPLINE_CURVE((1.,0.707106781186548,1.,0.707106781186548,1.,0.707106781186548,
1.,0.707106781186548,1.))
REPRESENTATION_ITEM('')
);
#1979=(
BOUNDED_CURVE()
B_SPLINE_CURVE(2,(#3989,#3990,#3991,#3992,#3993),.UNSPECIFIED.,.F.,.F.)
B_SPLINE_CURVE_WITH_KNOTS((3,2,3),(5.89316882790617,8.2890625879634,10.6849563480206),
 .UNSPECIFIED.)
CURVE()
GEOMETRIC_REPRESENTATION_ITEM()
RATIONAL_B_SPLINE_CURVE((1.,0.906879482644959,1.,0.906879482644959,1.))
REPRESENTATION_ITEM('')
);
#1980=(
BOUNDED_CURVE()
B_SPLINE_CURVE(1,(#3994,#3995),.UNSPECIFIED.,.F.,.F.)
B_SPLINE_CURVE_WITH_KNOTS((2,2),(2.96690003866004,7.),.UNSPECIFIED.)
CURVE()
GEOMETRIC_REPRESENTATION_ITEM()
RATIONAL_B_SPLINE_CURVE((1.,1.))
REPRESENTATION_ITEM('')
);
#1981=(
BOUNDED_CURVE()
B_SPLINE_CURVE(1,(#3996,#3997),.UNSPECIFIED.,.F.,.F.)
B_SPLINE_CURVE_WITH_KNOTS((2,2),(2.96690003866004,7.),.UNSPECIFIED.)
CURVE()
GEOMETRIC_REPRESENTATION_ITEM()
RATIONAL_B_SPLINE_CURVE((1.,1.))
REPRESENTATION_ITEM('')
);
#1982=(
BOUNDED_CURVE()
B_SPLINE_CURVE(1,(#3998,#3999),.UNSPECIFIED.,.F.,.F.)
B_SPLINE_CURVE_WITH_KNOTS((2,2),(2.96690003866004,7.),.UNSPECIFIED.)
CURVE()
GEOMETRIC_REPRESENTATION_ITEM()
RATIONAL_B_SPLINE_CURVE((1.,1.))
REPRESENTATION_ITEM('')
);
#1983=(
BOUNDED_CURVE()
B_SPLINE_CURVE(1,(#4000,#4001),.UNSPECIFIED.,.F.,.F.)
B_SPLINE_CURVE_WITH_KNOTS((2,2),(2.96690003866004,7.),.UNSPECIFIED.)
CURVE()
GEOMETRIC_REPRESENTATION_ITEM()
RATIONAL_B_SPLINE_CURVE((1.,1.))
REPRESENTATION_ITEM('')
);
#1984=(
BOUNDED_CURVE()
B_SPLINE_CURVE(1,(#4002,#4003),.UNSPECIFIED.,.F.,.F.)
B_SPLINE_CURVE_WITH_KNOTS((2,2),(2.96690003866004,7.),.UNSPECIFIED.)
CURVE()
GEOMETRIC_REPRESENTATION_ITEM()
RATIONAL_B_SPLINE_CURVE((1.,1.))
REPRESENTATION_ITEM('')
);
#1985=(
BOUNDED_CURVE()
B_SPLINE_CURVE(2,(#4018,#4019,#4020,#4021,#4022),.UNSPECIFIED.,.F.,.F.)
B_SPLINE_CURVE_WITH_KNOTS((3,2,3),(5.89316882790615,8.69078625967546,10.6849563480206),
 .UNSPECIFIED.)
CURVE()
GEOMETRIC_REPRESENTATION_ITEM()
RATIONAL_B_SPLINE_CURVE((1.,0.872119832864745,1.,0.936362046161925,1.))
REPRESENTATION_ITEM('')
);
#1986=(
BOUNDED_CURVE()
B_SPLINE_CURVE(2,(#4023,#4024,#4025),.UNSPECIFIED.,.F.,.F.)
B_SPLINE_CURVE_WITH_KNOTS((3,3),(139.889885637082,141.734993556064),
 .UNSPECIFIED.)
CURVE()
GEOMETRIC_REPRESENTATION_ITEM()
RATIONAL_B_SPLINE_CURVE((1.,0.953087795391106,1.))
REPRESENTATION_ITEM('')
);
#1987=(
BOUNDED_CURVE()
B_SPLINE_CURVE(2,(#4026,#4027,#4028),.UNSPECIFIED.,.F.,.F.)
B_SPLINE_CURVE_WITH_KNOTS((3,3),(135.813386497392,139.889885637082),
 .UNSPECIFIED.)
CURVE()
GEOMETRIC_REPRESENTATION_ITEM()
RATIONAL_B_SPLINE_CURVE((1.,0.737847933950688,1.))
REPRESENTATION_ITEM('')
);
#1988=(
BOUNDED_CURVE()
B_SPLINE_CURVE(2,(#4029,#4030,#4031),.UNSPECIFIED.,.F.,.F.)
B_SPLINE_CURVE_WITH_KNOTS((3,3),(133.96827857841,135.813386497392),
 .UNSPECIFIED.)
CURVE()
GEOMETRIC_REPRESENTATION_ITEM()
RATIONAL_B_SPLINE_CURVE((1.,0.953087795391082,1.))
REPRESENTATION_ITEM('')
);
#1989=(
BOUNDED_CURVE()
B_SPLINE_CURVE(2,(#4032,#4033,#4034,#4035,#4036,#4037,#4038,#4039,#4040),
 .UNSPECIFIED.,.T.,.F.)
B_SPLINE_CURVE_WITH_KNOTS((3,2,2,2,3),(74.9179907817206,77.3919949964226,
79.8659992111245,82.3400034258265,84.8140076405284),.UNSPECIFIED.)
CURVE()
GEOMETRIC_REPRESENTATION_ITEM()
RATIONAL_B_SPLINE_CURVE((1.,0.707106781186548,1.,0.707106781186548,1.,0.707106781186548,
1.,0.707106781186548,1.))
REPRESENTATION_ITEM('')
);
#1990=(
BOUNDED_CURVE()
B_SPLINE_CURVE(2,(#4047,#4048,#4049,#4050,#4051),.UNSPECIFIED.,.F.,.F.)
B_SPLINE_CURVE_WITH_KNOTS((3,2,3),(5.89316882790611,8.28906258796337,10.6849563480206),
 .UNSPECIFIED.)
CURVE()
GEOMETRIC_REPRESENTATION_ITEM()
RATIONAL_B_SPLINE_CURVE((1.,0.906879482644957,1.,0.906879482644957,1.))
REPRESENTATION_ITEM('')
);
#1991=(
BOUNDED_CURVE()
B_SPLINE_CURVE(1,(#4052,#4053),.UNSPECIFIED.,.F.,.F.)
B_SPLINE_CURVE_WITH_KNOTS((2,2),(2.96690003866004,7.),.UNSPECIFIED.)
CURVE()
GEOMETRIC_REPRESENTATION_ITEM()
RATIONAL_B_SPLINE_CURVE((1.,1.))
REPRESENTATION_ITEM('')
);
#1992=(
BOUNDED_CURVE()
B_SPLINE_CURVE(1,(#4054,#4055),.UNSPECIFIED.,.F.,.F.)
B_SPLINE_CURVE_WITH_KNOTS((2,2),(2.96690003866004,7.),.UNSPECIFIED.)
CURVE()
GEOMETRIC_REPRESENTATION_ITEM()
RATIONAL_B_SPLINE_CURVE((1.,1.))
REPRESENTATION_ITEM('')
);
#1993=(
BOUNDED_CURVE()
B_SPLINE_CURVE(1,(#4056,#4057),.UNSPECIFIED.,.F.,.F.)
B_SPLINE_CURVE_WITH_KNOTS((2,2),(2.96690003866004,7.),.UNSPECIFIED.)
CURVE()
GEOMETRIC_REPRESENTATION_ITEM()
RATIONAL_B_SPLINE_CURVE((1.,1.))
REPRESENTATION_ITEM('')
);
#1994=(
BOUNDED_CURVE()
B_SPLINE_CURVE(1,(#4058,#4059),.UNSPECIFIED.,.F.,.F.)
B_SPLINE_CURVE_WITH_KNOTS((2,2),(2.96690003866004,7.),.UNSPECIFIED.)
CURVE()
GEOMETRIC_REPRESENTATION_ITEM()
RATIONAL_B_SPLINE_CURVE((1.,1.))
REPRESENTATION_ITEM('')
);
#1995=(
BOUNDED_CURVE()
B_SPLINE_CURVE(1,(#4060,#4061),.UNSPECIFIED.,.F.,.F.)
B_SPLINE_CURVE_WITH_KNOTS((2,2),(2.96690003866004,7.),.UNSPECIFIED.)
CURVE()
GEOMETRIC_REPRESENTATION_ITEM()
RATIONAL_B_SPLINE_CURVE((1.,1.))
REPRESENTATION_ITEM('')
);
#1996=(
BOUNDED_CURVE()
B_SPLINE_CURVE(2,(#4076,#4077,#4078,#4079,#4080),.UNSPECIFIED.,.F.,.F.)
B_SPLINE_CURVE_WITH_KNOTS((3,2,3),(5.89316882790615,8.69078625967546,10.6849563480206),
 .UNSPECIFIED.)
CURVE()
GEOMETRIC_REPRESENTATION_ITEM()
RATIONAL_B_SPLINE_CURVE((1.,0.872119832864745,1.,0.936362046161925,1.))
REPRESENTATION_ITEM('')
);
#1997=(
BOUNDED_CURVE()
B_SPLINE_CURVE(2,(#4081,#4082,#4083),.UNSPECIFIED.,.F.,.F.)
B_SPLINE_CURVE_WITH_KNOTS((3,3),(-287.976047691267,-287.743120589472),
 .UNSPECIFIED.)
CURVE()
GEOMETRIC_REPRESENTATION_ITEM()
RATIONAL_B_SPLINE_CURVE((1.,0.99999244050309,1.))
REPRESENTATION_ITEM('')
);
#1998=(
BOUNDED_CURVE()
B_SPLINE_CURVE(2,(#4084,#4085,#4086),.UNSPECIFIED.,.F.,.F.)
B_SPLINE_CURVE_WITH_KNOTS((3,3),(-287.743120589472,-285.89801267049),
 .UNSPECIFIED.)
CURVE()
GEOMETRIC_REPRESENTATION_ITEM()
RATIONAL_B_SPLINE_CURVE((1.,0.953087795391093,1.))
REPRESENTATION_ITEM('')
);
#1999=(
BOUNDED_CURVE()
B_SPLINE_CURVE(2,(#4087,#4088,#4089),.UNSPECIFIED.,.F.,.F.)
B_SPLINE_CURVE_WITH_KNOTS((3,3),(-285.89801267049,-281.821513530797),
 .UNSPECIFIED.)
CURVE()
GEOMETRIC_REPRESENTATION_ITEM()
RATIONAL_B_SPLINE_CURVE((1.,0.737847933950511,1.))
REPRESENTATION_ITEM('')
);
#2000=(
BOUNDED_CURVE()
B_SPLINE_CURVE(2,(#4090,#4091,#4092),.UNSPECIFIED.,.F.,.F.)
B_SPLINE_CURVE_WITH_KNOTS((3,3),(-281.821513530797,-279.976405611815),
 .UNSPECIFIED.)
CURVE()
GEOMETRIC_REPRESENTATION_ITEM()
RATIONAL_B_SPLINE_CURVE((1.,0.953087795391072,1.))
REPRESENTATION_ITEM('')
);
#2001=(
BOUNDED_CURVE()
B_SPLINE_CURVE(2,(#4093,#4094,#4095,#4096,#4097,#4098,#4099,#4100,#4101),
 .UNSPECIFIED.,.T.,.F.)
B_SPLINE_CURVE_WITH_KNOTS((3,2,2,2,3),(-74.9179907817206,-72.4439865670186,
-69.9699823523167,-67.4959781376147,-65.0219739229127),.UNSPECIFIED.)
CURVE()
GEOMETRIC_REPRESENTATION_ITEM()
RATIONAL_B_SPLINE_CURVE((1.,0.707106781186548,1.,0.707106781186548,1.,0.707106781186548,
1.,0.707106781186548,1.))
REPRESENTATION_ITEM('')
);
#2002=(
BOUNDED_CURVE()
B_SPLINE_CURVE(2,(#4108,#4109,#4110,#4111,#4112),.UNSPECIFIED.,.F.,.F.)
B_SPLINE_CURVE_WITH_KNOTS((3,2,3),(5.89316882790611,8.28906258796337,10.6849563480206),
 .UNSPECIFIED.)
CURVE()
GEOMETRIC_REPRESENTATION_ITEM()
RATIONAL_B_SPLINE_CURVE((1.,0.906879482644957,1.,0.906879482644957,1.))
REPRESENTATION_ITEM('')
);
#2003=(
BOUNDED_CURVE()
B_SPLINE_CURVE(1,(#4113,#4114),.UNSPECIFIED.,.F.,.F.)
B_SPLINE_CURVE_WITH_KNOTS((2,2),(2.96690003866004,7.),.UNSPECIFIED.)
CURVE()
GEOMETRIC_REPRESENTATION_ITEM()
RATIONAL_B_SPLINE_CURVE((1.,1.))
REPRESENTATION_ITEM('')
);
#2004=(
BOUNDED_CURVE()
B_SPLINE_CURVE(1,(#4115,#4116),.UNSPECIFIED.,.F.,.F.)
B_SPLINE_CURVE_WITH_KNOTS((2,2),(2.96690003866004,7.),.UNSPECIFIED.)
CURVE()
GEOMETRIC_REPRESENTATION_ITEM()
RATIONAL_B_SPLINE_CURVE((1.,1.))
REPRESENTATION_ITEM('')
);
#2005=(
BOUNDED_CURVE()
B_SPLINE_CURVE(1,(#4117,#4118),.UNSPECIFIED.,.F.,.F.)
B_SPLINE_CURVE_WITH_KNOTS((2,2),(2.96690003866004,7.),.UNSPECIFIED.)
CURVE()
GEOMETRIC_REPRESENTATION_ITEM()
RATIONAL_B_SPLINE_CURVE((1.,1.))
REPRESENTATION_ITEM('')
);
#2006=(
BOUNDED_CURVE()
B_SPLINE_CURVE(1,(#4119,#4120),.UNSPECIFIED.,.F.,.F.)
B_SPLINE_CURVE_WITH_KNOTS((2,2),(2.96690003866004,7.),.UNSPECIFIED.)
CURVE()
GEOMETRIC_REPRESENTATION_ITEM()
RATIONAL_B_SPLINE_CURVE((1.,1.))
REPRESENTATION_ITEM('')
);
#2007=(
BOUNDED_CURVE()
B_SPLINE_CURVE(1,(#4121,#4122),.UNSPECIFIED.,.F.,.F.)
B_SPLINE_CURVE_WITH_KNOTS((2,2),(2.96690003866004,7.),.UNSPECIFIED.)
CURVE()
GEOMETRIC_REPRESENTATION_ITEM()
RATIONAL_B_SPLINE_CURVE((1.,1.))
REPRESENTATION_ITEM('')
);
#2008=(
BOUNDED_CURVE()
B_SPLINE_CURVE(1,(#4123,#4124),.UNSPECIFIED.,.F.,.F.)
B_SPLINE_CURVE_WITH_KNOTS((2,2),(2.96690003866004,7.),.UNSPECIFIED.)
CURVE()
GEOMETRIC_REPRESENTATION_ITEM()
RATIONAL_B_SPLINE_CURVE((1.,1.))
REPRESENTATION_ITEM('')
);
#2009=(
BOUNDED_CURVE()
B_SPLINE_CURVE(2,(#4133,#4134,#4135,#4136,#4137),.UNSPECIFIED.,.F.,.F.)
B_SPLINE_CURVE_WITH_KNOTS((3,2,3),(-227.465148584466,-226.332642328384,
-222.296921584421),.UNSPECIFIED.)
CURVE()
GEOMETRIC_REPRESENTATION_ITEM()
RATIONAL_B_SPLINE_CURVE((1.,0.993704457675558,1.00000000000723,0.919664089442513,
1.))
REPRESENTATION_ITEM('')
);
#2010=(
BOUNDED_CURVE()
B_SPLINE_CURVE(1,(#4142,#4143),.UNSPECIFIED.,.F.,.F.)
B_SPLINE_CURVE_WITH_KNOTS((2,2),(1.77635683940017E-15,2.96690003866004),
 .UNSPECIFIED.)
CURVE()
GEOMETRIC_REPRESENTATION_ITEM()
RATIONAL_B_SPLINE_CURVE((1.,1.))
REPRESENTATION_ITEM('')
);
#2011=(
BOUNDED_CURVE()
B_SPLINE_CURVE(1,(#4144,#4145),.UNSPECIFIED.,.F.,.F.)
B_SPLINE_CURVE_WITH_KNOTS((2,2),(0.,2.96690003866005),.UNSPECIFIED.)
CURVE()
GEOMETRIC_REPRESENTATION_ITEM()
RATIONAL_B_SPLINE_CURVE((1.,1.))
REPRESENTATION_ITEM('')
);
#2012=(
BOUNDED_CURVE()
B_SPLINE_CURVE(2,(#4148,#4149,#4150),.UNSPECIFIED.,.F.,.F.)
B_SPLINE_CURVE_WITH_KNOTS((3,3),(0.,1.),.UNSPECIFIED.)
CURVE()
GEOMETRIC_REPRESENTATION_ITEM()
RATIONAL_B_SPLINE_CURVE((1.,0.764092937519181,1.))
REPRESENTATION_ITEM('')
);
#2013=(
BOUNDED_CURVE()
B_SPLINE_CURVE(2,(#4151,#4152,#4153),.UNSPECIFIED.,.F.,.F.)
B_SPLINE_CURVE_WITH_KNOTS((3,3),(0.,1.),.UNSPECIFIED.)
CURVE()
GEOMETRIC_REPRESENTATION_ITEM()
RATIONAL_B_SPLINE_CURVE((1.,0.764092937519181,1.))
REPRESENTATION_ITEM('')
);
#2014=(
BOUNDED_CURVE()
B_SPLINE_CURVE(2,(#4154,#4155,#4156),.UNSPECIFIED.,.F.,.F.)
B_SPLINE_CURVE_WITH_KNOTS((3,3),(-1.50166501836105,0.),.UNSPECIFIED.)
CURVE()
GEOMETRIC_REPRESENTATION_ITEM()
RATIONAL_B_SPLINE_CURVE((1.,0.731121145421186,1.))
REPRESENTATION_ITEM('')
);
#2015=(
BOUNDED_CURVE()
B_SPLINE_CURVE(2,(#4157,#4158,#4159),.UNSPECIFIED.,.F.,.F.)
B_SPLINE_CURVE_WITH_KNOTS((3,3),(-1.50166501836105,0.),.UNSPECIFIED.)
CURVE()
GEOMETRIC_REPRESENTATION_ITEM()
RATIONAL_B_SPLINE_CURVE((1.,0.731121145421179,1.))
REPRESENTATION_ITEM('')
);
#2016=(
BOUNDED_CURVE()
B_SPLINE_CURVE(2,(#4162,#4163,#4164),.UNSPECIFIED.,.F.,.F.)
B_SPLINE_CURVE_WITH_KNOTS((3,3),(-180.165180683506,-179.333592266707),
 .UNSPECIFIED.)
CURVE()
GEOMETRIC_REPRESENTATION_ITEM()
RATIONAL_B_SPLINE_CURVE((1.,0.996454251698713,1.))
REPRESENTATION_ITEM('')
);
#2017=(
BOUNDED_CURVE()
B_SPLINE_CURVE(1,(#4167,#4168),.UNSPECIFIED.,.F.,.F.)
B_SPLINE_CURVE_WITH_KNOTS((2,2),(0.,2.96690003866003),.UNSPECIFIED.)
CURVE()
GEOMETRIC_REPRESENTATION_ITEM()
RATIONAL_B_SPLINE_CURVE((1.,1.))
REPRESENTATION_ITEM('')
);
#2018=(
BOUNDED_CURVE()
B_SPLINE_CURVE(1,(#4169,#4170),.UNSPECIFIED.,.F.,.F.)
B_SPLINE_CURVE_WITH_KNOTS((2,2),(8.71300735637897E-17,2.96690003866004),
 .UNSPECIFIED.)
CURVE()
GEOMETRIC_REPRESENTATION_ITEM()
RATIONAL_B_SPLINE_CURVE((1.,1.))
REPRESENTATION_ITEM('')
);
#2019=(
BOUNDED_CURVE()
B_SPLINE_CURVE(2,(#4175,#4176,#4177),.UNSPECIFIED.,.F.,.F.)
B_SPLINE_CURVE_WITH_KNOTS((3,3),(0.,1.50166501837517),.UNSPECIFIED.)
CURVE()
GEOMETRIC_REPRESENTATION_ITEM()
RATIONAL_B_SPLINE_CURVE((1.,0.731121145416455,1.))
REPRESENTATION_ITEM('')
);
#2020=(
BOUNDED_CURVE()
B_SPLINE_CURVE(2,(#4178,#4179,#4180),.UNSPECIFIED.,.F.,.F.)
B_SPLINE_CURVE_WITH_KNOTS((3,3),(-1.50166501837517,0.),.UNSPECIFIED.)
CURVE()
GEOMETRIC_REPRESENTATION_ITEM()
RATIONAL_B_SPLINE_CURVE((1.,0.731121145416457,1.))
REPRESENTATION_ITEM('')
);
#2021=(
BOUNDED_CURVE()
B_SPLINE_CURVE(2,(#4181,#4182,#4183),.UNSPECIFIED.,.F.,.F.)
B_SPLINE_CURVE_WITH_KNOTS((3,3),(0.,1.),.UNSPECIFIED.)
CURVE()
GEOMETRIC_REPRESENTATION_ITEM()
RATIONAL_B_SPLINE_CURVE((1.,0.764092937519083,1.))
REPRESENTATION_ITEM('')
);
#2022=(
BOUNDED_CURVE()
B_SPLINE_CURVE(2,(#4184,#4185,#4186),.UNSPECIFIED.,.F.,.F.)
B_SPLINE_CURVE_WITH_KNOTS((3,3),(-1.,0.),.UNSPECIFIED.)
CURVE()
GEOMETRIC_REPRESENTATION_ITEM()
RATIONAL_B_SPLINE_CURVE((1.,0.764092937519082,1.))
REPRESENTATION_ITEM('')
);
#2023=(
BOUNDED_CURVE()
B_SPLINE_CURVE(2,(#4189,#4190,#4191,#4192,#4193),.UNSPECIFIED.,.F.,.F.)
B_SPLINE_CURVE_WITH_KNOTS((3,2,3),(-130.832136988735,-129.699630732736,
-125.663909988773),.UNSPECIFIED.)
CURVE()
GEOMETRIC_REPRESENTATION_ITEM()
RATIONAL_B_SPLINE_CURVE((1.,0.993704457672907,1.,0.919664089439186,1.))
REPRESENTATION_ITEM('')
);
#2024=(
BOUNDED_CURVE()
B_SPLINE_CURVE(1,(#4198,#4199),.UNSPECIFIED.,.F.,.F.)
B_SPLINE_CURVE_WITH_KNOTS((2,2),(1.11177786335395E-15,2.96690003866004),
 .UNSPECIFIED.)
CURVE()
GEOMETRIC_REPRESENTATION_ITEM()
RATIONAL_B_SPLINE_CURVE((1.,1.))
REPRESENTATION_ITEM('')
);
#2025=(
BOUNDED_CURVE()
B_SPLINE_CURVE(1,(#4200,#4201),.UNSPECIFIED.,.F.,.F.)
B_SPLINE_CURVE_WITH_KNOTS((2,2),(0.,2.96690003866004),.UNSPECIFIED.)
CURVE()
GEOMETRIC_REPRESENTATION_ITEM()
RATIONAL_B_SPLINE_CURVE((1.,1.))
REPRESENTATION_ITEM('')
);
#2026=(
BOUNDED_CURVE()
B_SPLINE_CURVE(2,(#4204,#4205,#4206),.UNSPECIFIED.,.F.,.F.)
B_SPLINE_CURVE_WITH_KNOTS((3,3),(0.,1.),.UNSPECIFIED.)
CURVE()
GEOMETRIC_REPRESENTATION_ITEM()
RATIONAL_B_SPLINE_CURVE((1.,0.764092937821865,1.))
REPRESENTATION_ITEM('')
);
#2027=(
BOUNDED_CURVE()
B_SPLINE_CURVE(2,(#4207,#4208,#4209),.UNSPECIFIED.,.F.,.F.)
B_SPLINE_CURVE_WITH_KNOTS((3,3),(0.,1.),.UNSPECIFIED.)
CURVE()
GEOMETRIC_REPRESENTATION_ITEM()
RATIONAL_B_SPLINE_CURVE((1.,0.764092937821862,1.))
REPRESENTATION_ITEM('')
);
#2028=(
BOUNDED_CURVE()
B_SPLINE_CURVE(2,(#4210,#4211,#4212),.UNSPECIFIED.,.F.,.F.)
B_SPLINE_CURVE_WITH_KNOTS((3,3),(-1.50166501837517,0.),.UNSPECIFIED.)
CURVE()
GEOMETRIC_REPRESENTATION_ITEM()
RATIONAL_B_SPLINE_CURVE((1.,0.731121145416467,1.))
REPRESENTATION_ITEM('')
);
#2029=(
BOUNDED_CURVE()
B_SPLINE_CURVE(2,(#4213,#4214,#4215),.UNSPECIFIED.,.F.,.F.)
B_SPLINE_CURVE_WITH_KNOTS((3,3),(-1.50166501837517,0.),.UNSPECIFIED.)
CURVE()
GEOMETRIC_REPRESENTATION_ITEM()
RATIONAL_B_SPLINE_CURVE((1.,0.731121145416464,1.))
REPRESENTATION_ITEM('')
);
#2030=(
BOUNDED_CURVE()
B_SPLINE_CURVE(2,(#4216,#4217,#4218),.UNSPECIFIED.,.F.,.F.)
B_SPLINE_CURVE_WITH_KNOTS((3,3),(-276.798192278899,-275.966603856275),
 .UNSPECIFIED.)
CURVE()
GEOMETRIC_REPRESENTATION_ITEM()
RATIONAL_B_SPLINE_CURVE((1.,0.996454251648923,1.))
REPRESENTATION_ITEM('')
);
#2031=(
BOUNDED_CURVE()
B_SPLINE_CURVE(1,(#4221,#4222),.UNSPECIFIED.,.F.,.F.)
B_SPLINE_CURVE_WITH_KNOTS((2,2),(6.21724893790051E-15,2.96690003866004),
 .UNSPECIFIED.)
CURVE()
GEOMETRIC_REPRESENTATION_ITEM()
RATIONAL_B_SPLINE_CURVE((1.,1.))
REPRESENTATION_ITEM('')
);
#2032=(
BOUNDED_CURVE()
B_SPLINE_CURVE(2,(#4225,#4226,#4227),.UNSPECIFIED.,.F.,.F.)
B_SPLINE_CURVE_WITH_KNOTS((3,3),(0.,1.),.UNSPECIFIED.)
CURVE()
GEOMETRIC_REPRESENTATION_ITEM()
RATIONAL_B_SPLINE_CURVE((1.,0.764092937821965,1.))
REPRESENTATION_ITEM('')
);
#2033=(
BOUNDED_CURVE()
B_SPLINE_CURVE(2,(#4228,#4229,#4230),.UNSPECIFIED.,.F.,.F.)
B_SPLINE_CURVE_WITH_KNOTS((3,3),(-1.,0.),.UNSPECIFIED.)
CURVE()
GEOMETRIC_REPRESENTATION_ITEM()
RATIONAL_B_SPLINE_CURVE((1.,0.764092937821967,1.))
REPRESENTATION_ITEM('')
);
#2034=(
BOUNDED_CURVE()
B_SPLINE_CURVE(1,(#4233,#4234),.UNSPECIFIED.,.F.,.F.)
B_SPLINE_CURVE_WITH_KNOTS((2,2),(0.,2.96690003866004),.UNSPECIFIED.)
CURVE()
GEOMETRIC_REPRESENTATION_ITEM()
RATIONAL_B_SPLINE_CURVE((1.,1.))
REPRESENTATION_ITEM('')
);
#2035=(
BOUNDED_CURVE()
B_SPLINE_CURVE(2,(#4237,#4238,#4239),.UNSPECIFIED.,.F.,.F.)
B_SPLINE_CURVE_WITH_KNOTS((3,3),(0.,1.50166501836101),.UNSPECIFIED.)
CURVE()
GEOMETRIC_REPRESENTATION_ITEM()
RATIONAL_B_SPLINE_CURVE((1.,0.731121145421169,1.))
REPRESENTATION_ITEM('')
);
#2036=(
BOUNDED_CURVE()
B_SPLINE_CURVE(2,(#4240,#4241,#4242),.UNSPECIFIED.,.F.,.F.)
B_SPLINE_CURVE_WITH_KNOTS((3,3),(-1.50166501836101,0.),.UNSPECIFIED.)
CURVE()
GEOMETRIC_REPRESENTATION_ITEM()
RATIONAL_B_SPLINE_CURVE((1.,0.731121145421158,1.))
REPRESENTATION_ITEM('')
);
#2037=(
BOUNDED_CURVE()
B_SPLINE_CURVE(2,(#4243,#4244,#4245,#4246,#4247,#4248,#4249),
 .UNSPECIFIED.,.F.,.F.)
B_SPLINE_CURVE_WITH_KNOTS((3,2,2,3),(238.368005151798,239.238654895972,
240.697636690177,241.595437577976),.UNSPECIFIED.)
CURVE()
GEOMETRIC_REPRESENTATION_ITEM()
RATIONAL_B_SPLINE_CURVE((1.,0.996348927575881,0.992922421588835,0.961582529897768,
0.951039902653004,0.971599343056073,1.))
REPRESENTATION_ITEM('')
);
#2038=(
BOUNDED_CURVE()
B_SPLINE_CURVE(2,(#4250,#4251,#4252,#4253,#4254,#4255,#4256),
 .UNSPECIFIED.,.F.,.F.)
B_SPLINE_CURVE_WITH_KNOTS((3,2,2,3),(-3.30743678568273,-2.32195989027619,
-0.353183542142716,-0.120256440351483),.UNSPECIFIED.)
CURVE()
GEOMETRIC_REPRESENTATION_ITEM()
RATIONAL_B_SPLINE_CURVE((1.,0.975351617319166,0.959855811915483,0.960809121685032,
1.00000000000723,0.999992440506707,1.))
REPRESENTATION_ITEM('')
);
#2039=(
BOUNDED_CURVE()
B_SPLINE_CURVE(2,(#4257,#4258,#4259,#4260,#4261,#4262,#4263),
 .UNSPECIFIED.,.F.,.F.)
B_SPLINE_CURVE_WITH_KNOTS((3,2,2,3),(5.45051414565013,6.43599104111834,
8.40476738932284,8.63769448749338),.UNSPECIFIED.)
CURVE()
GEOMETRIC_REPRESENTATION_ITEM()
RATIONAL_B_SPLINE_CURVE((1.,0.975351617319018,0.959855811915414,0.960809121683619,
1.00000000000723,0.999992440506942,1.))
REPRESENTATION_ITEM('')
);
#2040=(
BOUNDED_CURVE()
B_SPLINE_CURVE(2,(#4264,#4265,#4266,#4267,#4268,#4269,#4270),
 .UNSPECIFIED.,.F.,.F.)
B_SPLINE_CURVE_WITH_KNOTS((3,2,2,3),(-183.34339402217,-182.472744271931,
-181.013762477724,-180.115961589988),.UNSPECIFIED.)
CURVE()
GEOMETRIC_REPRESENTATION_ITEM()
RATIONAL_B_SPLINE_CURVE((1.,0.996348927520125,0.992922421480654,0.961582529792961,
0.951039902549352,0.971599343003125,1.))
REPRESENTATION_ITEM('')
);
#2041=(
BOUNDED_CURVE()
B_SPLINE_CURVE(2,(#4271,#4272,#4273,#4274,#4275,#4276,#4277),
 .UNSPECIFIED.,.F.,.F.)
B_SPLINE_CURVE_WITH_KNOTS((3,2,2,3),(141.734993556064,142.605643306173,
144.064625095508,144.962425982477),.UNSPECIFIED.)
CURVE()
GEOMETRIC_REPRESENTATION_ITEM()
RATIONAL_B_SPLINE_CURVE((1.,0.996348927537353,0.992922421514929,0.961582529930799,
0.951039902652586,0.971599343062284,1.))
REPRESENTATION_ITEM('')
);
#2042=(
BOUNDED_CURVE()
B_SPLINE_CURVE(2,(#4278,#4279,#4280,#4281,#4282,#4283,#4284),
 .UNSPECIFIED.,.F.,.F.)
B_SPLINE_CURVE_WITH_KNOTS((3,2,2,3),(-3.30743678568901,-2.32195989026832,
-0.353183542063846,-0.120256440352676),.UNSPECIFIED.)
CURVE()
GEOMETRIC_REPRESENTATION_ITEM()
RATIONAL_B_SPLINE_CURVE((1.,0.975351617315491,0.959855811908472,0.960809121676671,
1.,0.999992440503096,1.))
REPRESENTATION_ITEM('')
);
#2043=(
BOUNDED_CURVE()
B_SPLINE_CURVE(2,(#4285,#4286,#4287,#4288,#4289,#4290,#4291),
 .UNSPECIFIED.,.F.,.F.)
B_SPLINE_CURVE_WITH_KNOTS((3,2,2,3),(-279.976405611815,-279.105755861723,
-277.646774072389,-276.748973185419),.UNSPECIFIED.)
CURVE()
GEOMETRIC_REPRESENTATION_ITEM()
RATIONAL_B_SPLINE_CURVE((1.,0.996348927591631,0.992922421623111,0.961582530035604,
0.951039902756236,0.971599343115231,1.))
REPRESENTATION_ITEM('')
);
#2044=(
BOUNDED_CURVE()
B_SPLINE_CURVE(2,(#4292,#4293,#4294,#4295,#4296),.UNSPECIFIED.,.F.,.F.)
B_SPLINE_CURVE_WITH_KNOTS((3,2,3),(-97.6132389872172,-96.6788008474698,
-94.7100244993363),.UNSPECIFIED.)
CURVE()
GEOMETRIC_REPRESENTATION_ITEM()
RATIONAL_B_SPLINE_CURVE((1.,0.975351617315639,0.959855811908542,0.960809121678079,
1.))
REPRESENTATION_ITEM('')
);
#2045=(
BOUNDED_CURVE()
B_SPLINE_CURVE(2,(#4297,#4298,#4299),.UNSPECIFIED.,.F.,.F.)
B_SPLINE_CURVE_WITH_KNOTS((3,3),(-242.377806901139,-241.546218484394),
 .UNSPECIFIED.)
CURVE()
GEOMETRIC_REPRESENTATION_ITEM()
RATIONAL_B_SPLINE_CURVE((1.,0.996454251699177,1.))
REPRESENTATION_ITEM('')
);
#2046=(
BOUNDED_CURVE()
B_SPLINE_CURVE(2,(#4300,#4301,#4302,#4303,#4304),.UNSPECIFIED.,.F.,.F.)
B_SPLINE_CURVE_WITH_KNOTS((3,2,3),(-242.377806901139,-239.238654895972,
-238.368005151798),.UNSPECIFIED.)
CURVE()
GEOMETRIC_REPRESENTATION_ITEM()
RATIONAL_B_SPLINE_CURVE((1.,0.947372961445423,0.992922421588835,0.996348927575881,
1.))
REPRESENTATION_ITEM('')
);
#2047=(
BOUNDED_CURVE()
B_SPLINE_CURVE(2,(#4305,#4306,#4307),.UNSPECIFIED.,.F.,.F.)
B_SPLINE_CURVE_WITH_KNOTS((3,3),(-145.744795311568,-144.913206888999),
 .UNSPECIFIED.)
CURVE()
GEOMETRIC_REPRESENTATION_ITEM()
RATIONAL_B_SPLINE_CURVE((1.,0.996454251649391,1.))
REPRESENTATION_ITEM('')
);
#2048=(
BOUNDED_CURVE()
B_SPLINE_CURVE(2,(#4308,#4309,#4310,#4311,#4312),.UNSPECIFIED.,.F.,.F.)
B_SPLINE_CURVE_WITH_KNOTS((3,2,3),(-145.744795311568,-142.605643306173,
-141.734993556064),.UNSPECIFIED.)
CURVE()
GEOMETRIC_REPRESENTATION_ITEM()
RATIONAL_B_SPLINE_CURVE((1.,0.947372961403087,0.992922421514929,0.996348927537353,
1.))
REPRESENTATION_ITEM('')
);
#2049=(
BOUNDED_CURVE()
B_SPLINE_CURVE(1,(#4313,#4314),.UNSPECIFIED.,.F.,.F.)
B_SPLINE_CURVE_WITH_KNOTS((2,2),(0.,7.),.UNSPECIFIED.)
CURVE()
GEOMETRIC_REPRESENTATION_ITEM()
RATIONAL_B_SPLINE_CURVE((1.,1.))
REPRESENTATION_ITEM('')
);
#2050=(
BOUNDED_CURVE()
B_SPLINE_CURVE(2,(#4317,#4318,#4319),.UNSPECIFIED.,.F.,.F.)
B_SPLINE_CURVE_WITH_KNOTS((3,3),(0.,5.47204678707202),.UNSPECIFIED.)
CURVE()
GEOMETRIC_REPRESENTATION_ITEM()
RATIONAL_B_SPLINE_CURVE((1.,0.85398226816236,1.))
REPRESENTATION_ITEM('')
);
#2051=(
BOUNDED_CURVE()
B_SPLINE_CURVE(2,(#4320,#4321,#4322),.UNSPECIFIED.,.F.,.F.)
B_SPLINE_CURVE_WITH_KNOTS((3,3),(0.,5.47204678707202),.UNSPECIFIED.)
CURVE()
GEOMETRIC_REPRESENTATION_ITEM()
RATIONAL_B_SPLINE_CURVE((1.,0.85398226816236,1.))
REPRESENTATION_ITEM('')
);
#2052=(
BOUNDED_CURVE()
B_SPLINE_CURVE(1,(#4323,#4324),.UNSPECIFIED.,.F.,.F.)
B_SPLINE_CURVE_WITH_KNOTS((2,2),(0.,7.),.UNSPECIFIED.)
CURVE()
GEOMETRIC_REPRESENTATION_ITEM()
RATIONAL_B_SPLINE_CURVE((1.,1.))
REPRESENTATION_ITEM('')
);
#2053=(
BOUNDED_CURVE()
B_SPLINE_CURVE(2,(#4327,#4328,#4329),.UNSPECIFIED.,.F.,.F.)
B_SPLINE_CURVE_WITH_KNOTS((3,3),(-5.47204678707203,0.),.UNSPECIFIED.)
CURVE()
GEOMETRIC_REPRESENTATION_ITEM()
RATIONAL_B_SPLINE_CURVE((1.,0.853982268162378,1.))
REPRESENTATION_ITEM('')
);
#2054=(
BOUNDED_CURVE()
B_SPLINE_CURVE(2,(#4330,#4331,#4332),.UNSPECIFIED.,.F.,.F.)
B_SPLINE_CURVE_WITH_KNOTS((3,3),(-5.47204678707203,0.),.UNSPECIFIED.)
CURVE()
GEOMETRIC_REPRESENTATION_ITEM()
RATIONAL_B_SPLINE_CURVE((1.,0.853982268162377,1.))
REPRESENTATION_ITEM('')
);
#2055=(
BOUNDED_CURVE()
B_SPLINE_CURVE(2,(#4333,#4334,#4335,#4336,#4337),.UNSPECIFIED.,.F.,.F.)
B_SPLINE_CURVE_WITH_KNOTS((3,2,3),(99.7887932596039,105.718715661571,119.639878419473),
 .UNSPECIFIED.)
CURVE()
GEOMETRIC_REPRESENTATION_ITEM()
RATIONAL_B_SPLINE_CURVE((1.,0.947961083915009,1.,0.717644184993328,1.))
REPRESENTATION_ITEM('')
);
#2056=(
BOUNDED_CURVE()
B_SPLINE_CURVE(2,(#4338,#4339,#4340,#4341,#4342),.UNSPECIFIED.,.F.,.F.)
B_SPLINE_CURVE_WITH_KNOTS((3,2,3),(99.7887932596039,105.718715661571,119.639878419473),
 .UNSPECIFIED.)
CURVE()
GEOMETRIC_REPRESENTATION_ITEM()
RATIONAL_B_SPLINE_CURVE((1.,0.947961083915009,1.,0.717644184993327,1.))
REPRESENTATION_ITEM('')
);
#2057=(
BOUNDED_CURVE()
B_SPLINE_CURVE(1,(#4349,#4350),.UNSPECIFIED.,.F.,.F.)
B_SPLINE_CURVE_WITH_KNOTS((2,2),(0.,7.00000000000001),.UNSPECIFIED.)
CURVE()
GEOMETRIC_REPRESENTATION_ITEM()
RATIONAL_B_SPLINE_CURVE((1.,1.))
REPRESENTATION_ITEM('')
);
#2058=(
BOUNDED_CURVE()
B_SPLINE_CURVE(2,(#4351,#4352,#4353),.UNSPECIFIED.,.F.,.F.)
B_SPLINE_CURVE_WITH_KNOTS((3,3),(-5.47204678819029,0.),.UNSPECIFIED.)
CURVE()
GEOMETRIC_REPRESENTATION_ITEM()
RATIONAL_B_SPLINE_CURVE((1.,0.853982268105893,1.))
REPRESENTATION_ITEM('')
);
#2059=(
BOUNDED_CURVE()
B_SPLINE_CURVE(2,(#4354,#4355,#4356),.UNSPECIFIED.,.F.,.F.)
B_SPLINE_CURVE_WITH_KNOTS((3,3),(-5.47204678819029,0.),.UNSPECIFIED.)
CURVE()
GEOMETRIC_REPRESENTATION_ITEM()
RATIONAL_B_SPLINE_CURVE((1.,0.853982268105891,1.))
REPRESENTATION_ITEM('')
);
#2060=(
BOUNDED_CURVE()
B_SPLINE_CURVE(2,(#4357,#4358,#4359,#4360,#4361),.UNSPECIFIED.,.F.,.F.)
B_SPLINE_CURVE_WITH_KNOTS((3,2,3),(99.7887932596039,105.683630809891,119.522427914842),
 .UNSPECIFIED.)
CURVE()
GEOMETRIC_REPRESENTATION_ITEM()
RATIONAL_B_SPLINE_CURVE((1.,0.947961083915008,1.,0.717644184993327,1.))
REPRESENTATION_ITEM('')
);
#2061=(
BOUNDED_CURVE()
B_SPLINE_CURVE(2,(#4362,#4363,#4364,#4365,#4366),.UNSPECIFIED.,.F.,.F.)
B_SPLINE_CURVE_WITH_KNOTS((3,2,3),(99.7887932596039,105.683630809891,119.522427914842),
 .UNSPECIFIED.)
CURVE()
GEOMETRIC_REPRESENTATION_ITEM()
RATIONAL_B_SPLINE_CURVE((1.,0.947961083915008,1.,0.717644184993328,1.))
REPRESENTATION_ITEM('')
);
#2062=(
BOUNDED_CURVE()
B_SPLINE_CURVE(1,(#4373,#4374),.UNSPECIFIED.,.F.,.F.)
B_SPLINE_CURVE_WITH_KNOTS((2,2),(0.,7.),.UNSPECIFIED.)
CURVE()
GEOMETRIC_REPRESENTATION_ITEM()
RATIONAL_B_SPLINE_CURVE((1.,1.))
REPRESENTATION_ITEM('')
);
#2063=(
BOUNDED_CURVE()
B_SPLINE_CURVE(2,(#4375,#4376,#4377),.UNSPECIFIED.,.F.,.F.)
B_SPLINE_CURVE_WITH_KNOTS((3,3),(0.,5.47204678819026),.UNSPECIFIED.)
CURVE()
GEOMETRIC_REPRESENTATION_ITEM()
RATIONAL_B_SPLINE_CURVE((1.,0.853982268105888,1.))
REPRESENTATION_ITEM('')
);
#2064=(
BOUNDED_CURVE()
B_SPLINE_CURVE(2,(#4378,#4379,#4380),.UNSPECIFIED.,.F.,.F.)
B_SPLINE_CURVE_WITH_KNOTS((3,3),(0.,5.47204678819026),.UNSPECIFIED.)
CURVE()
GEOMETRIC_REPRESENTATION_ITEM()
RATIONAL_B_SPLINE_CURVE((1.,0.853982268105888,1.))
REPRESENTATION_ITEM('')
);
#2065=(
BOUNDED_CURVE()
B_SPLINE_CURVE(2,(#4495,#4496,#4497),.UNSPECIFIED.,.F.,.F.)
B_SPLINE_CURVE_WITH_KNOTS((3,3),(-1.,0.),.UNSPECIFIED.)
CURVE()
GEOMETRIC_REPRESENTATION_ITEM()
RATIONAL_B_SPLINE_CURVE((1.,0.707106781186546,1.))
REPRESENTATION_ITEM('')
);
#2066=(
BOUNDED_CURVE()
B_SPLINE_CURVE(2,(#4498,#4499,#4500),.UNSPECIFIED.,.F.,.F.)
B_SPLINE_CURVE_WITH_KNOTS((3,3),(-1.,0.),.UNSPECIFIED.)
CURVE()
GEOMETRIC_REPRESENTATION_ITEM()
RATIONAL_B_SPLINE_CURVE((1.,0.707106781186545,1.))
REPRESENTATION_ITEM('')
);
#2067=(
BOUNDED_CURVE()
B_SPLINE_CURVE(2,(#4505,#4506,#4507),.UNSPECIFIED.,.F.,.F.)
B_SPLINE_CURVE_WITH_KNOTS((3,3),(0.,1.),.UNSPECIFIED.)
CURVE()
GEOMETRIC_REPRESENTATION_ITEM()
RATIONAL_B_SPLINE_CURVE((1.,0.707106781186507,1.))
REPRESENTATION_ITEM('')
);
#2068=(
BOUNDED_CURVE()
B_SPLINE_CURVE(1,(#4508,#4509),.UNSPECIFIED.,.F.,.F.)
B_SPLINE_CURVE_WITH_KNOTS((2,2),(1.65201186064223E-13,4.00000000000013),
 .UNSPECIFIED.)
CURVE()
GEOMETRIC_REPRESENTATION_ITEM()
RATIONAL_B_SPLINE_CURVE((1.,1.))
REPRESENTATION_ITEM('')
);
#2069=(
BOUNDED_CURVE()
B_SPLINE_CURVE(2,(#4510,#4511,#4512),.UNSPECIFIED.,.F.,.F.)
B_SPLINE_CURVE_WITH_KNOTS((3,3),(0.,1.),.UNSPECIFIED.)
CURVE()
GEOMETRIC_REPRESENTATION_ITEM()
RATIONAL_B_SPLINE_CURVE((1.,0.70710678118652,1.))
REPRESENTATION_ITEM('')
);
#2070=(
BOUNDED_CURVE()
B_SPLINE_CURVE(2,(#4517,#4518,#4519),.UNSPECIFIED.,.F.,.F.)
B_SPLINE_CURVE_WITH_KNOTS((3,3),(0.,1.),.UNSPECIFIED.)
CURVE()
GEOMETRIC_REPRESENTATION_ITEM()
RATIONAL_B_SPLINE_CURVE((1.,0.707106781186551,1.))
REPRESENTATION_ITEM('')
);
#2071=(
BOUNDED_CURVE()
B_SPLINE_CURVE(1,(#4520,#4521),.UNSPECIFIED.,.F.,.F.)
B_SPLINE_CURVE_WITH_KNOTS((2,2),(1.83852932877926E-13,4.00000000000012),
 .UNSPECIFIED.)
CURVE()
GEOMETRIC_REPRESENTATION_ITEM()
RATIONAL_B_SPLINE_CURVE((1.,1.))
REPRESENTATION_ITEM('')
);
#2072=(
BOUNDED_CURVE()
B_SPLINE_CURVE(2,(#4522,#4523,#4524),.UNSPECIFIED.,.F.,.F.)
B_SPLINE_CURVE_WITH_KNOTS((3,3),(0.,1.),.UNSPECIFIED.)
CURVE()
GEOMETRIC_REPRESENTATION_ITEM()
RATIONAL_B_SPLINE_CURVE((1.,0.707106781186559,1.))
REPRESENTATION_ITEM('')
);
#2073=(
BOUNDED_CURVE()
B_SPLINE_CURVE(2,(#4531,#4532,#4533),.UNSPECIFIED.,.F.,.F.)
B_SPLINE_CURVE_WITH_KNOTS((3,3),(-1.,0.),.UNSPECIFIED.)
CURVE()
GEOMETRIC_REPRESENTATION_ITEM()
RATIONAL_B_SPLINE_CURVE((1.,0.707106781186554,1.))
REPRESENTATION_ITEM('')
);
#2074=(
BOUNDED_CURVE()
B_SPLINE_CURVE(2,(#4534,#4535,#4536),.UNSPECIFIED.,.F.,.F.)
B_SPLINE_CURVE_WITH_KNOTS((3,3),(-1.,0.),.UNSPECIFIED.)
CURVE()
GEOMETRIC_REPRESENTATION_ITEM()
RATIONAL_B_SPLINE_CURVE((1.,0.707106781186553,1.))
REPRESENTATION_ITEM('')
);
#2075=(
BOUNDED_CURVE()
B_SPLINE_CURVE(1,(#4537,#4538),.UNSPECIFIED.,.F.,.F.)
B_SPLINE_CURVE_WITH_KNOTS((2,2),(-4.44089209850063E-15,4.00000000000008),
 .UNSPECIFIED.)
CURVE()
GEOMETRIC_REPRESENTATION_ITEM()
RATIONAL_B_SPLINE_CURVE((1.,1.))
REPRESENTATION_ITEM('')
);
#2076=(
BOUNDED_CURVE()
B_SPLINE_CURVE(2,(#4547,#4548,#4549),.UNSPECIFIED.,.F.,.F.)
B_SPLINE_CURVE_WITH_KNOTS((3,3),(0.,1.),.UNSPECIFIED.)
CURVE()
GEOMETRIC_REPRESENTATION_ITEM()
RATIONAL_B_SPLINE_CURVE((1.,0.707106781186554,1.))
REPRESENTATION_ITEM('')
);
#2077=(
BOUNDED_CURVE()
B_SPLINE_CURVE(2,(#4550,#4551,#4552),.UNSPECIFIED.,.F.,.F.)
B_SPLINE_CURVE_WITH_KNOTS((3,3),(0.,1.),.UNSPECIFIED.)
CURVE()
GEOMETRIC_REPRESENTATION_ITEM()
RATIONAL_B_SPLINE_CURVE((1.,0.707106781186552,1.))
REPRESENTATION_ITEM('')
);
#2078=(
BOUNDED_CURVE()
B_SPLINE_CURVE(2,(#4559,#4560,#4561),.UNSPECIFIED.,.F.,.F.)
B_SPLINE_CURVE_WITH_KNOTS((3,3),(-1.,0.),.UNSPECIFIED.)
CURVE()
GEOMETRIC_REPRESENTATION_ITEM()
RATIONAL_B_SPLINE_CURVE((1.,0.707106781186588,1.))
REPRESENTATION_ITEM('')
);
#2079=(
BOUNDED_CURVE()
B_SPLINE_CURVE(2,(#4562,#4563,#4564),.UNSPECIFIED.,.F.,.F.)
B_SPLINE_CURVE_WITH_KNOTS((3,3),(-1.,0.),.UNSPECIFIED.)
CURVE()
GEOMETRIC_REPRESENTATION_ITEM()
RATIONAL_B_SPLINE_CURVE((1.,0.707106781186595,1.))
REPRESENTATION_ITEM('')
);
#2080=(
BOUNDED_CURVE()
B_SPLINE_CURVE(1,(#4565,#4566),.UNSPECIFIED.,.F.,.F.)
B_SPLINE_CURVE_WITH_KNOTS((2,2),(-1.95399252334028E-14,4.0000000000001),
 .UNSPECIFIED.)
CURVE()
GEOMETRIC_REPRESENTATION_ITEM()
RATIONAL_B_SPLINE_CURVE((1.,1.))
REPRESENTATION_ITEM('')
);
#2081=(
BOUNDED_CURVE()
B_SPLINE_CURVE(2,(#4567,#4568,#4569),.UNSPECIFIED.,.F.,.F.)
B_SPLINE_CURVE_WITH_KNOTS((3,3),(-4.75575073926258,2.39424893320584),
 .UNSPECIFIED.)
CURVE()
GEOMETRIC_REPRESENTATION_ITEM()
RATIONAL_B_SPLINE_CURVE((1.,1.,1.))
REPRESENTATION_ITEM('')
);
#2082=(
BOUNDED_CURVE()
B_SPLINE_CURVE(2,(#4570,#4571,#4572),.UNSPECIFIED.,.F.,.F.)
B_SPLINE_CURVE_WITH_KNOTS((3,3),(-14.0557507392626,-4.75575073926258),
 .UNSPECIFIED.)
CURVE()
GEOMETRIC_REPRESENTATION_ITEM()
RATIONAL_B_SPLINE_CURVE((1.,1.,1.))
REPRESENTATION_ITEM('')
);
#2083=(
BOUNDED_CURVE()
B_SPLINE_CURVE(2,(#4573,#4574,#4575),.UNSPECIFIED.,.F.,.F.)
B_SPLINE_CURVE_WITH_KNOTS((3,3),(-21.205750411731,-14.0557507392626),
 .UNSPECIFIED.)
CURVE()
GEOMETRIC_REPRESENTATION_ITEM()
RATIONAL_B_SPLINE_CURVE((1.,1.,1.))
REPRESENTATION_ITEM('')
);
#2084=(
BOUNDED_CURVE()
B_SPLINE_CURVE(2,(#4576,#4577,#4578,#4579,#4580),.UNSPECIFIED.,.F.,.F.)
B_SPLINE_CURVE_WITH_KNOTS((3,2,3),(-35.3429176804166,-28.2743340460738,
-21.205750411731),.UNSPECIFIED.)
CURVE()
GEOMETRIC_REPRESENTATION_ITEM()
RATIONAL_B_SPLINE_CURVE((1.,0.707106768527423,1.,0.707106768527423,1.))
REPRESENTATION_ITEM('')
);
#2085=(
BOUNDED_CURVE()
B_SPLINE_CURVE(1,(#4581,#4582),.UNSPECIFIED.,.F.,.F.)
B_SPLINE_CURVE_WITH_KNOTS((2,2),(2.50000000000019,5.5),.UNSPECIFIED.)
CURVE()
GEOMETRIC_REPRESENTATION_ITEM()
RATIONAL_B_SPLINE_CURVE((1.,1.))
REPRESENTATION_ITEM('')
);
#2086=(
BOUNDED_CURVE()
B_SPLINE_CURVE(1,(#4583,#4584),.UNSPECIFIED.,.F.,.F.)
B_SPLINE_CURVE_WITH_KNOTS((2,2),(2.50000000000019,5.5),.UNSPECIFIED.)
CURVE()
GEOMETRIC_REPRESENTATION_ITEM()
RATIONAL_B_SPLINE_CURVE((1.,1.))
REPRESENTATION_ITEM('')
);
#2087=(
BOUNDED_CURVE()
B_SPLINE_CURVE(1,(#4585,#4586),.UNSPECIFIED.,.F.,.F.)
B_SPLINE_CURVE_WITH_KNOTS((2,2),(2.49999999999982,5.49999999999996),
 .UNSPECIFIED.)
CURVE()
GEOMETRIC_REPRESENTATION_ITEM()
RATIONAL_B_SPLINE_CURVE((1.,1.))
REPRESENTATION_ITEM('')
);
#2088=(
BOUNDED_CURVE()
B_SPLINE_CURVE(1,(#4587,#4588),.UNSPECIFIED.,.F.,.F.)
B_SPLINE_CURVE_WITH_KNOTS((2,2),(2.49999999999982,5.49999999999996),
 .UNSPECIFIED.)
CURVE()
GEOMETRIC_REPRESENTATION_ITEM()
RATIONAL_B_SPLINE_CURVE((1.,1.))
REPRESENTATION_ITEM('')
);
#2089=(
BOUNDED_CURVE()
B_SPLINE_CURVE(2,(#4679,#4680,#4681,#4682,#4683),.UNSPECIFIED.,.F.,.F.)
B_SPLINE_CURVE_WITH_KNOTS((3,2,3),(0.,7.8537832061271,15.7075664122542),
 .UNSPECIFIED.)
CURVE()
GEOMETRIC_REPRESENTATION_ITEM()
RATIONAL_B_SPLINE_CURVE((1.,0.707106781186568,1.,0.707106781186568,1.))
REPRESENTATION_ITEM('')
);
#2090=(
BOUNDED_CURVE()
B_SPLINE_CURVE(2,(#4684,#4685,#4686,#4687,#4688),.UNSPECIFIED.,.F.,.F.)
B_SPLINE_CURVE_WITH_KNOTS((3,2,3),(0.,7.8537832061271,15.7075664122542),
 .UNSPECIFIED.)
CURVE()
GEOMETRIC_REPRESENTATION_ITEM()
RATIONAL_B_SPLINE_CURVE((1.,0.707106781186601,1.,0.707106781186601,1.))
REPRESENTATION_ITEM('')
);
#2091=(
BOUNDED_CURVE()
B_SPLINE_CURVE(2,(#4697,#4698,#4699,#4700,#4701),.UNSPECIFIED.,.F.,.F.)
B_SPLINE_CURVE_WITH_KNOTS((3,2,3),(0.,7.85378320612704,15.7075664122541),
 .UNSPECIFIED.)
CURVE()
GEOMETRIC_REPRESENTATION_ITEM()
RATIONAL_B_SPLINE_CURVE((1.,0.707106781186564,1.,0.707106781186564,1.))
REPRESENTATION_ITEM('')
);
#2092=(
BOUNDED_CURVE()
B_SPLINE_CURVE(2,(#4702,#4703,#4704,#4705,#4706),.UNSPECIFIED.,.F.,.F.)
B_SPLINE_CURVE_WITH_KNOTS((3,2,3),(0.,7.85378320612704,15.7075664122541),
 .UNSPECIFIED.)
CURVE()
GEOMETRIC_REPRESENTATION_ITEM()
RATIONAL_B_SPLINE_CURVE((1.,0.7071067811866,1.,0.7071067811866,1.))
REPRESENTATION_ITEM('')
);
#2093=(
BOUNDED_CURVE()
B_SPLINE_CURVE(2,(#4709,#4710,#4711,#4712,#4713),.UNSPECIFIED.,.F.,.F.)
B_SPLINE_CURVE_WITH_KNOTS((3,2,3),(-58.9712358836032,-51.9026524130262,
-44.8340689424491),.UNSPECIFIED.)
CURVE()
GEOMETRIC_REPRESENTATION_ITEM()
RATIONAL_B_SPLINE_CURVE((1.,0.70710678118655,1.,0.70710678118655,1.))
REPRESENTATION_ITEM('')
);
#2094=(
BOUNDED_CURVE()
B_SPLINE_CURVE(2,(#4714,#4715,#4716),.UNSPECIFIED.,.F.,.F.)
B_SPLINE_CURVE_WITH_KNOTS((3,3),(-44.8340689424491,-33.3340689424491),
 .UNSPECIFIED.)
CURVE()
GEOMETRIC_REPRESENTATION_ITEM()
RATIONAL_B_SPLINE_CURVE((1.,1.,1.))
REPRESENTATION_ITEM('')
);
#2095=(
BOUNDED_CURVE()
B_SPLINE_CURVE(2,(#4717,#4718,#4719,#4720,#4721),.UNSPECIFIED.,.F.,.F.)
B_SPLINE_CURVE_WITH_KNOTS((3,2,3),(-33.3340689424491,-25.9513262065131,
-18.568583470577),.UNSPECIFIED.)
CURVE()
GEOMETRIC_REPRESENTATION_ITEM()
RATIONAL_B_SPLINE_CURVE((1.,0.707106781186546,1.,0.707106781186546,1.))
REPRESENTATION_ITEM('')
);
#2096=(
BOUNDED_CURVE()
B_SPLINE_CURVE(2,(#4722,#4723,#4724),.UNSPECIFIED.,.F.,.F.)
B_SPLINE_CURVE_WITH_KNOTS((3,3),(-18.568583470577,-7.06858347057702),
 .UNSPECIFIED.)
CURVE()
GEOMETRIC_REPRESENTATION_ITEM()
RATIONAL_B_SPLINE_CURVE((1.,1.,1.))
REPRESENTATION_ITEM('')
);
#2097=(
BOUNDED_CURVE()
B_SPLINE_CURVE(2,(#4729,#4730,#4731),.UNSPECIFIED.,.F.,.F.)
B_SPLINE_CURVE_WITH_KNOTS((3,3),(14.0557507392626,21.205750411731),
 .UNSPECIFIED.)
CURVE()
GEOMETRIC_REPRESENTATION_ITEM()
RATIONAL_B_SPLINE_CURVE((1.,1.,1.))
REPRESENTATION_ITEM('')
);
#2098=(
BOUNDED_CURVE()
B_SPLINE_CURVE(2,(#4732,#4733,#4734,#4735,#4736),.UNSPECIFIED.,.F.,.F.)
B_SPLINE_CURVE_WITH_KNOTS((3,2,3),(21.205750411731,28.2743340460738,35.3429176804166),
 .UNSPECIFIED.)
CURVE()
GEOMETRIC_REPRESENTATION_ITEM()
RATIONAL_B_SPLINE_CURVE((1.,0.707106768527427,1.,0.707106768527427,1.))
REPRESENTATION_ITEM('')
);
#2099=(
BOUNDED_CURVE()
B_SPLINE_CURVE(1,(#4737,#4738,#4739),.UNSPECIFIED.,.F.,.F.)
B_SPLINE_CURVE_WITH_KNOTS((2,1,2),(0.,0.5,3.69999999999984),
 .UNSPECIFIED.)
CURVE()
GEOMETRIC_REPRESENTATION_ITEM()
RATIONAL_B_SPLINE_CURVE((1.,1.,1.))
REPRESENTATION_ITEM('')
);
#2100=(
BOUNDED_CURVE()
B_SPLINE_CURVE(1,(#4740,#4741,#4742),.UNSPECIFIED.,.F.,.F.)
B_SPLINE_CURVE_WITH_KNOTS((2,1,2),(0.,0.5,3.7000000000001),
 .UNSPECIFIED.)
CURVE()
GEOMETRIC_REPRESENTATION_ITEM()
RATIONAL_B_SPLINE_CURVE((1.,1.,1.))
REPRESENTATION_ITEM('')
);
#2101=(
BOUNDED_CURVE()
B_SPLINE_CURVE(1,(#4743,#4744,#4745),.UNSPECIFIED.,.F.,.F.)
B_SPLINE_CURVE_WITH_KNOTS((2,1,2),(0.,0.5,3.7000000000002),
 .UNSPECIFIED.)
CURVE()
GEOMETRIC_REPRESENTATION_ITEM()
RATIONAL_B_SPLINE_CURVE((1.,1.,1.))
REPRESENTATION_ITEM('')
);
#2102=(
BOUNDED_CURVE()
B_SPLINE_CURVE(1,(#4746,#4747,#4748),.UNSPECIFIED.,.F.,.F.)
B_SPLINE_CURVE_WITH_KNOTS((2,1,2),(0.,0.5,3.7000000000002),
 .UNSPECIFIED.)
CURVE()
GEOMETRIC_REPRESENTATION_ITEM()
RATIONAL_B_SPLINE_CURVE((1.,1.,1.))
REPRESENTATION_ITEM('')
);
#2103=(
BOUNDED_CURVE()
B_SPLINE_CURVE(2,(#4749,#4750,#4751,#4752,#4753,#4754,#4755,#4756,#4757),
 .UNSPECIFIED.,.T.,.F.)
B_SPLINE_CURVE_WITH_KNOTS((3,2,2,2,3),(0.,1.49225651045515,2.9845130209103,
4.47676953136546,5.96902604182061),.UNSPECIFIED.)
CURVE()
GEOMETRIC_REPRESENTATION_ITEM()
RATIONAL_B_SPLINE_CURVE((1.,0.707106781186548,1.,0.707106781186548,1.,0.707106781186548,
1.,0.707106781186548,1.))
REPRESENTATION_ITEM('')
);
#2104=(
BOUNDED_CURVE()
B_SPLINE_CURVE(2,(#4758,#4759,#4760,#4761,#4762,#4763,#4764,#4765,#4766),
 .UNSPECIFIED.,.T.,.F.)
B_SPLINE_CURVE_WITH_KNOTS((3,2,2,2,3),(0.,1.49225651045515,2.9845130209103,
4.47676953136546,5.96902604182061),.UNSPECIFIED.)
CURVE()
GEOMETRIC_REPRESENTATION_ITEM()
RATIONAL_B_SPLINE_CURVE((1.,0.707106781186548,1.,0.707106781186548,1.,0.707106781186548,
1.,0.707106781186548,1.))
REPRESENTATION_ITEM('')
);
#2105=(
BOUNDED_CURVE()
B_SPLINE_CURVE(1,(#4767,#4768),.UNSPECIFIED.,.F.,.F.)
B_SPLINE_CURVE_WITH_KNOTS((2,2),(11.,14.),.UNSPECIFIED.)
CURVE()
GEOMETRIC_REPRESENTATION_ITEM()
RATIONAL_B_SPLINE_CURVE((1.,1.))
REPRESENTATION_ITEM('')
);
#2106=(
BOUNDED_CURVE()
B_SPLINE_CURVE(2,(#4769,#4770,#4771,#4772,#4773,#4774,#4775,#4776,#4777),
 .UNSPECIFIED.,.T.,.F.)
B_SPLINE_CURVE_WITH_KNOTS((3,2,2,2,3),(0.,1.49225651045515,2.9845130209103,
4.47676953136546,5.96902604182061),.UNSPECIFIED.)
CURVE()
GEOMETRIC_REPRESENTATION_ITEM()
RATIONAL_B_SPLINE_CURVE((1.,0.707106781186548,1.,0.707106781186548,1.,0.707106781186548,
1.,0.707106781186548,1.))
REPRESENTATION_ITEM('')
);
#2107=(
BOUNDED_CURVE()
B_SPLINE_CURVE(2,(#4778,#4779,#4780,#4781,#4782,#4783,#4784,#4785,#4786),
 .UNSPECIFIED.,.T.,.F.)
B_SPLINE_CURVE_WITH_KNOTS((3,2,2,2,3),(0.,1.49225651045515,2.9845130209103,
4.47676953136546,5.96902604182061),.UNSPECIFIED.)
CURVE()
GEOMETRIC_REPRESENTATION_ITEM()
RATIONAL_B_SPLINE_CURVE((1.,0.707106781186548,1.,0.707106781186548,1.,0.707106781186548,
1.,0.707106781186548,1.))
REPRESENTATION_ITEM('')
);
#2108=(
BOUNDED_CURVE()
B_SPLINE_CURVE(1,(#4787,#4788),.UNSPECIFIED.,.F.,.F.)
B_SPLINE_CURVE_WITH_KNOTS((2,2),(8.00000000000004,11.),.UNSPECIFIED.)
CURVE()
GEOMETRIC_REPRESENTATION_ITEM()
RATIONAL_B_SPLINE_CURVE((1.,1.))
REPRESENTATION_ITEM('')
);
#2109=(
BOUNDED_CURVE()
B_SPLINE_CURVE(2,(#4892,#4893,#4894),.UNSPECIFIED.,.F.,.F.)
B_SPLINE_CURVE_WITH_KNOTS((3,3),(-343.03398188906,-338.691623939925),
 .UNSPECIFIED.)
CURVE()
GEOMETRIC_REPRESENTATION_ITEM()
RATIONAL_B_SPLINE_CURVE((1.,0.991071249821236,1.))
REPRESENTATION_ITEM('')
);
#2110=(
BOUNDED_CURVE()
B_SPLINE_CURVE(2,(#4901,#4902,#4903),.UNSPECIFIED.,.F.,.F.)
B_SPLINE_CURVE_WITH_KNOTS((3,3),(-90.4618440333594,-87.9618438018469),
 .UNSPECIFIED.)
CURVE()
GEOMETRIC_REPRESENTATION_ITEM()
RATIONAL_B_SPLINE_CURVE((1.,1.,1.))
REPRESENTATION_ITEM('')
);
#2111=(
BOUNDED_CURVE()
B_SPLINE_CURVE(2,(#4904,#4905,#4906),.UNSPECIFIED.,.F.,.F.)
B_SPLINE_CURVE_WITH_KNOTS((3,3),(-90.4618440333594,-89.4618440458798),
 .UNSPECIFIED.)
CURVE()
GEOMETRIC_REPRESENTATION_ITEM()
RATIONAL_B_SPLINE_CURVE((1.,1.,1.))
REPRESENTATION_ITEM('')
);
#2112=(
BOUNDED_CURVE()
B_SPLINE_CURVE(1,(#4907,#4908),.UNSPECIFIED.,.F.,.F.)
B_SPLINE_CURVE_WITH_KNOTS((2,2),(0.,4.),.UNSPECIFIED.)
CURVE()
GEOMETRIC_REPRESENTATION_ITEM()
RATIONAL_B_SPLINE_CURVE((1.,1.))
REPRESENTATION_ITEM('')
);
#2113=(
BOUNDED_CURVE()
B_SPLINE_CURVE(2,(#4909,#4910,#4911,#4912,#4913,#4914,#4915,#4916,#4917),
 .UNSPECIFIED.,.F.,.F.)
B_SPLINE_CURVE_WITH_KNOTS((3,2,2,2,3),(-72.0779030103248,-71.2925047551784,
-70.5071065000319,-69.7217082448855,-68.9363099897391),.UNSPECIFIED.)
CURVE()
GEOMETRIC_REPRESENTATION_ITEM()
RATIONAL_B_SPLINE_CURVE((1.,0.923879514955879,1.,0.923879514955879,1.,0.923879514955879,
1.,0.923879514955879,1.))
REPRESENTATION_ITEM('')
);
#2114=(
BOUNDED_CURVE()
B_SPLINE_CURVE(1,(#4918,#4919),.UNSPECIFIED.,.F.,.F.)
B_SPLINE_CURVE_WITH_KNOTS((2,2),(0.,4.),.UNSPECIFIED.)
CURVE()
GEOMETRIC_REPRESENTATION_ITEM()
RATIONAL_B_SPLINE_CURVE((1.,1.))
REPRESENTATION_ITEM('')
);
#2115=(
BOUNDED_CURVE()
B_SPLINE_CURVE(2,(#4920,#4921,#4922,#4923,#4924,#4925,#4926,#4927,#4928),
 .UNSPECIFIED.,.F.,.F.)
B_SPLINE_CURVE_WITH_KNOTS((3,2,2,2,3),(-72.0779030103248,-71.2925047551784,
-70.5071065000319,-69.7217082448855,-68.9363099897391),.UNSPECIFIED.)
CURVE()
GEOMETRIC_REPRESENTATION_ITEM()
RATIONAL_B_SPLINE_CURVE((1.,0.923879514955879,1.,0.923879514955879,1.,0.923879514955879,
1.,0.923879514955879,1.))
REPRESENTATION_ITEM('')
);
#2116=(
BOUNDED_CURVE()
B_SPLINE_CURVE(2,(#4933,#4934,#4935),.UNSPECIFIED.,.F.,.F.)
B_SPLINE_CURVE_WITH_KNOTS((3,3),(-86.4905719300978,-85.8239052634312),
 .UNSPECIFIED.)
CURVE()
GEOMETRIC_REPRESENTATION_ITEM()
RATIONAL_B_SPLINE_CURVE((1.,1.,1.))
REPRESENTATION_ITEM('')
);
#2117=(
BOUNDED_CURVE()
B_SPLINE_CURVE(2,(#4942,#4943,#4944),.UNSPECIFIED.,.F.,.F.)
B_SPLINE_CURVE_WITH_KNOTS((3,3),(0.,1.),.UNSPECIFIED.)
CURVE()
GEOMETRIC_REPRESENTATION_ITEM()
RATIONAL_B_SPLINE_CURVE((1.,0.707106781186541,1.))
REPRESENTATION_ITEM('')
);
#2118=(
BOUNDED_CURVE()
B_SPLINE_CURVE(2,(#4945,#4946,#4947),.UNSPECIFIED.,.F.,.F.)
B_SPLINE_CURVE_WITH_KNOTS((3,3),(0.,1.),.UNSPECIFIED.)
CURVE()
GEOMETRIC_REPRESENTATION_ITEM()
RATIONAL_B_SPLINE_CURVE((1.,0.707106781186545,1.))
REPRESENTATION_ITEM('')
);
#2119=(
BOUNDED_CURVE()
B_SPLINE_CURVE(2,(#4950,#4951,#4952),.UNSPECIFIED.,.F.,.F.)
B_SPLINE_CURVE_WITH_KNOTS((3,3),(-87.2270701474567,-86.8818612165524),
 .UNSPECIFIED.)
CURVE()
GEOMETRIC_REPRESENTATION_ITEM()
RATIONAL_B_SPLINE_CURVE((1.,1.,1.))
REPRESENTATION_ITEM('')
);
#2120=(
BOUNDED_CURVE()
B_SPLINE_CURVE(2,(#4957,#4958,#4959),.UNSPECIFIED.,.F.,.F.)
B_SPLINE_CURVE_WITH_KNOTS((3,3),(-1.,0.),.UNSPECIFIED.)
CURVE()
GEOMETRIC_REPRESENTATION_ITEM()
RATIONAL_B_SPLINE_CURVE((1.,0.707106781186562,1.))
REPRESENTATION_ITEM('')
);
#2121=(
BOUNDED_CURVE()
B_SPLINE_CURVE(2,(#4960,#4961,#4962),.UNSPECIFIED.,.F.,.F.)
B_SPLINE_CURVE_WITH_KNOTS((3,3),(-1.,0.),.UNSPECIFIED.)
CURVE()
GEOMETRIC_REPRESENTATION_ITEM()
RATIONAL_B_SPLINE_CURVE((1.,0.707106781186608,1.))
REPRESENTATION_ITEM('')
);
#2122=(
BOUNDED_CURVE()
B_SPLINE_CURVE(2,(#4969,#4970,#4971),.UNSPECIFIED.,.F.,.F.)
B_SPLINE_CURVE_WITH_KNOTS((3,3),(0.,1.),.UNSPECIFIED.)
CURVE()
GEOMETRIC_REPRESENTATION_ITEM()
RATIONAL_B_SPLINE_CURVE((1.,0.707106781186559,1.))
REPRESENTATION_ITEM('')
);
#2123=(
BOUNDED_CURVE()
B_SPLINE_CURVE(2,(#4972,#4973,#4974),.UNSPECIFIED.,.F.,.F.)
B_SPLINE_CURVE_WITH_KNOTS((3,3),(0.,1.),.UNSPECIFIED.)
CURVE()
GEOMETRIC_REPRESENTATION_ITEM()
RATIONAL_B_SPLINE_CURVE((1.,0.707106781186539,1.))
REPRESENTATION_ITEM('')
);
#2124=(
BOUNDED_CURVE()
B_SPLINE_CURVE(2,(#4977,#4978,#4979),.UNSPECIFIED.,.F.,.F.)
B_SPLINE_CURVE_WITH_KNOTS((3,3),(-78.194865165142,-72.0779030103248),
 .UNSPECIFIED.)
CURVE()
GEOMETRIC_REPRESENTATION_ITEM()
RATIONAL_B_SPLINE_CURVE((1.,1.,1.))
REPRESENTATION_ITEM('')
);
#2125=(
BOUNDED_CURVE()
B_SPLINE_CURVE(2,(#4984,#4985,#4986),.UNSPECIFIED.,.F.,.F.)
B_SPLINE_CURVE_WITH_KNOTS((3,3),(-1.,0.),.UNSPECIFIED.)
CURVE()
GEOMETRIC_REPRESENTATION_ITEM()
RATIONAL_B_SPLINE_CURVE((1.,0.707106781186573,1.))
REPRESENTATION_ITEM('')
);
#2126=(
BOUNDED_CURVE()
B_SPLINE_CURVE(2,(#4987,#4988,#4989),.UNSPECIFIED.,.F.,.F.)
B_SPLINE_CURVE_WITH_KNOTS((3,3),(-1.,0.),.UNSPECIFIED.)
CURVE()
GEOMETRIC_REPRESENTATION_ITEM()
RATIONAL_B_SPLINE_CURVE((1.,0.707106781186573,1.))
REPRESENTATION_ITEM('')
);
#2127=(
BOUNDED_CURVE()
B_SPLINE_CURVE(2,(#4992,#4993,#4994),.UNSPECIFIED.,.F.,.F.)
B_SPLINE_CURVE_WITH_KNOTS((3,3),(-84.9905719300978,-83.9905719300977),
 .UNSPECIFIED.)
CURVE()
GEOMETRIC_REPRESENTATION_ITEM()
RATIONAL_B_SPLINE_CURVE((1.,1.,1.))
REPRESENTATION_ITEM('')
);
#2128=(
BOUNDED_CURVE()
B_SPLINE_CURVE(2,(#4999,#5000,#5001),.UNSPECIFIED.,.F.,.F.)
B_SPLINE_CURVE_WITH_KNOTS((3,3),(-1.,0.),.UNSPECIFIED.)
CURVE()
GEOMETRIC_REPRESENTATION_ITEM()
RATIONAL_B_SPLINE_CURVE((1.,0.707106781186545,1.))
REPRESENTATION_ITEM('')
);
#2129=(
BOUNDED_CURVE()
B_SPLINE_CURVE(2,(#5002,#5003,#5004),.UNSPECIFIED.,.F.,.F.)
B_SPLINE_CURVE_WITH_KNOTS((3,3),(-1.,0.),.UNSPECIFIED.)
CURVE()
GEOMETRIC_REPRESENTATION_ITEM()
RATIONAL_B_SPLINE_CURVE((1.,0.707106781186541,1.))
REPRESENTATION_ITEM('')
);
#2130=(
BOUNDED_CURVE()
B_SPLINE_CURVE(2,(#5013,#5014,#5015,#5016,#5017),.UNSPECIFIED.,.F.,.F.)
B_SPLINE_CURVE_WITH_KNOTS((3,2,3),(-49.6211551223868,-48.1681485688574,
-45.811953495672),.UNSPECIFIED.)
CURVE()
GEOMETRIC_REPRESENTATION_ITEM()
RATIONAL_B_SPLINE_CURVE((1.,0.970684838494517,1.,0.923879542220197,1.))
REPRESENTATION_ITEM('')
);
#2131=(
BOUNDED_CURVE()
B_SPLINE_CURVE(2,(#5018,#5019,#5020,#5021,#5022),.UNSPECIFIED.,.F.,.F.)
B_SPLINE_CURVE_WITH_KNOTS((3,2,3),(-49.6211551223863,-48.1681485688574,
-45.811953495672),.UNSPECIFIED.)
CURVE()
GEOMETRIC_REPRESENTATION_ITEM()
RATIONAL_B_SPLINE_CURVE((1.,0.970684838494536,1.,0.923879542220197,1.))
REPRESENTATION_ITEM('')
);
#2132=(
BOUNDED_CURVE()
B_SPLINE_CURVE(2,(#5027,#5028,#5029),.UNSPECIFIED.,.F.,.F.)
B_SPLINE_CURVE_WITH_KNOTS((3,3),(338.691623939925,343.03398188906),
 .UNSPECIFIED.)
CURVE()
GEOMETRIC_REPRESENTATION_ITEM()
RATIONAL_B_SPLINE_CURVE((1.,0.991071249821236,1.))
REPRESENTATION_ITEM('')
);
#2133=(
BOUNDED_CURVE()
B_SPLINE_CURVE(2,(#5034,#5035,#5036),.UNSPECIFIED.,.F.,.F.)
B_SPLINE_CURVE_WITH_KNOTS((3,3),(-343.03398188906,-338.691623939925),
 .UNSPECIFIED.)
CURVE()
GEOMETRIC_REPRESENTATION_ITEM()
RATIONAL_B_SPLINE_CURVE((1.,0.991071249821231,1.))
REPRESENTATION_ITEM('')
);
#2134=(
BOUNDED_CURVE()
B_SPLINE_CURVE(1,(#5041,#5042),.UNSPECIFIED.,.F.,.F.)
B_SPLINE_CURVE_WITH_KNOTS((2,2),(0.,4.),.UNSPECIFIED.)
CURVE()
GEOMETRIC_REPRESENTATION_ITEM()
RATIONAL_B_SPLINE_CURVE((1.,1.))
REPRESENTATION_ITEM('')
);
#2135=(
BOUNDED_CURVE()
B_SPLINE_CURVE(2,(#5043,#5044,#5045),.UNSPECIFIED.,.F.,.F.)
B_SPLINE_CURVE_WITH_KNOTS((3,3),(-64.9960852829961,-64.5529037013142),
 .UNSPECIFIED.)
CURVE()
GEOMETRIC_REPRESENTATION_ITEM()
RATIONAL_B_SPLINE_CURVE((1.,0.975549056981057,1.))
REPRESENTATION_ITEM('')
);
#2136=(
BOUNDED_CURVE()
B_SPLINE_CURVE(1,(#5046,#5047),.UNSPECIFIED.,.F.,.F.)
B_SPLINE_CURVE_WITH_KNOTS((2,2),(0.,4.),.UNSPECIFIED.)
CURVE()
GEOMETRIC_REPRESENTATION_ITEM()
RATIONAL_B_SPLINE_CURVE((1.,1.))
REPRESENTATION_ITEM('')
);
#2137=(
BOUNDED_CURVE()
B_SPLINE_CURVE(2,(#5048,#5049,#5050),.UNSPECIFIED.,.F.,.F.)
B_SPLINE_CURVE_WITH_KNOTS((3,3),(-64.9960852829961,-64.5529037013142),
 .UNSPECIFIED.)
CURVE()
GEOMETRIC_REPRESENTATION_ITEM()
RATIONAL_B_SPLINE_CURVE((1.,0.975549056981057,1.))
REPRESENTATION_ITEM('')
);
#2138=(
BOUNDED_CURVE()
B_SPLINE_CURVE(2,(#5051,#5052,#5053),.UNSPECIFIED.,.F.,.F.)
B_SPLINE_CURVE_WITH_KNOTS((3,3),(-64.5529037013142,-62.7081222669802),
 .UNSPECIFIED.)
CURVE()
GEOMETRIC_REPRESENTATION_ITEM()
RATIONAL_B_SPLINE_CURVE((1.,1.,1.))
REPRESENTATION_ITEM('')
);
#2139=(
BOUNDED_CURVE()
B_SPLINE_CURVE(1,(#5054,#5055),.UNSPECIFIED.,.F.,.F.)
B_SPLINE_CURVE_WITH_KNOTS((2,2),(0.,4.),.UNSPECIFIED.)
CURVE()
GEOMETRIC_REPRESENTATION_ITEM()
RATIONAL_B_SPLINE_CURVE((1.,1.))
REPRESENTATION_ITEM('')
);
#2140=(
BOUNDED_CURVE()
B_SPLINE_CURVE(2,(#5056,#5057,#5058),.UNSPECIFIED.,.F.,.F.)
B_SPLINE_CURVE_WITH_KNOTS((3,3),(-64.5529037013142,-62.7081222669802),
 .UNSPECIFIED.)
CURVE()
GEOMETRIC_REPRESENTATION_ITEM()
RATIONAL_B_SPLINE_CURVE((1.,1.,1.))
REPRESENTATION_ITEM('')
);
#2141=(
BOUNDED_CURVE()
B_SPLINE_CURVE(2,(#5059,#5060,#5061,#5062,#5063),.UNSPECIFIED.,.F.,.F.)
B_SPLINE_CURVE_WITH_KNOTS((3,2,3),(-62.7081222669802,-62.5067244761326,
-62.3053266852849),.UNSPECIFIED.)
CURVE()
GEOMETRIC_REPRESENTATION_ITEM()
RATIONAL_B_SPLINE_CURVE((1.,0.875901865487773,1.,0.875901865487773,1.))
REPRESENTATION_ITEM('')
);
#2142=(
BOUNDED_CURVE()
B_SPLINE_CURVE(1,(#5064,#5065),.UNSPECIFIED.,.F.,.F.)
B_SPLINE_CURVE_WITH_KNOTS((2,2),(0.,4.),.UNSPECIFIED.)
CURVE()
GEOMETRIC_REPRESENTATION_ITEM()
RATIONAL_B_SPLINE_CURVE((1.,1.))
REPRESENTATION_ITEM('')
);
#2143=(
BOUNDED_CURVE()
B_SPLINE_CURVE(2,(#5066,#5067,#5068,#5069,#5070),.UNSPECIFIED.,.F.,.F.)
B_SPLINE_CURVE_WITH_KNOTS((3,2,3),(-62.7081222669802,-62.5067244761326,
-62.3053266852849),.UNSPECIFIED.)
CURVE()
GEOMETRIC_REPRESENTATION_ITEM()
RATIONAL_B_SPLINE_CURVE((1.,0.875901865487773,1.,0.875901865487773,1.))
REPRESENTATION_ITEM('')
);
#2144=(
BOUNDED_CURVE()
B_SPLINE_CURVE(2,(#5071,#5072,#5073),.UNSPECIFIED.,.F.,.F.)
B_SPLINE_CURVE_WITH_KNOTS((3,3),(-62.3053266852849,-61.0374361638006),
 .UNSPECIFIED.)
CURVE()
GEOMETRIC_REPRESENTATION_ITEM()
RATIONAL_B_SPLINE_CURVE((1.,1.,1.))
REPRESENTATION_ITEM('')
);
#2145=(
BOUNDED_CURVE()
B_SPLINE_CURVE(1,(#5074,#5075),.UNSPECIFIED.,.F.,.F.)
B_SPLINE_CURVE_WITH_KNOTS((2,2),(0.,4.),.UNSPECIFIED.)
CURVE()
GEOMETRIC_REPRESENTATION_ITEM()
RATIONAL_B_SPLINE_CURVE((1.,1.))
REPRESENTATION_ITEM('')
);
#2146=(
BOUNDED_CURVE()
B_SPLINE_CURVE(2,(#5076,#5077,#5078),.UNSPECIFIED.,.F.,.F.)
B_SPLINE_CURVE_WITH_KNOTS((3,3),(-62.3053266852849,-61.0374361638006),
 .UNSPECIFIED.)
CURVE()
GEOMETRIC_REPRESENTATION_ITEM()
RATIONAL_B_SPLINE_CURVE((1.,1.,1.))
REPRESENTATION_ITEM('')
);
#2147=(
BOUNDED_CURVE()
B_SPLINE_CURVE(2,(#5079,#5080,#5081),.UNSPECIFIED.,.F.,.F.)
B_SPLINE_CURVE_WITH_KNOTS((3,3),(-61.0374361638006,-60.5207717229065),
 .UNSPECIFIED.)
CURVE()
GEOMETRIC_REPRESENTATION_ITEM()
RATIONAL_B_SPLINE_CURVE((1.,0.869471722018763,1.))
REPRESENTATION_ITEM('')
);
#2148=(
BOUNDED_CURVE()
B_SPLINE_CURVE(1,(#5082,#5083),.UNSPECIFIED.,.F.,.F.)
B_SPLINE_CURVE_WITH_KNOTS((2,2),(0.,4.),.UNSPECIFIED.)
CURVE()
GEOMETRIC_REPRESENTATION_ITEM()
RATIONAL_B_SPLINE_CURVE((1.,1.))
REPRESENTATION_ITEM('')
);
#2149=(
BOUNDED_CURVE()
B_SPLINE_CURVE(2,(#5084,#5085,#5086),.UNSPECIFIED.,.F.,.F.)
B_SPLINE_CURVE_WITH_KNOTS((3,3),(-61.0374361638006,-60.5207717229065),
 .UNSPECIFIED.)
CURVE()
GEOMETRIC_REPRESENTATION_ITEM()
RATIONAL_B_SPLINE_CURVE((1.,0.869471722018763,1.))
REPRESENTATION_ITEM('')
);
#2150=(
BOUNDED_CURVE()
B_SPLINE_CURVE(2,(#5087,#5088,#5089),.UNSPECIFIED.,.F.,.F.)
B_SPLINE_CURVE_WITH_KNOTS((3,3),(-60.5207717229065,-56.6393640759057),
 .UNSPECIFIED.)
CURVE()
GEOMETRIC_REPRESENTATION_ITEM()
RATIONAL_B_SPLINE_CURVE((1.,1.,1.))
REPRESENTATION_ITEM('')
);
#2151=(
BOUNDED_CURVE()
B_SPLINE_CURVE(2,(#5090,#5091,#5092),.UNSPECIFIED.,.F.,.F.)
B_SPLINE_CURVE_WITH_KNOTS((3,3),(-60.5207717229065,-56.639364075906),
 .UNSPECIFIED.)
CURVE()
GEOMETRIC_REPRESENTATION_ITEM()
RATIONAL_B_SPLINE_CURVE((1.,1.,1.))
REPRESENTATION_ITEM('')
);
#2152=(
BOUNDED_CURVE()
B_SPLINE_CURVE(2,(#5093,#5094,#5095,#5096,#5097),.UNSPECIFIED.,.F.,.F.)
B_SPLINE_CURVE_WITH_KNOTS((3,2,3),(338.691623939925,340.862802914493,343.03398188906),
 .UNSPECIFIED.)
CURVE()
GEOMETRIC_REPRESENTATION_ITEM()
RATIONAL_B_SPLINE_CURVE((1.,0.997765315548008,1.,0.997765315548009,1.))
REPRESENTATION_ITEM('')
);
#2153=(
BOUNDED_CURVE()
B_SPLINE_CURVE(1,(#5106,#5107),.UNSPECIFIED.,.F.,.F.)
B_SPLINE_CURVE_WITH_KNOTS((2,2),(0.,4.),.UNSPECIFIED.)
CURVE()
GEOMETRIC_REPRESENTATION_ITEM()
RATIONAL_B_SPLINE_CURVE((1.,1.))
REPRESENTATION_ITEM('')
);
#2154=(
BOUNDED_CURVE()
B_SPLINE_CURVE(2,(#5110,#5111,#5112),.UNSPECIFIED.,.F.,.F.)
B_SPLINE_CURVE_WITH_KNOTS((3,3),(0.,0.617042426566549),.UNSPECIFIED.)
CURVE()
GEOMETRIC_REPRESENTATION_ITEM()
RATIONAL_B_SPLINE_CURVE((1.,0.952783645094644,1.))
REPRESENTATION_ITEM('')
);
#2155=(
BOUNDED_CURVE()
B_SPLINE_CURVE(2,(#5113,#5114,#5115),.UNSPECIFIED.,.F.,.F.)
B_SPLINE_CURVE_WITH_KNOTS((3,3),(0.,0.617042426566549),.UNSPECIFIED.)
CURVE()
GEOMETRIC_REPRESENTATION_ITEM()
RATIONAL_B_SPLINE_CURVE((1.,0.952783645094645,1.))
REPRESENTATION_ITEM('')
);
#2156=(
BOUNDED_CURVE()
B_SPLINE_CURVE(2,(#5116,#5117,#5118,#5119,#5120,#5121,#5122),
 .UNSPECIFIED.,.F.,.F.)
B_SPLINE_CURVE_WITH_KNOTS((3,2,2,3),(-54.8768042638175,-54.8227922658578,
-54.4243424135474,-54.2904111608686),.UNSPECIFIED.)
CURVE()
GEOMETRIC_REPRESENTATION_ITEM()
RATIONAL_B_SPLINE_CURVE((1.,1.,1.,1.,1.,1.,1.))
REPRESENTATION_ITEM('')
);
#2157=(
BOUNDED_CURVE()
B_SPLINE_CURVE(2,(#5123,#5124,#5125,#5126,#5127,#5128,#5129),
 .UNSPECIFIED.,.F.,.F.)
B_SPLINE_CURVE_WITH_KNOTS((3,2,2,3),(-54.8768042638173,-54.8227922658578,
-54.4243424135474,-54.2904111608685),.UNSPECIFIED.)
CURVE()
GEOMETRIC_REPRESENTATION_ITEM()
RATIONAL_B_SPLINE_CURVE((1.,1.,1.,1.,1.,1.,1.))
REPRESENTATION_ITEM('')
);
#2158=(
BOUNDED_CURVE()
B_SPLINE_CURVE(2,(#5134,#5135,#5136),.UNSPECIFIED.,.F.,.F.)
B_SPLINE_CURVE_WITH_KNOTS((3,3),(0.,0.314159265359023),.UNSPECIFIED.)
CURVE()
GEOMETRIC_REPRESENTATION_ITEM()
RATIONAL_B_SPLINE_CURVE((1.,0.707106781186591,1.))
REPRESENTATION_ITEM('')
);
#2159=(
BOUNDED_CURVE()
B_SPLINE_CURVE(2,(#5137,#5138,#5139),.UNSPECIFIED.,.F.,.F.)
B_SPLINE_CURVE_WITH_KNOTS((3,3),(0.,0.314159265359023),.UNSPECIFIED.)
CURVE()
GEOMETRIC_REPRESENTATION_ITEM()
RATIONAL_B_SPLINE_CURVE((1.,0.707106781186592,1.))
REPRESENTATION_ITEM('')
);
#2160=(
BOUNDED_CURVE()
B_SPLINE_CURVE(2,(#5140,#5141,#5142),.UNSPECIFIED.,.F.,.F.)
B_SPLINE_CURVE_WITH_KNOTS((3,3),(-343.03398188906,-338.691623939925),
 .UNSPECIFIED.)
CURVE()
GEOMETRIC_REPRESENTATION_ITEM()
RATIONAL_B_SPLINE_CURVE((1.,0.991071249821231,1.))
REPRESENTATION_ITEM('')
);
#2161=(
BOUNDED_CURVE()
B_SPLINE_CURVE(2,(#5188,#5189,#5190,#5191,#5192,#5193,#5194,#5195,#5196),
 .UNSPECIFIED.,.T.,.F.)
B_SPLINE_CURVE_WITH_KNOTS((3,2,2,2,3),(0.,4.3453931271027,8.6907862542054,
13.0361793813081,17.3815725084108),.UNSPECIFIED.)
CURVE()
GEOMETRIC_REPRESENTATION_ITEM()
RATIONAL_B_SPLINE_CURVE((1.,0.707106781186548,1.,0.707106781186548,1.,0.707106781186548,
1.,0.707106781186548,1.))
REPRESENTATION_ITEM('')
);
#2162=(
BOUNDED_CURVE()
B_SPLINE_CURVE(1,(#5197,#5198),.UNSPECIFIED.,.F.,.F.)
B_SPLINE_CURVE_WITH_KNOTS((2,2),(0.,7.41777209055353),.UNSPECIFIED.)
CURVE()
GEOMETRIC_REPRESENTATION_ITEM()
RATIONAL_B_SPLINE_CURVE((1.,1.))
REPRESENTATION_ITEM('')
);
#2163=(
BOUNDED_CURVE()
B_SPLINE_CURVE(2,(#5199,#5200,#5201,#5202,#5203,#5204,#5205,#5206,#5207),
 .UNSPECIFIED.,.T.,.F.)
B_SPLINE_CURVE_WITH_KNOTS((3,2,2,2,3),(0.,1.51792138813384,3.03584277626768,
4.55376416440153,6.07168555253537),.UNSPECIFIED.)
CURVE()
GEOMETRIC_REPRESENTATION_ITEM()
RATIONAL_B_SPLINE_CURVE((1.,0.707106781186548,1.,0.707106781186548,1.,0.707106781186548,
1.,0.707106781186548,1.))
REPRESENTATION_ITEM('')
);
#2164=(
BOUNDED_CURVE()
B_SPLINE_CURVE(2,(#5208,#5209,#5210),.UNSPECIFIED.,.F.,.F.)
B_SPLINE_CURVE_WITH_KNOTS((3,3),(0.,2.82743339033948),.UNSPECIFIED.)
CURVE()
GEOMETRIC_REPRESENTATION_ITEM()
RATIONAL_B_SPLINE_CURVE((1.,0.707106781186557,1.))
REPRESENTATION_ITEM('')
);
#2165=(
BOUNDED_CURVE()
B_SPLINE_CURVE(2,(#5211,#5212,#5213,#5214,#5215,#5216,#5217,#5218,#5219),
 .UNSPECIFIED.,.T.,.F.)
B_SPLINE_CURVE_WITH_KNOTS((3,2,2,2,3),(0.,1.51792138813384,3.03584277626768,
4.55376416440153,6.07168555253537),.UNSPECIFIED.)
CURVE()
GEOMETRIC_REPRESENTATION_ITEM()
RATIONAL_B_SPLINE_CURVE((1.,0.707106781186548,1.,0.707106781186548,1.,0.707106781186548,
1.,0.707106781186548,1.))
REPRESENTATION_ITEM('')
);
#2166=(
BOUNDED_CURVE()
B_SPLINE_CURVE(2,(#5220,#5221,#5222,#5223,#5224,#5225,#5226,#5227,#5228),
 .UNSPECIFIED.,.T.,.F.)
B_SPLINE_CURVE_WITH_KNOTS((3,2,2,2,3),(0.,2.2776546738526,4.5553093477052,
6.8329640215578,9.1106186954104),.UNSPECIFIED.)
CURVE()
GEOMETRIC_REPRESENTATION_ITEM()
RATIONAL_B_SPLINE_CURVE((1.,0.707106781186548,1.,0.707106781186548,1.,0.707106781186548,
1.,0.707106781186548,1.))
REPRESENTATION_ITEM('')
);
#2167=(
BOUNDED_CURVE()
B_SPLINE_CURVE(2,(#5229,#5230,#5231,#5232,#5233,#5234,#5235,#5236,#5237),
 .UNSPECIFIED.,.T.,.F.)
B_SPLINE_CURVE_WITH_KNOTS((3,2,2,2,3),(0.,2.35619449019237,4.71238898038473,
7.0685834705771,9.42477796076946),.UNSPECIFIED.)
CURVE()
GEOMETRIC_REPRESENTATION_ITEM()
RATIONAL_B_SPLINE_CURVE((1.,0.707106781186548,1.,0.707106781186548,1.,0.707106781186548,
1.,0.707106781186548,1.))
REPRESENTATION_ITEM('')
);
#2168=(
BOUNDED_CURVE()
B_SPLINE_CURVE(1,(#5238,#5239),.UNSPECIFIED.,.F.,.F.)
B_SPLINE_CURVE_WITH_KNOTS((2,2),(0.,4.91249136747667),.UNSPECIFIED.)
CURVE()
GEOMETRIC_REPRESENTATION_ITEM()
RATIONAL_B_SPLINE_CURVE((1.,1.))
REPRESENTATION_ITEM('')
);
#2169=(
BOUNDED_CURVE()
B_SPLINE_CURVE(2,(#5240,#5241,#5242,#5243,#5244,#5245,#5246,#5247,#5248),
 .UNSPECIFIED.,.T.,.F.)
B_SPLINE_CURVE_WITH_KNOTS((3,2,2,2,3),(0.,2.35619449019237,4.71238898038473,
7.0685834705771,9.42477796076946),.UNSPECIFIED.)
CURVE()
GEOMETRIC_REPRESENTATION_ITEM()
RATIONAL_B_SPLINE_CURVE((1.,0.707106781186548,1.,0.707106781186548,1.,0.707106781186548,
1.,0.707106781186548,1.))
REPRESENTATION_ITEM('')
);
#2170=(
BOUNDED_CURVE()
B_SPLINE_CURVE(2,(#5249,#5250,#5251,#5252,#5253,#5254,#5255,#5256,#5257),
 .UNSPECIFIED.,.T.,.F.)
B_SPLINE_CURVE_WITH_KNOTS((3,2,2,2,3),(-9.1106186954104,-6.8329640215578,
-4.5553093477052,-2.2776546738526,0.),.UNSPECIFIED.)
CURVE()
GEOMETRIC_REPRESENTATION_ITEM()
RATIONAL_B_SPLINE_CURVE((1.,0.707106781186548,1.,0.707106781186548,1.,0.707106781186548,
1.,0.707106781186548,1.))
REPRESENTATION_ITEM('')
);
#2171=(
BOUNDED_CURVE()
B_SPLINE_CURVE(1,(#5258,#5259),.UNSPECIFIED.,.F.,.F.)
B_SPLINE_CURVE_WITH_KNOTS((2,2),(7.00000000000001,7.41777209055352),
 .UNSPECIFIED.)
CURVE()
GEOMETRIC_REPRESENTATION_ITEM()
RATIONAL_B_SPLINE_CURVE((1.,1.))
REPRESENTATION_ITEM('')
);
#2172=(
BOUNDED_CURVE()
B_SPLINE_CURVE(2,(#5268,#5269,#5270,#5271,#5272,#5273,#5274,#5275,#5276),
 .UNSPECIFIED.,.T.,.F.)
B_SPLINE_CURVE_WITH_KNOTS((3,2,2,2,3),(0.,4.34539312983787,8.69078625967573,
13.0361793895136,17.3815725193515),.UNSPECIFIED.)
CURVE()
GEOMETRIC_REPRESENTATION_ITEM()
RATIONAL_B_SPLINE_CURVE((1.,0.707106781186548,1.,0.707106781186548,1.,0.707106781186548,
1.,0.707106781186548,1.))
REPRESENTATION_ITEM('')
);
#2173=(
BOUNDED_CURVE()
B_SPLINE_CURVE(1,(#5277,#5278),.UNSPECIFIED.,.F.,.F.)
B_SPLINE_CURVE_WITH_KNOTS((2,2),(0.,30.),.UNSPECIFIED.)
CURVE()
GEOMETRIC_REPRESENTATION_ITEM()
RATIONAL_B_SPLINE_CURVE((1.,1.))
REPRESENTATION_ITEM('')
);
#2174=(
BOUNDED_CURVE()
B_SPLINE_CURVE(2,(#5279,#5280,#5281,#5282,#5283,#5284,#5285,#5286,#5287),
 .UNSPECIFIED.,.T.,.F.)
B_SPLINE_CURVE_WITH_KNOTS((3,2,2,2,3),(0.,4.34539312983787,8.69078625967573,
13.0361793895136,17.3815725193515),.UNSPECIFIED.)
CURVE()
GEOMETRIC_REPRESENTATION_ITEM()
RATIONAL_B_SPLINE_CURVE((1.,0.707106781186548,1.,0.707106781186548,1.,0.707106781186548,
1.,0.707106781186548,1.))
REPRESENTATION_ITEM('')
);
#2175=(
BOUNDED_CURVE()
B_SPLINE_CURVE(2,(#5288,#5289,#5290,#5291,#5292,#5293,#5294,#5295,#5296),
 .UNSPECIFIED.,.T.,.F.)
B_SPLINE_CURVE_WITH_KNOTS((3,2,2,2,3),(17.3815725193515,19.8948466422233,
22.4081207650951,24.9213948879669,27.4346690108388),.UNSPECIFIED.)
CURVE()
GEOMETRIC_REPRESENTATION_ITEM()
RATIONAL_B_SPLINE_CURVE((1.,0.707106781186548,1.,0.707106781186548,1.,0.707106781186548,
1.,0.707106781186548,1.))
REPRESENTATION_ITEM('')
);
#2176=(
BOUNDED_CURVE()
B_SPLINE_CURVE(1,(#5297,#5298),.UNSPECIFIED.,.F.,.F.)
B_SPLINE_CURVE_WITH_KNOTS((2,2),(0.,30.),.UNSPECIFIED.)
CURVE()
GEOMETRIC_REPRESENTATION_ITEM()
RATIONAL_B_SPLINE_CURVE((1.,1.))
REPRESENTATION_ITEM('')
);
#2177=(
BOUNDED_CURVE()
B_SPLINE_CURVE(2,(#5299,#5300,#5301,#5302,#5303,#5304,#5305,#5306,#5307),
 .UNSPECIFIED.,.T.,.F.)
B_SPLINE_CURVE_WITH_KNOTS((3,2,2,2,3),(17.3815725193515,19.8948466422233,
22.4081207650951,24.9213948879669,27.4346690108388),.UNSPECIFIED.)
CURVE()
GEOMETRIC_REPRESENTATION_ITEM()
RATIONAL_B_SPLINE_CURVE((1.,0.707106781186548,1.,0.707106781186548,1.,0.707106781186548,
1.,0.707106781186548,1.))
REPRESENTATION_ITEM('')
);
#2178=B_SPLINE_CURVE_WITH_KNOTS('',1,(#3721,#3722),.UNSPECIFIED.,.F.,.F.,
(2,2),(0.,7.),.UNSPECIFIED.);
#2179=B_SPLINE_CURVE_WITH_KNOTS('',1,(#3723,#3724),.UNSPECIFIED.,.F.,.F.,
(2,2),(0.,7.),.UNSPECIFIED.);
#2180=B_SPLINE_CURVE_WITH_KNOTS('',1,(#3725,#3726),.UNSPECIFIED.,.F.,.F.,
(2,2),(8.18639620197305,9.30187148367708),.UNSPECIFIED.);
#2181=B_SPLINE_CURVE_WITH_KNOTS('',1,(#3727,#3728),.UNSPECIFIED.,.F.,.F.,
(2,2),(8.18639620197305,9.30187148367707),.UNSPECIFIED.);
#2182=B_SPLINE_CURVE_WITH_KNOTS('',1,(#3729,#3730),.UNSPECIFIED.,.F.,.F.,
(2,2),(0.,7.),.UNSPECIFIED.);
#2183=B_SPLINE_CURVE_WITH_KNOTS('',1,(#3731,#3732),.UNSPECIFIED.,.F.,.F.,
(2,2),(0.,7.),.UNSPECIFIED.);
#2184=B_SPLINE_CURVE_WITH_KNOTS('',1,(#3733,#3734),.UNSPECIFIED.,.F.,.F.,
(2,2),(8.18639620197305,9.30187148367702),.UNSPECIFIED.);
#2185=B_SPLINE_CURVE_WITH_KNOTS('',1,(#3735,#3736),.UNSPECIFIED.,.F.,.F.,
(2,2),(8.18639620197305,9.30187148367706),.UNSPECIFIED.);
#2186=B_SPLINE_CURVE_WITH_KNOTS('',1,(#3894,#3895),.UNSPECIFIED.,.F.,.F.,
(2,2),(0.,0.00988370746345387),.UNSPECIFIED.);
#2187=B_SPLINE_CURVE_WITH_KNOTS('',1,(#3896,#3897),.UNSPECIFIED.,.F.,.F.,
(2,2),(0.,3.00139075688358),.UNSPECIFIED.);
#2188=B_SPLINE_CURVE_WITH_KNOTS('',1,(#3898,#3899),.UNSPECIFIED.,.F.,.F.,
(2,2),(-34.,-31.4739543664984),.UNSPECIFIED.);
#2189=B_SPLINE_CURVE_WITH_KNOTS('',1,(#3900,#3901),.UNSPECIFIED.,.F.,.F.,
(2,2),(5.52284266286648,5.5327263703299),.UNSPECIFIED.);
#2190=B_SPLINE_CURVE_WITH_KNOTS('',1,(#3925,#3926),.UNSPECIFIED.,.F.,.F.,
(2,2),(-0.00993312600076022,0.),.UNSPECIFIED.);
#2191=B_SPLINE_CURVE_WITH_KNOTS('',1,(#3927,#3928),.UNSPECIFIED.,.F.,.F.,
(2,2),(37.4892860422521,41.2616983042333),.UNSPECIFIED.);
#2192=B_SPLINE_CURVE_WITH_KNOTS('',1,(#3929,#3930),.UNSPECIFIED.,.F.,.F.,
(2,2),(33.9657154471944,33.9773821374255),.UNSPECIFIED.);
#2193=B_SPLINE_CURVE_WITH_KNOTS('',1,(#3946,#3947),.UNSPECIFIED.,.F.,.F.,
(2,2),(31.4739543664984,34.),.UNSPECIFIED.);
#2194=B_SPLINE_CURVE_WITH_KNOTS('',1,(#3948,#3949),.UNSPECIFIED.,.F.,.F.,
(2,2),(31.4739543664984,34.),.UNSPECIFIED.);
#2195=B_SPLINE_CURVE_WITH_KNOTS('',1,(#3950,#3951),.UNSPECIFIED.,.F.,.F.,
(2,2),(31.4739543664984,34.),.UNSPECIFIED.);
#2196=B_SPLINE_CURVE_WITH_KNOTS('',1,(#3952,#3953),.UNSPECIFIED.,.F.,.F.,
(2,2),(0.,0.00988370746345387),.UNSPECIFIED.);
#2197=B_SPLINE_CURVE_WITH_KNOTS('',1,(#3954,#3955),.UNSPECIFIED.,.F.,.F.,
(2,2),(0.,3.00139075685293),.UNSPECIFIED.);
#2198=B_SPLINE_CURVE_WITH_KNOTS('',1,(#3956,#3957),.UNSPECIFIED.,.F.,.F.,
(2,2),(-34.,-31.4739543664984),.UNSPECIFIED.);
#2199=B_SPLINE_CURVE_WITH_KNOTS('',1,(#3958,#3959),.UNSPECIFIED.,.F.,.F.,
(2,2),(5.52284266286648,5.5327263703299),.UNSPECIFIED.);
#2200=B_SPLINE_CURVE_WITH_KNOTS('',1,(#3983,#3984),.UNSPECIFIED.,.F.,.F.,
(2,2),(1.92427786377203,1.93594455400314),.UNSPECIFIED.);
#2201=B_SPLINE_CURVE_WITH_KNOTS('',1,(#3985,#3986),.UNSPECIFIED.,.F.,.F.,
(2,2),(0.0126266423746504,3.7850389043586),.UNSPECIFIED.);
#2202=B_SPLINE_CURVE_WITH_KNOTS('',1,(#3987,#3988),.UNSPECIFIED.,.F.,.F.,
(2,2),(-3.510943952683,-3.49927726245194),.UNSPECIFIED.);
#2203=B_SPLINE_CURVE_WITH_KNOTS('',1,(#4004,#4005),.UNSPECIFIED.,.F.,.F.,
(2,2),(31.4739543664984,34.),.UNSPECIFIED.);
#2204=B_SPLINE_CURVE_WITH_KNOTS('',1,(#4006,#4007),.UNSPECIFIED.,.F.,.F.,
(2,2),(31.4739543664984,34.),.UNSPECIFIED.);
#2205=B_SPLINE_CURVE_WITH_KNOTS('',1,(#4008,#4009),.UNSPECIFIED.,.F.,.F.,
(2,2),(31.4739543664984,34.),.UNSPECIFIED.);
#2206=B_SPLINE_CURVE_WITH_KNOTS('',1,(#4010,#4011),.UNSPECIFIED.,.F.,.F.,
(2,2),(0.,0.00988370746345387),.UNSPECIFIED.);
#2207=B_SPLINE_CURVE_WITH_KNOTS('',1,(#4012,#4013),.UNSPECIFIED.,.F.,.F.,
(2,2),(0.,3.00139075685292),.UNSPECIFIED.);
#2208=B_SPLINE_CURVE_WITH_KNOTS('',1,(#4014,#4015),.UNSPECIFIED.,.F.,.F.,
(2,2),(-34.,-31.4739543664984),.UNSPECIFIED.);
#2209=B_SPLINE_CURVE_WITH_KNOTS('',1,(#4016,#4017),.UNSPECIFIED.,.F.,.F.,
(2,2),(5.52284266286648,5.5327263703299),.UNSPECIFIED.);
#2210=B_SPLINE_CURVE_WITH_KNOTS('',1,(#4041,#4042),.UNSPECIFIED.,.F.,.F.,
(2,2),(-32.4023815421317,-32.3907148519006),.UNSPECIFIED.);
#2211=B_SPLINE_CURVE_WITH_KNOTS('',1,(#4043,#4044),.UNSPECIFIED.,.F.,.F.,
(2,2),(-5.5327263703299,-2.32086031376785),.UNSPECIFIED.);
#2212=B_SPLINE_CURVE_WITH_KNOTS('',1,(#4045,#4046),.UNSPECIFIED.,.F.,.F.,
(2,2),(-5.5327263703299,-5.52279324432916),.UNSPECIFIED.);
#2213=B_SPLINE_CURVE_WITH_KNOTS('',1,(#4062,#4063),.UNSPECIFIED.,.F.,.F.,
(2,2),(31.4739543664984,34.),.UNSPECIFIED.);
#2214=B_SPLINE_CURVE_WITH_KNOTS('',1,(#4064,#4065),.UNSPECIFIED.,.F.,.F.,
(2,2),(31.4739543664984,34.),.UNSPECIFIED.);
#2215=B_SPLINE_CURVE_WITH_KNOTS('',1,(#4066,#4067),.UNSPECIFIED.,.F.,.F.,
(2,2),(31.4739543664984,34.),.UNSPECIFIED.);
#2216=B_SPLINE_CURVE_WITH_KNOTS('',1,(#4068,#4069),.UNSPECIFIED.,.F.,.F.,
(2,2),(0.,0.00988370746345387),.UNSPECIFIED.);
#2217=B_SPLINE_CURVE_WITH_KNOTS('',1,(#4070,#4071),.UNSPECIFIED.,.F.,.F.,
(2,2),(0.,3.00139075688362),.UNSPECIFIED.);
#2218=B_SPLINE_CURVE_WITH_KNOTS('',1,(#4072,#4073),.UNSPECIFIED.,.F.,.F.,
(2,2),(-34.,-31.4739543664984),.UNSPECIFIED.);
#2219=B_SPLINE_CURVE_WITH_KNOTS('',1,(#4074,#4075),.UNSPECIFIED.,.F.,.F.,
(2,2),(5.52284266286648,5.5327263703299),.UNSPECIFIED.);
#2220=B_SPLINE_CURVE_WITH_KNOTS('',1,(#4102,#4103),.UNSPECIFIED.,.F.,.F.,
(2,2),(-0.00993312600076324,0.),.UNSPECIFIED.);
#2221=B_SPLINE_CURVE_WITH_KNOTS('',1,(#4104,#4105),.UNSPECIFIED.,.F.,.F.,
(2,2),(-5.5327263703299,-2.32086031377013),.UNSPECIFIED.);
#2222=B_SPLINE_CURVE_WITH_KNOTS('',1,(#4106,#4107),.UNSPECIFIED.,.F.,.F.,
(2,2),(-5.5327263703299,-5.52279324432916),.UNSPECIFIED.);
#2223=B_SPLINE_CURVE_WITH_KNOTS('',1,(#4125,#4126),.UNSPECIFIED.,.F.,.F.,
(2,2),(31.4739543664984,34.),.UNSPECIFIED.);
#2224=B_SPLINE_CURVE_WITH_KNOTS('',1,(#4127,#4128),.UNSPECIFIED.,.F.,.F.,
(2,2),(31.4739543664984,34.),.UNSPECIFIED.);
#2225=B_SPLINE_CURVE_WITH_KNOTS('',1,(#4129,#4130),.UNSPECIFIED.,.F.,.F.,
(2,2),(31.4739543664984,34.),.UNSPECIFIED.);
#2226=B_SPLINE_CURVE_WITH_KNOTS('',1,(#4131,#4132),.UNSPECIFIED.,.F.,.F.,
(2,2),(-3.00139075688362,0.),.UNSPECIFIED.);
#2227=B_SPLINE_CURVE_WITH_KNOTS('',1,(#4138,#4139),.UNSPECIFIED.,.F.,.F.,
(2,2),(2.32086031553548,5.5327263703299),.UNSPECIFIED.);
#2228=B_SPLINE_CURVE_WITH_KNOTS('',1,(#4140,#4141),.UNSPECIFIED.,.F.,.F.,
(2,2),(0.,2.96690003866004),.UNSPECIFIED.);
#2229=B_SPLINE_CURVE_WITH_KNOTS('',1,(#4146,#4147),.UNSPECIFIED.,.F.,.F.,
(2,2),(0.,2.96690003866004),.UNSPECIFIED.);
#2230=B_SPLINE_CURVE_WITH_KNOTS('',1,(#4160,#4161),.UNSPECIFIED.,.F.,.F.,
(2,2),(-5.11283011276271,-1.58762604105451),.UNSPECIFIED.);
#2231=B_SPLINE_CURVE_WITH_KNOTS('',1,(#4165,#4166),.UNSPECIFIED.,.F.,.F.,
(2,2),(2.3208603155331,5.5327263703299),.UNSPECIFIED.);
#2232=B_SPLINE_CURVE_WITH_KNOTS('',1,(#4171,#4172),.UNSPECIFIED.,.F.,.F.,
(2,2),(0.,2.96690003866004),.UNSPECIFIED.);
#2233=B_SPLINE_CURVE_WITH_KNOTS('',1,(#4173,#4174),.UNSPECIFIED.,.F.,.F.,
(2,2),(0.,2.96690003866004),.UNSPECIFIED.);
#2234=B_SPLINE_CURVE_WITH_KNOTS('',1,(#4187,#4188),.UNSPECIFIED.,.F.,.F.,
(2,2),(-39.4394895186666,-35.9142854469583),.UNSPECIFIED.);
#2235=B_SPLINE_CURVE_WITH_KNOTS('',1,(#4194,#4195),.UNSPECIFIED.,.F.,.F.,
(2,2),(2.32086031376956,5.5327263703299),.UNSPECIFIED.);
#2236=B_SPLINE_CURVE_WITH_KNOTS('',1,(#4196,#4197),.UNSPECIFIED.,.F.,.F.,
(2,2),(0.,2.96690003866004),.UNSPECIFIED.);
#2237=B_SPLINE_CURVE_WITH_KNOTS('',1,(#4202,#4203),.UNSPECIFIED.,.F.,.F.,
(2,2),(0.,2.96690003866004),.UNSPECIFIED.);
#2238=B_SPLINE_CURVE_WITH_KNOTS('',1,(#4219,#4220),.UNSPECIFIED.,.F.,.F.,
(2,2),(2.32086031377185,5.5327263703299),.UNSPECIFIED.);
#2239=B_SPLINE_CURVE_WITH_KNOTS('',1,(#4223,#4224),.UNSPECIFIED.,.F.,.F.,
(2,2),(0.,2.96690003866004),.UNSPECIFIED.);
#2240=B_SPLINE_CURVE_WITH_KNOTS('',1,(#4231,#4232),.UNSPECIFIED.,.F.,.F.,
(2,2),(-3.00139075688357,0.),.UNSPECIFIED.);
#2241=B_SPLINE_CURVE_WITH_KNOTS('',1,(#4235,#4236),.UNSPECIFIED.,.F.,.F.,
(2,2),(0.,2.96690003866004),.UNSPECIFIED.);
#2242=B_SPLINE_CURVE_WITH_KNOTS('',1,(#4315,#4316),.UNSPECIFIED.,.F.,.F.,
(2,2),(0.,6.99999999999999),.UNSPECIFIED.);
#2243=B_SPLINE_CURVE_WITH_KNOTS('',1,(#4325,#4326),.UNSPECIFIED.,.F.,.F.,
(2,2),(1.37016049547854E-15,7.),.UNSPECIFIED.);
#2244=B_SPLINE_CURVE_WITH_KNOTS('',1,(#4343,#4344),.UNSPECIFIED.,.F.,.F.,
(2,2),(24.6850355145732,25.8005107948835),.UNSPECIFIED.);
#2245=B_SPLINE_CURVE_WITH_KNOTS('',1,(#4345,#4346),.UNSPECIFIED.,.F.,.F.,
(2,2),(24.6850355145733,25.8005107948835),.UNSPECIFIED.);
#2246=B_SPLINE_CURVE_WITH_KNOTS('',1,(#4347,#4348),.UNSPECIFIED.,.F.,.F.,
(2,2),(0.,7.00000000000001),.UNSPECIFIED.);
#2247=B_SPLINE_CURVE_WITH_KNOTS('',1,(#4367,#4368),.UNSPECIFIED.,.F.,.F.,
(2,2),(24.6850355145733,25.8005107948835),.UNSPECIFIED.);
#2248=B_SPLINE_CURVE_WITH_KNOTS('',1,(#4369,#4370),.UNSPECIFIED.,.F.,.F.,
(2,2),(24.6850355145733,25.8005107948835),.UNSPECIFIED.);
#2249=B_SPLINE_CURVE_WITH_KNOTS('',1,(#4371,#4372),.UNSPECIFIED.,.F.,.F.,
(2,2),(0.,7.),.UNSPECIFIED.);
#2250=B_SPLINE_CURVE_WITH_KNOTS('',1,(#4381,#4382),.UNSPECIFIED.,.F.,.F.,
(2,2),(0.,5.99999999999986),.UNSPECIFIED.);
#2251=B_SPLINE_CURVE_WITH_KNOTS('',1,(#4383,#4384),.UNSPECIFIED.,.F.,.F.,
(2,2),(0.,2.),.UNSPECIFIED.);
#2252=B_SPLINE_CURVE_WITH_KNOTS('',1,(#4385,#4386),.UNSPECIFIED.,.F.,.F.,
(2,2),(5.99999999999986,6.99999999999978),.UNSPECIFIED.);
#2253=B_SPLINE_CURVE_WITH_KNOTS('',1,(#4387,#4388),.UNSPECIFIED.,.F.,.F.,
(2,2),(0.,6.00000000000021),.UNSPECIFIED.);
#2254=B_SPLINE_CURVE_WITH_KNOTS('',1,(#4389,#4390),.UNSPECIFIED.,.F.,.F.,
(2,2),(6.00000000000021,8.00000000000037),.UNSPECIFIED.);
#2255=B_SPLINE_CURVE_WITH_KNOTS('',1,(#4391,#4392),.UNSPECIFIED.,.F.,.F.,
(2,2),(17.866068747319,23.7321374946375),.UNSPECIFIED.);
#2256=B_SPLINE_CURVE_WITH_KNOTS('',1,(#4393,#4394),.UNSPECIFIED.,.F.,.F.,
(2,2),(0.,4.84466906805768),.UNSPECIFIED.);
#2257=B_SPLINE_CURVE_WITH_KNOTS('',1,(#4395,#4396),.UNSPECIFIED.,.F.,.F.,
(2,2),(0.,8.53927883751126),.UNSPECIFIED.);
#2258=B_SPLINE_CURVE_WITH_KNOTS('',1,(#4397,#4398),.UNSPECIFIED.,.F.,.F.,
(2,2),(14.9999999999996,15.9999999999996),.UNSPECIFIED.);
#2259=B_SPLINE_CURVE_WITH_KNOTS('',1,(#4399,#4400),.UNSPECIFIED.,.F.,.F.,
(2,2),(4.4335317233443,9.27820079140198),.UNSPECIFIED.);
#2260=B_SPLINE_CURVE_WITH_KNOTS('',1,(#4401,#4402),.UNSPECIFIED.,.F.,.F.,
(2,2),(0.,6.00000000000004),.UNSPECIFIED.);
#2261=B_SPLINE_CURVE_WITH_KNOTS('',1,(#4403,#4404),.UNSPECIFIED.,.F.,.F.,
(2,2),(0.,6.00000000000004),.UNSPECIFIED.);
#2262=B_SPLINE_CURVE_WITH_KNOTS('',1,(#4405,#4406),.UNSPECIFIED.,.F.,.F.,
(2,2),(-1.,0.),.UNSPECIFIED.);
#2263=B_SPLINE_CURVE_WITH_KNOTS('',1,(#4407,#4408),.UNSPECIFIED.,.F.,.F.,
(2,2),(0.,1.),.UNSPECIFIED.);
#2264=B_SPLINE_CURVE_WITH_KNOTS('',1,(#4409,#4410),.UNSPECIFIED.,.F.,.F.,
(2,2),(-6.00000000000021,-4.00000000000012),.UNSPECIFIED.);
#2265=B_SPLINE_CURVE_WITH_KNOTS('',1,(#4411,#4412),.UNSPECIFIED.,.F.,.F.,
(2,2),(-0.933034373659229,1.61492205215403),.UNSPECIFIED.);
#2266=B_SPLINE_CURVE_WITH_KNOTS('',1,(#4413,#4414),.UNSPECIFIED.,.F.,.F.,
(2,2),(13.8660687473189,17.866068747319),.UNSPECIFIED.);
#2267=B_SPLINE_CURVE_WITH_KNOTS('',1,(#4415,#4416),.UNSPECIFIED.,.F.,.F.,
(2,2),(1.,7.27820079140198),.UNSPECIFIED.);
#2268=B_SPLINE_CURVE_WITH_KNOTS('',1,(#4417,#4418),.UNSPECIFIED.,.F.,.F.,
(2,2),(0.,5.99999999999986),.UNSPECIFIED.);
#2269=B_SPLINE_CURVE_WITH_KNOTS('',1,(#4419,#4420),.UNSPECIFIED.,.F.,.F.,
(2,2),(0.,2.),.UNSPECIFIED.);
#2270=B_SPLINE_CURVE_WITH_KNOTS('',1,(#4421,#4422),.UNSPECIFIED.,.F.,.F.,
(2,2),(5.99999999999986,6.99999999999978),.UNSPECIFIED.);
#2271=B_SPLINE_CURVE_WITH_KNOTS('',1,(#4423,#4424),.UNSPECIFIED.,.F.,.F.,
(2,2),(0.,6.00000000000021),.UNSPECIFIED.);
#2272=B_SPLINE_CURVE_WITH_KNOTS('',1,(#4425,#4426),.UNSPECIFIED.,.F.,.F.,
(2,2),(6.00000000000021,8.00000000000037),.UNSPECIFIED.);
#2273=B_SPLINE_CURVE_WITH_KNOTS('',1,(#4427,#4428),.UNSPECIFIED.,.F.,.F.,
(2,2),(17.866068747319,23.7321374946375),.UNSPECIFIED.);
#2274=B_SPLINE_CURVE_WITH_KNOTS('',1,(#4429,#4430),.UNSPECIFIED.,.F.,.F.,
(2,2),(0.,4.84466906805768),.UNSPECIFIED.);
#2275=B_SPLINE_CURVE_WITH_KNOTS('',1,(#4431,#4432),.UNSPECIFIED.,.F.,.F.,
(2,2),(0.,8.53927883751126),.UNSPECIFIED.);
#2276=B_SPLINE_CURVE_WITH_KNOTS('',1,(#4433,#4434),.UNSPECIFIED.,.F.,.F.,
(2,2),(14.9999999999996,15.9999999999996),.UNSPECIFIED.);
#2277=B_SPLINE_CURVE_WITH_KNOTS('',1,(#4435,#4436),.UNSPECIFIED.,.F.,.F.,
(2,2),(4.4335317233443,9.27820079140198),.UNSPECIFIED.);
#2278=B_SPLINE_CURVE_WITH_KNOTS('',1,(#4437,#4438),.UNSPECIFIED.,.F.,.F.,
(2,2),(0.,6.00000000000004),.UNSPECIFIED.);
#2279=B_SPLINE_CURVE_WITH_KNOTS('',1,(#4439,#4440),.UNSPECIFIED.,.F.,.F.,
(2,2),(0.,6.00000000000004),.UNSPECIFIED.);
#2280=B_SPLINE_CURVE_WITH_KNOTS('',1,(#4441,#4442),.UNSPECIFIED.,.F.,.F.,
(2,2),(-1.,0.),.UNSPECIFIED.);
#2281=B_SPLINE_CURVE_WITH_KNOTS('',1,(#4443,#4444),.UNSPECIFIED.,.F.,.F.,
(2,2),(0.,1.),.UNSPECIFIED.);
#2282=B_SPLINE_CURVE_WITH_KNOTS('',1,(#4445,#4446),.UNSPECIFIED.,.F.,.F.,
(2,2),(-6.00000000000021,-4.00000000000012),.UNSPECIFIED.);
#2283=B_SPLINE_CURVE_WITH_KNOTS('',1,(#4447,#4448),.UNSPECIFIED.,.F.,.F.,
(2,2),(-0.933034373659229,1.61492205215403),.UNSPECIFIED.);
#2284=B_SPLINE_CURVE_WITH_KNOTS('',1,(#4449,#4450),.UNSPECIFIED.,.F.,.F.,
(2,2),(13.8660687473189,17.866068747319),.UNSPECIFIED.);
#2285=B_SPLINE_CURVE_WITH_KNOTS('',1,(#4451,#4452),.UNSPECIFIED.,.F.,.F.,
(2,2),(1.,7.27820079140198),.UNSPECIFIED.);
#2286=B_SPLINE_CURVE_WITH_KNOTS('',1,(#4453,#4454),.UNSPECIFIED.,.F.,.F.,
(2,2),(0.,5.99999999999986),.UNSPECIFIED.);
#2287=B_SPLINE_CURVE_WITH_KNOTS('',1,(#4455,#4456),.UNSPECIFIED.,.F.,.F.,
(2,2),(0.,2.),.UNSPECIFIED.);
#2288=B_SPLINE_CURVE_WITH_KNOTS('',1,(#4457,#4458),.UNSPECIFIED.,.F.,.F.,
(2,2),(5.99999999999986,6.99999999999978),.UNSPECIFIED.);
#2289=B_SPLINE_CURVE_WITH_KNOTS('',1,(#4459,#4460),.UNSPECIFIED.,.F.,.F.,
(2,2),(0.,6.00000000000021),.UNSPECIFIED.);
#2290=B_SPLINE_CURVE_WITH_KNOTS('',1,(#4461,#4462),.UNSPECIFIED.,.F.,.F.,
(2,2),(6.00000000000021,8.00000000000037),.UNSPECIFIED.);
#2291=B_SPLINE_CURVE_WITH_KNOTS('',1,(#4463,#4464),.UNSPECIFIED.,.F.,.F.,
(2,2),(17.866068747319,23.7321374946375),.UNSPECIFIED.);
#2292=B_SPLINE_CURVE_WITH_KNOTS('',1,(#4465,#4466),.UNSPECIFIED.,.F.,.F.,
(2,2),(0.,4.84466906805768),.UNSPECIFIED.);
#2293=B_SPLINE_CURVE_WITH_KNOTS('',1,(#4467,#4468),.UNSPECIFIED.,.F.,.F.,
(2,2),(0.,8.53927883751126),.UNSPECIFIED.);
#2294=B_SPLINE_CURVE_WITH_KNOTS('',1,(#4469,#4470),.UNSPECIFIED.,.F.,.F.,
(2,2),(14.9999999999996,15.9999999999996),.UNSPECIFIED.);
#2295=B_SPLINE_CURVE_WITH_KNOTS('',1,(#4471,#4472),.UNSPECIFIED.,.F.,.F.,
(2,2),(4.4335317233443,9.27820079140198),.UNSPECIFIED.);
#2296=B_SPLINE_CURVE_WITH_KNOTS('',1,(#4473,#4474),.UNSPECIFIED.,.F.,.F.,
(2,2),(0.,6.00000000000004),.UNSPECIFIED.);
#2297=B_SPLINE_CURVE_WITH_KNOTS('',1,(#4475,#4476),.UNSPECIFIED.,.F.,.F.,
(2,2),(0.,6.00000000000004),.UNSPECIFIED.);
#2298=B_SPLINE_CURVE_WITH_KNOTS('',1,(#4477,#4478),.UNSPECIFIED.,.F.,.F.,
(2,2),(-1.,0.),.UNSPECIFIED.);
#2299=B_SPLINE_CURVE_WITH_KNOTS('',1,(#4479,#4480),.UNSPECIFIED.,.F.,.F.,
(2,2),(0.,1.),.UNSPECIFIED.);
#2300=B_SPLINE_CURVE_WITH_KNOTS('',1,(#4481,#4482),.UNSPECIFIED.,.F.,.F.,
(2,2),(-6.00000000000021,-4.00000000000012),.UNSPECIFIED.);
#2301=B_SPLINE_CURVE_WITH_KNOTS('',1,(#4483,#4484),.UNSPECIFIED.,.F.,.F.,
(2,2),(-0.933034373659229,1.61492205215403),.UNSPECIFIED.);
#2302=B_SPLINE_CURVE_WITH_KNOTS('',1,(#4485,#4486),.UNSPECIFIED.,.F.,.F.,
(2,2),(13.8660687473189,17.866068747319),.UNSPECIFIED.);
#2303=B_SPLINE_CURVE_WITH_KNOTS('',1,(#4487,#4488),.UNSPECIFIED.,.F.,.F.,
(2,2),(1.,7.27820079140198),.UNSPECIFIED.);
#2304=B_SPLINE_CURVE_WITH_KNOTS('',1,(#4489,#4490),.UNSPECIFIED.,.F.,.F.,
(2,2),(-3.5,2.27820079140198),.UNSPECIFIED.);
#2305=B_SPLINE_CURVE_WITH_KNOTS('',1,(#4491,#4492),.UNSPECIFIED.,.F.,.F.,
(2,2),(-4.39648317751562E-14,3.99999999999996),.UNSPECIFIED.);
#2306=B_SPLINE_CURVE_WITH_KNOTS('',1,(#4493,#4494),.UNSPECIFIED.,.F.,.F.,
(2,2),(2.22044604925031E-16,4.0000000000001),.UNSPECIFIED.);
#2307=B_SPLINE_CURVE_WITH_KNOTS('',1,(#4501,#4502),.UNSPECIFIED.,.F.,.F.,
(2,2),(-3.5,2.27820079140198),.UNSPECIFIED.);
#2308=B_SPLINE_CURVE_WITH_KNOTS('',1,(#4503,#4504),.UNSPECIFIED.,.F.,.F.,
(2,2),(0.,4.0000000000001),.UNSPECIFIED.);
#2309=B_SPLINE_CURVE_WITH_KNOTS('',1,(#4513,#4514),.UNSPECIFIED.,.F.,.F.,
(2,2),(-3.5,2.27820079140198),.UNSPECIFIED.);
#2310=B_SPLINE_CURVE_WITH_KNOTS('',1,(#4515,#4516),.UNSPECIFIED.,.F.,.F.,
(2,2),(0.,4.0000000000001),.UNSPECIFIED.);
#2311=B_SPLINE_CURVE_WITH_KNOTS('',1,(#4525,#4526),.UNSPECIFIED.,.F.,.F.,
(2,2),(0.5,2.),.UNSPECIFIED.);
#2312=B_SPLINE_CURVE_WITH_KNOTS('',1,(#4527,#4528),.UNSPECIFIED.,.F.,.F.,
(2,2),(-3.5,2.27820079140198),.UNSPECIFIED.);
#2313=B_SPLINE_CURVE_WITH_KNOTS('',1,(#4529,#4530),.UNSPECIFIED.,.F.,.F.,
(2,2),(0.,4.00000000000007),.UNSPECIFIED.);
#2314=B_SPLINE_CURVE_WITH_KNOTS('',1,(#4539,#4540),.UNSPECIFIED.,.F.,.F.,
(2,2),(0.5,2.),.UNSPECIFIED.);
#2315=B_SPLINE_CURVE_WITH_KNOTS('',1,(#4541,#4542),.UNSPECIFIED.,.F.,.F.,
(2,2),(-3.5,2.27820079140198),.UNSPECIFIED.);
#2316=B_SPLINE_CURVE_WITH_KNOTS('',1,(#4543,#4544),.UNSPECIFIED.,.F.,.F.,
(2,2),(6.13689528696557E-15,4.00000000000009),.UNSPECIFIED.);
#2317=B_SPLINE_CURVE_WITH_KNOTS('',1,(#4545,#4546),.UNSPECIFIED.,.F.,.F.,
(2,2),(7.105427357601E-15,4.00000000000009),.UNSPECIFIED.);
#2318=B_SPLINE_CURVE_WITH_KNOTS('',1,(#4553,#4554),.UNSPECIFIED.,.F.,.F.,
(2,2),(0.5,2.),.UNSPECIFIED.);
#2319=B_SPLINE_CURVE_WITH_KNOTS('',1,(#4555,#4556),.UNSPECIFIED.,.F.,.F.,
(2,2),(-3.5,2.27820079140198),.UNSPECIFIED.);
#2320=B_SPLINE_CURVE_WITH_KNOTS('',1,(#4557,#4558),.UNSPECIFIED.,.F.,.F.,
(2,2),(0.,4.00000000000008),.UNSPECIFIED.);
#2321=B_SPLINE_CURVE_WITH_KNOTS('',1,(#4589,#4590,#4591),.UNSPECIFIED.,
 .F.,.F.,(2,1,2),(0.,5.99999999999986,6.49999999999983),.UNSPECIFIED.);
#2322=B_SPLINE_CURVE_WITH_KNOTS('',1,(#4592,#4593,#4594),.UNSPECIFIED.,
 .F.,.F.,(2,1,2),(-44.1620687489236,-43.6620687489236,-35.7960000016051),
 .UNSPECIFIED.);
#2323=B_SPLINE_CURVE_WITH_KNOTS('',1,(#4595,#4596,#4597),.UNSPECIFIED.,
 .F.,.F.,(2,1,2),(-1.50000000000002,-1.00000000000004,1.00000000000004),
 .UNSPECIFIED.);
#2324=B_SPLINE_CURVE_WITH_KNOTS('',1,(#4598,#4599,#4600),.UNSPECIFIED.,
 .F.,.F.,(2,1,2),(-0.933034373659229,1.61492205215403,1.94445013253033),
 .UNSPECIFIED.);
#2325=B_SPLINE_CURVE_WITH_KNOTS('',3,(#4601,#4602,#4603,#4604,#4605,#4606,
#4607,#4608,#4609,#4610,#4611,#4612,#4613,#4614,#4615),.UNSPECIFIED.,.F.,
 .F.,(4,3,1,1,1,1,1,1,1,1,4),(0.,5.99999999999986,6.05555555555543,6.11111111111097,
6.16666666666653,6.22222222222209,6.27777777777764,6.33333333333321,6.38888888888876,
6.44444444444432,6.49999999999988),.UNSPECIFIED.);
#2326=B_SPLINE_CURVE_WITH_KNOTS('',3,(#4616,#4617,#4618,#4619,#4620,#4621,
#4622,#4623,#4624,#4625,#4626,#4627,#4628,#4629,#4630),.UNSPECIFIED.,.F.,
 .F.,(4,1,1,1,1,1,1,1,1,3,4),(0.,0.055555555555555,0.11111111111112,0.166666666666661,
0.222222222222203,0.27777777777777,0.333333333333335,0.388888888888889,
0.444444444444442,0.499999999999996,8.36606874731847),.UNSPECIFIED.);
#2327=B_SPLINE_CURVE_WITH_KNOTS('',1,(#4631,#4632,#4633),.UNSPECIFIED.,
 .F.,.F.,(2,1,2),(-1.50000000000008,-1.00000000000004,1.00000000000004),
 .UNSPECIFIED.);
#2328=B_SPLINE_CURVE_WITH_KNOTS('',1,(#4634,#4635,#4636),.UNSPECIFIED.,
 .F.,.F.,(2,1,2),(-0.933034373659229,1.61492205215403,1.94445013253033),
 .UNSPECIFIED.);
#2329=B_SPLINE_CURVE_WITH_KNOTS('',3,(#4637,#4638,#4639,#4640,#4641,#4642,
#4643,#4644,#4645,#4646,#4647,#4648,#4649,#4650,#4651),.UNSPECIFIED.,.F.,
 .F.,(4,3,1,1,1,1,1,1,1,1,4),(0.,5.99999999999986,6.05555555555542,6.11111111111099,
6.16666666666654,6.22222222222209,6.27777777777765,6.33333333333322,6.38888888888876,
6.44444444444432,6.49999999999987),.UNSPECIFIED.);
#2330=B_SPLINE_CURVE_WITH_KNOTS('',3,(#4652,#4653,#4654,#4655,#4656,#4657,
#4658,#4659,#4660,#4661,#4662,#4663,#4664,#4665,#4666),.UNSPECIFIED.,.F.,
 .F.,(4,1,1,1,1,1,1,1,1,3,4),(0.,0.0555555555555552,0.111111111111124,0.16666666666667,
0.222222222222241,0.277777777777785,0.333333333333355,0.388888888888902,
0.444444444444457,0.500000000000014,8.36606874731849),.UNSPECIFIED.);
#2331=B_SPLINE_CURVE_WITH_KNOTS('',1,(#4667,#4668,#4669),.UNSPECIFIED.,
 .F.,.F.,(2,1,2),(-1.50000000000006,-1.00000000000004,1.00000000000004),
 .UNSPECIFIED.);
#2332=B_SPLINE_CURVE_WITH_KNOTS('',1,(#4670,#4671,#4672),.UNSPECIFIED.,
 .F.,.F.,(2,1,2),(-0.933034373659229,1.61492205215403,1.94445013253034),
 .UNSPECIFIED.);
#2333=B_SPLINE_CURVE_WITH_KNOTS('',1,(#4673,#4674),.UNSPECIFIED.,.F.,.F.,
(2,2),(0.,0.424264068712016),.UNSPECIFIED.);
#2334=B_SPLINE_CURVE_WITH_KNOTS('',1,(#4675,#4676),.UNSPECIFIED.,.F.,.F.,
(2,2),(-2.93098878501041E-14,11.5),.UNSPECIFIED.);
#2335=B_SPLINE_CURVE_WITH_KNOTS('',1,(#4677,#4678),.UNSPECIFIED.,.F.,.F.,
(2,2),(-2.93098878501041E-14,11.4999999999999),.UNSPECIFIED.);
#2336=B_SPLINE_CURVE_WITH_KNOTS('',1,(#4689,#4690),.UNSPECIFIED.,.F.,.F.,
(2,2),(-0.430300987549728,0.),.UNSPECIFIED.);
#2337=B_SPLINE_CURVE_WITH_KNOTS('',1,(#4691,#4692),.UNSPECIFIED.,.F.,.F.,
(2,2),(0.,0.424264068711977),.UNSPECIFIED.);
#2338=B_SPLINE_CURVE_WITH_KNOTS('',1,(#4693,#4694),.UNSPECIFIED.,.F.,.F.,
(2,2),(-2.75335310107039E-14,11.4999999999999),.UNSPECIFIED.);
#2339=B_SPLINE_CURVE_WITH_KNOTS('',1,(#4695,#4696),.UNSPECIFIED.,.F.,.F.,
(2,2),(-8.43769498715116E-14,11.4999999999998),.UNSPECIFIED.);
#2340=B_SPLINE_CURVE_WITH_KNOTS('',1,(#4707,#4708),.UNSPECIFIED.,.F.,.F.,
(2,2),(-0.430300987549873,0.),.UNSPECIFIED.);
#2341=B_SPLINE_CURVE_WITH_KNOTS('',1,(#4725,#4726),.UNSPECIFIED.,.F.,.F.,
(2,2),(-6.99999966700966,0.14999999999997),.UNSPECIFIED.);
#2342=B_SPLINE_CURVE_WITH_KNOTS('',1,(#4727,#4728),.UNSPECIFIED.,.F.,.F.,
(2,2),(0.0500000000000185,9.35000000000002),.UNSPECIFIED.);
#2343=B_SPLINE_CURVE_WITH_KNOTS('',1,(#4884,#4885),.UNSPECIFIED.,.F.,.F.,
(2,2),(0.,0.5),.UNSPECIFIED.);
#2344=B_SPLINE_CURVE_WITH_KNOTS('',1,(#4886,#4887),.UNSPECIFIED.,.F.,.F.,
(2,2),(5.86606874731852,9.86606874731862),.UNSPECIFIED.);
#2345=B_SPLINE_CURVE_WITH_KNOTS('',1,(#4888,#4889),.UNSPECIFIED.,.F.,.F.,
(2,2),(0.,0.5),.UNSPECIFIED.);
#2346=B_SPLINE_CURVE_WITH_KNOTS('',1,(#4890,#4891),.UNSPECIFIED.,.F.,.F.,
(2,2),(5.86606874731852,9.86606874731862),.UNSPECIFIED.);
#2347=B_SPLINE_CURVE_WITH_KNOTS('',1,(#4895,#4896),.UNSPECIFIED.,.F.,.F.,
(2,2),(0.,1.2),.UNSPECIFIED.);
#2348=B_SPLINE_CURVE_WITH_KNOTS('',1,(#4897,#4898),.UNSPECIFIED.,.F.,.F.,
(2,2),(-1.2,0.),.UNSPECIFIED.);
#2349=B_SPLINE_CURVE_WITH_KNOTS('',1,(#4899,#4900),.UNSPECIFIED.,.F.,.F.,
(2,2),(8.00000000000026,10.0000000000001),.UNSPECIFIED.);
#2350=B_SPLINE_CURVE_WITH_KNOTS('',1,(#4929,#4930),.UNSPECIFIED.,.F.,.F.,
(2,2),(-3.00000000000011,1.42696166292367E-7),.UNSPECIFIED.);
#2351=B_SPLINE_CURVE_WITH_KNOTS('',1,(#4931,#4932),.UNSPECIFIED.,.F.,.F.,
(2,2),(0.,4.),.UNSPECIFIED.);
#2352=B_SPLINE_CURVE_WITH_KNOTS('',1,(#4936,#4937),.UNSPECIFIED.,.F.,.F.,
(2,2),(1.24544186211446,2.72911223787223),.UNSPECIFIED.);
#2353=B_SPLINE_CURVE_WITH_KNOTS('',1,(#4938,#4939),.UNSPECIFIED.,.F.,.F.,
(2,2),(1.00078120753102E-14,5.99999999999988),.UNSPECIFIED.);
#2354=B_SPLINE_CURVE_WITH_KNOTS('',1,(#4940,#4941),.UNSPECIFIED.,.F.,.F.,
(2,2),(2.15383266777274E-14,5.99999999999988),.UNSPECIFIED.);
#2355=B_SPLINE_CURVE_WITH_KNOTS('',1,(#4948,#4949),.UNSPECIFIED.,.F.,.F.,
(2,2),(6.50000000000009,8.00000000000026),.UNSPECIFIED.);
#2356=B_SPLINE_CURVE_WITH_KNOTS('',1,(#4953,#4954),.UNSPECIFIED.,.F.,.F.,
(2,2),(1.06660712002234E-13,5.99999999999989),.UNSPECIFIED.);
#2357=B_SPLINE_CURVE_WITH_KNOTS('',1,(#4955,#4956),.UNSPECIFIED.,.F.,.F.,
(2,2),(7.11020774684096E-14,5.99999999999989),.UNSPECIFIED.);
#2358=B_SPLINE_CURVE_WITH_KNOTS('',1,(#4963,#4964),.UNSPECIFIED.,.F.,.F.,
(2,2),(0.25,0.75),.UNSPECIFIED.);
#2359=B_SPLINE_CURVE_WITH_KNOTS('',1,(#4965,#4966),.UNSPECIFIED.,.F.,.F.,
(2,2),(1.02279296143596E-14,6.00000000000008),.UNSPECIFIED.);
#2360=B_SPLINE_CURVE_WITH_KNOTS('',1,(#4967,#4968),.UNSPECIFIED.,.F.,.F.,
(2,2),(3.19744231092025E-13,5.99999999999991),.UNSPECIFIED.);
#2361=B_SPLINE_CURVE_WITH_KNOTS('',1,(#4975,#4976),.UNSPECIFIED.,.F.,.F.,
(2,2),(0.249088372422891,2.97820061029512),.UNSPECIFIED.);
#2362=B_SPLINE_CURVE_WITH_KNOTS('',1,(#4980,#4981),.UNSPECIFIED.,.F.,.F.,
(2,2),(0.,6.00000000000016),.UNSPECIFIED.);
#2363=B_SPLINE_CURVE_WITH_KNOTS('',1,(#4982,#4983),.UNSPECIFIED.,.F.,.F.,
(2,2),(1.70530256582419E-13,5.99999999999998),.UNSPECIFIED.);
#2364=B_SPLINE_CURVE_WITH_KNOTS('',1,(#4990,#4991),.UNSPECIFIED.,.F.,.F.,
(2,2),(2.49999999999982,3.49999999999964),.UNSPECIFIED.);
#2365=B_SPLINE_CURVE_WITH_KNOTS('',1,(#4995,#4996),.UNSPECIFIED.,.F.,.F.,
(2,2),(3.07670555699248E-14,5.99999999999985),.UNSPECIFIED.);
#2366=B_SPLINE_CURVE_WITH_KNOTS('',1,(#4997,#4998),.UNSPECIFIED.,.F.,.F.,
(2,2),(6.41708908233265E-14,5.99999999999985),.UNSPECIFIED.);
#2367=B_SPLINE_CURVE_WITH_KNOTS('',3,(#5005,#5006,#5007,#5008),
 .UNSPECIFIED.,.F.,.F.,(4,4),(0.,2.19448542147),.UNSPECIFIED.);
#2368=B_SPLINE_CURVE_WITH_KNOTS('',3,(#5009,#5010,#5011,#5012),
 .UNSPECIFIED.,.F.,.F.,(4,4),(0.,2.19448542147003),.UNSPECIFIED.);
#2369=B_SPLINE_CURVE_WITH_KNOTS('',1,(#5023,#5024),.UNSPECIFIED.,.F.,.F.,
(2,2),(-5.97820061029523,-2.11363103865081),.UNSPECIFIED.);
#2370=B_SPLINE_CURVE_WITH_KNOTS('',1,(#5025,#5026),.UNSPECIFIED.,.F.,.F.,
(2,2),(-5.97820061029523,-2.1136310386504),.UNSPECIFIED.);
#2371=B_SPLINE_CURVE_WITH_KNOTS('',1,(#5030,#5031),.UNSPECIFIED.,.F.,.F.,
(2,2),(0.,2.99999999999996),.UNSPECIFIED.);
#2372=B_SPLINE_CURVE_WITH_KNOTS('',1,(#5032,#5033),.UNSPECIFIED.,.F.,.F.,
(2,2),(0.,2.99999999999996),.UNSPECIFIED.);
#2373=B_SPLINE_CURVE_WITH_KNOTS('',1,(#5037,#5038),.UNSPECIFIED.,.F.,.F.,
(2,2),(-7.77820079140192,-7.67820061029523),.UNSPECIFIED.);
#2374=B_SPLINE_CURVE_WITH_KNOTS('',1,(#5039,#5040),.UNSPECIFIED.,.F.,.F.,
(2,2),(-7.7782007914019,-7.67820061029523),.UNSPECIFIED.);
#2375=B_SPLINE_CURVE_WITH_KNOTS('',1,(#5098,#5099),.UNSPECIFIED.,.F.,.F.,
(2,2),(-8.97820061029523,-7.77820079140192),.UNSPECIFIED.);
#2376=B_SPLINE_CURVE_WITH_KNOTS('',1,(#5100,#5101),.UNSPECIFIED.,.F.,.F.,
(2,2),(-8.97820061029523,-7.7782007914019),.UNSPECIFIED.);
#2377=B_SPLINE_CURVE_WITH_KNOTS('',1,(#5102,#5103),.UNSPECIFIED.,.F.,.F.,
(2,2),(-9.37397329872934,-9.07602095811014),.UNSPECIFIED.);
#2378=B_SPLINE_CURVE_WITH_KNOTS('',1,(#5104,#5105),.UNSPECIFIED.,.F.,.F.,
(2,2),(-9.37397312665837,-9.07602078603892),.UNSPECIFIED.);
#2379=B_SPLINE_CURVE_WITH_KNOTS('',1,(#5108,#5109),.UNSPECIFIED.,.F.,.F.,
(2,2),(-1.29403998828983E-14,3.99999999999999),.UNSPECIFIED.);
#2380=B_SPLINE_CURVE_WITH_KNOTS('',1,(#5130,#5131),.UNSPECIFIED.,.F.,.F.,
(2,2),(8.21565038222616E-15,4.00000000000001),.UNSPECIFIED.);
#2381=B_SPLINE_CURVE_WITH_KNOTS('',1,(#5132,#5133),.UNSPECIFIED.,.F.,.F.,
(2,2),(-3.99680288865056E-15,4.),.UNSPECIFIED.);
#2382=B_SPLINE_CURVE_WITH_KNOTS('',1,(#5143,#5144),.UNSPECIFIED.,.F.,.F.,
(2,2),(0.,8.08330762025827),.UNSPECIFIED.);
#2383=B_SPLINE_CURVE_WITH_KNOTS('',1,(#5145,#5146),.UNSPECIFIED.,.F.,.F.,
(2,2),(0.,8.08330762025825),.UNSPECIFIED.);
#2384=VERTEX_POINT('',#3493);
#2385=VERTEX_POINT('',#3494);
#2386=VERTEX_POINT('',#3495);
#2387=VERTEX_POINT('',#3496);
#2388=VERTEX_POINT('',#3497);
#2389=VERTEX_POINT('',#3498);
#2390=VERTEX_POINT('',#3499);
#2391=VERTEX_POINT('',#3500);
#2392=VERTEX_POINT('',#3501);
#2393=VERTEX_POINT('',#3502);
#2394=VERTEX_POINT('',#3503);
#2395=VERTEX_POINT('',#3504);
#2396=VERTEX_POINT('',#3505);
#2397=VERTEX_POINT('',#3506);
#2398=VERTEX_POINT('',#3507);
#2399=VERTEX_POINT('',#3508);
#2400=VERTEX_POINT('',#3509);
#2401=VERTEX_POINT('',#3510);
#2402=VERTEX_POINT('',#3511);
#2403=VERTEX_POINT('',#3512);
#2404=VERTEX_POINT('',#3513);
#2405=VERTEX_POINT('',#3514);
#2406=VERTEX_POINT('',#3515);
#2407=VERTEX_POINT('',#3516);
#2408=VERTEX_POINT('',#3517);
#2409=VERTEX_POINT('',#3518);
#2410=VERTEX_POINT('',#3519);
#2411=VERTEX_POINT('',#3520);
#2412=VERTEX_POINT('',#3521);
#2413=VERTEX_POINT('',#3522);
#2414=VERTEX_POINT('',#3523);
#2415=VERTEX_POINT('',#3524);
#2416=VERTEX_POINT('',#3525);
#2417=VERTEX_POINT('',#3526);
#2418=VERTEX_POINT('',#3527);
#2419=VERTEX_POINT('',#3528);
#2420=VERTEX_POINT('',#3529);
#2421=VERTEX_POINT('',#3530);
#2422=VERTEX_POINT('',#3531);
#2423=VERTEX_POINT('',#3532);
#2424=VERTEX_POINT('',#3533);
#2425=VERTEX_POINT('',#3534);
#2426=VERTEX_POINT('',#3535);
#2427=VERTEX_POINT('',#3536);
#2428=VERTEX_POINT('',#3537);
#2429=VERTEX_POINT('',#3538);
#2430=VERTEX_POINT('',#3539);
#2431=VERTEX_POINT('',#3540);
#2432=VERTEX_POINT('',#3541);
#2433=VERTEX_POINT('',#3542);
#2434=VERTEX_POINT('',#3543);
#2435=VERTEX_POINT('',#3544);
#2436=VERTEX_POINT('',#3545);
#2437=VERTEX_POINT('',#3546);
#2438=VERTEX_POINT('',#3547);
#2439=VERTEX_POINT('',#3548);
#2440=VERTEX_POINT('',#3549);
#2441=VERTEX_POINT('',#3550);
#2442=VERTEX_POINT('',#3551);
#2443=VERTEX_POINT('',#3552);
#2444=VERTEX_POINT('',#3553);
#2445=VERTEX_POINT('',#3554);
#2446=VERTEX_POINT('',#3555);
#2447=VERTEX_POINT('',#3556);
#2448=VERTEX_POINT('',#3557);
#2449=VERTEX_POINT('',#3558);
#2450=VERTEX_POINT('',#3559);
#2451=VERTEX_POINT('',#3560);
#2452=VERTEX_POINT('',#3561);
#2453=VERTEX_POINT('',#3562);
#2454=VERTEX_POINT('',#3563);
#2455=VERTEX_POINT('',#3564);
#2456=VERTEX_POINT('',#3565);
#2457=VERTEX_POINT('',#3566);
#2458=VERTEX_POINT('',#3567);
#2459=VERTEX_POINT('',#3568);
#2460=VERTEX_POINT('',#3569);
#2461=VERTEX_POINT('',#3570);
#2462=VERTEX_POINT('',#3571);
#2463=VERTEX_POINT('',#3572);
#2464=VERTEX_POINT('',#3573);
#2465=VERTEX_POINT('',#3574);
#2466=VERTEX_POINT('',#3575);
#2467=VERTEX_POINT('',#3576);
#2468=VERTEX_POINT('',#3577);
#2469=VERTEX_POINT('',#3578);
#2470=VERTEX_POINT('',#3579);
#2471=VERTEX_POINT('',#3580);
#2472=VERTEX_POINT('',#3581);
#2473=VERTEX_POINT('',#3582);
#2474=VERTEX_POINT('',#3583);
#2475=VERTEX_POINT('',#3584);
#2476=VERTEX_POINT('',#3585);
#2477=VERTEX_POINT('',#3586);
#2478=VERTEX_POINT('',#3587);
#2479=VERTEX_POINT('',#3588);
#2480=VERTEX_POINT('',#3589);
#2481=VERTEX_POINT('',#3590);
#2482=VERTEX_POINT('',#3591);
#2483=VERTEX_POINT('',#3592);
#2484=VERTEX_POINT('',#3593);
#2485=VERTEX_POINT('',#3594);
#2486=VERTEX_POINT('',#3595);
#2487=VERTEX_POINT('',#3596);
#2488=VERTEX_POINT('',#3597);
#2489=VERTEX_POINT('',#3598);
#2490=VERTEX_POINT('',#3599);
#2491=VERTEX_POINT('',#3600);
#2492=VERTEX_POINT('',#3601);
#2493=VERTEX_POINT('',#3602);
#2494=VERTEX_POINT('',#3603);
#2495=VERTEX_POINT('',#3604);
#2496=VERTEX_POINT('',#3605);
#2497=VERTEX_POINT('',#3606);
#2498=VERTEX_POINT('',#3607);
#2499=VERTEX_POINT('',#3608);
#2500=VERTEX_POINT('',#3609);
#2501=VERTEX_POINT('',#3610);
#2502=VERTEX_POINT('',#3611);
#2503=VERTEX_POINT('',#3612);
#2504=VERTEX_POINT('',#3613);
#2505=VERTEX_POINT('',#3614);
#2506=VERTEX_POINT('',#3615);
#2507=VERTEX_POINT('',#3616);
#2508=VERTEX_POINT('',#3617);
#2509=VERTEX_POINT('',#3618);
#2510=VERTEX_POINT('',#3619);
#2511=VERTEX_POINT('',#3620);
#2512=VERTEX_POINT('',#3621);
#2513=VERTEX_POINT('',#3622);
#2514=VERTEX_POINT('',#3623);
#2515=VERTEX_POINT('',#3624);
#2516=VERTEX_POINT('',#3625);
#2517=VERTEX_POINT('',#3626);
#2518=VERTEX_POINT('',#3627);
#2519=VERTEX_POINT('',#3628);
#2520=VERTEX_POINT('',#3629);
#2521=VERTEX_POINT('',#3630);
#2522=VERTEX_POINT('',#3631);
#2523=VERTEX_POINT('',#3632);
#2524=VERTEX_POINT('',#3633);
#2525=VERTEX_POINT('',#3634);
#2526=VERTEX_POINT('',#3635);
#2527=VERTEX_POINT('',#3636);
#2528=VERTEX_POINT('',#3637);
#2529=VERTEX_POINT('',#3638);
#2530=VERTEX_POINT('',#3639);
#2531=VERTEX_POINT('',#3640);
#2532=VERTEX_POINT('',#3641);
#2533=VERTEX_POINT('',#3642);
#2534=VERTEX_POINT('',#3643);
#2535=VERTEX_POINT('',#3644);
#2536=VERTEX_POINT('',#3645);
#2537=VERTEX_POINT('',#3646);
#2538=VERTEX_POINT('',#3647);
#2539=VERTEX_POINT('',#3648);
#2540=VERTEX_POINT('',#3649);
#2541=VERTEX_POINT('',#3650);
#2542=VERTEX_POINT('',#3651);
#2543=VERTEX_POINT('',#3652);
#2544=VERTEX_POINT('',#3653);
#2545=VERTEX_POINT('',#3654);
#2546=VERTEX_POINT('',#3655);
#2547=VERTEX_POINT('',#3656);
#2548=VERTEX_POINT('',#3657);
#2549=VERTEX_POINT('',#3658);
#2550=VERTEX_POINT('',#3659);
#2551=VERTEX_POINT('',#3660);
#2552=VERTEX_POINT('',#3661);
#2553=VERTEX_POINT('',#3662);
#2554=VERTEX_POINT('',#3663);
#2555=VERTEX_POINT('',#3664);
#2556=VERTEX_POINT('',#3665);
#2557=VERTEX_POINT('',#3666);
#2558=VERTEX_POINT('',#3667);
#2559=VERTEX_POINT('',#3668);
#2560=VERTEX_POINT('',#3669);
#2561=VERTEX_POINT('',#3670);
#2562=VERTEX_POINT('',#3671);
#2563=VERTEX_POINT('',#3672);
#2564=VERTEX_POINT('',#3673);
#2565=VERTEX_POINT('',#3674);
#2566=VERTEX_POINT('',#3675);
#2567=VERTEX_POINT('',#3676);
#2568=VERTEX_POINT('',#3677);
#2569=VERTEX_POINT('',#3678);
#2570=VERTEX_POINT('',#3679);
#2571=VERTEX_POINT('',#3680);
#2572=VERTEX_POINT('',#3681);
#2573=VERTEX_POINT('',#3682);
#2574=VERTEX_POINT('',#3683);
#2575=VERTEX_POINT('',#3684);
#2576=VERTEX_POINT('',#3685);
#2577=VERTEX_POINT('',#3686);
#2578=VERTEX_POINT('',#3687);
#2579=VERTEX_POINT('',#3688);
#2580=VERTEX_POINT('',#3689);
#2581=VERTEX_POINT('',#3690);
#2582=VERTEX_POINT('',#3691);
#2583=VERTEX_POINT('',#3692);
#2584=VERTEX_POINT('',#3693);
#2585=VERTEX_POINT('',#3694);
#2586=VERTEX_POINT('',#3695);
#2587=VERTEX_POINT('',#3696);
#2588=VERTEX_POINT('',#3697);
#2589=VERTEX_POINT('',#3698);
#2590=VERTEX_POINT('',#3699);
#2591=VERTEX_POINT('',#3700);
#2592=VERTEX_POINT('',#3701);
#2593=VERTEX_POINT('',#3702);
#2594=VERTEX_POINT('',#3703);
#2595=VERTEX_POINT('',#3704);
#2596=VERTEX_POINT('',#3705);
#2597=VERTEX_POINT('',#3706);
#2598=VERTEX_POINT('',#3707);
#2599=VERTEX_POINT('',#3708);
#2600=VERTEX_POINT('',#3709);
#2601=VERTEX_POINT('',#3710);
#2602=VERTEX_POINT('',#3711);
#2603=VERTEX_POINT('',#3712);
#2604=VERTEX_POINT('',#3713);
#2605=VERTEX_POINT('',#3714);
#2606=VERTEX_POINT('',#3715);
#2607=VERTEX_POINT('',#3716);
#2608=VERTEX_POINT('',#3717);
#2609=VERTEX_POINT('',#3718);
#2610=VERTEX_POINT('',#3719);
#2611=VERTEX_POINT('',#3720);
#2612=VERTEX_POINT('',#4823);
#2613=VERTEX_POINT('',#4824);
#2614=VERTEX_POINT('',#4825);
#2615=VERTEX_POINT('',#4826);
#2616=VERTEX_POINT('',#4827);
#2617=VERTEX_POINT('',#4828);
#2618=VERTEX_POINT('',#4829);
#2619=VERTEX_POINT('',#4830);
#2620=VERTEX_POINT('',#4831);
#2621=VERTEX_POINT('',#4832);
#2622=VERTEX_POINT('',#4833);
#2623=VERTEX_POINT('',#4834);
#2624=VERTEX_POINT('',#4835);
#2625=VERTEX_POINT('',#4836);
#2626=VERTEX_POINT('',#4837);
#2627=VERTEX_POINT('',#4838);
#2628=VERTEX_POINT('',#4839);
#2629=VERTEX_POINT('',#4840);
#2630=VERTEX_POINT('',#4841);
#2631=VERTEX_POINT('',#4842);
#2632=VERTEX_POINT('',#4843);
#2633=VERTEX_POINT('',#4844);
#2634=VERTEX_POINT('',#4845);
#2635=VERTEX_POINT('',#4846);
#2636=VERTEX_POINT('',#4847);
#2637=VERTEX_POINT('',#4848);
#2638=VERTEX_POINT('',#4849);
#2639=VERTEX_POINT('',#4850);
#2640=VERTEX_POINT('',#4851);
#2641=VERTEX_POINT('',#4852);
#2642=VERTEX_POINT('',#4853);
#2643=VERTEX_POINT('',#4854);
#2644=VERTEX_POINT('',#4855);
#2645=VERTEX_POINT('',#4856);
#2646=VERTEX_POINT('',#4857);
#2647=VERTEX_POINT('',#4858);
#2648=VERTEX_POINT('',#4859);
#2649=VERTEX_POINT('',#4860);
#2650=VERTEX_POINT('',#4861);
#2651=VERTEX_POINT('',#4862);
#2652=VERTEX_POINT('',#4863);
#2653=VERTEX_POINT('',#4864);
#2654=VERTEX_POINT('',#4865);
#2655=VERTEX_POINT('',#4866);
#2656=VERTEX_POINT('',#4867);
#2657=VERTEX_POINT('',#4868);
#2658=VERTEX_POINT('',#4869);
#2659=VERTEX_POINT('',#4870);
#2660=VERTEX_POINT('',#4871);
#2661=VERTEX_POINT('',#4872);
#2662=VERTEX_POINT('',#4873);
#2663=VERTEX_POINT('',#4874);
#2664=VERTEX_POINT('',#4875);
#2665=VERTEX_POINT('',#4876);
#2666=VERTEX_POINT('',#4877);
#2667=VERTEX_POINT('',#4878);
#2668=VERTEX_POINT('',#4879);
#2669=VERTEX_POINT('',#4880);
#2670=VERTEX_POINT('',#4881);
#2671=VERTEX_POINT('',#4882);
#2672=VERTEX_POINT('',#4883);
#2673=VERTEX_POINT('',#5181);
#2674=VERTEX_POINT('',#5182);
#2675=VERTEX_POINT('',#5183);
#2676=VERTEX_POINT('',#5184);
#2677=VERTEX_POINT('',#5185);
#2678=VERTEX_POINT('',#5186);
#2679=VERTEX_POINT('',#5187);
#2680=VERTEX_POINT('',#5264);
#2681=VERTEX_POINT('',#5265);
#2682=VERTEX_POINT('',#5266);
#2683=VERTEX_POINT('',#5267);
#2684=(
BOUNDED_SURFACE()
B_SPLINE_SURFACE(2,1,((#3269,#3270),(#3271,#3272),(#3273,#3274),(#3275,
#3276),(#3277,#3278),(#3279,#3280),(#3281,#3282)),.UNSPECIFIED.,.F.,.F.,
 .F.)
B_SPLINE_SURFACE_WITH_KNOTS((3,2,2,3),(2,2),(-199.414477582911,-195.378756838948,
-191.343036094985,-191.110108996814),(0.,7.),.UNSPECIFIED.)
GEOMETRIC_REPRESENTATION_ITEM()
RATIONAL_B_SPLINE_SURFACE(((1.,1.),(0.919664089442512,0.919664089442512),
(1.00000000000723,1.00000000000723),(0.919664089445837,0.919664089445837),
(1.00000000000723,1.00000000000723),(0.999992440506942,0.999992440506942),
(1.,1.)))
REPRESENTATION_ITEM('')
SURFACE()
);
#2685=(
BOUNDED_SURFACE()
B_SPLINE_SURFACE(2,1,((#3292,#3293),(#3294,#3295),(#3296,#3297),(#3298,
#3299),(#3300,#3301),(#3302,#3303),(#3304,#3305)),.UNSPECIFIED.,.F.,.F.,
 .F.)
B_SPLINE_SURFACE_WITH_KNOTS((3,2,2,3),(2,2),(-248.032952151301,-243.635803523636,
-239.238654895972,-238.368005151798),(0.,7.),.UNSPECIFIED.)
GEOMETRIC_REPRESENTATION_ITEM()
RATIONAL_B_SPLINE_SURFACE(((1.,1.),(0.901665236544445,0.901665236544445),
(0.992922421588835,0.992922421588835),(0.898468767480262,0.898468767480262),
(0.992922421588835,0.992922421588835),(0.996348927575881,0.996348927575881),
(1.,1.)))
REPRESENTATION_ITEM('')
SURFACE()
);
#2686=(
BOUNDED_SURFACE()
B_SPLINE_SURFACE(2,1,((#3322,#3323),(#3324,#3325),(#3326,#3327),(#3328,
#3329),(#3330,#3331),(#3332,#3333),(#3334,#3335)),.UNSPECIFIED.,.F.,.F.,
 .F.)
B_SPLINE_SURFACE_WITH_KNOTS((3,2,2,3),(2,2),(-151.399940561505,-147.002791933839,
-142.605643306173,-141.734993556064),(0.,7.),.UNSPECIFIED.)
GEOMETRIC_REPRESENTATION_ITEM()
RATIONAL_B_SPLINE_SURFACE(((1.,1.),(0.90166523651086,0.90166523651086),
(0.992922421514929,0.992922421514929),(0.898468767413359,0.898468767413359),
(0.992922421514929,0.992922421514929),(0.996348927537353,0.996348927537353),
(1.,1.)))
REPRESENTATION_ITEM('')
SURFACE()
);
#2687=(
BOUNDED_SURFACE()
B_SPLINE_SURFACE(2,1,((#3350,#3351),(#3352,#3353),(#3354,#3355),(#3356,
#3357),(#3358,#3359),(#3360,#3361),(#3362,#3363)),.UNSPECIFIED.,.F.,.F.,
 .F.)
B_SPLINE_SURFACE_WITH_KNOTS((3,2,2,3),(2,2),(-230.601290174139,-230.368363072347,
-226.332642328384,-222.296921584421),(0.,7.),.UNSPECIFIED.)
GEOMETRIC_REPRESENTATION_ITEM()
RATIONAL_B_SPLINE_SURFACE(((1.,1.),(0.999992440506707,0.999992440506707),
(1.00000000000723,1.00000000000723),(0.919664089445838,0.919664089445838),
(1.00000000000723,1.00000000000723),(0.919664089442513,0.919664089442513),
(1.,1.)))
REPRESENTATION_ITEM('')
SURFACE()
);
#2688=(
BOUNDED_SURFACE()
B_SPLINE_SURFACE(2,1,((#3368,#3369),(#3370,#3371),(#3372,#3373),(#3374,
#3375),(#3376,#3377),(#3378,#3379),(#3380,#3381)),.UNSPECIFIED.,.F.,.F.,
 .F.)
B_SPLINE_SURFACE_WITH_KNOTS((3,2,2,3),(2,2),(-133.96827857841,-133.735351476699,
-129.699630732736,-125.663909988773),(0.,7.),.UNSPECIFIED.)
GEOMETRIC_REPRESENTATION_ITEM()
RATIONAL_B_SPLINE_SURFACE(((1.,1.),(0.999992440503096,0.999992440503096),
(1.,1.),(0.919664089439186,0.919664089439186),(1.,1.),(0.919664089439186,
0.919664089439186),(1.,1.)))
REPRESENTATION_ITEM('')
SURFACE()
);
#2689=(
BOUNDED_SURFACE()
B_SPLINE_SURFACE(2,1,((#3386,#3387),(#3388,#3389),(#3390,#3391),(#3392,
#3393),(#3394,#3395),(#3396,#3397),(#3398,#3399)),.UNSPECIFIED.,.F.,.F.,
 .F.)
B_SPLINE_SURFACE_WITH_KNOTS((3,2,2,3),(2,2),(-279.976405611815,-279.105755861723,
-274.708607234058,-270.311458606393),(0.,7.),.UNSPECIFIED.)
GEOMETRIC_REPRESENTATION_ITEM()
RATIONAL_B_SPLINE_SURFACE(((1.,1.),(0.996348927591631,0.996348927591631),
(0.992922421623111,0.992922421623111),(0.898468767511275,0.898468767511275),
(0.992922421623111,0.992922421623111),(0.901665236560005,0.901665236560005),
(1.,1.)))
REPRESENTATION_ITEM('')
SURFACE()
);
#2690=(
BOUNDED_SURFACE()
B_SPLINE_SURFACE(2,1,((#3400,#3401),(#3402,#3403),(#3404,#3405),(#3406,
#3407),(#3408,#3409),(#3410,#3411),(#3412,#3413)),.UNSPECIFIED.,.F.,.F.,
 .F.)
B_SPLINE_SURFACE_WITH_KNOTS((3,2,2,3),(2,2),(-183.34339402217,-182.472744271931,
-178.075595644265,-173.6784470166),(0.,7.),.UNSPECIFIED.)
GEOMETRIC_REPRESENTATION_ITEM()
RATIONAL_B_SPLINE_SURFACE(((1.,1.),(0.996348927520125,0.996348927520125),
(0.992922421480654,0.992922421480654),(0.898468767382344,0.898468767382344),
(0.992922421480654,0.992922421480654),(0.901665236495298,0.901665236495298),
(1.,1.)))
REPRESENTATION_ITEM('')
SURFACE()
);
#2691=(
BOUNDED_SURFACE()
B_SPLINE_SURFACE(1,2,((#3461,#3462,#3463,#3464,#3465),(#3466,#3467,#3468,
#3469,#3470)),.UNSPECIFIED.,.F.,.F.,.F.)
B_SPLINE_SURFACE_WITH_KNOTS((2,2),(3,2,3),(0.,0.430300987549728),(0.,7.8537832061271,
15.7075664122542),.UNSPECIFIED.)
GEOMETRIC_REPRESENTATION_ITEM()
RATIONAL_B_SPLINE_SURFACE(((1.,0.7071067811866,1.,0.7071067811866,1.),(1.,
0.7071067811866,1.,0.7071067811866,1.)))
REPRESENTATION_ITEM('')
SURFACE()
);
#2692=(
BOUNDED_SURFACE()
B_SPLINE_SURFACE(1,2,((#3472,#3473,#3474,#3475,#3476),(#3477,#3478,#3479,
#3480,#3481)),.UNSPECIFIED.,.F.,.F.,.F.)
B_SPLINE_SURFACE_WITH_KNOTS((2,2),(3,2,3),(0.,0.430300987549873),(0.,7.85378320612704,
15.7075664122541),.UNSPECIFIED.)
GEOMETRIC_REPRESENTATION_ITEM()
RATIONAL_B_SPLINE_SURFACE(((1.,0.7071067811866,1.,0.7071067811866,1.),(1.,
0.7071067811866,1.,0.7071067811866,1.)))
REPRESENTATION_ITEM('')
SURFACE()
);
#2693=(
BOUNDED_SURFACE()
B_SPLINE_SURFACE(2,2,((#5150,#5151,#5152),(#5153,#5154,#5155),(#5156,#5157,
#5158),(#5159,#5160,#5161),(#5162,#5163,#5164),(#5165,#5166,#5167),(#5168,
#5169,#5170),(#5171,#5172,#5173),(#5174,#5175,#5176)),.UNSPECIFIED.,.T.,
 .F.,.F.)
B_SPLINE_SURFACE_WITH_KNOTS((3,2,2,2,3),(3,3),(0.,1.51792138813384,3.03584277626768,
4.55376416440153,6.07168555253537),(0.,2.82743339033948),.UNSPECIFIED.)
GEOMETRIC_REPRESENTATION_ITEM()
RATIONAL_B_SPLINE_SURFACE(((1.,0.707106781186557,1.),(0.707106781186548,
0.500000000000007,0.707106781186548),(1.,0.707106781186557,1.),(0.707106781186548,
0.500000000000007,0.707106781186548),(1.,0.707106781186557,1.),(0.707106781186548,
0.500000000000007,0.707106781186548),(1.,0.707106781186557,1.),(0.707106781186548,
0.500000000000007,0.707106781186548),(1.,0.707106781186557,1.)))
REPRESENTATION_ITEM('')
SURFACE()
);
#2694=CYLINDRICAL_SURFACE('',#2942,28.000000008141);
#2695=CYLINDRICAL_SURFACE('',#2943,3.00000000000033);
#2696=CYLINDRICAL_SURFACE('',#2944,2.76636318516382);
#2697=CYLINDRICAL_SURFACE('',#2945,3.00000000000032);
#2698=CYLINDRICAL_SURFACE('',#2946,12.0000000000083);
#2699=CYLINDRICAL_SURFACE('',#2947,3.00000000000079);
#2700=CYLINDRICAL_SURFACE('',#2948,2.76636318440122);
#2701=CYLINDRICAL_SURFACE('',#2949,2.99999999999757);
#2702=CYLINDRICAL_SURFACE('',#2950,12.0000000000079);
#2703=CYLINDRICAL_SURFACE('',#2951,4.99999999999991);
#2704=CYLINDRICAL_SURFACE('',#2952,1.57499999999993);
#2705=CYLINDRICAL_SURFACE('',#2953,1.57499999999993);
#2706=CYLINDRICAL_SURFACE('',#2956,3.0000000000009);
#2707=CYLINDRICAL_SURFACE('',#2957,2.76636318516541);
#2708=CYLINDRICAL_SURFACE('',#2958,2.9999999999999);
#2709=CYLINDRICAL_SURFACE('',#2959,1.5749999999999);
#2710=CYLINDRICAL_SURFACE('',#2963,3.24915865816575);
#2711=CYLINDRICAL_SURFACE('',#2969,3.24915865816575);
#2712=CYLINDRICAL_SURFACE('',#2972,2.99999999999963);
#2713=CYLINDRICAL_SURFACE('',#2973,2.76636318516366);
#2714=CYLINDRICAL_SURFACE('',#2974,2.99999999999845);
#2715=CYLINDRICAL_SURFACE('',#2975,1.57499999999993);
#2716=CYLINDRICAL_SURFACE('',#2979,3.24915865816564);
#2717=CYLINDRICAL_SURFACE('',#2985,3.24915865816564);
#2718=CYLINDRICAL_SURFACE('',#2986,1.00000000000015);
#2719=CYLINDRICAL_SURFACE('',#2987,0.999999999999765);
#2720=CYLINDRICAL_SURFACE('',#2988,1.00000000000049);
#2721=CYLINDRICAL_SURFACE('',#2989,0.999999999999735);
#2722=CYLINDRICAL_SURFACE('',#2990,0.99999999999995);
#2723=CYLINDRICAL_SURFACE('',#2991,0.999999999999944);
#2724=CYLINDRICAL_SURFACE('',#2992,1.00000000000003);
#2725=CYLINDRICAL_SURFACE('',#2993,0.999999999999856);
#2726=CYLINDRICAL_SURFACE('',#2996,4.99999999999976);
#2727=CYLINDRICAL_SURFACE('',#2998,4.99999999999973);
#2728=CYLINDRICAL_SURFACE('',#2999,9.0000000000481);
#2729=CYLINDRICAL_SURFACE('',#3000,5.00000000000061);
#2730=CYLINDRICAL_SURFACE('',#3001,9.00000000004795);
#2731=CYLINDRICAL_SURFACE('',#3003,4.99999999999974);
#2732=CYLINDRICAL_SURFACE('',#3033,0.500000000000112);
#2733=CYLINDRICAL_SURFACE('',#3034,0.500000000000045);
#2734=CYLINDRICAL_SURFACE('',#3035,0.500000000000134);
#2735=CYLINDRICAL_SURFACE('',#3036,0.499999999999962);
#2736=CYLINDRICAL_SURFACE('',#3038,0.500000000000068);
#2737=CYLINDRICAL_SURFACE('',#3039,0.499999999999953);
#2738=CYLINDRICAL_SURFACE('',#3042,4.70000000000002);
#2739=CYLINDRICAL_SURFACE('',#3044,4.70000000000005);
#2740=CYLINDRICAL_SURFACE('',#3050,4.65000000000006);
#2741=CYLINDRICAL_SURFACE('',#3051,0.949999999999989);
#2742=CYLINDRICAL_SURFACE('',#3052,0.949999999999989);
#2743=CYLINDRICAL_SURFACE('',#3054,15.0000000000124);
#2744=CYLINDRICAL_SURFACE('',#3055,0.999999999999974);
#2745=CYLINDRICAL_SURFACE('',#3056,3.00000000000001);
#2746=CYLINDRICAL_SURFACE('',#3061,0.499999999999999);
#2747=CYLINDRICAL_SURFACE('',#3063,0.500000000000114);
#2748=CYLINDRICAL_SURFACE('',#3064,0.499999999999996);
#2749=CYLINDRICAL_SURFACE('',#3065,0.499999999999875);
#2750=CYLINDRICAL_SURFACE('',#3067,0.500000000000031);
#2751=CYLINDRICAL_SURFACE('',#3068,15.);
#2752=CYLINDRICAL_SURFACE('',#3070,15.);
#2753=CYLINDRICAL_SURFACE('',#3072,0.999999999997625);
#2754=CYLINDRICAL_SURFACE('',#3074,0.199999999999938);
#2755=CYLINDRICAL_SURFACE('',#3076,0.500000000000281);
#2756=CYLINDRICAL_SURFACE('',#3078,15.);
#2757=CYLINDRICAL_SURFACE('',#3079,0.999999999999021);
#2758=CYLINDRICAL_SURFACE('',#3082,0.200000000000047);
#2759=CYLINDRICAL_SURFACE('',#3088,2.76636318342383);
#2760=CYLINDRICAL_SURFACE('',#3092,1.45000000000002);
#2761=CYLINDRICAL_SURFACE('',#3093,1.50000000000002);
#2762=CYLINDRICAL_SURFACE('',#3094,2.76636318516504);
#2763=CYLINDRICAL_SURFACE('',#3095,1.6);
#2764=PLANE('',#2940);
#2765=PLANE('',#2941);
#2766=PLANE('',#2954);
#2767=PLANE('',#2955);
#2768=PLANE('',#2960);
#2769=PLANE('',#2961);
#2770=PLANE('',#2962);
#2771=PLANE('',#2964);
#2772=PLANE('',#2965);
#2773=PLANE('',#2966);
#2774=PLANE('',#2967);
#2775=PLANE('',#2968);
#2776=PLANE('',#2970);
#2777=PLANE('',#2971);
#2778=PLANE('',#2976);
#2779=PLANE('',#2977);
#2780=PLANE('',#2978);
#2781=PLANE('',#2980);
#2782=PLANE('',#2981);
#2783=PLANE('',#2982);
#2784=PLANE('',#2983);
#2785=PLANE('',#2984);
#2786=PLANE('',#2994);
#2787=PLANE('',#2995);
#2788=PLANE('',#2997);
#2789=PLANE('',#3002);
#2790=PLANE('',#3004);
#2791=PLANE('',#3005);
#2792=PLANE('',#3006);
#2793=PLANE('',#3007);
#2794=PLANE('',#3008);
#2795=PLANE('',#3009);
#2796=PLANE('',#3010);
#2797=PLANE('',#3011);
#2798=PLANE('',#3012);
#2799=PLANE('',#3013);
#2800=PLANE('',#3014);
#2801=PLANE('',#3015);
#2802=PLANE('',#3016);
#2803=PLANE('',#3017);
#2804=PLANE('',#3018);
#2805=PLANE('',#3019);
#2806=PLANE('',#3020);
#2807=PLANE('',#3021);
#2808=PLANE('',#3022);
#2809=PLANE('',#3023);
#2810=PLANE('',#3024);
#2811=PLANE('',#3025);
#2812=PLANE('',#3026);
#2813=PLANE('',#3027);
#2814=PLANE('',#3028);
#2815=PLANE('',#3029);
#2816=PLANE('',#3030);
#2817=PLANE('',#3031);
#2818=PLANE('',#3032);
#2819=PLANE('',#3037);
#2820=PLANE('',#3040);
#2821=PLANE('',#3041);
#2822=PLANE('',#3043);
#2823=PLANE('',#3045);
#2824=PLANE('',#3046);
#2825=PLANE('',#3047);
#2826=PLANE('',#3048);
#2827=PLANE('',#3049);
#2828=PLANE('',#3053);
#2829=PLANE('',#3057);
#2830=PLANE('',#3058);
#2831=PLANE('',#3059);
#2832=PLANE('',#3060);
#2833=PLANE('',#3062);
#2834=PLANE('',#3066);
#2835=PLANE('',#3069);
#2836=PLANE('',#3071);
#2837=PLANE('',#3073);
#2838=PLANE('',#3075);
#2839=PLANE('',#3077);
#2840=PLANE('',#3080);
#2841=PLANE('',#3081);
#2842=PLANE('',#3083);
#2843=PLANE('',#3084);
#2844=PLANE('',#3085);
#2845=PLANE('',#3086);
#2846=PLANE('',#3087);
#2847=PLANE('',#3089);
#2848=PLANE('',#3090);
#2849=PLANE('',#3091);
#2850=PLANE('',#3096);
#2851=PLANE('',#3097);
#2852=SHAPE_DEFINITION_REPRESENTATION(#2853,#2938);
#2853=PRODUCT_DEFINITION_SHAPE('Document','',#2855);
#2854=PRODUCT_DEFINITION_CONTEXT('3D Mechanical Parts',#2927,'design');
#2855=PRODUCT_DEFINITION('A','First version',#2897,#2854);
#2856=DATE_TIME_ROLE('classification_date');
#2857=DATE_TIME_ROLE('creation_date');
#2858=APPLIED_DATE_AND_TIME_ASSIGNMENT(#2882,#2856,(#2861));
#2859=APPLIED_DATE_AND_TIME_ASSIGNMENT(#2884,#2857,(#2855));
#2860=SECURITY_CLASSIFICATION_LEVEL('unclassified');
#2861=SECURITY_CLASSIFICATION('A','Security for version',#2860);
#2862=APPLIED_SECURITY_CLASSIFICATION_ASSIGNMENT(#2861,(#2897));
#2863=APPROVAL_ROLE('Version approval');
#2864=APPROVAL_ROLE('Version Security approval');
#2865=APPROVAL_ROLE('Definition approval');
#2866=APPROVAL_PERSON_ORGANIZATION(#2915,#2891,#2863);
#2867=APPROVAL_PERSON_ORGANIZATION(#2916,#2892,#2864);
#2868=APPROVAL_PERSON_ORGANIZATION(#2919,#2893,#2865);
#2869=COORDINATED_UNIVERSAL_TIME_OFFSET(5,0,.BEHIND.);
#2870=LOCAL_TIME(0,0,0.,#2869);
#2871=LOCAL_TIME(0,0,0.,#2869);
#2872=LOCAL_TIME(0,0,0.,#2869);
#2873=LOCAL_TIME(0,0,0.,#2869);
#2874=LOCAL_TIME(0,0,0.,#2869);
#2875=CALENDAR_DATE(1999,1,1);
#2876=CALENDAR_DATE(1999,1,1);
#2877=CALENDAR_DATE(1999,1,1);
#2878=CALENDAR_DATE(1999,1,1);
#2879=CALENDAR_DATE(1999,1,1);
#2880=DATE_AND_TIME(#2875,#2870);
#2881=DATE_AND_TIME(#2876,#2871);
#2882=DATE_AND_TIME(#2877,#2872);
#2883=DATE_AND_TIME(#2878,#2873);
#2884=DATE_AND_TIME(#2879,#2874);
#2885=APPROVAL_DATE_TIME(#2880,#2891);
#2886=APPROVAL_DATE_TIME(#2881,#2892);
#2887=APPROVAL_DATE_TIME(#2883,#2893);
#2888=APPROVAL_STATUS('not_yet_approved');
#2889=APPROVAL_STATUS('not_yet_approved');
#2890=APPROVAL_STATUS('approved');
#2891=APPROVAL(#2888,'Version approval');
#2892=APPROVAL(#2889,'Version Security approval');
#2893=APPROVAL(#2890,'Definition approval');
#2894=APPLIED_APPROVAL_ASSIGNMENT(#2891,(#2897));
#2895=APPLIED_APPROVAL_ASSIGNMENT(#2892,(#2861));
#2896=APPLIED_APPROVAL_ASSIGNMENT(#2893,(#2855));
#2897=PRODUCT_DEFINITION_FORMATION_WITH_SPECIFIED_SOURCE('A',
'First version',#2929,.MADE.);
#2898=PERSON_AND_ORGANIZATION_ROLE('design_owner');
#2899=PERSON_AND_ORGANIZATION_ROLE('creator');
#2900=PERSON_AND_ORGANIZATION_ROLE('design_supplier');
#2901=PERSON_AND_ORGANIZATION_ROLE('classification_officer');
#2902=PERSON_AND_ORGANIZATION_ROLE('creator');
#2903=ORGANIZATION('STI','lab','lab');
#2904=ORGANIZATION('STI','unknown','unknown');
#2905=ORGANIZATION('STI','unknown','unknown');
#2906=ORGANIZATION('STI','unknown','unknown');
#2907=ORGANIZATION('STI','unknown','unknown');
#2908=ORGANIZATION('STI','unknown','unknown');
#2909=ORGANIZATION('STI','unknown','unknown');
#2910=PERSON('1','Box','vc60',$,$,$);
#2911=PERSON('2','last','first',$,$,$);
#2912=PERSON('3','President','Mr.',$,$,$);
#2913=PERSON_AND_ORGANIZATION(#2910,#2903);
#2914=PERSON_AND_ORGANIZATION(#2911,#2904);
#2915=PERSON_AND_ORGANIZATION(#2912,#2905);
#2916=PERSON_AND_ORGANIZATION(#2912,#2906);
#2917=PERSON_AND_ORGANIZATION(#2912,#2907);
#2918=PERSON_AND_ORGANIZATION(#2911,#2908);
#2919=PERSON_AND_ORGANIZATION(#2912,#2909);
#2920=APPLIED_PERSON_AND_ORGANIZATION_ASSIGNMENT(#2913,#2898,(#2929));
#2921=APPLIED_PERSON_AND_ORGANIZATION_ASSIGNMENT(#2914,#2899,(#2897));
#2922=APPLIED_PERSON_AND_ORGANIZATION_ASSIGNMENT(#2914,#2900,(#2897));
#2923=APPLIED_PERSON_AND_ORGANIZATION_ASSIGNMENT(#2917,#2901,(#2861));
#2924=APPLIED_PERSON_AND_ORGANIZATION_ASSIGNMENT(#2918,#2902,(#2855));
#2925=PRODUCT_RELATED_PRODUCT_CATEGORY('detail','detail',(#2929));
#2926=APPLICATION_PROTOCOL_DEFINITION('International Standard',
'config_control_design',1994,#2927);
#2927=APPLICATION_CONTEXT(
'configuration controlled 3d designs of mechanical parts and assemblie
s');
#2928=PRODUCT_CONTEXT('3D Mechanical Parts',#2927,'mechanical');
#2929=PRODUCT('Document','Document','',(#2928));
#2930=(
LENGTH_UNIT()
NAMED_UNIT(*)
SI_UNIT(.MILLI.,.METRE.)
);
#2931=(
NAMED_UNIT(*)
PLANE_ANGLE_UNIT()
SI_UNIT($,.RADIAN.)
);
#2932=DIMENSIONAL_EXPONENTS(0.,0.,0.,0.,0.,0.,0.);
#2933=PLANE_ANGLE_MEASURE_WITH_UNIT(PLANE_ANGLE_MEASURE(0.01745329252),
#2931);
#2934=(
CONVERSION_BASED_UNIT('DEGREES',#2933)
NAMED_UNIT(#2932)
PLANE_ANGLE_UNIT()
);
#2935=(
NAMED_UNIT(*)
SI_UNIT($,.STERADIAN.)
SOLID_ANGLE_UNIT()
);
#2936=UNCERTAINTY_MEASURE_WITH_UNIT(LENGTH_MEASURE(0.001),#2930,
'DISTANCE_ACCURACY_VALUE',
'Maximum model space distance between geometric entities at asserted c
onnectivities');
#2937=(
GEOMETRIC_REPRESENTATION_CONTEXT(3)
GLOBAL_UNCERTAINTY_ASSIGNED_CONTEXT((#2936))
GLOBAL_UNIT_ASSIGNED_CONTEXT((#2935,#2934,#2930))
REPRESENTATION_CONTEXT('ID1','3D')
);
#2938=SHAPE_REPRESENTATION('Document',(#2939,#3098),#2937);
#2939=AXIS2_PLACEMENT_3D('',#3261,#3099,#3100);
#2940=AXIS2_PLACEMENT_3D('',#3262,#3101,$);
#2941=AXIS2_PLACEMENT_3D('',#3263,#3102,$);
#2942=AXIS2_PLACEMENT_3D('',#3264,#3103,$);
#2943=AXIS2_PLACEMENT_3D('',#3265,#3104,$);
#2944=AXIS2_PLACEMENT_3D('',#3266,#3105,$);
#2945=AXIS2_PLACEMENT_3D('',#3267,#3106,$);
#2946=AXIS2_PLACEMENT_3D('',#3268,#3107,$);
#2947=AXIS2_PLACEMENT_3D('',#3283,#3108,$);
#2948=AXIS2_PLACEMENT_3D('',#3284,#3109,$);
#2949=AXIS2_PLACEMENT_3D('',#3285,#3110,$);
#2950=AXIS2_PLACEMENT_3D('',#3286,#3111,$);
#2951=AXIS2_PLACEMENT_3D('',#3287,#3112,$);
#2952=AXIS2_PLACEMENT_3D('',#3288,#3113,$);
#2953=AXIS2_PLACEMENT_3D('',#3289,#3114,$);
#2954=AXIS2_PLACEMENT_3D('',#3290,#3115,$);
#2955=AXIS2_PLACEMENT_3D('',#3291,#3116,$);
#2956=AXIS2_PLACEMENT_3D('',#3306,#3117,$);
#2957=AXIS2_PLACEMENT_3D('',#3307,#3118,$);
#2958=AXIS2_PLACEMENT_3D('',#3308,#3119,$);
#2959=AXIS2_PLACEMENT_3D('',#3309,#3120,$);
#2960=AXIS2_PLACEMENT_3D('',#3310,#3121,$);
#2961=AXIS2_PLACEMENT_3D('',#3311,#3122,$);
#2962=AXIS2_PLACEMENT_3D('',#3312,#3123,$);
#2963=AXIS2_PLACEMENT_3D('',#3313,#3124,$);
#2964=AXIS2_PLACEMENT_3D('',#3314,#3125,$);
#2965=AXIS2_PLACEMENT_3D('',#3315,#3126,$);
#2966=AXIS2_PLACEMENT_3D('',#3316,#3127,$);
#2967=AXIS2_PLACEMENT_3D('',#3317,#3128,$);
#2968=AXIS2_PLACEMENT_3D('',#3318,#3129,$);
#2969=AXIS2_PLACEMENT_3D('',#3319,#3130,$);
#2970=AXIS2_PLACEMENT_3D('',#3320,#3131,$);
#2971=AXIS2_PLACEMENT_3D('',#3321,#3132,$);
#2972=AXIS2_PLACEMENT_3D('',#3336,#3133,$);
#2973=AXIS2_PLACEMENT_3D('',#3337,#3134,$);
#2974=AXIS2_PLACEMENT_3D('',#3338,#3135,$);
#2975=AXIS2_PLACEMENT_3D('',#3339,#3136,$);
#2976=AXIS2_PLACEMENT_3D('',#3340,#3137,$);
#2977=AXIS2_PLACEMENT_3D('',#3341,#3138,$);
#2978=AXIS2_PLACEMENT_3D('',#3342,#3139,$);
#2979=AXIS2_PLACEMENT_3D('',#3343,#3140,$);
#2980=AXIS2_PLACEMENT_3D('',#3344,#3141,$);
#2981=AXIS2_PLACEMENT_3D('',#3345,#3142,$);
#2982=AXIS2_PLACEMENT_3D('',#3346,#3143,$);
#2983=AXIS2_PLACEMENT_3D('',#3347,#3144,$);
#2984=AXIS2_PLACEMENT_3D('',#3348,#3145,$);
#2985=AXIS2_PLACEMENT_3D('',#3349,#3146,$);
#2986=AXIS2_PLACEMENT_3D('',#3364,#3147,$);
#2987=AXIS2_PLACEMENT_3D('',#3365,#3148,$);
#2988=AXIS2_PLACEMENT_3D('',#3366,#3149,$);
#2989=AXIS2_PLACEMENT_3D('',#3367,#3150,$);
#2990=AXIS2_PLACEMENT_3D('',#3382,#3151,$);
#2991=AXIS2_PLACEMENT_3D('',#3383,#3152,$);
#2992=AXIS2_PLACEMENT_3D('',#3384,#3153,$);
#2993=AXIS2_PLACEMENT_3D('',#3385,#3154,$);
#2994=AXIS2_PLACEMENT_3D('',#3414,#3155,$);
#2995=AXIS2_PLACEMENT_3D('',#3415,#3156,$);
#2996=AXIS2_PLACEMENT_3D('',#3416,#3157,$);
#2997=AXIS2_PLACEMENT_3D('',#3417,#3158,$);
#2998=AXIS2_PLACEMENT_3D('',#3418,#3159,$);
#2999=AXIS2_PLACEMENT_3D('',#3419,#3160,$);
#3000=AXIS2_PLACEMENT_3D('',#3420,#3161,$);
#3001=AXIS2_PLACEMENT_3D('',#3421,#3162,$);
#3002=AXIS2_PLACEMENT_3D('',#3422,#3163,$);
#3003=AXIS2_PLACEMENT_3D('',#3423,#3164,$);
#3004=AXIS2_PLACEMENT_3D('',#3424,#3165,$);
#3005=AXIS2_PLACEMENT_3D('',#3425,#3166,$);
#3006=AXIS2_PLACEMENT_3D('',#3426,#3167,$);
#3007=AXIS2_PLACEMENT_3D('',#3427,#3168,$);
#3008=AXIS2_PLACEMENT_3D('',#3428,#3169,$);
#3009=AXIS2_PLACEMENT_3D('',#3429,#3170,$);
#3010=AXIS2_PLACEMENT_3D('',#3430,#3171,$);
#3011=AXIS2_PLACEMENT_3D('',#3431,#3172,$);
#3012=AXIS2_PLACEMENT_3D('',#3432,#3173,$);
#3013=AXIS2_PLACEMENT_3D('',#3433,#3174,$);
#3014=AXIS2_PLACEMENT_3D('',#3434,#3175,$);
#3015=AXIS2_PLACEMENT_3D('',#3435,#3176,$);
#3016=AXIS2_PLACEMENT_3D('',#3436,#3177,$);
#3017=AXIS2_PLACEMENT_3D('',#3437,#3178,$);
#3018=AXIS2_PLACEMENT_3D('',#3438,#3179,$);
#3019=AXIS2_PLACEMENT_3D('',#3439,#3180,$);
#3020=AXIS2_PLACEMENT_3D('',#3440,#3181,$);
#3021=AXIS2_PLACEMENT_3D('',#3441,#3182,$);
#3022=AXIS2_PLACEMENT_3D('',#3442,#3183,$);
#3023=AXIS2_PLACEMENT_3D('',#3443,#3184,$);
#3024=AXIS2_PLACEMENT_3D('',#3444,#3185,$);
#3025=AXIS2_PLACEMENT_3D('',#3445,#3186,$);
#3026=AXIS2_PLACEMENT_3D('',#3446,#3187,$);
#3027=AXIS2_PLACEMENT_3D('',#3447,#3188,$);
#3028=AXIS2_PLACEMENT_3D('',#3448,#3189,$);
#3029=AXIS2_PLACEMENT_3D('',#3449,#3190,$);
#3030=AXIS2_PLACEMENT_3D('',#3450,#3191,$);
#3031=AXIS2_PLACEMENT_3D('',#3451,#3192,$);
#3032=AXIS2_PLACEMENT_3D('',#3452,#3193,$);
#3033=AXIS2_PLACEMENT_3D('',#3453,#3194,$);
#3034=AXIS2_PLACEMENT_3D('',#3454,#3195,$);
#3035=AXIS2_PLACEMENT_3D('',#3455,#3196,$);
#3036=AXIS2_PLACEMENT_3D('',#3456,#3197,$);
#3037=AXIS2_PLACEMENT_3D('',#3457,#3198,$);
#3038=AXIS2_PLACEMENT_3D('',#3458,#3199,$);
#3039=AXIS2_PLACEMENT_3D('',#3459,#3200,$);
#3040=AXIS2_PLACEMENT_3D('',#3460,#3201,$);
#3041=AXIS2_PLACEMENT_3D('',#3471,#3202,$);
#3042=AXIS2_PLACEMENT_3D('',#3482,#3203,$);
#3043=AXIS2_PLACEMENT_3D('',#3483,#3204,$);
#3044=AXIS2_PLACEMENT_3D('',#3484,#3205,$);
#3045=AXIS2_PLACEMENT_3D('',#3485,#3206,$);
#3046=AXIS2_PLACEMENT_3D('',#3486,#3207,$);
#3047=AXIS2_PLACEMENT_3D('',#3487,#3208,$);
#3048=AXIS2_PLACEMENT_3D('',#3488,#3209,$);
#3049=AXIS2_PLACEMENT_3D('',#3489,#3210,$);
#3050=AXIS2_PLACEMENT_3D('',#3490,#3211,$);
#3051=AXIS2_PLACEMENT_3D('',#3491,#3212,$);
#3052=AXIS2_PLACEMENT_3D('',#3492,#3213,$);
#3053=AXIS2_PLACEMENT_3D('',#4789,#3214,$);
#3054=AXIS2_PLACEMENT_3D('',#4790,#3215,$);
#3055=AXIS2_PLACEMENT_3D('',#4791,#3216,$);
#3056=AXIS2_PLACEMENT_3D('',#4792,#3217,$);
#3057=AXIS2_PLACEMENT_3D('',#4793,#3218,$);
#3058=AXIS2_PLACEMENT_3D('',#4794,#3219,$);
#3059=AXIS2_PLACEMENT_3D('',#4795,#3220,$);
#3060=AXIS2_PLACEMENT_3D('',#4796,#3221,$);
#3061=AXIS2_PLACEMENT_3D('',#4797,#3222,$);
#3062=AXIS2_PLACEMENT_3D('',#4798,#3223,$);
#3063=AXIS2_PLACEMENT_3D('',#4799,#3224,$);
#3064=AXIS2_PLACEMENT_3D('',#4800,#3225,$);
#3065=AXIS2_PLACEMENT_3D('',#4801,#3226,$);
#3066=AXIS2_PLACEMENT_3D('',#4802,#3227,$);
#3067=AXIS2_PLACEMENT_3D('',#4803,#3228,$);
#3068=AXIS2_PLACEMENT_3D('',#4804,#3229,$);
#3069=AXIS2_PLACEMENT_3D('',#4805,#3230,$);
#3070=AXIS2_PLACEMENT_3D('',#4806,#3231,$);
#3071=AXIS2_PLACEMENT_3D('',#4807,#3232,$);
#3072=AXIS2_PLACEMENT_3D('',#4808,#3233,$);
#3073=AXIS2_PLACEMENT_3D('',#4809,#3234,$);
#3074=AXIS2_PLACEMENT_3D('',#4810,#3235,$);
#3075=AXIS2_PLACEMENT_3D('',#4811,#3236,$);
#3076=AXIS2_PLACEMENT_3D('',#4812,#3237,$);
#3077=AXIS2_PLACEMENT_3D('',#4813,#3238,$);
#3078=AXIS2_PLACEMENT_3D('',#4814,#3239,$);
#3079=AXIS2_PLACEMENT_3D('',#4815,#3240,$);
#3080=AXIS2_PLACEMENT_3D('',#4816,#3241,$);
#3081=AXIS2_PLACEMENT_3D('',#4817,#3242,$);
#3082=AXIS2_PLACEMENT_3D('',#4818,#3243,$);
#3083=AXIS2_PLACEMENT_3D('',#4819,#3244,$);
#3084=AXIS2_PLACEMENT_3D('',#4820,#3245,$);
#3085=AXIS2_PLACEMENT_3D('',#4821,#3246,$);
#3086=AXIS2_PLACEMENT_3D('',#4822,#3247,$);
#3087=AXIS2_PLACEMENT_3D('',#5147,#3248,$);
#3088=AXIS2_PLACEMENT_3D('',#5148,#3249,$);
#3089=AXIS2_PLACEMENT_3D('',#5149,#3250,$);
#3090=AXIS2_PLACEMENT_3D('',#5177,#3251,$);
#3091=AXIS2_PLACEMENT_3D('',#5178,#3252,$);
#3092=AXIS2_PLACEMENT_3D('',#5179,#3253,$);
#3093=AXIS2_PLACEMENT_3D('',#5180,#3254,$);
#3094=AXIS2_PLACEMENT_3D('',#5260,#3255,$);
#3095=AXIS2_PLACEMENT_3D('',#5261,#3256,$);
#3096=AXIS2_PLACEMENT_3D('',#5262,#3257,$);
#3097=AXIS2_PLACEMENT_3D('',#5263,#3258,$);
#3098=AXIS2_PLACEMENT_3D('',#5308,#3259,#3260);
#3099=DIRECTION('',(0.,0.,1.));
#3100=DIRECTION('',(1.,0.,0.));
#3101=DIRECTION('',(0.,-1.,0.));
#3102=DIRECTION('',(0.,1.,0.));
#3103=DIRECTION('',(-3.34105513484505E-12,-2.53879607264275E-12,1.));
#3104=DIRECTION('',(3.588798121215E-14,6.77756382509882E-16,-1.));
#3105=DIRECTION('',(-3.93802229835941E-14,-3.05425049485641E-15,1.));
#3106=DIRECTION('',(3.19295701975782E-14,-6.68512588534548E-15,-1.));
#3107=DIRECTION('',(3.63968114906037E-14,5.16818987930315E-26,-1.));
#3108=DIRECTION('',(3.21854934015072E-14,-6.82138998881327E-16,-1.));
#3109=DIRECTION('',(-3.59161843549351E-14,4.09788157534017E-16,1.));
#3110=DIRECTION('',(3.556747296221E-14,3.82634264357452E-16,-1.));
#3111=DIRECTION('',(3.6159347121446E-14,-5.17621463188576E-26,-1.));
#3112=DIRECTION('',(-3.72523666542069E-14,3.59966544108894E-16,1.));
#3113=DIRECTION('',(3.49632139818477E-14,-2.52371887884466E-27,-1.));
#3114=DIRECTION('',(3.49632139818477E-14,-2.52371887884466E-27,-1.));
#3115=DIRECTION('',(0.,1.,0.));
#3116=DIRECTION('',(0.,0.,-1.));
#3117=DIRECTION('',(3.70633578727457E-14,-4.45537087861731E-15,-1.));
#3118=DIRECTION('',(-3.40217881956609E-14,-2.30418429392951E-15,1.));
#3119=DIRECTION('',(3.14449958225472E-14,9.54118076171319E-16,-1.));
#3120=DIRECTION('',(3.49632139818477E-14,-2.52371887884466E-27,-1.));
#3121=DIRECTION('',(0.,1.,0.));
#3122=DIRECTION('',(-1.,0.,0.));
#3123=DIRECTION('',(-1.,0.,0.));
#3124=DIRECTION('',(-3.59751568323159E-14,-5.70478271092593E-17,1.));
#3125=DIRECTION('',(0.,-1.,0.));
#3126=DIRECTION('',(0.,0.,-1.));
#3127=DIRECTION('',(0.,-1.,0.));
#3128=DIRECTION('',(-1.,0.,0.));
#3129=DIRECTION('',(-1.,0.,0.));
#3130=DIRECTION('',(3.59751568323159E-14,-5.70478271092593E-17,-1.));
#3131=DIRECTION('',(0.,-1.,0.));
#3132=DIRECTION('',(0.,0.,-1.));
#3133=DIRECTION('',(3.11136329686092E-14,8.90661858026818E-15,-1.));
#3134=DIRECTION('',(-3.54831795014884E-14,-8.42792987895222E-16,1.));
#3135=DIRECTION('',(2.55210153030822E-14,3.12995068773558E-15,-1.));
#3136=DIRECTION('',(3.49632139818477E-14,-2.52371887884466E-27,-1.));
#3137=DIRECTION('',(0.,-1.,0.));
#3138=DIRECTION('',(1.,0.,0.));
#3139=DIRECTION('',(1.,0.,0.));
#3140=DIRECTION('',(-3.58576278263701E-14,-8.21231605166064E-16,1.));
#3141=DIRECTION('',(0.,1.,0.));
#3142=DIRECTION('',(0.,0.,-1.));
#3143=DIRECTION('',(0.,1.,0.));
#3144=DIRECTION('',(1.,0.,0.));
#3145=DIRECTION('',(1.,0.,0.));
#3146=DIRECTION('',(3.58576278263701E-14,-8.21231605166064E-16,-1.));
#3147=DIRECTION('',(-5.09329505676867E-14,2.13791156084185E-14,1.));
#3148=DIRECTION('',(1.81861974203748E-13,-1.56726520367147E-13,-1.));
#3149=DIRECTION('',(1.2301585628764E-14,5.51624693048913E-14,1.));
#3150=DIRECTION('',(1.1884290240821E-14,-1.69943768224464E-14,-1.));
#3151=DIRECTION('',(-9.60927415425405E-14,4.95962227539232E-14,1.));
#3152=DIRECTION('',(-1.81490733546127E-14,5.76125159993914E-14,-1.));
#3153=DIRECTION('',(1.49723255600563E-15,-3.38723352298226E-14,-1.));
#3154=DIRECTION('',(2.06755228900552E-13,2.52096996486474E-13,1.));
#3155=DIRECTION('',(0.,0.,1.));
#3156=DIRECTION('',(0.,0.,-1.));
#3157=DIRECTION('',(-3.27047084013671E-14,7.835519738222E-16,1.));
#3158=DIRECTION('',(0.,-1.,0.));
#3159=DIRECTION('',(4.09227781615349E-15,4.90580550969901E-14,-1.));
#3160=DIRECTION('',(3.61242329508365E-14,-4.27659511792862E-16,-1.));
#3161=DIRECTION('',(-3.81760298220994E-14,-1.28276484939555E-13,-1.));
#3162=DIRECTION('',(-3.59839723885776E-14,3.0350532411265E-17,1.));
#3163=DIRECTION('',(0.,1.,0.));
#3164=DIRECTION('',(-5.6156447626286E-14,2.917799465924E-14,1.));
#3165=DIRECTION('',(0.,1.,0.));
#3166=DIRECTION('',(0.,0.,-1.));
#3167=DIRECTION('',(1.,0.,0.));
#3168=DIRECTION('',(0.,0.,-1.));
#3169=DIRECTION('',(0.,1.,0.));
#3170=DIRECTION('',(2.54354978306768E-14,0.707106781186547,-0.707106781186548));
#3171=DIRECTION('',(0.,-1.,0.));
#3172=DIRECTION('',(-1.,0.,0.));
#3173=DIRECTION('',(0.866025403784435,-0.500000000000006,6.2645028988899E-15));
#3174=DIRECTION('',(0.,0.,-1.));
#3175=DIRECTION('',(-0.866025403784427,0.50000000000002,-3.18285933387848E-14));
#3176=DIRECTION('',(0.500000000000006,0.866025403784435,1.86517468137029E-14));
#3177=DIRECTION('',(-0.500000000000003,-0.866025403784437,-1.77876054275824E-14));
#3178=DIRECTION('',(0.,0.,-1.));
#3179=DIRECTION('',(0.866025403784427,-0.50000000000002,3.18285933387848E-14));
#3180=DIRECTION('',(0.612372435695783,-0.353553390593256,-0.707106781186567));
#3181=DIRECTION('',(-0.86602540378441,0.50000000000005,-1.99988119383884E-14));
#3182=DIRECTION('',(0.500000000000004,0.866025403784437,1.15463194561017E-14));
#3183=DIRECTION('',(-0.866025403784436,-0.500000000000005,-3.12250225675828E-17));
#3184=DIRECTION('',(0.,0.,-1.));
#3185=DIRECTION('',(0.866025403784442,0.499999999999994,2.9555122386015E-14));
#3186=DIRECTION('',(0.500000000000006,-0.866025403784435,1.77635683940027E-14));
#3187=DIRECTION('',(-0.49999999999999,0.866025403784444,-1.7667420259683E-14));
#3188=DIRECTION('',(0.,0.,-1.));
#3189=DIRECTION('',(-0.866025403784444,-0.499999999999992,-3.18285933387854E-14));
#3190=DIRECTION('',(-0.612372435695785,-0.353553390593278,-0.707106781186554));
#3191=DIRECTION('',(0.866025403784443,0.499999999999992,1.99988119383892E-14));
#3192=DIRECTION('',(0.499999999999987,-0.866025403784446,1.15463194561013E-14));
#3193=DIRECTION('',(0.,-1.,0.));
#3194=DIRECTION('',(-1.,1.37232152745461E-13,1.37232152745461E-13));
#3195=DIRECTION('',(-0.500000000001322,-0.866025403783676,-1.57354621236375E-12));
#3196=DIRECTION('',(-0.499999999999179,0.866025403784913,-9.01021553657918E-13));
#3197=DIRECTION('',(0.866025403784431,0.500000000000013,6.23843428739996E-14));
#3198=DIRECTION('',(-1.,0.,0.));
#3199=DIRECTION('',(-1.54386171838631E-13,1.,-1.54386171838637E-13));
#3200=DIRECTION('',(-0.866025403784044,0.500000000000683,-8.36124415017971E-13));
#3201=DIRECTION('',(-0.707106781186456,3.92523114670994E-17,0.707106781186639));
#3202=DIRECTION('',(0.707106781186476,1.96261557335492E-17,0.707106781186619));
#3203=DIRECTION('',(1.14275912028396E-30,-1.88974131851092E-16,1.));
#3204=DIRECTION('',(1.,0.,0.));
#3205=DIRECTION('',(0.,0.,1.));
#3206=DIRECTION('',(-1.,0.,0.));
#3207=DIRECTION('',(0.,0.,1.));
#3208=DIRECTION('',(-1.,0.,0.));
#3209=DIRECTION('',(0.,-1.,0.));
#3210=DIRECTION('',(1.,0.,0.));
#3211=DIRECTION('',(3.82012224210838E-15,-1.91005968143345E-16,1.));
#3212=DIRECTION('',(0.,0.,-1.));
#3213=DIRECTION('',(0.,0.,-1.));
#3214=DIRECTION('',(-0.866025403784439,-0.5,0.));
#3215=DIRECTION('',(-3.04920247344527E-14,-1.35022582909547E-14,1.));
#3216=DIRECTION('',(0.499999999999993,-0.866025403784443,3.88577987315552E-16));
#3217=DIRECTION('',(-0.499999999999968,0.866025403784457,-1.13407084127741E-13));
#3218=DIRECTION('',(-0.866025403784439,-0.5,0.));
#3219=DIRECTION('',(0.,0.,1.));
#3220=DIRECTION('',(-0.500000000000002,0.866025403784438,0.));
#3221=DIRECTION('',(0.,0.,1.));
#3222=DIRECTION('',(0.500000000000319,-0.866025403784254,3.58961251102155E-13));
#3223=DIRECTION('',(0.866025403784439,0.5,0.));
#3224=DIRECTION('',(0.499999999996843,-0.866025403786261,-3.65461016149279E-12));
#3225=DIRECTION('',(-0.500000000001494,0.866025403783576,1.71593797241438E-12));
#3226=DIRECTION('',(0.500000000000261,-0.866025403784288,2.92288403454759E-13));
#3227=DIRECTION('',(0.866025403784438,0.500000000000001,0.));
#3228=DIRECTION('',(0.50000000000011,-0.866025403784375,1.17665849717266E-13));
#3229=DIRECTION('',(1.4210854715202E-15,-2.46139223857096E-15,-1.));
#3230=DIRECTION('',(0.,0.,-1.));
#3231=DIRECTION('',(1.33439324093264E-15,-2.78493204774523E-15,-1.));
#3232=DIRECTION('',(0.,0.,-1.));
#3233=DIRECTION('',(0.500000000005333,-0.86602540378136,1.38655688616729E-12));
#3234=DIRECTION('',(0.7823603567564,0.45169596257663,0.428815845751963));
#3235=DIRECTION('',(-0.499999999999936,0.866025403784476,-6.34043666935054E-14));
#3236=DIRECTION('',(0.,0.,-1.));
#3237=DIRECTION('',(-0.500000000001012,0.866025403783854,-2.0995738429789E-12));
#3238=DIRECTION('',(-0.706324559148739,-0.40779667435981,-0.578625517519249));
#3239=DIRECTION('',(1.33439324093264E-15,-2.78493204774523E-15,-1.));
#3240=DIRECTION('',(-0.499999999998327,0.866025403785405,4.02275423839662E-13));
#3241=DIRECTION('',(0.,0.,1.));
#3242=DIRECTION('',(-0.866025403784438,-0.500000000000001,0.));
#3243=DIRECTION('',(-0.499999999999292,0.866025403784847,-8.11266582906946E-13));
#3244=DIRECTION('',(0.,0.,1.));
#3245=DIRECTION('',(0.499999999999998,-0.86602540378444,-4.80740671595892E-17));
#3246=DIRECTION('',(0.866025403784437,0.500000000000003,1.14153490024579E-15));
#3247=DIRECTION('',(-0.499999999999999,0.866025403784439,0.));
#3248=DIRECTION('',(0.,0.,-1.));
#3249=DIRECTION('',(0.,0.,1.));
#3250=DIRECTION('',(0.,0.,1.));
#3251=DIRECTION('',(0.,0.,-1.));
#3252=DIRECTION('',(0.,0.,-1.));
#3253=DIRECTION('',(0.,0.,1.));
#3254=DIRECTION('',(0.,0.,-1.));
#3255=DIRECTION('',(0.,0.,1.));
#3256=DIRECTION('',(0.,0.,-1.));
#3257=DIRECTION('',(0.,0.,-1.));
#3258=DIRECTION('',(0.,0.,1.));
#3259=DIRECTION('',(0.,0.,1.));
#3260=DIRECTION('',(1.,0.,0.));
#3261=CARTESIAN_POINT('',(0.,0.,0.));
#3262=CARTESIAN_POINT('',(-149.126796728502,-23.5800000013921,4.70000000000033));
#3263=CARTESIAN_POINT('',(-171.556681012863,23.579999998625,-3.70000000000049));
#3264=CARTESIAN_POINT('',(-158.000000006453,-4.96112306791474E-9,0.499999999883308));
#3265=CARTESIAN_POINT('',(-133.501010005395,18.994722668267,0.500000000000882));
#3266=CARTESIAN_POINT('',(-139.261670300062,18.7383297029508,0.500000000000665));
#3267=CARTESIAN_POINT('',(-139.005277335673,24.498989997659,0.500000000000663));
#3268=CARTESIAN_POINT('',(-186.000000000003,-4.17799128626939E-11,0.499999999998992));
#3269=CARTESIAN_POINT('',(-179.142857142841,-9.84782167981825,-3.00000000000076));
#3270=CARTESIAN_POINT('',(-179.142857142841,-9.84782167981825,3.99999999999924));
#3271=CARTESIAN_POINT('',(-180.894990614477,-11.0678508304782,-3.00000000000082));
#3272=CARTESIAN_POINT('',(-180.894990614478,-11.0678508304782,3.99999999999918));
#3273=CARTESIAN_POINT('',(-181.22545767718,-13.1771716575117,-3.00000000000083));
#3274=CARTESIAN_POINT('',(-181.22545767718,-13.1771716575117,3.99999999999917));
#3275=CARTESIAN_POINT('',(-181.555924739882,-15.286492484546,-3.00000000000084));
#3276=CARTESIAN_POINT('',(-181.555924739882,-15.286492484546,3.99999999999915));
#3277=CARTESIAN_POINT('',(-180.26086956519,-16.9839243463277,-3.0000000000008));
#3278=CARTESIAN_POINT('',(-180.26086956519,-16.9839243463277,3.9999999999992));
#3279=CARTESIAN_POINT('',(-180.194830343396,-17.0704821095724,-3.0000000000008));
#3280=CARTESIAN_POINT('',(-180.194830343396,-17.0704821095724,3.99999999999921));
#3281=CARTESIAN_POINT('',(-180.128119997155,-17.1565236977572,-3.00000000000079));
#3282=CARTESIAN_POINT('',(-180.128119997155,-17.1565236977572,3.99999999999921));
#3283=CARTESIAN_POINT('',(-182.49898999685,-18.9947226653742,0.499999999999133));
#3284=CARTESIAN_POINT('',(-176.738329702952,-18.738329699939,0.499999999999328));
#3285=CARTESIAN_POINT('',(-176.994722669312,-24.4989899937934,0.499999999999319));
#3286=CARTESIAN_POINT('',(-129.999999999998,-4.18793888457003E-11,0.50000000000101));
#3287=CARTESIAN_POINT('',(-139.714285714267,13.9510807129997,0.500000000000654));
#3288=CARTESIAN_POINT('',(-176.738329702952,-18.7383296999388,0.49999999999933));
#3289=CARTESIAN_POINT('',(-139.261670300063,18.7383297029502,0.500000000000675));
#3290=CARTESIAN_POINT('',(-176.750955744005,15.2273857472555,-39.9669000386607));
#3291=CARTESIAN_POINT('',(-168.268169783132,12.9159890053663,-0.0330999613403282));
#3292=CARTESIAN_POINT('',(-167.037787341914,20.7199999990764,-3.00000000000032));
#3293=CARTESIAN_POINT('',(-167.037787341914,20.7199999990764,3.99999999999968));
#3294=CARTESIAN_POINT('',(-168.044512336999,22.8458332731254,-3.00000000000036));
#3295=CARTESIAN_POINT('',(-168.044512337,22.8458332731254,3.99999999999964));
#3296=CARTESIAN_POINT('',(-170.324080368021,23.4256883556502,-3.00000000000044));
#3297=CARTESIAN_POINT('',(-170.324080368021,23.4256883556502,3.99999999999956));
#3298=CARTESIAN_POINT('',(-172.603648399042,24.0055434381754,-3.00000000000052));
#3299=CARTESIAN_POINT('',(-172.603648399042,24.0055434381754,3.99999999999948));
#3300=CARTESIAN_POINT('',(-174.503785579384,22.6191304330917,-3.00000000000059));
#3301=CARTESIAN_POINT('',(-174.503785579384,22.6191304330917,3.99999999999941));
#3302=CARTESIAN_POINT('',(-174.833735877439,22.3783860337085,-3.00000000000061));
#3303=CARTESIAN_POINT('',(-174.833735877439,22.3783860337085,3.9999999999994));
#3304=CARTESIAN_POINT('',(-175.15652369681,22.1281199978857,-3.00000000000061));
#3305=CARTESIAN_POINT('',(-175.15652369681,22.1281199978857,3.99999999999939));
#3306=CARTESIAN_POINT('',(-176.994722664326,24.4989899976601,0.499999999999307));
#3307=CARTESIAN_POINT('',(-176.738329699936,18.7383297029497,0.499999999999323));
#3308=CARTESIAN_POINT('',(-182.498989994604,18.9947226682659,0.499999999999135));
#3309=CARTESIAN_POINT('',(-176.738329699937,18.7383297029502,0.49999999999933));
#3310=CARTESIAN_POINT('',(-173.227385148947,18.7509563423132,-39.9669000386606));
#3311=CARTESIAN_POINT('',(-173.227385148947,25.2492736586448,-39.9669000386606));
#3312=CARTESIAN_POINT('',(-176.750955744005,21.7257030635872,-39.9669000386607));
#3313=CARTESIAN_POINT('',(-176.476543807113,18.4765444054215,-20.0000000000007));
#3314=CARTESIAN_POINT('',(-176.750955744005,-15.2273857472558,-39.9669000386607));
#3315=CARTESIAN_POINT('',(-168.268169783132,-12.9159890053663,-0.0330999613403282));
#3316=CARTESIAN_POINT('',(-173.227385148947,-18.7509563423134,-39.9669000386606));
#3317=CARTESIAN_POINT('',(-173.227385148947,-25.2492736586451,-39.9669000386606));
#3318=CARTESIAN_POINT('',(-176.750955744005,-21.7257030635874,-39.9669000386607));
#3319=CARTESIAN_POINT('',(-176.476543807113,-18.4765444054217,-20.0000000000007));
#3320=CARTESIAN_POINT('',(-139.249044255992,-15.2273857472558,-39.9669000386594));
#3321=CARTESIAN_POINT('',(-147.731830216868,-12.9159890053663,-0.0330999613395893));
#3322=CARTESIAN_POINT('',(-148.962212662213,-20.7200000008791,-2.99999999999967));
#3323=CARTESIAN_POINT('',(-148.962212662213,-20.7200000008791,4.00000000000033));
#3324=CARTESIAN_POINT('',(-147.955487667551,-22.8458332751289,-2.99999999999963));
#3325=CARTESIAN_POINT('',(-147.955487667551,-22.8458332751289,4.00000000000037));
#3326=CARTESIAN_POINT('',(-145.675919636645,-23.4256883581083,-2.99999999999956));
#3327=CARTESIAN_POINT('',(-145.675919636645,-23.4256883581083,4.00000000000045));
#3328=CARTESIAN_POINT('',(-143.396351605739,-24.0055434410878,-2.99999999999947));
#3329=CARTESIAN_POINT('',(-143.396351605739,-24.0055434410878,4.00000000000053));
#3330=CARTESIAN_POINT('',(-141.496214425121,-22.6191304363824,-2.99999999999941));
#3331=CARTESIAN_POINT('',(-141.496214425121,-22.6191304363824,4.0000000000006));
#3332=CARTESIAN_POINT('',(-141.166264124764,-22.3783860354202,-2.99999999999939));
#3333=CARTESIAN_POINT('',(-141.166264124764,-22.3783860354202,4.00000000000061));
#3334=CARTESIAN_POINT('',(-140.843476303188,-22.128119997888,-2.99999999999938));
#3335=CARTESIAN_POINT('',(-140.843476303188,-22.128119997888,4.00000000000062));
#3336=CARTESIAN_POINT('',(-139.005277335672,-24.498989997661,0.500000000000656));
#3337=CARTESIAN_POINT('',(-139.261670300063,-18.7383297029537,0.500000000000677));
#3338=CARTESIAN_POINT('',(-133.501010005398,-18.9947226682709,0.500000000000851));
#3339=CARTESIAN_POINT('',(-139.261670300063,-18.7383297029538,0.500000000000675));
#3340=CARTESIAN_POINT('',(-142.772614851049,-18.7509563423134,-39.9669000386595));
#3341=CARTESIAN_POINT('',(-142.772614851049,-25.2492736586451,-39.9669000386595));
#3342=CARTESIAN_POINT('',(-139.249044255992,-21.7257030635874,-39.9669000386594));
#3343=CARTESIAN_POINT('',(-139.523456192884,-18.4765444054216,-19.9999999999993));
#3344=CARTESIAN_POINT('',(-139.249044255992,15.2273857472555,-39.9669000386594));
#3345=CARTESIAN_POINT('',(-147.731830216868,12.9159890053663,-0.0330999613395893));
#3346=CARTESIAN_POINT('',(-142.772614851049,18.7509563423132,-39.9669000386595));
#3347=CARTESIAN_POINT('',(-142.772614851049,25.2492736586448,-39.9669000386595));
#3348=CARTESIAN_POINT('',(-139.249044255992,21.7257030635872,-39.9669000386594));
#3349=CARTESIAN_POINT('',(-139.523456192884,18.4765444054214,-19.9999999999993));
#3350=CARTESIAN_POINT('',(-180.128119995127,17.1565237003692,-3.00000000000079));
#3351=CARTESIAN_POINT('',(-180.128119995127,17.1565237003692,3.99999999999921));
#3352=CARTESIAN_POINT('',(-180.194830342417,17.0704821108528,-3.00000000000079));
#3353=CARTESIAN_POINT('',(-180.194830342417,17.0704821108528,3.9999999999992));
#3354=CARTESIAN_POINT('',(-180.260869565238,16.9839243462604,-3.0000000000008));
#3355=CARTESIAN_POINT('',(-180.260869565239,16.9839243462604,3.9999999999992));
#3356=CARTESIAN_POINT('',(-181.555924739926,15.2864924844747,-3.00000000000085));
#3357=CARTESIAN_POINT('',(-181.555924739926,15.2864924844747,3.99999999999915));
#3358=CARTESIAN_POINT('',(-181.225457677217,13.1771716574419,-3.00000000000083));
#3359=CARTESIAN_POINT('',(-181.225457677218,13.1771716574419,3.99999999999917));
#3360=CARTESIAN_POINT('',(-180.894990614509,11.067850830409,-3.00000000000082));
#3361=CARTESIAN_POINT('',(-180.894990614509,11.067850830409,3.99999999999918));
#3362=CARTESIAN_POINT('',(-179.142857142869,9.84782167975413,-3.00000000000076));
#3363=CARTESIAN_POINT('',(-179.142857142869,9.84782167975413,3.99999999999924));
#3364=CARTESIAN_POINT('',(-172.227385148948,22.5233686042923,-1.51654998067047));
#3365=CARTESIAN_POINT('',(-180.276159815751,14.2273857472558,-1.51654998067062));
#3366=CARTESIAN_POINT('',(-180.276159815714,-14.2273857472553,-1.51654998067083));
#3367=CARTESIAN_POINT('',(-172.227385148949,-22.5233686042956,-1.51654998067051));
#3368=CARTESIAN_POINT('',(-135.871880004874,-17.1565237003745,-2.9999999999992));
#3369=CARTESIAN_POINT('',(-135.871880004874,-17.1565237003745,4.0000000000008));
#3370=CARTESIAN_POINT('',(-135.805169657608,-17.070482110889,-2.9999999999992));
#3371=CARTESIAN_POINT('',(-135.805169657608,-17.070482110889,4.0000000000008));
#3372=CARTESIAN_POINT('',(-135.73913043481,-16.9839243463278,-2.99999999999919));
#3373=CARTESIAN_POINT('',(-135.73913043481,-16.9839243463278,4.0000000000008));
#3374=CARTESIAN_POINT('',(-134.444075260117,-15.2864924845458,-2.99999999999915));
#3375=CARTESIAN_POINT('',(-134.444075260118,-15.2864924845458,4.00000000000085));
#3376=CARTESIAN_POINT('',(-134.77454232282,-13.177171657512,-2.99999999999916));
#3377=CARTESIAN_POINT('',(-134.77454232282,-13.177171657512,4.00000000000083));
#3378=CARTESIAN_POINT('',(-135.105009385522,-11.0678508304779,-2.99999999999918));
#3379=CARTESIAN_POINT('',(-135.105009385522,-11.0678508304779,4.00000000000083));
#3380=CARTESIAN_POINT('',(-136.857142857159,-9.84782167981825,-2.99999999999924));
#3381=CARTESIAN_POINT('',(-136.857142857159,-9.84782167981825,4.00000000000076));
#3382=CARTESIAN_POINT('',(-143.772614851051,-22.5233686063668,-1.51654998066953));
#3383=CARTESIAN_POINT('',(-135.723840184285,-14.2273857472558,-1.51654998066912));
#3384=CARTESIAN_POINT('',(-143.772614851051,22.5233686063638,-1.51654998066943));
#3385=CARTESIAN_POINT('',(-135.723840184249,14.2273857472557,-1.51654998066892));
#3386=CARTESIAN_POINT('',(-140.843476303188,22.1281199978853,-2.99999999999938));
#3387=CARTESIAN_POINT('',(-140.843476303189,22.1281199978853,4.00000000000062));
#3388=CARTESIAN_POINT('',(-141.166264124765,22.3783860354178,-2.99999999999939));
#3389=CARTESIAN_POINT('',(-141.166264124765,22.3783860354178,4.00000000000061));
#3390=CARTESIAN_POINT('',(-141.496214425122,22.6191304363798,-2.9999999999994));
#3391=CARTESIAN_POINT('',(-141.496214425122,22.6191304363798,4.0000000000006));
#3392=CARTESIAN_POINT('',(-143.396351605741,24.0055434410852,-2.99999999999948));
#3393=CARTESIAN_POINT('',(-143.396351605741,24.0055434410852,4.00000000000052));
#3394=CARTESIAN_POINT('',(-145.675919636646,23.4256883581056,-2.99999999999956));
#3395=CARTESIAN_POINT('',(-145.675919636646,23.4256883581056,4.00000000000045));
#3396=CARTESIAN_POINT('',(-147.955487667551,22.8458332751266,-2.99999999999964));
#3397=CARTESIAN_POINT('',(-147.955487667551,22.8458332751266,4.00000000000037));
#3398=CARTESIAN_POINT('',(-148.962212662214,20.7200000008772,-2.99999999999967));
#3399=CARTESIAN_POINT('',(-148.962212662214,20.7200000008772,4.00000000000033));
#3400=CARTESIAN_POINT('',(-175.156523701315,-22.1281199943965,-3.00000000000061));
#3401=CARTESIAN_POINT('',(-175.156523701316,-22.1281199943965,3.99999999999939));
#3402=CARTESIAN_POINT('',(-174.833735879743,-22.3783860320311,-3.0000000000006));
#3403=CARTESIAN_POINT('',(-174.833735879743,-22.3783860320311,3.9999999999994));
#3404=CARTESIAN_POINT('',(-174.503785579385,-22.6191304330942,-3.00000000000059));
#3405=CARTESIAN_POINT('',(-174.503785579386,-22.6191304330942,3.99999999999941));
#3406=CARTESIAN_POINT('',(-172.603648399043,-24.0055434381784,-3.00000000000052));
#3407=CARTESIAN_POINT('',(-172.603648399043,-24.0055434381784,3.99999999999948));
#3408=CARTESIAN_POINT('',(-170.324080368021,-23.425688355653,-3.00000000000044));
#3409=CARTESIAN_POINT('',(-170.324080368022,-23.425688355653,3.99999999999955));
#3410=CARTESIAN_POINT('',(-168.044512337,-22.8458332731275,-3.00000000000036));
#3411=CARTESIAN_POINT('',(-168.044512337,-22.8458332731275,3.99999999999964));
#3412=CARTESIAN_POINT('',(-167.037787341914,-20.7199999990785,-3.00000000000032));
#3413=CARTESIAN_POINT('',(-167.037787341915,-20.7199999990785,3.99999999999968));
#3414=CARTESIAN_POINT('',(-185.942857143011,28.2960000015914,3.999999999999));
#3415=CARTESIAN_POINT('',(-130.057142856988,-28.2960000015942,-2.99999999999899));
#3416=CARTESIAN_POINT('',(-170.441205731159,18.5799999986253,0.499999999999571));
#3417=CARTESIAN_POINT('',(-171.556681012808,-23.5799999987437,-3.70000000000049));
#3418=CARTESIAN_POINT('',(-170.441205731115,-18.5799999987412,0.499999999999812));
#3419=CARTESIAN_POINT('',(-158.000000002432,-25.0000000001348,0.499999999999999));
#3420=CARTESIAN_POINT('',(-145.558794272383,-18.5800000013831,0.49999999999981));
#3421=CARTESIAN_POINT('',(-158.00000000249,25.0000000000479,0.500000000000005));
#3422=CARTESIAN_POINT('',(-149.126796728557,23.580000001326,4.70000000000033));
#3423=CARTESIAN_POINT('',(-145.558794272427,18.5800000013262,0.500000000000598));
#3424=CARTESIAN_POINT('',(-160.,7.49999999994066,-3.00000000000007));
#3425=CARTESIAN_POINT('',(-160.,9.49999999994066,3.27820079140191));
#3426=CARTESIAN_POINT('',(-160.,15.8660687472591,-3.00000000000007));
#3427=CARTESIAN_POINT('',(-160.,7.49999999994066,-1.00000000000007));
#3428=CARTESIAN_POINT('',(-154.,9.49999999994066,-2.99999999999985));
#3429=CARTESIAN_POINT('',(-161.,8.49999999994066,-1.0000000000001));
#3430=CARTESIAN_POINT('',(-156.,11.4999999999407,-3.99999999999993));
#3431=CARTESIAN_POINT('',(-156.,17.3660687472591,-3.99999999999993));
#3432=CARTESIAN_POINT('',(-150.504809471616,-2.01794919249051,-2.99999999999973));
#3433=CARTESIAN_POINT('',(-148.772758664048,-3.01794919249028,3.27820079140231));
#3434=CARTESIAN_POINT('',(-143.692594108524,-5.95098356614949,-2.99999999999948));
#3435=CARTESIAN_POINT('',(-153.504809471616,-7.21410161519702,-2.99999999999984));
#3436=CARTESIAN_POINT('',(-143.259581406632,-6.20098356614972,-2.99999999999947));
#3437=CARTESIAN_POINT('',(-150.504809471616,-2.01794919249051,-0.999999999999725));
#3438=CARTESIAN_POINT('',(-151.772758664048,-8.21410161519702,-2.99999999999977));
#3439=CARTESIAN_POINT('',(-149.138784067832,-1.65192378870575,-0.999999999999675));
#3440=CARTESIAN_POINT('',(-149.040707856479,-7.48205080762818,-3.99999999999968));
#3441=CARTESIAN_POINT('',(-143.960543300955,-10.4150851812874,-3.9999999999995));
#3442=CARTESIAN_POINT('',(-163.495190528383,-5.48205080762818,-3.0000000000002));
#3443=CARTESIAN_POINT('',(-165.227241335952,-6.48205080762841,3.27820079140172));
#3444=CARTESIAN_POINT('',(-170.307405891476,-9.41508518128762,-3.00000000000044));
#3445=CARTESIAN_POINT('',(-166.495190528383,-0.285898384921667,-3.0000000000003));
#3446=CARTESIAN_POINT('',(-170.740418593368,-9.6650851812874,-3.00000000000045));
#3447=CARTESIAN_POINT('',(-163.495190528383,-5.48205080762818,-1.00000000000019));
#3448=CARTESIAN_POINT('',(-168.227241335952,-1.28589838492167,-3.00000000000036));
#3449=CARTESIAN_POINT('',(-163.861215932167,-6.84807621141295,-1.0000000000002));
#3450=CARTESIAN_POINT('',(-168.959292143521,-4.01794919249051,-4.00000000000039));
#3451=CARTESIAN_POINT('',(-174.039456699045,-6.95098356614972,-4.00000000000058));
#3452=CARTESIAN_POINT('',(-160.,15.3660687472591,-3.00000000000007));
#3453=CARTESIAN_POINT('',(-158.,15.8660687472592,-2.49999999999988));
#3454=CARTESIAN_POINT('',(-144.259581406632,-7.93303437371914,-2.49999999999943));
#3455=CARTESIAN_POINT('',(-171.740418593368,-7.93303437371843,-2.50000000000038));
#3456=CARTESIAN_POINT('',(-168.477241335952,-0.852885683029491,-2.50000000000041));
#3457=CARTESIAN_POINT('',(-154.,7.49999999994066,-2.99999999999985));
#3458=CARTESIAN_POINT('',(-153.5,9.49999999994073,-2.49999999999977));
#3459=CARTESIAN_POINT('',(-152.022758664048,-8.64711431708901,-2.49999999999983));
#3460=CARTESIAN_POINT('',(-153.,4.,4.00000000000018));
#3461=CARTESIAN_POINT('',(-152.999999999355,-7.50000000000182,4.00000000000018));
#3462=CARTESIAN_POINT('',(-152.999999999357,-12.5000000006459,4.00000000000018));
#3463=CARTESIAN_POINT('',(-158.000000000001,-12.5000000006449,4.00000000000018));
#3464=CARTESIAN_POINT('',(-163.000000000645,-12.5000000006439,4.00000000000018));
#3465=CARTESIAN_POINT('',(-163.000000000645,-7.49999999999977,4.00000000000018));
#3466=CARTESIAN_POINT('',(-153.3,-7.5,3.70000000000018));
#3467=CARTESIAN_POINT('',(-153.3,-12.1999999999995,3.70000000000018));
#3468=CARTESIAN_POINT('',(-157.999999999999,-12.2000000000002,3.70000000000018));
#3469=CARTESIAN_POINT('',(-162.699999999999,-12.200000000001,3.70000000000018));
#3470=CARTESIAN_POINT('',(-162.7,-7.5000000000015,3.70000000000018));
#3471=CARTESIAN_POINT('',(-163.,-7.5,3.99999999999982));
#3472=CARTESIAN_POINT('',(-163.000000000645,4.0000000000017,3.99999999999982));
#3473=CARTESIAN_POINT('',(-163.000000000643,9.0000000006458,3.99999999999982));
#3474=CARTESIAN_POINT('',(-157.999999999999,9.00000000064489,3.99999999999982));
#3475=CARTESIAN_POINT('',(-152.999999999355,9.00000000064398,3.99999999999982));
#3476=CARTESIAN_POINT('',(-152.999999999355,3.99999999999988,3.99999999999982));
#3477=CARTESIAN_POINT('',(-162.7,3.99999999999994,3.69999999999982));
#3478=CARTESIAN_POINT('',(-162.7,8.69999999999929,3.69999999999982));
#3479=CARTESIAN_POINT('',(-158.000000000001,8.7000000000001,3.69999999999982));
#3480=CARTESIAN_POINT('',(-153.300000000001,8.70000000000091,3.69999999999982));
#3481=CARTESIAN_POINT('',(-153.3,4.00000000000156,3.69999999999982));
#3482=CARTESIAN_POINT('',(-158.,3.99999999999995,5.99999999999998));
#3483=CARTESIAN_POINT('',(-162.7,3.99999999999994,-2.1316282072803E-14));
#3484=CARTESIAN_POINT('',(-158.,-7.49999999999999,5.99999999999998));
#3485=CARTESIAN_POINT('',(-153.3,-7.5,-2.1316282072803E-14));
#3486=CARTESIAN_POINT('',(-163.875,-14.8125,-2.1316282072803E-14));
#3487=CARTESIAN_POINT('',(-153.35,-2.99999966700966,-5.50000000000002));
#3488=CARTESIAN_POINT('',(-153.35,4.14999999999998,-5.50000000000002));
#3489=CARTESIAN_POINT('',(-162.65,4.14999999999998,-5.49999999999998));
#3490=CARTESIAN_POINT('',(-158.,-2.99999999999994,5.5));
#3491=CARTESIAN_POINT('',(-158.,5.99999999999989,-2.));
#3492=CARTESIAN_POINT('',(-158.,-9.49999999999997,-3.99999999999999));
#3493=CARTESIAN_POINT('',(-171.556681012808,-23.5800000014447,3.99999999999952));
#3494=CARTESIAN_POINT('',(-171.556681012808,-23.5800000014447,-3.00000000000048));
#3495=CARTESIAN_POINT('',(-144.443318992062,-23.5800000013812,4.00000000000049));
#3496=CARTESIAN_POINT('',(-144.443318992062,-23.5800000013812,-2.99999999999951));
#3497=CARTESIAN_POINT('',(-171.556681012863,23.580000001326,3.99999999999952));
#3498=CARTESIAN_POINT('',(-171.556681012863,23.580000001326,-3.00000000000048));
#3499=CARTESIAN_POINT('',(-144.443318992117,23.580000001326,4.00000000000049));
#3500=CARTESIAN_POINT('',(-144.443318992117,23.580000001326,-2.99999999999951));
#3501=CARTESIAN_POINT('',(-135.871880004873,17.1565237003699,4.0000000000008));
#3502=CARTESIAN_POINT('',(-135.739130434761,16.9839243462607,4.0000000000008));
#3503=CARTESIAN_POINT('',(-136.498043027607,18.8613320247623,4.00000000000077));
#3504=CARTESIAN_POINT('',(-139.138667978696,21.5019569754259,4.00000000000068));
#3505=CARTESIAN_POINT('',(-140.843476303189,22.1281199978853,4.00000000000062));
#3506=CARTESIAN_POINT('',(-175.15652369681,22.1281199978857,3.99999999999939));
#3507=CARTESIAN_POINT('',(-176.861332021304,21.5019569754263,3.99999999999932));
#3508=CARTESIAN_POINT('',(-179.501956972393,18.8613320247619,3.99999999999923));
#3509=CARTESIAN_POINT('',(-180.128119995127,17.1565237003692,3.99999999999921));
#3510=CARTESIAN_POINT('',(-179.142857142869,9.84782167975413,-3.00000000000076));
#3511=CARTESIAN_POINT('',(-179.142857142869,9.84782167975413,3.99999999999924));
#3512=CARTESIAN_POINT('',(-179.142857142841,-9.84782167981825,-3.00000000000076));
#3513=CARTESIAN_POINT('',(-179.142857142841,-9.84782167981825,3.99999999999924));
#3514=CARTESIAN_POINT('',(-180.128119997155,-17.1565236977572,3.99999999999921));
#3515=CARTESIAN_POINT('',(-179.501956974642,-18.8613320217901,3.99999999999923));
#3516=CARTESIAN_POINT('',(-176.861332025248,-21.5019569716094,3.99999999999932));
#3517=CARTESIAN_POINT('',(-175.156523701316,-22.1281199943965,3.99999999999939));
#3518=CARTESIAN_POINT('',(-140.843476303188,-22.128119997888,4.00000000000062));
#3519=CARTESIAN_POINT('',(-139.138667978695,-21.5019569754286,4.00000000000068));
#3520=CARTESIAN_POINT('',(-136.498043027608,-18.8613320247664,4.00000000000077));
#3521=CARTESIAN_POINT('',(-135.871880004874,-17.1565237003745,4.0000000000008));
#3522=CARTESIAN_POINT('',(-136.857142857159,-9.84782167981825,-2.99999999999924));
#3523=CARTESIAN_POINT('',(-136.857142857159,-9.84782167981825,4.00000000000076));
#3524=CARTESIAN_POINT('',(-136.857142857131,9.84782167975413,-2.99999999999924));
#3525=CARTESIAN_POINT('',(-136.857142857131,9.84782167975413,4.00000000000076));
#3526=CARTESIAN_POINT('',(-175.163329702952,-18.7383296999387,3.99999999999939));
#3527=CARTESIAN_POINT('',(-137.686670300063,-18.7383297029537,4.00000000000073));
#3528=CARTESIAN_POINT('',(-137.686670300063,18.7383297029503,4.00000000000073));
#3529=CARTESIAN_POINT('',(-175.163329699937,18.7383297029503,3.99999999999939));
#3530=CARTESIAN_POINT('',(-173.227385148948,18.7509563423132,-0.0330999613405041));
#3531=CARTESIAN_POINT('',(-176.750955744006,15.2273857472555,-0.0330999613406302));
#3532=CARTESIAN_POINT('',(-176.750955744006,15.2389943942517,-0.0330999613406302));
#3533=CARTESIAN_POINT('',(-173.238993795944,18.7509563423132,-0.0330999613405041));
#3534=CARTESIAN_POINT('',(-175.15652369681,22.1281199978857,-0.0330999613405751));
#3535=CARTESIAN_POINT('',(-176.861332021304,21.5019569754263,-0.0330999613406355));
#3536=CARTESIAN_POINT('',(-179.501956972393,18.8613320247619,-0.033099961340735));
#3537=CARTESIAN_POINT('',(-180.128119995127,17.1565237003692,-0.0330999613407528));
#3538=CARTESIAN_POINT('',(-175.163329699937,18.7383297029503,-0.0330999613405787));
#3539=CARTESIAN_POINT('',(-173.238993795944,18.7509563423132,-3.00000000000055));
#3540=CARTESIAN_POINT('',(-173.227385148948,18.7509563423132,-3.00000000000055));
#3541=CARTESIAN_POINT('',(-176.750955744006,15.2273857472555,-3.00000000000068));
#3542=CARTESIAN_POINT('',(-176.750955744006,15.2389943942517,-3.00000000000068));
#3543=CARTESIAN_POINT('',(-173.227385148948,-18.7509563423134,-0.0330999613405041));
#3544=CARTESIAN_POINT('',(-176.750955744006,-15.2273857472558,-0.0330999613406302));
#3545=CARTESIAN_POINT('',(-176.750955744006,-15.2389943942519,-0.0330999613406302));
#3546=CARTESIAN_POINT('',(-173.238993795944,-18.7509563423134,-0.0330999613405041));
#3547=CARTESIAN_POINT('',(-180.128119997155,-17.1565236977572,-0.0330999613407563));
#3548=CARTESIAN_POINT('',(-179.501956974642,-18.8613320217901,-0.033099961340735));
#3549=CARTESIAN_POINT('',(-176.861332025247,-21.5019569716094,-0.0330999613406391));
#3550=CARTESIAN_POINT('',(-175.156523701315,-22.1281199943965,-0.0330999613405787));
#3551=CARTESIAN_POINT('',(-175.163329702951,-18.7383296999387,-0.0330999613405787));
#3552=CARTESIAN_POINT('',(-173.238993795944,-18.7509563423134,-3.00000000000055));
#3553=CARTESIAN_POINT('',(-173.227385148948,-18.7509563423134,-3.00000000000055));
#3554=CARTESIAN_POINT('',(-176.750955744006,-15.2273857472558,-3.00000000000068));
#3555=CARTESIAN_POINT('',(-176.750955744006,-15.2389943942519,-3.00000000000068));
#3556=CARTESIAN_POINT('',(-142.772614851051,-18.7509563423134,-0.0330999613394116));
#3557=CARTESIAN_POINT('',(-139.249044255993,-15.2273857472558,-0.0330999613392855));
#3558=CARTESIAN_POINT('',(-139.249044255993,-15.2389943942519,-0.0330999613392855));
#3559=CARTESIAN_POINT('',(-142.761006204055,-18.7509563423134,-0.0330999613394116));
#3560=CARTESIAN_POINT('',(-140.843476303188,-22.128119997888,-0.0330999613393406));
#3561=CARTESIAN_POINT('',(-139.138667978695,-21.5019569754286,-0.0330999613392855));
#3562=CARTESIAN_POINT('',(-136.498043027608,-18.8613320247664,-0.0330999613391878));
#3563=CARTESIAN_POINT('',(-135.871880004874,-17.1565237003745,-0.0330999613391665));
#3564=CARTESIAN_POINT('',(-137.686670300063,-18.7383297029537,-0.0330999613392304));
#3565=CARTESIAN_POINT('',(-142.761006204055,-18.7509563423134,-2.99999999999945));
#3566=CARTESIAN_POINT('',(-142.772614851051,-18.7509563423134,-2.99999999999945));
#3567=CARTESIAN_POINT('',(-139.249044255993,-15.2273857472558,-2.99999999999933));
#3568=CARTESIAN_POINT('',(-139.249044255993,-15.2389943942519,-2.99999999999933));
#3569=CARTESIAN_POINT('',(-142.772614851051,18.7509563423132,-0.0330999613394116));
#3570=CARTESIAN_POINT('',(-139.249044255993,15.2273857472555,-0.0330999613392855));
#3571=CARTESIAN_POINT('',(-139.249044255993,15.2389943942517,-0.0330999613392855));
#3572=CARTESIAN_POINT('',(-142.761006204055,18.7509563423132,-0.0330999613394116));
#3573=CARTESIAN_POINT('',(-135.739130434761,16.9839243462607,-0.0330999613391629));
#3574=CARTESIAN_POINT('',(-135.871880004873,17.1565237003699,-0.0330999613391665));
#3575=CARTESIAN_POINT('',(-136.498043027607,18.8613320247623,-0.0330999613391842));
#3576=CARTESIAN_POINT('',(-139.138667978695,21.5019569754259,-0.0330999613392855));
#3577=CARTESIAN_POINT('',(-140.843476303188,22.1281199978853,-0.0330999613393441));
#3578=CARTESIAN_POINT('',(-137.686670300063,18.7383297029503,-0.0330999613392304));
#3579=CARTESIAN_POINT('',(-142.761006204055,18.7509563423132,-2.99999999999945));
#3580=CARTESIAN_POINT('',(-142.772614851051,18.7509563423132,-2.99999999999945));
#3581=CARTESIAN_POINT('',(-139.249044255993,15.2273857472555,-2.99999999999933));
#3582=CARTESIAN_POINT('',(-139.249044255993,15.2389943942517,-2.99999999999933));
#3583=CARTESIAN_POINT('',(-172.395061183282,23.5092107557093,-3.00000000000052));
#3584=CARTESIAN_POINT('',(-180.27615981575,15.2273857472555,-0.0330999613407563));
#3585=CARTESIAN_POINT('',(-173.227385148948,22.5233686042925,-3.00000000000054));
#3586=CARTESIAN_POINT('',(-180.27615981575,15.2273857472555,-3.0000000000008));
#3587=CARTESIAN_POINT('',(-181.273771198255,14.2964620058196,-3.00000000000083));
#3588=CARTESIAN_POINT('',(-173.227385148948,22.5233686042925,-0.0330999613405005));
#3589=CARTESIAN_POINT('',(-172.395061183282,23.5092107557093,-0.0330999613404757));
#3590=CARTESIAN_POINT('',(-181.273771198255,14.2964620058196,-0.0330999613407901));
#3591=CARTESIAN_POINT('',(-181.27377119822,-14.2964620058058,-3.00000000000083));
#3592=CARTESIAN_POINT('',(-180.276159815714,-15.2273857472558,-0.0330999613407528));
#3593=CARTESIAN_POINT('',(-173.227385148948,-22.5233686042955,-3.00000000000054));
#3594=CARTESIAN_POINT('',(-180.276159815714,-15.2273857472558,-3.0000000000008));
#3595=CARTESIAN_POINT('',(-172.395061183281,-23.5092107557123,-3.00000000000052));
#3596=CARTESIAN_POINT('',(-173.227385148948,-22.5233686042955,-0.0330999613405041));
#3597=CARTESIAN_POINT('',(-181.27377119822,-14.2964620058058,-0.0330999613407936));
#3598=CARTESIAN_POINT('',(-172.395061183282,-23.5092107557123,-0.0330999613404757));
#3599=CARTESIAN_POINT('',(-143.604938815792,-23.5092107576263,-2.99999999999948));
#3600=CARTESIAN_POINT('',(-135.723840184285,-15.2273857472558,-0.0330999613391558));
#3601=CARTESIAN_POINT('',(-142.772614851051,-22.5233686063668,-2.99999999999945));
#3602=CARTESIAN_POINT('',(-135.723840184285,-15.2273857472558,-2.9999999999992));
#3603=CARTESIAN_POINT('',(-134.726228801779,-14.296462005806,-2.99999999999916));
#3604=CARTESIAN_POINT('',(-142.772614851051,-22.5233686063668,-0.0330999613394116));
#3605=CARTESIAN_POINT('',(-143.604938815792,-23.5092107576263,-0.0330999613394383));
#3606=CARTESIAN_POINT('',(-134.726228801779,-14.2964620058058,-0.0330999613391221));
#3607=CARTESIAN_POINT('',(-142.772614851051,22.5233686063639,-2.99999999999945));
#3608=CARTESIAN_POINT('',(-143.604938815792,23.5092107576234,-2.99999999999947));
#3609=CARTESIAN_POINT('',(-142.772614851051,22.5233686063639,-0.0330999613394081));
#3610=CARTESIAN_POINT('',(-143.604938815792,23.5092107576234,-0.0330999613394418));
#3611=CARTESIAN_POINT('',(-134.726228801744,14.2964620058196,-2.99999999999916));
#3612=CARTESIAN_POINT('',(-135.723840184249,15.2273857472555,-0.0330999613391594));
#3613=CARTESIAN_POINT('',(-135.723840184249,15.2273857472555,-2.9999999999992));
#3614=CARTESIAN_POINT('',(-134.726228801744,14.2964620058196,-0.0330999613391221));
#3615=CARTESIAN_POINT('',(-165.997917970936,20.8728571419824,3.99999999999972));
#3616=CARTESIAN_POINT('',(-165.997917970935,20.8728571419824,-3.00000000000028));
#3617=CARTESIAN_POINT('',(-170.441205731159,23.5800000002457,3.99999999999956));
#3618=CARTESIAN_POINT('',(-170.441205731159,23.5800000002457,-3.00000000000044));
#3619=CARTESIAN_POINT('',(-165.997917970887,-20.8728571420882,3.99999999999972));
#3620=CARTESIAN_POINT('',(-165.997917970886,-20.8728571420882,-3.00000000000029));
#3621=CARTESIAN_POINT('',(-170.441205731104,-23.5800000003617,3.99999999999956));
#3622=CARTESIAN_POINT('',(-170.441205731104,-23.5800000003617,-3.00000000000044));
#3623=CARTESIAN_POINT('',(-145.558794272372,-23.5800000008799,4.00000000000045));
#3624=CARTESIAN_POINT('',(-145.558794272372,-23.5800000008799,-2.99999999999955));
#3625=CARTESIAN_POINT('',(-150.0020820331,-20.8728571437869,4.00000000000028));
#3626=CARTESIAN_POINT('',(-150.0020820331,-20.8728571437869,-2.99999999999972));
#3627=CARTESIAN_POINT('',(-145.558794272427,23.5800000008221,4.00000000000045));
#3628=CARTESIAN_POINT('',(-145.558794272427,23.5800000008221,-2.99999999999955));
#3629=CARTESIAN_POINT('',(-150.002082033149,20.8728571437189,4.00000000000028));
#3630=CARTESIAN_POINT('',(-150.002082033149,20.8728571437189,-2.99999999999971));
#3631=CARTESIAN_POINT('',(-154.,7.49999999994066,-0.999999999999851));
#3632=CARTESIAN_POINT('',(-160.,7.49999999994066,-1.00000000000007));
#3633=CARTESIAN_POINT('',(-160.,9.49999999994066,3.27820079140191));
#3634=CARTESIAN_POINT('',(-154.,9.49999999994066,3.27820079140212));
#3635=CARTESIAN_POINT('',(-160.,15.3660687472591,3.27820079140191));
#3636=CARTESIAN_POINT('',(-154.,8.49999999994066,-0.999999999999851));
#3637=CARTESIAN_POINT('',(-160.,8.49999999994066,-1.00000000000007));
#3638=CARTESIAN_POINT('',(-154.,9.49999999994066,1.49213974509621E-13));
#3639=CARTESIAN_POINT('',(-160.,9.49999999994066,-6.57252030578093E-14));
#3640=CARTESIAN_POINT('',(-154.,11.4999999999407,3.27820079140212));
#3641=CARTESIAN_POINT('',(-156.,11.4999999999407,3.27820079140205));
#3642=CARTESIAN_POINT('',(-156.,15.3660687472591,3.27820079140205));
#3643=CARTESIAN_POINT('',(-160.,7.49999999994066,-3.00000000000007));
#3644=CARTESIAN_POINT('',(-156.,11.4999999999407,-2.99999999999993));
#3645=CARTESIAN_POINT('',(-153.504809471616,-7.21410161519702,-0.999999999999833));
#3646=CARTESIAN_POINT('',(-150.504809471616,-2.01794919249051,-0.999999999999725));
#3647=CARTESIAN_POINT('',(-148.772758664048,-3.01794919249028,3.27820079140231));
#3648=CARTESIAN_POINT('',(-151.772758664048,-8.21410161519702,3.2782007914022));
#3649=CARTESIAN_POINT('',(-143.692594108524,-5.95098356614949,3.27820079140249));
#3650=CARTESIAN_POINT('',(-152.638784067832,-7.71410161519702,-0.999999999999801));
#3651=CARTESIAN_POINT('',(-149.638784067832,-2.51794919249051,-0.999999999999693));
#3652=CARTESIAN_POINT('',(-151.772758664048,-8.21410161519702,2.29150032282632E-13));
#3653=CARTESIAN_POINT('',(-148.772758664048,-3.01794919249051,3.37507799486048E-13));
#3654=CARTESIAN_POINT('',(-150.040707856479,-9.21410161519702,3.27820079140227));
#3655=CARTESIAN_POINT('',(-149.040707856479,-7.48205080762818,3.2782007914023));
#3656=CARTESIAN_POINT('',(-145.692594108524,-9.4150851812874,3.27820079140242));
#3657=CARTESIAN_POINT('',(-150.504809471616,-2.01794919249051,-2.99999999999973));
#3658=CARTESIAN_POINT('',(-149.040707856479,-7.48205080762818,-2.99999999999968));
#3659=CARTESIAN_POINT('',(-166.495190528383,-0.285898384921667,-1.0000000000003));
#3660=CARTESIAN_POINT('',(-163.495190528383,-5.48205080762818,-1.00000000000019));
#3661=CARTESIAN_POINT('',(-165.227241335952,-6.48205080762841,3.27820079140172));
#3662=CARTESIAN_POINT('',(-168.227241335952,-1.28589838492167,3.27820079140161));
#3663=CARTESIAN_POINT('',(-170.307405891476,-9.41508518128762,3.27820079140154));
#3664=CARTESIAN_POINT('',(-167.361215932167,-0.785898384921667,-1.00000000000033));
#3665=CARTESIAN_POINT('',(-164.361215932167,-5.98205080762818,-1.00000000000022));
#3666=CARTESIAN_POINT('',(-168.227241335952,-1.28589838492167,-3.64153152077051E-13));
#3667=CARTESIAN_POINT('',(-165.227241335952,-6.48205080762818,-2.54019028034236E-13));
#3668=CARTESIAN_POINT('',(-169.959292143521,-2.28589838492167,3.27820079140155));
#3669=CARTESIAN_POINT('',(-168.959292143521,-4.01794919249051,3.27820079140159));
#3670=CARTESIAN_POINT('',(-172.307405891476,-5.95098356614972,3.27820079140147));
#3671=CARTESIAN_POINT('',(-163.495190528383,-5.48205080762818,-3.0000000000002));
#3672=CARTESIAN_POINT('',(-168.959292143521,-4.01794919249051,-3.00000000000039));
#3673=CARTESIAN_POINT('',(-160.,15.3660687472591,-2.50000000000007));
#3674=CARTESIAN_POINT('',(-156.,15.3660687472591,-2.49999999999993));
#3675=CARTESIAN_POINT('',(-156.,15.8660687472591,-2.99999999999993));
#3676=CARTESIAN_POINT('',(-160.,15.8660687472591,-3.00000000000007));
#3677=CARTESIAN_POINT('',(-143.692594108524,-5.95098356614949,-2.49999999999948));
#3678=CARTESIAN_POINT('',(-145.692594108524,-9.4150851812874,-2.49999999999956));
#3679=CARTESIAN_POINT('',(-145.259581406631,-9.6650851812874,-2.99999999999954));
#3680=CARTESIAN_POINT('',(-143.259581406631,-6.20098356614972,-2.99999999999947));
#3681=CARTESIAN_POINT('',(-170.307405891476,-9.41508518128762,-2.50000000000044));
#3682=CARTESIAN_POINT('',(-172.307405891476,-5.95098356614972,-2.50000000000051));
#3683=CARTESIAN_POINT('',(-172.740418593368,-6.20098356614972,-3.00000000000053));
#3684=CARTESIAN_POINT('',(-170.740418593368,-9.6650851812874,-3.00000000000045));
#3685=CARTESIAN_POINT('',(-166.495190528383,-0.285898384921667,-2.5000000000003));
#3686=CARTESIAN_POINT('',(-169.959292143521,-2.28589838492167,-2.50000000000043));
#3687=CARTESIAN_POINT('',(-166.745190528383,0.1471143169706,-3.00000000000031));
#3688=CARTESIAN_POINT('',(-170.209292143521,-1.8528856830294,-3.00000000000043));
#3689=CARTESIAN_POINT('',(-154.,7.49999999994066,-2.49999999999985));
#3690=CARTESIAN_POINT('',(-154.,11.4999999999407,-2.49999999999985));
#3691=CARTESIAN_POINT('',(-153.5,7.49999999994111,-2.99999999999984));
#3692=CARTESIAN_POINT('',(-153.5,11.4999999999407,-2.99999999999984));
#3693=CARTESIAN_POINT('',(-153.504809471616,-7.21410161519702,-2.49999999999984));
#3694=CARTESIAN_POINT('',(-150.040707856479,-9.21410161519702,-2.49999999999971));
#3695=CARTESIAN_POINT('',(-153.754809471616,-7.64711431708929,-2.99999999999984));
#3696=CARTESIAN_POINT('',(-150.290707856479,-9.64711431708929,-2.99999999999972));
#3697=CARTESIAN_POINT('',(-153.35,4.14999999999998,-2.99999999999983));
#3698=CARTESIAN_POINT('',(-153.35,-2.99999966700966,-2.99999999999983));
#3699=CARTESIAN_POINT('',(-162.65,4.14999999999998,-3.00000000000017));
#3700=CARTESIAN_POINT('',(-162.65,-3.00000000000006,-3.00000000000017));
#3701=CARTESIAN_POINT('',(-152.999999999675,-7.50000000000091,4.00000000000018));
#3702=CARTESIAN_POINT('',(-163.00000000032,-7.5,3.99999999999994));
#3703=CARTESIAN_POINT('',(-152.99999999968,3.99999999999994,4.00000000000006));
#3704=CARTESIAN_POINT('',(-163.000000000325,4.00000000000079,3.99999999999982));
#3705=CARTESIAN_POINT('',(-153.3,4.0000000000004,3.70000000000008));
#3706=CARTESIAN_POINT('',(-153.3,-7.50000000000006,3.70000000000018));
#3707=CARTESIAN_POINT('',(-162.7,3.99999999999994,3.69999999999982));
#3708=CARTESIAN_POINT('',(-162.7,-7.50000000000046,3.70000000000008));
#3709=CARTESIAN_POINT('',(-153.3,4.,-2.1316282072803E-14));
#3710=CARTESIAN_POINT('',(-162.7,3.99999999999994,-2.1316282072803E-14));
#3711=CARTESIAN_POINT('',(-162.7,-7.50000000000006,-2.1316282072803E-14));
#3712=CARTESIAN_POINT('',(-153.3,-7.5,-2.1316282072803E-14));
#3713=CARTESIAN_POINT('',(-153.35,-2.99999966700966,-2.1316282072803E-14));
#3714=CARTESIAN_POINT('',(-153.35,4.14999999999998,-2.1316282072803E-14));
#3715=CARTESIAN_POINT('',(-162.65,4.14999999999998,-2.1316282072803E-14));
#3716=CARTESIAN_POINT('',(-162.65,-3.,-2.1316282072803E-14));
#3717=CARTESIAN_POINT('',(-157.05,5.99999999999989,-2.99999999999996));
#3718=CARTESIAN_POINT('',(-157.05,5.99999999999989,-2.1316282072803E-14));
#3719=CARTESIAN_POINT('',(-157.05,-9.5,-2.99999999999996));
#3720=CARTESIAN_POINT('',(-157.05,-9.5,-2.1316282072803E-14));
#3721=CARTESIAN_POINT('',(-171.556681012808,-23.5800000014447,3.99999999999952));
#3722=CARTESIAN_POINT('',(-171.556681012808,-23.5800000014447,-3.00000000000048));
#3723=CARTESIAN_POINT('',(-144.443318992062,-23.5800000013812,4.00000000000049));
#3724=CARTESIAN_POINT('',(-144.443318992062,-23.5800000013812,-2.99999999999951));
#3725=CARTESIAN_POINT('',(-171.556681012808,-23.5800000014447,3.99999999999952));
#3726=CARTESIAN_POINT('',(-170.441205731104,-23.5800000003617,3.99999999999956));
#3727=CARTESIAN_POINT('',(-171.556681012808,-23.5800000014447,-3.00000000000048));
#3728=CARTESIAN_POINT('',(-170.441205731104,-23.5800000003617,-3.00000000000044));
#3729=CARTESIAN_POINT('',(-171.556681012863,23.580000001326,3.99999999999952));
#3730=CARTESIAN_POINT('',(-171.556681012863,23.580000001326,-3.00000000000048));
#3731=CARTESIAN_POINT('',(-144.443318992117,23.580000001326,4.00000000000049));
#3732=CARTESIAN_POINT('',(-144.443318992117,23.580000001326,-2.99999999999951));
#3733=CARTESIAN_POINT('',(-171.556681012863,23.580000001326,3.99999999999952));
#3734=CARTESIAN_POINT('',(-170.441205731159,23.5800000002457,3.99999999999956));
#3735=CARTESIAN_POINT('',(-171.556681012863,23.580000001326,-3.00000000000048));
#3736=CARTESIAN_POINT('',(-170.441205731159,23.5800000002457,-3.00000000000044));
#3737=CARTESIAN_POINT('',(-135.739130434761,16.9839243462607,4.0000000000008));
#3738=CARTESIAN_POINT('',(-135.805169657583,17.0704821108533,4.0000000000008));
#3739=CARTESIAN_POINT('',(-135.871880004873,17.1565237003699,4.0000000000008));
#3740=CARTESIAN_POINT('',(-135.871880004873,17.1565237003699,4.0000000000008));
#3741=CARTESIAN_POINT('',(-136.455679095449,17.9094953719577,4.00000000000077));
#3742=CARTESIAN_POINT('',(-136.498043027607,18.8613320247623,4.00000000000077));
#3743=CARTESIAN_POINT('',(-136.498043027607,18.8613320247623,4.00000000000077));
#3744=CARTESIAN_POINT('',(-136.545816198246,19.9347039361649,4.00000000000077));
#3745=CARTESIAN_POINT('',(-137.305556132766,20.6944438705622,4.00000000000075));
#3746=CARTESIAN_POINT('',(-138.065296067285,21.4541838049593,4.00000000000072));
#3747=CARTESIAN_POINT('',(-139.138667978696,21.5019569754259,4.00000000000068));
#3748=CARTESIAN_POINT('',(-139.138667978696,21.5019569754259,4.00000000000068));
#3749=CARTESIAN_POINT('',(-140.090504631507,21.5443209074309,4.00000000000065));
#3750=CARTESIAN_POINT('',(-140.843476303189,22.1281199978853,4.00000000000062));
#3751=CARTESIAN_POINT('',(-140.843476303189,22.1281199978853,4.00000000000062));
#3752=CARTESIAN_POINT('',(-141.166264124765,22.3783860354178,4.00000000000061));
#3753=CARTESIAN_POINT('',(-141.496214425122,22.61913043638,4.0000000000006));
#3754=CARTESIAN_POINT('',(-142.813126470741,23.580000001336,4.00000000000054));
#3755=CARTESIAN_POINT('',(-144.443318992117,23.5800000013259,4.00000000000049));
#3756=CARTESIAN_POINT('',(-175.15652369681,22.1281199978857,3.99999999999939));
#3757=CARTESIAN_POINT('',(-175.909495368492,21.5443209074312,3.99999999999936));
#3758=CARTESIAN_POINT('',(-176.861332021304,21.5019569754263,3.99999999999932));
#3759=CARTESIAN_POINT('',(-176.861332021304,21.5019569754263,3.99999999999932));
#3760=CARTESIAN_POINT('',(-177.934703932715,21.4541838049599,3.99999999999929));
#3761=CARTESIAN_POINT('',(-178.694443867234,20.6944438705623,3.99999999999926));
#3762=CARTESIAN_POINT('',(-179.454183801754,19.9347039361652,3.99999999999923));
#3763=CARTESIAN_POINT('',(-179.501956972393,18.8613320247619,3.99999999999923));
#3764=CARTESIAN_POINT('',(-179.501956972393,18.8613320247619,3.99999999999923));
#3765=CARTESIAN_POINT('',(-179.544320904551,17.909495371957,3.99999999999923));
#3766=CARTESIAN_POINT('',(-180.128119995127,17.1565237003692,3.99999999999921));
#3767=CARTESIAN_POINT('',(-179.142857142869,9.84782167975413,-3.00000000000076));
#3768=CARTESIAN_POINT('',(-179.142857142869,9.84782167975413,3.99999999999924));
#3769=CARTESIAN_POINT('',(-180.128119995127,17.1565237003692,3.99999999999921));
#3770=CARTESIAN_POINT('',(-180.194830342417,17.0704821108528,3.9999999999992));
#3771=CARTESIAN_POINT('',(-180.260869565239,16.9839243462604,3.9999999999992));
#3772=CARTESIAN_POINT('',(-181.555924739926,15.2864924844747,3.99999999999915));
#3773=CARTESIAN_POINT('',(-181.225457677218,13.1771716574419,3.99999999999917));
#3774=CARTESIAN_POINT('',(-180.894990614509,11.067850830409,3.99999999999918));
#3775=CARTESIAN_POINT('',(-179.142857142869,9.84782167975413,3.99999999999924));
#3776=CARTESIAN_POINT('',(-179.142857142869,9.84782167975413,-3.00000000000076));
#3777=CARTESIAN_POINT('',(-174.000000000003,6.26679561438475,-3.00000000000057));
#3778=CARTESIAN_POINT('',(-173.999999999994,-2.47379396203562E-11,-3.00000000000057));
#3779=CARTESIAN_POINT('',(-173.999999999985,-6.2667956144339,-3.00000000000057));
#3780=CARTESIAN_POINT('',(-179.142857142841,-9.84782167981825,-3.00000000000076));
#3781=CARTESIAN_POINT('',(-179.142857142841,-9.84782167981825,-3.00000000000076));
#3782=CARTESIAN_POINT('',(-179.142857142841,-9.84782167981825,3.99999999999924));
#3783=CARTESIAN_POINT('',(-179.142857142869,9.84782167975413,3.99999999999924));
#3784=CARTESIAN_POINT('',(-174.000000000003,6.26679561438475,3.99999999999943));
#3785=CARTESIAN_POINT('',(-173.999999999994,-2.47379396203562E-11,3.99999999999943));
#3786=CARTESIAN_POINT('',(-173.999999999985,-6.2667956144339,3.99999999999943));
#3787=CARTESIAN_POINT('',(-179.142857142841,-9.84782167981825,3.99999999999924));
#3788=CARTESIAN_POINT('',(-179.142857142841,-9.84782167981825,-3.00000000000076));
#3789=CARTESIAN_POINT('',(-180.894990614477,-11.0678508304784,-3.00000000000081));
#3790=CARTESIAN_POINT('',(-181.22545767718,-13.1771716575117,-3.00000000000085));
#3791=CARTESIAN_POINT('',(-181.312710533784,-13.734093325135,-3.00000000000086));
#3792=CARTESIAN_POINT('',(-181.27377119822,-14.2964620058058,-3.00000000000083));
#3793=CARTESIAN_POINT('',(-179.142857142841,-9.84782167981825,3.99999999999924));
#3794=CARTESIAN_POINT('',(-180.894990614478,-11.0678508304782,3.99999999999918));
#3795=CARTESIAN_POINT('',(-181.22545767718,-13.1771716575117,3.99999999999917));
#3796=CARTESIAN_POINT('',(-181.555924739882,-15.286492484546,3.99999999999915));
#3797=CARTESIAN_POINT('',(-180.26086956519,-16.9839243463277,3.9999999999992));
#3798=CARTESIAN_POINT('',(-180.194830343396,-17.0704821095724,3.99999999999921));
#3799=CARTESIAN_POINT('',(-180.128119997155,-17.1565236977572,3.99999999999921));
#3800=CARTESIAN_POINT('',(-180.128119997155,-17.1565236977572,3.99999999999921));
#3801=CARTESIAN_POINT('',(-179.544320906815,-17.9094953692253,3.99999999999923));
#3802=CARTESIAN_POINT('',(-179.501956974642,-18.8613320217901,3.99999999999923));
#3803=CARTESIAN_POINT('',(-179.501956974642,-18.8613320217901,3.99999999999923));
#3804=CARTESIAN_POINT('',(-179.454183804001,-19.9347039325976,3.99999999999923));
#3805=CARTESIAN_POINT('',(-178.694443870024,-20.6944438666963,3.99999999999926));
#3806=CARTESIAN_POINT('',(-177.934703936047,-21.4541838007952,3.99999999999928));
#3807=CARTESIAN_POINT('',(-176.861332025248,-21.5019569716094,3.99999999999932));
#3808=CARTESIAN_POINT('',(-176.861332025248,-21.5019569716094,3.99999999999932));
#3809=CARTESIAN_POINT('',(-175.90949537269,-21.5443209039349,3.99999999999936));
#3810=CARTESIAN_POINT('',(-175.156523701316,-22.1281199943965,3.99999999999939));
#3811=CARTESIAN_POINT('',(-175.156523701316,-22.1281199943965,3.99999999999939));
#3812=CARTESIAN_POINT('',(-174.833735879743,-22.3783860323165,3.9999999999994));
#3813=CARTESIAN_POINT('',(-174.503785579386,-22.6191304336671,3.9999999999994));
#3814=CARTESIAN_POINT('',(-173.18687353406,-23.5799999999588,3.99999999999946));
#3815=CARTESIAN_POINT('',(-171.556681012808,-23.5800000014447,3.99999999999952));
#3816=CARTESIAN_POINT('',(-140.843476303188,-22.128119997888,4.00000000000062));
#3817=CARTESIAN_POINT('',(-140.090504631506,-21.5443209074336,4.00000000000065));
#3818=CARTESIAN_POINT('',(-139.138667978695,-21.5019569754286,4.00000000000068));
#3819=CARTESIAN_POINT('',(-139.138667978695,-21.5019569754286,4.00000000000068));
#3820=CARTESIAN_POINT('',(-138.065296067285,-21.4541838049618,4.00000000000072));
#3821=CARTESIAN_POINT('',(-137.305556132766,-20.694443870565,4.00000000000074));
#3822=CARTESIAN_POINT('',(-136.545816198248,-19.9347039361684,4.00000000000077));
#3823=CARTESIAN_POINT('',(-136.498043027608,-18.8613320247664,4.00000000000077));
#3824=CARTESIAN_POINT('',(-136.498043027608,-18.8613320247664,4.00000000000077));
#3825=CARTESIAN_POINT('',(-136.45567909545,-17.909495371962,4.00000000000077));
#3826=CARTESIAN_POINT('',(-135.871880004874,-17.1565237003745,4.0000000000008));
#3827=CARTESIAN_POINT('',(-136.857142857159,-9.84782167981825,-2.99999999999924));
#3828=CARTESIAN_POINT('',(-136.857142857159,-9.84782167981825,4.00000000000076));
#3829=CARTESIAN_POINT('',(-135.871880004874,-17.1565237003745,4.0000000000008));
#3830=CARTESIAN_POINT('',(-135.805169657608,-17.070482110889,4.0000000000008));
#3831=CARTESIAN_POINT('',(-135.73913043481,-16.9839243463278,4.0000000000008));
#3832=CARTESIAN_POINT('',(-134.444075260118,-15.2864924845458,4.00000000000085));
#3833=CARTESIAN_POINT('',(-134.77454232282,-13.177171657512,4.00000000000083));
#3834=CARTESIAN_POINT('',(-135.105009385522,-11.0678508304779,4.00000000000083));
#3835=CARTESIAN_POINT('',(-136.857142857159,-9.84782167981825,4.00000000000076));
#3836=CARTESIAN_POINT('',(-136.857142857159,-9.84782167981825,-2.99999999999924));
#3837=CARTESIAN_POINT('',(-142.000000000014,-6.26679561443421,-2.99999999999942));
#3838=CARTESIAN_POINT('',(-142.000000000006,-2.4479085149166E-11,-2.99999999999942));
#3839=CARTESIAN_POINT('',(-141.999999999997,6.26679561438475,-2.99999999999942));
#3840=CARTESIAN_POINT('',(-136.857142857131,9.84782167975413,-2.99999999999924));
#3841=CARTESIAN_POINT('',(-136.857142857131,9.84782167975413,-2.99999999999924));
#3842=CARTESIAN_POINT('',(-136.857142857131,9.84782167975413,4.00000000000076));
#3843=CARTESIAN_POINT('',(-136.857142857159,-9.84782167981825,4.00000000000076));
#3844=CARTESIAN_POINT('',(-142.000000000014,-6.26679561443421,4.00000000000058));
#3845=CARTESIAN_POINT('',(-142.000000000006,-2.4479085149166E-11,4.00000000000058));
#3846=CARTESIAN_POINT('',(-141.999999999997,6.26679561438475,4.00000000000058));
#3847=CARTESIAN_POINT('',(-136.857142857131,9.84782167975413,4.00000000000076));
#3848=CARTESIAN_POINT('',(-136.857142857131,9.84782167975413,-2.99999999999924));
#3849=CARTESIAN_POINT('',(-135.10500938549,11.0678508304092,-2.99999999999917));
#3850=CARTESIAN_POINT('',(-134.774542322782,13.1771716574423,-2.99999999999916));
#3851=CARTESIAN_POINT('',(-134.68728946617,13.734093325107,-2.99999999999914));
#3852=CARTESIAN_POINT('',(-134.726228801744,14.2964620058197,-2.99999999999916));
#3853=CARTESIAN_POINT('',(-136.857142857131,9.84782167975413,4.00000000000076));
#3854=CARTESIAN_POINT('',(-135.105009385491,11.0678508304089,4.00000000000082));
#3855=CARTESIAN_POINT('',(-134.774542322782,13.1771716574419,4.00000000000084));
#3856=CARTESIAN_POINT('',(-134.444075260074,15.2864924844748,4.00000000000085));
#3857=CARTESIAN_POINT('',(-135.739130434761,16.9839243462607,4.0000000000008));
#3858=CARTESIAN_POINT('',(-175.163329702952,-18.7383296999387,3.99999999999939));
#3859=CARTESIAN_POINT('',(-175.163329702952,-20.3133296999387,3.99999999999938));
#3860=CARTESIAN_POINT('',(-176.738329702952,-20.3133296999388,3.99999999999933));
#3861=CARTESIAN_POINT('',(-178.313329702952,-20.3133296999387,3.99999999999927));
#3862=CARTESIAN_POINT('',(-178.313329702952,-18.7383296999387,3.99999999999928));
#3863=CARTESIAN_POINT('',(-178.313329702952,-17.1633296999389,3.99999999999927));
#3864=CARTESIAN_POINT('',(-176.738329702952,-17.1633296999389,3.99999999999933));
#3865=CARTESIAN_POINT('',(-175.163329702952,-17.1633296999389,3.99999999999938));
#3866=CARTESIAN_POINT('',(-175.163329702952,-18.7383296999387,3.99999999999939));
#3867=CARTESIAN_POINT('',(-137.686670300063,-18.7383297029537,4.00000000000073));
#3868=CARTESIAN_POINT('',(-137.686670300063,-20.3133297029539,4.00000000000073));
#3869=CARTESIAN_POINT('',(-139.261670300063,-20.3133297029538,4.00000000000068));
#3870=CARTESIAN_POINT('',(-140.836670300063,-20.3133297029539,4.00000000000062));
#3871=CARTESIAN_POINT('',(-140.836670300063,-18.7383297029537,4.00000000000062));
#3872=CARTESIAN_POINT('',(-140.836670300063,-17.1633297029538,4.00000000000062));
#3873=CARTESIAN_POINT('',(-139.261670300063,-17.1633297029539,4.00000000000068));
#3874=CARTESIAN_POINT('',(-137.686670300063,-17.1633297029538,4.00000000000073));
#3875=CARTESIAN_POINT('',(-137.686670300063,-18.7383297029537,4.00000000000073));
#3876=CARTESIAN_POINT('',(-137.686670300063,18.7383297029503,4.00000000000073));
#3877=CARTESIAN_POINT('',(-137.686670300063,17.1633297029503,4.00000000000073));
#3878=CARTESIAN_POINT('',(-139.261670300063,17.1633297029503,4.00000000000068));
#3879=CARTESIAN_POINT('',(-140.836670300063,17.1633297029503,4.00000000000062));
#3880=CARTESIAN_POINT('',(-140.836670300063,18.7383297029503,4.00000000000062));
#3881=CARTESIAN_POINT('',(-140.836670300063,20.3133297029504,4.00000000000062));
#3882=CARTESIAN_POINT('',(-139.261670300063,20.3133297029501,4.00000000000068));
#3883=CARTESIAN_POINT('',(-137.686670300063,20.3133297029504,4.00000000000073));
#3884=CARTESIAN_POINT('',(-137.686670300063,18.7383297029503,4.00000000000073));
#3885=CARTESIAN_POINT('',(-175.163329699937,18.7383297029503,3.99999999999939));
#3886=CARTESIAN_POINT('',(-175.163329699937,17.1633297029503,3.99999999999938));
#3887=CARTESIAN_POINT('',(-176.738329699937,17.1633297029503,3.99999999999933));
#3888=CARTESIAN_POINT('',(-178.313329699937,17.1633297029503,3.99999999999927));
#3889=CARTESIAN_POINT('',(-178.313329699937,18.7383297029503,3.99999999999928));
#3890=CARTESIAN_POINT('',(-178.313329699937,20.3133297029504,3.99999999999927));
#3891=CARTESIAN_POINT('',(-176.738329699937,20.3133297029501,3.99999999999933));
#3892=CARTESIAN_POINT('',(-175.163329699937,20.3133297029504,3.99999999999938));
#3893=CARTESIAN_POINT('',(-175.163329699937,18.7383297029503,3.99999999999939));
#3894=CARTESIAN_POINT('',(-173.227385148948,18.7509563423132,-0.0330999613405041));
#3895=CARTESIAN_POINT('',(-173.238993795944,18.7509563423132,-0.0330999613405041));
#3896=CARTESIAN_POINT('',(-176.750955744006,15.2273857472555,-0.0330999613406302));
#3897=CARTESIAN_POINT('',(-180.27615981575,15.2273857472555,-0.0330999613407563));
#3898=CARTESIAN_POINT('',(-176.750955744006,15.2389943942517,-0.0330999613406302));
#3899=CARTESIAN_POINT('',(-176.750955744006,15.2389943942517,-3.00000000000068));
#3900=CARTESIAN_POINT('',(-176.750955744006,15.2389943942517,-0.0330999613406302));
#3901=CARTESIAN_POINT('',(-176.750955744006,15.2273857472555,-0.0330999613406302));
#3902=CARTESIAN_POINT('',(-176.750955744006,15.2389943942517,-0.03309996134063));
#3903=CARTESIAN_POINT('',(-174.934567248378,15.0850388774216,-0.0330999613405579));
#3904=CARTESIAN_POINT('',(-173.856498707875,16.5549836689662,-0.0330999613405485));
#3905=CARTESIAN_POINT('',(-173.136118622209,17.5372208042441,-0.0330999613405043));
#3906=CARTESIAN_POINT('',(-173.238993795944,18.7509563423132,-0.0330999613405035));
#3907=CARTESIAN_POINT('',(-176.861332021304,21.5019569754263,-0.0330999613406355));
#3908=CARTESIAN_POINT('',(-175.909495368492,21.5443209074312,-0.033099961340592));
#3909=CARTESIAN_POINT('',(-175.15652369681,22.1281199978857,-0.0330999613405751));
#3910=CARTESIAN_POINT('',(-179.501956972393,18.8613320247619,-0.033099961340735));
#3911=CARTESIAN_POINT('',(-179.38943716706,21.3894371704999,-0.0330999613407352));
#3912=CARTESIAN_POINT('',(-176.861332021304,21.5019569754263,-0.0330999613406355));
#3913=CARTESIAN_POINT('',(-180.128119995127,17.1565237003692,-0.0330999613407528));
#3914=CARTESIAN_POINT('',(-179.544320904551,17.9094953719573,-0.0330999613407206));
#3915=CARTESIAN_POINT('',(-179.501956972393,18.8613320247619,-0.033099961340735));
#3916=CARTESIAN_POINT('',(-175.163329699937,18.7383297029503,-0.0330999613405787));
#3917=CARTESIAN_POINT('',(-175.163329699936,20.3133297029504,-0.0330999613405751));
#3918=CARTESIAN_POINT('',(-176.738329699937,20.3133297029501,-0.0330999613406338));
#3919=CARTESIAN_POINT('',(-178.313329699936,20.3133297029504,-0.0330999613406881));
#3920=CARTESIAN_POINT('',(-178.313329699937,18.7383297029503,-0.0330999613406924));
#3921=CARTESIAN_POINT('',(-178.313329699936,17.1633297029503,-0.0330999613406881));
#3922=CARTESIAN_POINT('',(-176.738329699937,17.1633297029503,-0.0330999613406338));
#3923=CARTESIAN_POINT('',(-175.163329699936,17.1633297029503,-0.0330999613405751));
#3924=CARTESIAN_POINT('',(-175.163329699937,18.7383297029503,-0.0330999613405787));
#3925=CARTESIAN_POINT('',(-173.238993795944,18.7509563423132,-3.00000000000055));
#3926=CARTESIAN_POINT('',(-173.227385148948,18.7509563423132,-3.00000000000055));
#3927=CARTESIAN_POINT('',(-173.227385148948,18.7509563423132,-3.00000000000055));
#3928=CARTESIAN_POINT('',(-173.227385148948,22.5233686042925,-3.00000000000054));
#3929=CARTESIAN_POINT('',(-176.750955744006,15.2273857472555,-3.00000000000068));
#3930=CARTESIAN_POINT('',(-176.750955744006,15.2389943942517,-3.00000000000068));
#3931=CARTESIAN_POINT('',(-176.750955744006,15.2389943942517,-3.00000000000068));
#3932=CARTESIAN_POINT('',(-175.246597666271,15.1114863055839,-3.00000000000062));
#3933=CARTESIAN_POINT('',(-174.179041686774,16.1790422850813,-3.00000000000058));
#3934=CARTESIAN_POINT('',(-173.111485707277,17.2465982645787,-3.00000000000054));
#3935=CARTESIAN_POINT('',(-173.238993795944,18.7509563423132,-3.00000000000055));
#3936=CARTESIAN_POINT('',(-175.15652369681,22.1281199978857,-0.0330999613405751));
#3937=CARTESIAN_POINT('',(-175.15652369681,22.1281199978857,3.99999999999939));
#3938=CARTESIAN_POINT('',(-176.861332021304,21.5019569754263,-0.0330999613406355));
#3939=CARTESIAN_POINT('',(-176.861332021304,21.5019569754263,3.99999999999932));
#3940=CARTESIAN_POINT('',(-179.501956972393,18.8613320247619,-0.033099961340735));
#3941=CARTESIAN_POINT('',(-179.501956972393,18.8613320247619,3.99999999999923));
#3942=CARTESIAN_POINT('',(-180.128119995127,17.1565237003692,-0.0330999613407528));
#3943=CARTESIAN_POINT('',(-180.128119995127,17.1565237003692,3.99999999999921));
#3944=CARTESIAN_POINT('',(-175.163329699937,18.7383297029503,-0.0330999613405787));
#3945=CARTESIAN_POINT('',(-175.163329699937,18.7383297029503,3.99999999999939));
#3946=CARTESIAN_POINT('',(-173.227385148948,18.7509563423132,-3.00000000000055));
#3947=CARTESIAN_POINT('',(-173.227385148948,18.7509563423132,-0.0330999613405041));
#3948=CARTESIAN_POINT('',(-176.750955744006,15.2273857472555,-3.00000000000068));
#3949=CARTESIAN_POINT('',(-176.750955744006,15.2273857472555,-0.0330999613406302));
#3950=CARTESIAN_POINT('',(-173.238993795944,18.7509563423132,-3.00000000000055));
#3951=CARTESIAN_POINT('',(-173.238993795944,18.7509563423132,-0.0330999613405041));
#3952=CARTESIAN_POINT('',(-173.227385148948,-18.7509563423134,-0.0330999613405041));
#3953=CARTESIAN_POINT('',(-173.238993795944,-18.7509563423134,-0.0330999613405041));
#3954=CARTESIAN_POINT('',(-176.750955744006,-15.2273857472558,-0.0330999613406302));
#3955=CARTESIAN_POINT('',(-180.276159815714,-15.2273857472558,-0.0330999613407528));
#3956=CARTESIAN_POINT('',(-176.750955744006,-15.2389943942519,-0.0330999613406302));
#3957=CARTESIAN_POINT('',(-176.750955744006,-15.2389943942519,-3.00000000000068));
#3958=CARTESIAN_POINT('',(-176.750955744006,-15.2389943942519,-0.0330999613406302));
#3959=CARTESIAN_POINT('',(-176.750955744006,-15.2273857472558,-0.0330999613406302));
#3960=CARTESIAN_POINT('',(-176.750955744006,-15.2389943942519,-0.03309996134063));
#3961=CARTESIAN_POINT('',(-174.934567248378,-15.0850388774217,-0.0330999613405579));
#3962=CARTESIAN_POINT('',(-173.856498707875,-16.5549836689671,-0.0330999613405485));
#3963=CARTESIAN_POINT('',(-173.136118622209,-17.5372208042448,-0.0330999613405043));
#3964=CARTESIAN_POINT('',(-173.238993795944,-18.7509563423134,-0.0330999613405035));
#3965=CARTESIAN_POINT('',(-180.128119997155,-17.1565236977572,-0.0330999613407563));
#3966=CARTESIAN_POINT('',(-179.544320906815,-17.9094953692249,-0.0330999613407291));
#3967=CARTESIAN_POINT('',(-179.501956974642,-18.8613320217901,-0.033099961340735));
#3968=CARTESIAN_POINT('',(-179.501956974642,-18.8613320217901,-0.033099961340735));
#3969=CARTESIAN_POINT('',(-179.389437169315,-21.3894371658757,-0.0330999613407179));
#3970=CARTESIAN_POINT('',(-176.861332025247,-21.5019569716094,-0.0330999613406391));
#3971=CARTESIAN_POINT('',(-176.861332025247,-21.5019569716094,-0.0330999613406391));
#3972=CARTESIAN_POINT('',(-175.909495372689,-21.544320903935,-0.0330999613405965));
#3973=CARTESIAN_POINT('',(-175.156523701315,-22.1281199943965,-0.0330999613405787));
#3974=CARTESIAN_POINT('',(-175.163329702952,-18.7383296999387,-0.0330999613405787));
#3975=CARTESIAN_POINT('',(-175.163329702951,-20.3133296999387,-0.0330999613405751));
#3976=CARTESIAN_POINT('',(-176.738329702952,-20.3133296999388,-0.0330999613406338));
#3977=CARTESIAN_POINT('',(-178.313329702951,-20.3133296999387,-0.0330999613406881));
#3978=CARTESIAN_POINT('',(-178.313329702951,-18.7383296999387,-0.0330999613406924));
#3979=CARTESIAN_POINT('',(-178.313329702951,-17.1633296999389,-0.0330999613406881));
#3980=CARTESIAN_POINT('',(-176.738329702952,-17.1633296999389,-0.0330999613406338));
#3981=CARTESIAN_POINT('',(-175.163329702951,-17.1633296999389,-0.0330999613405751));
#3982=CARTESIAN_POINT('',(-175.163329702952,-18.7383296999387,-0.0330999613405787));
#3983=CARTESIAN_POINT('',(-173.238993795944,-18.7509563423134,-3.00000000000055));
#3984=CARTESIAN_POINT('',(-173.227385148948,-18.7509563423134,-3.00000000000055));
#3985=CARTESIAN_POINT('',(-173.227385148948,-18.7509563423134,-3.00000000000055));
#3986=CARTESIAN_POINT('',(-173.227385148948,-22.5233686042955,-3.00000000000054));
#3987=CARTESIAN_POINT('',(-176.750955744006,-15.2273857472558,-3.00000000000068));
#3988=CARTESIAN_POINT('',(-176.750955744006,-15.2389943942519,-3.00000000000068));
#3989=CARTESIAN_POINT('',(-176.750955744006,-15.2389943942519,-3.00000000000068));
#3990=CARTESIAN_POINT('',(-175.246597666271,-15.1114863055844,-3.00000000000062));
#3991=CARTESIAN_POINT('',(-174.179041686774,-16.1790422850816,-3.00000000000058));
#3992=CARTESIAN_POINT('',(-173.111485707277,-17.2465982645789,-3.00000000000054));
#3993=CARTESIAN_POINT('',(-173.238993795944,-18.7509563423134,-3.00000000000055));
#3994=CARTESIAN_POINT('',(-180.128119997155,-17.1565236977572,-0.0330999613407563));
#3995=CARTESIAN_POINT('',(-180.128119997155,-17.1565236977572,3.99999999999921));
#3996=CARTESIAN_POINT('',(-179.501956974642,-18.8613320217901,-0.033099961340735));
#3997=CARTESIAN_POINT('',(-179.501956974642,-18.8613320217901,3.99999999999923));
#3998=CARTESIAN_POINT('',(-176.861332025247,-21.5019569716094,-0.0330999613406391));
#3999=CARTESIAN_POINT('',(-176.861332025248,-21.5019569716094,3.99999999999932));
#4000=CARTESIAN_POINT('',(-175.156523701315,-22.1281199943965,-0.0330999613405787));
#4001=CARTESIAN_POINT('',(-175.156523701316,-22.1281199943965,3.99999999999939));
#4002=CARTESIAN_POINT('',(-175.163329702951,-18.7383296999387,-0.0330999613405787));
#4003=CARTESIAN_POINT('',(-175.163329702952,-18.7383296999387,3.99999999999939));
#4004=CARTESIAN_POINT('',(-173.227385148948,-18.7509563423134,-3.00000000000055));
#4005=CARTESIAN_POINT('',(-173.227385148948,-18.7509563423134,-0.0330999613405041));
#4006=CARTESIAN_POINT('',(-176.750955744006,-15.2273857472558,-3.00000000000068));
#4007=CARTESIAN_POINT('',(-176.750955744006,-15.2273857472558,-0.0330999613406302));
#4008=CARTESIAN_POINT('',(-173.238993795944,-18.7509563423134,-3.00000000000055));
#4009=CARTESIAN_POINT('',(-173.238993795944,-18.7509563423134,-0.0330999613405041));
#4010=CARTESIAN_POINT('',(-142.772614851051,-18.7509563423134,-0.0330999613394116));
#4011=CARTESIAN_POINT('',(-142.761006204055,-18.7509563423134,-0.0330999613394116));
#4012=CARTESIAN_POINT('',(-139.249044255993,-15.2273857472558,-0.0330999613392855));
#4013=CARTESIAN_POINT('',(-135.723840184285,-15.2273857472558,-0.0330999613391558));
#4014=CARTESIAN_POINT('',(-139.249044255993,-15.2389943942519,-0.0330999613392855));
#4015=CARTESIAN_POINT('',(-139.249044255993,-15.2389943942519,-2.99999999999933));
#4016=CARTESIAN_POINT('',(-139.249044255993,-15.2389943942519,-0.0330999613392855));
#4017=CARTESIAN_POINT('',(-139.249044255993,-15.2273857472558,-0.0330999613392855));
#4018=CARTESIAN_POINT('',(-139.249044255993,-15.2389943942519,-0.033099961339286));
#4019=CARTESIAN_POINT('',(-141.065432751622,-15.0850388774217,-0.0330999613393451));
#4020=CARTESIAN_POINT('',(-142.143501292125,-16.5549836689671,-0.0330999613394099));
#4021=CARTESIAN_POINT('',(-142.86388137779,-17.5372208042448,-0.0330999613394207));
#4022=CARTESIAN_POINT('',(-142.761006204055,-18.7509563423134,-0.0330999613394112));
#4023=CARTESIAN_POINT('',(-139.138667978695,-21.5019569754286,-0.0330999613392855));
#4024=CARTESIAN_POINT('',(-140.090504631506,-21.5443209074336,-0.0330999613393059));
#4025=CARTESIAN_POINT('',(-140.843476303188,-22.128119997888,-0.0330999613393406));
#4026=CARTESIAN_POINT('',(-136.498043027608,-18.8613320247664,-0.0330999613391878));
#4027=CARTESIAN_POINT('',(-136.610562832941,-21.3894371705017,-0.0330999613391899));
#4028=CARTESIAN_POINT('',(-139.138667978695,-21.5019569754286,-0.0330999613392855));
#4029=CARTESIAN_POINT('',(-135.871880004874,-17.1565237003745,-0.0330999613391665));
#4030=CARTESIAN_POINT('',(-136.455679095449,-17.909495371962,-0.0330999613391931));
#4031=CARTESIAN_POINT('',(-136.498043027608,-18.8613320247664,-0.0330999613391878));
#4032=CARTESIAN_POINT('',(-137.686670300063,-18.7383297029537,-0.0330999613392304));
#4033=CARTESIAN_POINT('',(-137.686670300063,-17.1633297029538,-0.0330999613392311));
#4034=CARTESIAN_POINT('',(-139.261670300063,-17.1633297029539,-0.0330999613392891));
#4035=CARTESIAN_POINT('',(-140.836670300062,-17.1633297029538,-0.0330999613393441));
#4036=CARTESIAN_POINT('',(-140.836670300063,-18.7383297029537,-0.0330999613393441));
#4037=CARTESIAN_POINT('',(-140.836670300062,-20.3133297029539,-0.0330999613393441));
#4038=CARTESIAN_POINT('',(-139.261670300063,-20.3133297029538,-0.0330999613392891));
#4039=CARTESIAN_POINT('',(-137.686670300063,-20.3133297029539,-0.0330999613392311));
#4040=CARTESIAN_POINT('',(-137.686670300063,-18.7383297029537,-0.0330999613392304));
#4041=CARTESIAN_POINT('',(-142.761006204055,-18.7509563423134,-2.99999999999945));
#4042=CARTESIAN_POINT('',(-142.772614851051,-18.7509563423134,-2.99999999999945));
#4043=CARTESIAN_POINT('',(-142.772614851051,-18.7509563423134,-2.99999999999945));
#4044=CARTESIAN_POINT('',(-142.772614851051,-22.5233686063668,-2.99999999999945));
#4045=CARTESIAN_POINT('',(-139.249044255993,-15.2273857472558,-2.99999999999933));
#4046=CARTESIAN_POINT('',(-139.249044255993,-15.2389943942519,-2.99999999999933));
#4047=CARTESIAN_POINT('',(-139.249044255993,-15.2389943942519,-2.99999999999933));
#4048=CARTESIAN_POINT('',(-140.753402333728,-15.1114863055844,-2.99999999999938));
#4049=CARTESIAN_POINT('',(-141.820958313225,-16.1790422850816,-2.99999999999942));
#4050=CARTESIAN_POINT('',(-142.888514292723,-17.2465982645789,-2.99999999999945));
#4051=CARTESIAN_POINT('',(-142.761006204055,-18.7509563423134,-2.99999999999945));
#4052=CARTESIAN_POINT('',(-140.843476303188,-22.128119997888,-0.0330999613393406));
#4053=CARTESIAN_POINT('',(-140.843476303188,-22.128119997888,4.00000000000062));
#4054=CARTESIAN_POINT('',(-139.138667978695,-21.5019569754286,-0.0330999613392855));
#4055=CARTESIAN_POINT('',(-139.138667978695,-21.5019569754286,4.00000000000068));
#4056=CARTESIAN_POINT('',(-136.498043027608,-18.8613320247664,-0.0330999613391878));
#4057=CARTESIAN_POINT('',(-136.498043027608,-18.8613320247664,4.00000000000077));
#4058=CARTESIAN_POINT('',(-135.871880004874,-17.1565237003745,-0.0330999613391665));
#4059=CARTESIAN_POINT('',(-135.871880004874,-17.1565237003745,4.0000000000008));
#4060=CARTESIAN_POINT('',(-137.686670300063,-18.7383297029537,-0.0330999613392304));
#4061=CARTESIAN_POINT('',(-137.686670300063,-18.7383297029537,4.00000000000073));
#4062=CARTESIAN_POINT('',(-142.772614851051,-18.7509563423134,-2.99999999999945));
#4063=CARTESIAN_POINT('',(-142.772614851051,-18.7509563423134,-0.0330999613394116));
#4064=CARTESIAN_POINT('',(-139.249044255993,-15.2273857472558,-2.99999999999933));
#4065=CARTESIAN_POINT('',(-139.249044255993,-15.2273857472558,-0.0330999613392855));
#4066=CARTESIAN_POINT('',(-142.761006204055,-18.7509563423134,-2.99999999999945));
#4067=CARTESIAN_POINT('',(-142.761006204055,-18.7509563423134,-0.0330999613394116));
#4068=CARTESIAN_POINT('',(-142.772614851051,18.7509563423132,-0.0330999613394116));
#4069=CARTESIAN_POINT('',(-142.761006204055,18.7509563423132,-0.0330999613394116));
#4070=CARTESIAN_POINT('',(-139.249044255993,15.2273857472555,-0.0330999613392855));
#4071=CARTESIAN_POINT('',(-135.723840184249,15.2273857472555,-0.0330999613391594));
#4072=CARTESIAN_POINT('',(-139.249044255993,15.2389943942517,-0.0330999613392855));
#4073=CARTESIAN_POINT('',(-139.249044255993,15.2389943942517,-2.99999999999933));
#4074=CARTESIAN_POINT('',(-139.249044255993,15.2389943942517,-0.0330999613392855));
#4075=CARTESIAN_POINT('',(-139.249044255993,15.2273857472555,-0.0330999613392855));
#4076=CARTESIAN_POINT('',(-139.249044255993,15.2389943942517,-0.033099961339286));
#4077=CARTESIAN_POINT('',(-141.065432751622,15.0850388774216,-0.0330999613393451));
#4078=CARTESIAN_POINT('',(-142.143501292125,16.5549836689662,-0.0330999613394099));
#4079=CARTESIAN_POINT('',(-142.86388137779,17.5372208042441,-0.0330999613394207));
#4080=CARTESIAN_POINT('',(-142.761006204055,18.7509563423132,-0.0330999613394112));
#4081=CARTESIAN_POINT('',(-135.739130434761,16.9839243462607,-0.0330999613391629));
#4082=CARTESIAN_POINT('',(-135.805169657583,17.0704821108533,-0.033099961339164));
#4083=CARTESIAN_POINT('',(-135.871880004873,17.1565237003699,-0.0330999613391665));
#4084=CARTESIAN_POINT('',(-135.871880004873,17.1565237003699,-0.0330999613391665));
#4085=CARTESIAN_POINT('',(-136.455679095448,17.9094953719577,-0.0330999613391871));
#4086=CARTESIAN_POINT('',(-136.498043027607,18.8613320247623,-0.0330999613391842));
#4087=CARTESIAN_POINT('',(-136.498043027607,18.8613320247623,-0.0330999613391842));
#4088=CARTESIAN_POINT('',(-136.61056283294,21.3894371704992,-0.0330999613391798));
#4089=CARTESIAN_POINT('',(-139.138667978695,21.5019569754259,-0.0330999613392855));
#4090=CARTESIAN_POINT('',(-139.138667978695,21.5019569754259,-0.0330999613392855));
#4091=CARTESIAN_POINT('',(-140.090504631506,21.5443209074307,-0.0330999613393089));
#4092=CARTESIAN_POINT('',(-140.843476303188,22.1281199978853,-0.0330999613393441));
#4093=CARTESIAN_POINT('',(-137.686670300063,18.7383297029503,-0.0330999613392304));
#4094=CARTESIAN_POINT('',(-137.686670300063,17.1633297029503,-0.0330999613392311));
#4095=CARTESIAN_POINT('',(-139.261670300063,17.1633297029503,-0.0330999613392891));
#4096=CARTESIAN_POINT('',(-140.836670300062,17.1633297029503,-0.0330999613393441));
#4097=CARTESIAN_POINT('',(-140.836670300063,18.7383297029503,-0.0330999613393441));
#4098=CARTESIAN_POINT('',(-140.836670300062,20.3133297029504,-0.0330999613393441));
#4099=CARTESIAN_POINT('',(-139.261670300063,20.3133297029501,-0.0330999613392891));
#4100=CARTESIAN_POINT('',(-137.686670300063,20.3133297029504,-0.0330999613392311));
#4101=CARTESIAN_POINT('',(-137.686670300063,18.7383297029503,-0.0330999613392304));
#4102=CARTESIAN_POINT('',(-142.761006204055,18.7509563423132,-2.99999999999945));
#4103=CARTESIAN_POINT('',(-142.772614851051,18.7509563423132,-2.99999999999945));
#4104=CARTESIAN_POINT('',(-142.772614851051,18.7509563423132,-2.99999999999945));
#4105=CARTESIAN_POINT('',(-142.772614851051,22.5233686063639,-2.99999999999945));
#4106=CARTESIAN_POINT('',(-139.249044255993,15.2273857472555,-2.99999999999933));
#4107=CARTESIAN_POINT('',(-139.249044255993,15.2389943942517,-2.99999999999933));
#4108=CARTESIAN_POINT('',(-139.249044255993,15.2389943942517,-2.99999999999933));
#4109=CARTESIAN_POINT('',(-140.753402333728,15.111486305584,-2.99999999999938));
#4110=CARTESIAN_POINT('',(-141.820958313225,16.1790422850813,-2.99999999999942));
#4111=CARTESIAN_POINT('',(-142.888514292723,17.2465982645788,-2.99999999999945));
#4112=CARTESIAN_POINT('',(-142.761006204055,18.7509563423132,-2.99999999999945));
#4113=CARTESIAN_POINT('',(-135.871880004873,17.1565237003699,-0.0330999613391665));
#4114=CARTESIAN_POINT('',(-135.871880004873,17.1565237003699,4.0000000000008));
#4115=CARTESIAN_POINT('',(-135.739130434761,16.9839243462607,-0.0330999613391629));
#4116=CARTESIAN_POINT('',(-135.739130434761,16.9839243462607,4.0000000000008));
#4117=CARTESIAN_POINT('',(-136.498043027607,18.8613320247623,-0.0330999613391842));
#4118=CARTESIAN_POINT('',(-136.498043027607,18.8613320247623,4.00000000000077));
#4119=CARTESIAN_POINT('',(-139.138667978695,21.5019569754259,-0.0330999613392855));
#4120=CARTESIAN_POINT('',(-139.138667978696,21.5019569754259,4.00000000000068));
#4121=CARTESIAN_POINT('',(-140.843476303188,22.1281199978853,-0.0330999613393441));
#4122=CARTESIAN_POINT('',(-140.843476303189,22.1281199978853,4.00000000000062));
#4123=CARTESIAN_POINT('',(-137.686670300063,18.7383297029503,-0.0330999613392304));
#4124=CARTESIAN_POINT('',(-137.686670300063,18.7383297029503,4.00000000000073));
#4125=CARTESIAN_POINT('',(-142.772614851051,18.7509563423132,-2.99999999999945));
#4126=CARTESIAN_POINT('',(-142.772614851051,18.7509563423132,-0.0330999613394116));
#4127=CARTESIAN_POINT('',(-139.249044255993,15.2273857472555,-2.99999999999933));
#4128=CARTESIAN_POINT('',(-139.249044255993,15.2273857472555,-0.0330999613392855));
#4129=CARTESIAN_POINT('',(-142.761006204055,18.7509563423132,-2.99999999999945));
#4130=CARTESIAN_POINT('',(-142.761006204055,18.7509563423132,-0.0330999613394116));
#4131=CARTESIAN_POINT('',(-180.27615981575,15.2273857472555,-3.0000000000008));
#4132=CARTESIAN_POINT('',(-176.750955744006,15.2273857472555,-3.00000000000068));
#4133=CARTESIAN_POINT('',(-181.273771198255,14.2964620058196,-3.00000000000083));
#4134=CARTESIAN_POINT('',(-181.312710533831,13.7340933251061,-3.00000000000085));
#4135=CARTESIAN_POINT('',(-181.225457677218,13.1771716574417,-3.00000000000084));
#4136=CARTESIAN_POINT('',(-180.894990614509,11.0678508304091,-3.00000000000083));
#4137=CARTESIAN_POINT('',(-179.142857142869,9.84782167975413,-3.00000000000076));
#4138=CARTESIAN_POINT('',(-173.227385148948,22.5233686042925,-0.0330999613405005));
#4139=CARTESIAN_POINT('',(-173.227385148948,18.7509563423132,-0.0330999613405041));
#4140=CARTESIAN_POINT('',(-180.27615981575,15.2273857472555,-3.0000000000008));
#4141=CARTESIAN_POINT('',(-180.27615981575,15.2273857472555,-0.0330999613407563));
#4142=CARTESIAN_POINT('',(-172.395061183282,23.5092107557093,-0.0330999613404746));
#4143=CARTESIAN_POINT('',(-172.395061183282,23.5092107557093,-3.00000000000052));
#4144=CARTESIAN_POINT('',(-181.273771198255,14.2964620058196,-3.00000000000083));
#4145=CARTESIAN_POINT('',(-181.273771198255,14.2964620058196,-0.0330999613407912));
#4146=CARTESIAN_POINT('',(-173.227385148948,22.5233686042925,-0.0330999613405005));
#4147=CARTESIAN_POINT('',(-173.227385148948,22.5233686042925,-3.00000000000054));
#4148=CARTESIAN_POINT('',(-172.395061183282,23.5092107557093,-0.0330999613404757));
#4149=CARTESIAN_POINT('',(-173.227385148949,23.3676457174899,-0.0330999613405261));
#4150=CARTESIAN_POINT('',(-173.227385148948,22.5233686042925,-0.0330999613405005));
#4151=CARTESIAN_POINT('',(-172.395061183282,23.5092107557093,-3.00000000000052));
#4152=CARTESIAN_POINT('',(-173.227385148948,23.3676457174895,-3.00000000000056));
#4153=CARTESIAN_POINT('',(-173.227385148948,22.5233686042925,-3.00000000000054));
#4154=CARTESIAN_POINT('',(-180.27615981575,15.2273857472555,-3.0000000000008));
#4155=CARTESIAN_POINT('',(-181.209312502019,15.2273857472558,-3.00000000000097));
#4156=CARTESIAN_POINT('',(-181.273771198255,14.2964620058196,-3.00000000000083));
#4157=CARTESIAN_POINT('',(-180.27615981575,15.2273857472555,-0.0330999613407563));
#4158=CARTESIAN_POINT('',(-181.209312502019,15.2273857472554,-0.033099961340911));
#4159=CARTESIAN_POINT('',(-181.273771198255,14.2964620058196,-0.0330999613407901));
#4160=CARTESIAN_POINT('',(-180.276159815714,-15.2273857472558,-3.0000000000008));
#4161=CARTESIAN_POINT('',(-176.750955744006,-15.2273857472558,-3.00000000000068));
#4162=CARTESIAN_POINT('',(-172.395061183281,-23.5092107557123,-3.00000000000051));
#4163=CARTESIAN_POINT('',(-171.978859668788,-23.5799999999356,-3.00000000000047));
#4164=CARTESIAN_POINT('',(-171.556681012808,-23.5800000014447,-3.00000000000048));
#4165=CARTESIAN_POINT('',(-173.227385148948,-22.5233686042955,-0.0330999613405041));
#4166=CARTESIAN_POINT('',(-173.227385148948,-18.7509563423134,-0.0330999613405041));
#4167=CARTESIAN_POINT('',(-181.27377119822,-14.2964620058058,-3.00000000000083));
#4168=CARTESIAN_POINT('',(-181.27377119822,-14.2964620058058,-0.0330999613407945));
#4169=CARTESIAN_POINT('',(-172.395061183282,-23.5092107557122,-0.0330999613404753));
#4170=CARTESIAN_POINT('',(-172.395061183281,-23.5092107557123,-3.00000000000052));
#4171=CARTESIAN_POINT('',(-180.276159815714,-15.2273857472558,-3.0000000000008));
#4172=CARTESIAN_POINT('',(-180.276159815714,-15.2273857472558,-0.0330999613407528));
#4173=CARTESIAN_POINT('',(-173.227385148948,-22.5233686042955,-0.0330999613405041));
#4174=CARTESIAN_POINT('',(-173.227385148948,-22.5233686042955,-3.00000000000054));
#4175=CARTESIAN_POINT('',(-181.27377119822,-14.2964620058058,-3.00000000000083));
#4176=CARTESIAN_POINT('',(-181.209312501995,-15.2273857472561,-3.00000000000079));
#4177=CARTESIAN_POINT('',(-180.276159815714,-15.2273857472558,-3.0000000000008));
#4178=CARTESIAN_POINT('',(-180.276159815714,-15.2273857472558,-0.0330999613407528));
#4179=CARTESIAN_POINT('',(-181.209312501995,-15.2273857472561,-0.0330999613407445));
#4180=CARTESIAN_POINT('',(-181.27377119822,-14.2964620058058,-0.0330999613407936));
#4181=CARTESIAN_POINT('',(-172.395061183282,-23.5092107557123,-0.0330999613404757));
#4182=CARTESIAN_POINT('',(-173.227385148949,-23.3676457174932,-0.0330999613404861));
#4183=CARTESIAN_POINT('',(-173.227385148948,-22.5233686042955,-0.0330999613405041));
#4184=CARTESIAN_POINT('',(-173.227385148948,-22.5233686042955,-3.00000000000054));
#4185=CARTESIAN_POINT('',(-173.227385148948,-23.3676457174932,-3.00000000000052));
#4186=CARTESIAN_POINT('',(-172.395061183281,-23.5092107557123,-3.00000000000052));
#4187=CARTESIAN_POINT('',(-135.723840184285,-15.2273857472558,-2.9999999999992));
#4188=CARTESIAN_POINT('',(-139.249044255993,-15.2273857472558,-2.99999999999933));
#4189=CARTESIAN_POINT('',(-134.726228801779,-14.2964620058061,-2.99999999999916));
#4190=CARTESIAN_POINT('',(-134.687289466214,-13.7340933251351,-2.99999999999916));
#4191=CARTESIAN_POINT('',(-134.774542322819,-13.1771716575118,-2.99999999999916));
#4192=CARTESIAN_POINT('',(-135.105009385522,-11.067850830478,-2.99999999999918));
#4193=CARTESIAN_POINT('',(-136.857142857159,-9.84782167981825,-2.99999999999924));
#4194=CARTESIAN_POINT('',(-142.772614851051,-22.5233686063668,-0.0330999613394116));
#4195=CARTESIAN_POINT('',(-142.772614851051,-18.7509563423134,-0.0330999613394116));
#4196=CARTESIAN_POINT('',(-135.723840184285,-15.2273857472558,-2.9999999999992));
#4197=CARTESIAN_POINT('',(-135.723840184285,-15.2273857472558,-0.0330999613391558));
#4198=CARTESIAN_POINT('',(-143.604938815792,-23.5092107576263,-0.0330999613394382));
#4199=CARTESIAN_POINT('',(-143.604938815792,-23.5092107576263,-2.99999999999948));
#4200=CARTESIAN_POINT('',(-134.726228801779,-14.296462005806,-2.99999999999916));
#4201=CARTESIAN_POINT('',(-134.726228801779,-14.2964620058058,-0.0330999613391227));
#4202=CARTESIAN_POINT('',(-142.772614851051,-22.5233686063668,-0.0330999613394116));
#4203=CARTESIAN_POINT('',(-142.772614851051,-22.5233686063668,-2.99999999999945));
#4204=CARTESIAN_POINT('',(-143.604938815792,-23.5092107576263,-0.0330999613394383));
#4205=CARTESIAN_POINT('',(-142.77261485105,-23.3676457187608,-0.0330999613393669));
#4206=CARTESIAN_POINT('',(-142.772614851051,-22.5233686063668,-0.0330999613394116));
#4207=CARTESIAN_POINT('',(-143.604938815792,-23.5092107576263,-2.99999999999948));
#4208=CARTESIAN_POINT('',(-142.772614851051,-23.3676457187603,-2.99999999999941));
#4209=CARTESIAN_POINT('',(-142.772614851051,-22.5233686063668,-2.99999999999945));
#4210=CARTESIAN_POINT('',(-135.723840184285,-15.2273857472558,-2.9999999999992));
#4211=CARTESIAN_POINT('',(-134.790687498003,-15.2273857472558,-2.99999999999921));
#4212=CARTESIAN_POINT('',(-134.726228801779,-14.296462005806,-2.99999999999916));
#4213=CARTESIAN_POINT('',(-135.723840184285,-15.2273857472558,-0.0330999613391558));
#4214=CARTESIAN_POINT('',(-134.790687498004,-15.2273857472556,-0.033099961339171));
#4215=CARTESIAN_POINT('',(-134.726228801779,-14.2964620058058,-0.0330999613391221));
#4216=CARTESIAN_POINT('',(-143.604938815792,23.5092107576233,-2.99999999999947));
#4217=CARTESIAN_POINT('',(-144.021140333157,23.5800000013285,-2.99999999999948));
#4218=CARTESIAN_POINT('',(-144.443318992117,23.5800000013259,-2.99999999999951));
#4219=CARTESIAN_POINT('',(-142.772614851051,22.5233686063639,-0.0330999613394081));
#4220=CARTESIAN_POINT('',(-142.772614851051,18.7509563423132,-0.0330999613394116));
#4221=CARTESIAN_POINT('',(-143.604938815792,23.5092107576234,-0.0330999613394413));
#4222=CARTESIAN_POINT('',(-143.604938815792,23.5092107576234,-2.99999999999948));
#4223=CARTESIAN_POINT('',(-142.772614851051,22.5233686063639,-0.0330999613394081));
#4224=CARTESIAN_POINT('',(-142.772614851051,22.5233686063639,-2.99999999999945));
#4225=CARTESIAN_POINT('',(-143.604938815792,23.5092107576234,-0.0330999613394418));
#4226=CARTESIAN_POINT('',(-142.772614851051,23.3676457187574,-0.0330999613394323));
#4227=CARTESIAN_POINT('',(-142.772614851051,22.5233686063639,-0.0330999613394081));
#4228=CARTESIAN_POINT('',(-142.772614851051,22.5233686063639,-2.99999999999945));
#4229=CARTESIAN_POINT('',(-142.772614851051,23.3676457187573,-2.99999999999947));
#4230=CARTESIAN_POINT('',(-143.604938815792,23.5092107576234,-2.99999999999947));
#4231=CARTESIAN_POINT('',(-135.723840184249,15.2273857472555,-2.9999999999992));
#4232=CARTESIAN_POINT('',(-139.249044255993,15.2273857472555,-2.99999999999933));
#4233=CARTESIAN_POINT('',(-134.726228801744,14.2964620058197,-2.99999999999916));
#4234=CARTESIAN_POINT('',(-134.726228801744,14.2964620058197,-0.033099961339123));
#4235=CARTESIAN_POINT('',(-135.723840184249,15.2273857472555,-2.9999999999992));
#4236=CARTESIAN_POINT('',(-135.723840184249,15.2273857472555,-0.0330999613391594));
#4237=CARTESIAN_POINT('',(-134.726228801744,14.2964620058196,-2.99999999999916));
#4238=CARTESIAN_POINT('',(-134.790687497981,15.2273857472554,-2.99999999999937));
#4239=CARTESIAN_POINT('',(-135.723840184249,15.2273857472555,-2.9999999999992));
#4240=CARTESIAN_POINT('',(-135.723840184249,15.2273857472555,-0.0330999613391594));
#4241=CARTESIAN_POINT('',(-134.790687497981,15.2273857472558,-0.0330999613393363));
#4242=CARTESIAN_POINT('',(-134.726228801744,14.2964620058196,-0.0330999613391221));
#4243=CARTESIAN_POINT('',(-175.15652369681,22.1281199978857,-0.0330999613405751));
#4244=CARTESIAN_POINT('',(-174.833735877439,22.3783860337083,-0.0330999613405748));
#4245=CARTESIAN_POINT('',(-174.503785579384,22.6191304330917,-0.0330999613405515));
#4246=CARTESIAN_POINT('',(-173.914697677773,23.0489515725236,-0.0330999613405845));
#4247=CARTESIAN_POINT('',(-173.227385148948,23.2926157993769,-0.0330999613404995));
#4248=CARTESIAN_POINT('',(-172.820571870528,23.4368381710097,-0.033099961340478));
#4249=CARTESIAN_POINT('',(-172.395061183282,23.5092107557093,-0.0330999613404746));
#4250=CARTESIAN_POINT('',(-181.273771198255,14.2964620058196,-0.0330999613407912));
#4251=CARTESIAN_POINT('',(-181.24103754235,14.7692071776183,-0.0330999613407545));
#4252=CARTESIAN_POINT('',(-181.120075201048,15.2273857472553,-0.0330999613407986));
#4253=CARTESIAN_POINT('',(-180.865591412472,16.1913139995542,-0.0330999613407691));
#4254=CARTESIAN_POINT('',(-180.260869565238,16.9839243462604,-0.0330999613407585));
#4255=CARTESIAN_POINT('',(-180.194830342417,17.0704821108526,-0.0330999613408065));
#4256=CARTESIAN_POINT('',(-180.128119995127,17.1565237003692,-0.0330999613407528));
#4257=CARTESIAN_POINT('',(-181.27377119822,-14.2964620058058,-0.0330999613407945));
#4258=CARTESIAN_POINT('',(-181.241037542321,-14.7692071776113,-0.0330999613407882));
#4259=CARTESIAN_POINT('',(-181.120075201023,-15.2273857472558,-0.0330999613407899));
#4260=CARTESIAN_POINT('',(-180.865591412449,-16.1913139995938,-0.0330999613407974));
#4261=CARTESIAN_POINT('',(-180.26086956519,-16.9839243463277,-0.0330999613407568));
#4262=CARTESIAN_POINT('',(-180.194830343396,-17.0704821095724,-0.033099961340756));
#4263=CARTESIAN_POINT('',(-180.128119997155,-17.1565236977572,-0.0330999613407563));
#4264=CARTESIAN_POINT('',(-175.156523701315,-22.1281199943965,-0.0330999613405787));
#4265=CARTESIAN_POINT('',(-174.833735879743,-22.3783860320315,-0.0330999613405675));
#4266=CARTESIAN_POINT('',(-174.503785579385,-22.6191304330942,-0.0330999613405566));
#4267=CARTESIAN_POINT('',(-173.914697677773,-23.0489515725267,-0.0330999613405234));
#4268=CARTESIAN_POINT('',(-173.227385148949,-23.2926157993802,-0.0330999613405058));
#4269=CARTESIAN_POINT('',(-172.820571870529,-23.436838171013,-0.0330999613404663));
#4270=CARTESIAN_POINT('',(-172.395061183282,-23.5092107557123,-0.0330999613404772));
#4271=CARTESIAN_POINT('',(-140.843476303188,-22.128119997888,-0.0330999613393406));
#4272=CARTESIAN_POINT('',(-141.166264124764,-22.3783860354202,-0.0330999613393605));
#4273=CARTESIAN_POINT('',(-141.496214425121,-22.6191304363824,-0.0330999613393657));
#4274=CARTESIAN_POINT('',(-142.085302324787,-23.0489515742159,-0.0330999613393902));
#4275=CARTESIAN_POINT('',(-142.772614851052,-23.2926158007688,-0.033099961339412));
#4276=CARTESIAN_POINT('',(-143.179428128994,-23.4368381725921,-0.033099961339423));
#4277=CARTESIAN_POINT('',(-143.604938815792,-23.5092107576262,-0.0330999613394382));
#4278=CARTESIAN_POINT('',(-134.726228801779,-14.2964620058058,-0.0330999613391227));
#4279=CARTESIAN_POINT('',(-134.758962457678,-14.7692071776113,-0.0330999613391298));
#4280=CARTESIAN_POINT('',(-134.879924798976,-15.2273857472558,-0.0330999613391213));
#4281=CARTESIAN_POINT('',(-135.13440858755,-16.1913139995939,-0.0330999613391381));
#4282=CARTESIAN_POINT('',(-135.73913043481,-16.9839243463277,-0.0330999613391576));
#4283=CARTESIAN_POINT('',(-135.805169657608,-17.0704821108888,-0.0330999613391603));
#4284=CARTESIAN_POINT('',(-135.871880004874,-17.1565237003745,-0.0330999613391665));
#4285=CARTESIAN_POINT('',(-140.843476303188,22.1281199978853,-0.0330999613393441));
#4286=CARTESIAN_POINT('',(-141.166264124765,22.3783860354178,-0.0330999613393527));
#4287=CARTESIAN_POINT('',(-141.496214425122,22.6191304363801,-0.0330999613393248));
#4288=CARTESIAN_POINT('',(-142.085302324788,23.0489515742128,-0.0330999613393479));
#4289=CARTESIAN_POINT('',(-142.772614851051,23.2926158007655,-0.0330999613394263));
#4290=CARTESIAN_POINT('',(-143.179428128993,23.4368381725895,-0.0330999613394329));
#4291=CARTESIAN_POINT('',(-143.604938815792,23.5092107576234,-0.0330999613394413));
#4292=CARTESIAN_POINT('',(-134.726228801744,14.2964620058197,-0.033099961339123));
#4293=CARTESIAN_POINT('',(-134.75896245765,14.7692071776183,-0.0330999613391201));
#4294=CARTESIAN_POINT('',(-134.879924798951,15.2273857472555,-0.0330999613391287));
#4295=CARTESIAN_POINT('',(-135.134408587527,16.191313999554,-0.0330999613391327));
#4296=CARTESIAN_POINT('',(-135.739130434761,16.9839243462606,-0.0330999613391629));
#4297=CARTESIAN_POINT('',(-171.556681012863,23.5800000013259,-3.00000000000048));
#4298=CARTESIAN_POINT('',(-171.978859668815,23.5799999998701,-3.0000000000005));
#4299=CARTESIAN_POINT('',(-172.395061183282,23.5092107557093,-3.00000000000052));
#4300=CARTESIAN_POINT('',(-171.556681012864,23.580000001326,3.99999999999952));
#4301=CARTESIAN_POINT('',(-173.186873534084,23.5799999998671,3.99999999999946));
#4302=CARTESIAN_POINT('',(-174.503785579384,22.6191304336408,3.99999999999942));
#4303=CARTESIAN_POINT('',(-174.833735877439,22.3783860339819,3.9999999999994));
#4304=CARTESIAN_POINT('',(-175.15652369681,22.1281199978857,3.99999999999939));
#4305=CARTESIAN_POINT('',(-144.443318992062,-23.5800000013813,-2.99999999999951));
#4306=CARTESIAN_POINT('',(-144.02114033313,-23.5800000013534,-2.9999999999995));
#4307=CARTESIAN_POINT('',(-143.604938815792,-23.5092107576263,-2.99999999999948));
#4308=CARTESIAN_POINT('',(-144.443318992062,-23.5800000013812,4.00000000000049));
#4309=CARTESIAN_POINT('',(-142.813126470715,-23.5800000013535,4.00000000000055));
#4310=CARTESIAN_POINT('',(-141.496214425121,-22.619130436393,4.00000000000059));
#4311=CARTESIAN_POINT('',(-141.166264124764,-22.3783860354256,4.0000000000006));
#4312=CARTESIAN_POINT('',(-140.843476303188,-22.128119997888,4.00000000000062));
#4313=CARTESIAN_POINT('',(-165.997917970935,20.8728571419824,-3.00000000000028));
#4314=CARTESIAN_POINT('',(-165.997917970936,20.8728571419824,3.99999999999972));
#4315=CARTESIAN_POINT('',(-170.441205731159,23.5800000002457,-3.00000000000044));
#4316=CARTESIAN_POINT('',(-170.441205731159,23.5800000002457,3.99999999999956));
#4317=CARTESIAN_POINT('',(-165.997917970935,20.8728571419824,-3.00000000000028));
#4318=CARTESIAN_POINT('',(-167.394877198404,23.5799999994351,-3.00000000000034));
#4319=CARTESIAN_POINT('',(-170.441205731159,23.5800000002457,-3.00000000000044));
#4320=CARTESIAN_POINT('',(-165.997917970936,20.8728571419824,3.99999999999972));
#4321=CARTESIAN_POINT('',(-167.394877198404,23.5799999994351,3.99999999999966));
#4322=CARTESIAN_POINT('',(-170.441205731159,23.5800000002457,3.99999999999956));
#4323=CARTESIAN_POINT('',(-165.997917970887,-20.8728571420882,3.99999999999972));
#4324=CARTESIAN_POINT('',(-165.997917970886,-20.8728571420882,-3.00000000000029));
#4325=CARTESIAN_POINT('',(-170.441205731104,-23.5800000003617,3.99999999999956));
#4326=CARTESIAN_POINT('',(-170.441205731104,-23.5800000003617,-3.00000000000044));
#4327=CARTESIAN_POINT('',(-170.441205731104,-23.5800000003617,-3.00000000000044));
#4328=CARTESIAN_POINT('',(-167.394877198349,-23.5799999995442,-3.00000000000043));
#4329=CARTESIAN_POINT('',(-165.997917970886,-20.8728571420882,-3.00000000000029));
#4330=CARTESIAN_POINT('',(-170.441205731104,-23.5800000003617,3.99999999999956));
#4331=CARTESIAN_POINT('',(-167.394877198349,-23.5799999995441,3.99999999999958));
#4332=CARTESIAN_POINT('',(-165.997917970887,-20.8728571420882,3.99999999999972));
#4333=CARTESIAN_POINT('',(-165.997917970887,-20.8728571420881,3.99999999999972));
#4334=CARTESIAN_POINT('',(-164.61175832232,-18.1866426005197,3.99999999999977));
#4335=CARTESIAN_POINT('',(-161.885133656422,-16.8817651863659,3.99999999999986));
#4336=CARTESIAN_POINT('',(-154.007107679511,-13.1115879801094,4.00000000000014));
#4337=CARTESIAN_POINT('',(-150.0020820331,-20.8728571437868,4.00000000000029));
#4338=CARTESIAN_POINT('',(-165.997917970886,-20.8728571420882,-3.00000000000029));
#4339=CARTESIAN_POINT('',(-164.61175832232,-18.1866426005194,-3.00000000000024));
#4340=CARTESIAN_POINT('',(-161.885133656422,-16.8817651863658,-3.00000000000015));
#4341=CARTESIAN_POINT('',(-154.00710767951,-13.1115879801091,-2.99999999999987));
#4342=CARTESIAN_POINT('',(-150.0020820331,-20.8728571437868,-2.99999999999972));
#4343=CARTESIAN_POINT('',(-145.558794272372,-23.5800000008799,4.00000000000045));
#4344=CARTESIAN_POINT('',(-144.443318992062,-23.5800000013812,4.00000000000049));
#4345=CARTESIAN_POINT('',(-145.558794272372,-23.5800000008799,-2.99999999999955));
#4346=CARTESIAN_POINT('',(-144.443318992062,-23.5800000013812,-2.99999999999951));
#4347=CARTESIAN_POINT('',(-145.558794272372,-23.5800000008799,-2.99999999999955));
#4348=CARTESIAN_POINT('',(-145.558794272372,-23.5800000008799,4.00000000000045));
#4349=CARTESIAN_POINT('',(-150.0020820331,-20.8728571437869,-2.99999999999972));
#4350=CARTESIAN_POINT('',(-150.0020820331,-20.8728571437869,4.00000000000028));
#4351=CARTESIAN_POINT('',(-150.0020820331,-20.8728571437869,4.00000000000028));
#4352=CARTESIAN_POINT('',(-148.605122805872,-23.5800000011389,4.00000000000057));
#4353=CARTESIAN_POINT('',(-145.558794272372,-23.5800000008799,4.00000000000045));
#4354=CARTESIAN_POINT('',(-150.0020820331,-20.8728571437869,-2.99999999999972));
#4355=CARTESIAN_POINT('',(-148.605122805872,-23.5800000011388,-2.99999999999943));
#4356=CARTESIAN_POINT('',(-145.558794272372,-23.5800000008799,-2.99999999999955));
#4357=CARTESIAN_POINT('',(-165.997917970936,20.8728571419824,3.99999999999972));
#4358=CARTESIAN_POINT('',(-164.611758322363,18.1866426004165,3.99999999999976));
#4359=CARTESIAN_POINT('',(-161.885133656462,16.8817651862694,3.99999999999985));
#4360=CARTESIAN_POINT('',(-154.007107679542,13.1115879800318,4.00000000000014));
#4361=CARTESIAN_POINT('',(-150.002082033149,20.8728571437188,4.00000000000028));
#4362=CARTESIAN_POINT('',(-165.997917970935,20.8728571419824,-3.00000000000028));
#4363=CARTESIAN_POINT('',(-164.611758322363,18.1866426004165,-3.00000000000023));
#4364=CARTESIAN_POINT('',(-161.885133656461,16.8817651862693,-3.00000000000014));
#4365=CARTESIAN_POINT('',(-154.007107679541,13.1115879800318,-2.99999999999987));
#4366=CARTESIAN_POINT('',(-150.002082033149,20.8728571437189,-2.99999999999971));
#4367=CARTESIAN_POINT('',(-145.558794272427,23.5800000008221,4.00000000000045));
#4368=CARTESIAN_POINT('',(-144.443318992117,23.580000001326,4.00000000000049));
#4369=CARTESIAN_POINT('',(-145.558794272427,23.5800000008221,-2.99999999999955));
#4370=CARTESIAN_POINT('',(-144.443318992117,23.580000001326,-2.99999999999951));
#4371=CARTESIAN_POINT('',(-145.558794272427,23.5800000008221,4.00000000000045));
#4372=CARTESIAN_POINT('',(-145.558794272427,23.5800000008221,-2.99999999999955));
#4373=CARTESIAN_POINT('',(-150.002082033149,20.8728571437189,4.00000000000028));
#4374=CARTESIAN_POINT('',(-150.002082033149,20.8728571437189,-2.99999999999971));
#4375=CARTESIAN_POINT('',(-145.558794272427,23.5800000008221,4.00000000000045));
#4376=CARTESIAN_POINT('',(-148.605122805927,23.5800000010738,4.00000000000028));
#4377=CARTESIAN_POINT('',(-150.002082033149,20.8728571437189,4.00000000000028));
#4378=CARTESIAN_POINT('',(-145.558794272427,23.5800000008221,-2.99999999999955));
#4379=CARTESIAN_POINT('',(-148.605122805927,23.5800000010743,-2.99999999999971));
#4380=CARTESIAN_POINT('',(-150.002082033149,20.8728571437189,-2.99999999999971));
#4381=CARTESIAN_POINT('',(-160.,7.49999999994066,-1.00000000000007));
#4382=CARTESIAN_POINT('',(-154.,7.49999999994066,-0.999999999999851));
#4383=CARTESIAN_POINT('',(-160.,7.49999999994066,-3.00000000000007));
#4384=CARTESIAN_POINT('',(-160.,7.49999999994066,-1.00000000000007));
#4385=CARTESIAN_POINT('',(-154.,7.49999999994066,-0.999999999999851));
#4386=CARTESIAN_POINT('',(-154.,8.49999999994066,-0.999999999999851));
#4387=CARTESIAN_POINT('',(-160.,9.49999999994066,3.27820079140191));
#4388=CARTESIAN_POINT('',(-154.,9.49999999994066,3.27820079140212));
#4389=CARTESIAN_POINT('',(-154.,9.49999999994066,3.27820079140212));
#4390=CARTESIAN_POINT('',(-154.,11.4999999999407,3.27820079140212));
#4391=CARTESIAN_POINT('',(-160.,15.3660687472591,3.27820079140191));
#4392=CARTESIAN_POINT('',(-160.,9.49999999994066,3.27820079140191));
#4393=CARTESIAN_POINT('',(-154.,9.49999999994066,3.27820079140212));
#4394=CARTESIAN_POINT('',(-154.,9.49999999994066,1.49213974509621E-13));
#4395=CARTESIAN_POINT('',(-160.,15.3660687472591,3.27820079140191));
#4396=CARTESIAN_POINT('',(-160.,15.3660687472591,-2.50000000000007));
#4397=CARTESIAN_POINT('',(-160.,8.49999999994066,-1.00000000000007));
#4398=CARTESIAN_POINT('',(-160.,7.49999999994066,-1.00000000000007));
#4399=CARTESIAN_POINT('',(-160.,9.49999999994066,-6.57252030578093E-14));
#4400=CARTESIAN_POINT('',(-160.,9.49999999994066,3.27820079140191));
#4401=CARTESIAN_POINT('',(-160.,8.49999999994066,-1.00000000000007));
#4402=CARTESIAN_POINT('',(-154.,8.49999999994066,-0.999999999999851));
#4403=CARTESIAN_POINT('',(-160.,9.49999999994066,-6.57252030578093E-14));
#4404=CARTESIAN_POINT('',(-154.,9.49999999994066,1.49213974509621E-13));
#4405=CARTESIAN_POINT('',(-154.,9.49999999994066,1.49213974509621E-13));
#4406=CARTESIAN_POINT('',(-154.,8.49999999994066,-0.999999999999851));
#4407=CARTESIAN_POINT('',(-160.,8.49999999994066,-1.00000000000007));
#4408=CARTESIAN_POINT('',(-160.,9.49999999994066,-6.57252030578093E-14));
#4409=CARTESIAN_POINT('',(-154.,11.4999999999407,3.27820079140212));
#4410=CARTESIAN_POINT('',(-156.,11.4999999999407,3.27820079140205));
#4411=CARTESIAN_POINT('',(-156.,11.4999999999407,3.27820079140205));
#4412=CARTESIAN_POINT('',(-156.,15.3660687472591,3.27820079140205));
#4413=CARTESIAN_POINT('',(-156.,15.3660687472591,3.27820079140205));
#4414=CARTESIAN_POINT('',(-160.,15.3660687472591,3.27820079140191));
#4415=CARTESIAN_POINT('',(-156.,11.4999999999407,-2.99999999999993));
#4416=CARTESIAN_POINT('',(-156.,11.4999999999407,3.27820079140205));
#4417=CARTESIAN_POINT('',(-150.504809471616,-2.01794919249051,-0.999999999999725));
#4418=CARTESIAN_POINT('',(-153.504809471616,-7.21410161519702,-0.999999999999833));
#4419=CARTESIAN_POINT('',(-150.504809471616,-2.01794919249051,-2.99999999999973));
#4420=CARTESIAN_POINT('',(-150.504809471616,-2.01794919249051,-0.999999999999725));
#4421=CARTESIAN_POINT('',(-153.504809471616,-7.21410161519702,-0.999999999999833));
#4422=CARTESIAN_POINT('',(-152.638784067832,-7.71410161519702,-0.999999999999801));
#4423=CARTESIAN_POINT('',(-148.772758664048,-3.01794919249028,3.27820079140231));
#4424=CARTESIAN_POINT('',(-151.772758664048,-8.21410161519702,3.2782007914022));
#4425=CARTESIAN_POINT('',(-151.772758664048,-8.21410161519702,3.2782007914022));
#4426=CARTESIAN_POINT('',(-150.040707856479,-9.21410161519702,3.27820079140227));
#4427=CARTESIAN_POINT('',(-143.692594108524,-5.95098356614949,3.27820079140249));
#4428=CARTESIAN_POINT('',(-148.772758664048,-3.01794919249028,3.27820079140231));
#4429=CARTESIAN_POINT('',(-151.772758664048,-8.21410161519702,3.2782007914022));
#4430=CARTESIAN_POINT('',(-151.772758664048,-8.21410161519702,2.29150032282632E-13));
#4431=CARTESIAN_POINT('',(-143.692594108524,-5.95098356614949,3.27820079140249));
#4432=CARTESIAN_POINT('',(-143.692594108524,-5.95098356614949,-2.49999999999948));
#4433=CARTESIAN_POINT('',(-149.638784067832,-2.51794919249051,-0.999999999999693));
#4434=CARTESIAN_POINT('',(-150.504809471616,-2.01794919249051,-0.999999999999725));
#4435=CARTESIAN_POINT('',(-148.772758664048,-3.01794919249051,3.37507799486048E-13));
#4436=CARTESIAN_POINT('',(-148.772758664048,-3.01794919249028,3.27820079140231));
#4437=CARTESIAN_POINT('',(-149.638784067832,-2.51794919249051,-0.999999999999693));
#4438=CARTESIAN_POINT('',(-152.638784067832,-7.71410161519702,-0.999999999999801));
#4439=CARTESIAN_POINT('',(-148.772758664048,-3.01794919249051,3.37507799486048E-13));
#4440=CARTESIAN_POINT('',(-151.772758664048,-8.21410161519702,2.29150032282632E-13));
#4441=CARTESIAN_POINT('',(-151.772758664048,-8.21410161519702,2.29150032282632E-13));
#4442=CARTESIAN_POINT('',(-152.638784067832,-7.71410161519702,-0.999999999999801));
#4443=CARTESIAN_POINT('',(-149.638784067832,-2.51794919249051,-0.999999999999693));
#4444=CARTESIAN_POINT('',(-148.772758664048,-3.01794919249051,3.37507799486048E-13));
#4445=CARTESIAN_POINT('',(-150.040707856479,-9.21410161519702,3.27820079140227));
#4446=CARTESIAN_POINT('',(-149.040707856479,-7.48205080762818,3.2782007914023));
#4447=CARTESIAN_POINT('',(-149.040707856479,-7.48205080762818,3.2782007914023));
#4448=CARTESIAN_POINT('',(-145.692594108524,-9.4150851812874,3.27820079140242));
#4449=CARTESIAN_POINT('',(-145.692594108524,-9.4150851812874,3.27820079140242));
#4450=CARTESIAN_POINT('',(-143.692594108524,-5.95098356614949,3.27820079140249));
#4451=CARTESIAN_POINT('',(-149.040707856479,-7.48205080762818,-2.99999999999968));
#4452=CARTESIAN_POINT('',(-149.040707856479,-7.48205080762818,3.2782007914023));
#4453=CARTESIAN_POINT('',(-163.495190528383,-5.48205080762818,-1.00000000000019));
#4454=CARTESIAN_POINT('',(-166.495190528383,-0.285898384921667,-1.0000000000003));
#4455=CARTESIAN_POINT('',(-163.495190528383,-5.48205080762818,-3.0000000000002));
#4456=CARTESIAN_POINT('',(-163.495190528383,-5.48205080762818,-1.00000000000019));
#4457=CARTESIAN_POINT('',(-166.495190528383,-0.285898384921667,-1.0000000000003));
#4458=CARTESIAN_POINT('',(-167.361215932167,-0.785898384921667,-1.00000000000033));
#4459=CARTESIAN_POINT('',(-165.227241335952,-6.48205080762841,3.27820079140172));
#4460=CARTESIAN_POINT('',(-168.227241335952,-1.28589838492167,3.27820079140161));
#4461=CARTESIAN_POINT('',(-168.227241335952,-1.28589838492167,3.27820079140161));
#4462=CARTESIAN_POINT('',(-169.959292143521,-2.28589838492167,3.27820079140155));
#4463=CARTESIAN_POINT('',(-170.307405891476,-9.41508518128762,3.27820079140154));
#4464=CARTESIAN_POINT('',(-165.227241335952,-6.48205080762841,3.27820079140172));
#4465=CARTESIAN_POINT('',(-168.227241335952,-1.28589838492167,3.27820079140161));
#4466=CARTESIAN_POINT('',(-168.227241335952,-1.28589838492167,-3.64153152077051E-13));
#4467=CARTESIAN_POINT('',(-170.307405891476,-9.41508518128762,3.27820079140154));
#4468=CARTESIAN_POINT('',(-170.307405891476,-9.41508518128762,-2.50000000000044));
#4469=CARTESIAN_POINT('',(-164.361215932167,-5.98205080762818,-1.00000000000022));
#4470=CARTESIAN_POINT('',(-163.495190528383,-5.48205080762818,-1.00000000000019));
#4471=CARTESIAN_POINT('',(-165.227241335952,-6.48205080762818,-2.54019028034236E-13));
#4472=CARTESIAN_POINT('',(-165.227241335952,-6.48205080762841,3.27820079140172));
#4473=CARTESIAN_POINT('',(-164.361215932167,-5.98205080762818,-1.00000000000022));
#4474=CARTESIAN_POINT('',(-167.361215932167,-0.785898384921667,-1.00000000000033));
#4475=CARTESIAN_POINT('',(-165.227241335952,-6.48205080762818,-2.54019028034236E-13));
#4476=CARTESIAN_POINT('',(-168.227241335952,-1.28589838492167,-3.64153152077051E-13));
#4477=CARTESIAN_POINT('',(-168.227241335952,-1.28589838492167,-3.64153152077051E-13));
#4478=CARTESIAN_POINT('',(-167.361215932167,-0.785898384921667,-1.00000000000033));
#4479=CARTESIAN_POINT('',(-164.361215932167,-5.98205080762818,-1.00000000000022));
#4480=CARTESIAN_POINT('',(-165.227241335952,-6.48205080762818,-2.54019028034236E-13));
#4481=CARTESIAN_POINT('',(-169.959292143521,-2.28589838492167,3.27820079140155));
#4482=CARTESIAN_POINT('',(-168.959292143521,-4.01794919249051,3.27820079140159));
#4483=CARTESIAN_POINT('',(-168.959292143521,-4.01794919249051,3.27820079140159));
#4484=CARTESIAN_POINT('',(-172.307405891476,-5.95098356614972,3.27820079140147));
#4485=CARTESIAN_POINT('',(-172.307405891476,-5.95098356614972,3.27820079140147));
#4486=CARTESIAN_POINT('',(-170.307405891476,-9.41508518128762,3.27820079140154));
#4487=CARTESIAN_POINT('',(-168.959292143521,-4.01794919249051,-3.00000000000039));
#4488=CARTESIAN_POINT('',(-168.959292143521,-4.01794919249051,3.27820079140159));
#4489=CARTESIAN_POINT('',(-156.,15.3660687472591,-2.49999999999993));
#4490=CARTESIAN_POINT('',(-156.,15.3660687472591,3.27820079140205));
#4491=CARTESIAN_POINT('',(-156.,15.8660687472591,-2.99999999999993));
#4492=CARTESIAN_POINT('',(-160.,15.8660687472591,-3.00000000000007));
#4493=CARTESIAN_POINT('',(-156.,15.3660687472591,-2.49999999999993));
#4494=CARTESIAN_POINT('',(-160.,15.3660687472591,-2.50000000000007));
#4495=CARTESIAN_POINT('',(-156.,15.3660687472591,-2.49999999999993));
#4496=CARTESIAN_POINT('',(-156.,15.3660687472591,-2.99999999999992));
#4497=CARTESIAN_POINT('',(-156.,15.8660687472591,-2.99999999999993));
#4498=CARTESIAN_POINT('',(-160.,15.3660687472591,-2.50000000000007));
#4499=CARTESIAN_POINT('',(-160.,15.3660687472594,-3.00000000000007));
#4500=CARTESIAN_POINT('',(-160.,15.8660687472591,-3.00000000000007));
#4501=CARTESIAN_POINT('',(-145.692594108524,-9.4150851812874,-2.49999999999956));
#4502=CARTESIAN_POINT('',(-145.692594108524,-9.4150851812874,3.27820079140242));
#4503=CARTESIAN_POINT('',(-143.692594108524,-5.95098356614949,-2.49999999999948));
#4504=CARTESIAN_POINT('',(-145.692594108524,-9.4150851812874,-2.49999999999956));
#4505=CARTESIAN_POINT('',(-145.692594108524,-9.4150851812874,-2.49999999999956));
#4506=CARTESIAN_POINT('',(-145.692594108523,-9.4150851812867,-2.99999999999955));
#4507=CARTESIAN_POINT('',(-145.259581406631,-9.6650851812874,-2.99999999999954));
#4508=CARTESIAN_POINT('',(-143.259581406631,-6.20098356614972,-2.99999999999947));
#4509=CARTESIAN_POINT('',(-145.259581406631,-9.6650851812874,-2.99999999999954));
#4510=CARTESIAN_POINT('',(-143.692594108524,-5.95098356614949,-2.49999999999948));
#4511=CARTESIAN_POINT('',(-143.692594108523,-5.95098356614868,-2.99999999999948));
#4512=CARTESIAN_POINT('',(-143.259581406631,-6.20098356614972,-2.99999999999947));
#4513=CARTESIAN_POINT('',(-172.307405891476,-5.95098356614972,-2.50000000000051));
#4514=CARTESIAN_POINT('',(-172.307405891476,-5.95098356614972,3.27820079140147));
#4515=CARTESIAN_POINT('',(-170.307405891476,-9.41508518128762,-2.50000000000044));
#4516=CARTESIAN_POINT('',(-172.307405891476,-5.95098356614972,-2.50000000000051));
#4517=CARTESIAN_POINT('',(-172.307405891476,-5.95098356614972,-2.50000000000051));
#4518=CARTESIAN_POINT('',(-172.307405891475,-5.95098356615015,-3.00000000000051));
#4519=CARTESIAN_POINT('',(-172.740418593368,-6.20098356614972,-3.00000000000053));
#4520=CARTESIAN_POINT('',(-170.740418593368,-9.6650851812874,-3.00000000000045));
#4521=CARTESIAN_POINT('',(-172.740418593368,-6.20098356614972,-3.00000000000053));
#4522=CARTESIAN_POINT('',(-170.307405891476,-9.41508518128762,-2.50000000000044));
#4523=CARTESIAN_POINT('',(-170.307405891475,-9.41508518128799,-3.00000000000044));
#4524=CARTESIAN_POINT('',(-170.740418593368,-9.6650851812874,-3.00000000000045));
#4525=CARTESIAN_POINT('',(-166.495190528383,-0.285898384921667,-2.5000000000003));
#4526=CARTESIAN_POINT('',(-166.495190528383,-0.285898384921667,-1.0000000000003));
#4527=CARTESIAN_POINT('',(-169.959292143521,-2.28589838492167,-2.50000000000043));
#4528=CARTESIAN_POINT('',(-169.959292143521,-2.28589838492167,3.27820079140155));
#4529=CARTESIAN_POINT('',(-166.495190528383,-0.285898384921667,-2.5000000000003));
#4530=CARTESIAN_POINT('',(-169.959292143521,-2.28589838492167,-2.50000000000043));
#4531=CARTESIAN_POINT('',(-166.745190528383,0.1471143169706,-3.00000000000031));
#4532=CARTESIAN_POINT('',(-166.495190528383,-0.285898384921668,-3.00000000000029));
#4533=CARTESIAN_POINT('',(-166.495190528383,-0.285898384921667,-2.5000000000003));
#4534=CARTESIAN_POINT('',(-170.209292143521,-1.8528856830294,-3.00000000000043));
#4535=CARTESIAN_POINT('',(-169.959292143521,-2.28589838492168,-3.00000000000042));
#4536=CARTESIAN_POINT('',(-169.959292143521,-2.28589838492167,-2.50000000000043));
#4537=CARTESIAN_POINT('',(-166.745190528383,0.1471143169706,-3.00000000000031));
#4538=CARTESIAN_POINT('',(-170.209292143521,-1.8528856830294,-3.00000000000043));
#4539=CARTESIAN_POINT('',(-154.,7.49999999994066,-2.49999999999985));
#4540=CARTESIAN_POINT('',(-154.,7.49999999994066,-0.999999999999851));
#4541=CARTESIAN_POINT('',(-154.,11.4999999999407,-2.49999999999985));
#4542=CARTESIAN_POINT('',(-154.,11.4999999999407,3.27820079140212));
#4543=CARTESIAN_POINT('',(-153.5,11.4999999999407,-2.99999999999984));
#4544=CARTESIAN_POINT('',(-153.5,7.49999999994111,-2.99999999999984));
#4545=CARTESIAN_POINT('',(-154.,11.4999999999407,-2.49999999999985));
#4546=CARTESIAN_POINT('',(-154.,7.49999999994066,-2.49999999999985));
#4547=CARTESIAN_POINT('',(-153.5,7.49999999994111,-2.99999999999984));
#4548=CARTESIAN_POINT('',(-154.,7.49999999994082,-2.99999999999985));
#4549=CARTESIAN_POINT('',(-154.,7.49999999994066,-2.49999999999985));
#4550=CARTESIAN_POINT('',(-153.5,11.4999999999407,-2.99999999999984));
#4551=CARTESIAN_POINT('',(-154.,11.4999999999406,-2.99999999999985));
#4552=CARTESIAN_POINT('',(-154.,11.4999999999407,-2.49999999999985));
#4553=CARTESIAN_POINT('',(-153.504809471616,-7.21410161519702,-2.49999999999984));
#4554=CARTESIAN_POINT('',(-153.504809471616,-7.21410161519702,-0.999999999999833));
#4555=CARTESIAN_POINT('',(-150.040707856479,-9.21410161519702,-2.49999999999971));
#4556=CARTESIAN_POINT('',(-150.040707856479,-9.21410161519702,3.27820079140227));
#4557=CARTESIAN_POINT('',(-153.504809471616,-7.21410161519702,-2.49999999999984));
#4558=CARTESIAN_POINT('',(-150.040707856479,-9.21410161519702,-2.49999999999971));
#4559=CARTESIAN_POINT('',(-153.754809471616,-7.64711431708929,-2.99999999999984));
#4560=CARTESIAN_POINT('',(-153.504809471616,-7.21410161519699,-2.99999999999983));
#4561=CARTESIAN_POINT('',(-153.504809471616,-7.21410161519702,-2.49999999999984));
#4562=CARTESIAN_POINT('',(-150.290707856479,-9.64711431708929,-2.99999999999972));
#4563=CARTESIAN_POINT('',(-150.040707856478,-9.21410161519712,-2.9999999999997));
#4564=CARTESIAN_POINT('',(-150.040707856479,-9.21410161519702,-2.49999999999971));
#4565=CARTESIAN_POINT('',(-153.754809471616,-7.64711431708929,-2.99999999999984));
#4566=CARTESIAN_POINT('',(-150.290707856479,-9.64711431708929,-2.99999999999972));
#4567=CARTESIAN_POINT('',(-153.35,4.14999999999998,-2.99999999999983));
#4568=CARTESIAN_POINT('',(-153.35,0.575000166495157,-2.99999999999983));
#4569=CARTESIAN_POINT('',(-153.35,-2.99999966700966,-2.99999999999983));
#4570=CARTESIAN_POINT('',(-162.65,4.14999999999998,-3.00000000000017));
#4571=CARTESIAN_POINT('',(-158.,4.14999999999998,-3.));
#4572=CARTESIAN_POINT('',(-153.35,4.14999999999998,-2.99999999999983));
#4573=CARTESIAN_POINT('',(-162.65,-3.00000000000006,-3.00000000000017));
#4574=CARTESIAN_POINT('',(-162.65,0.574999999999931,-3.00000000000016));
#4575=CARTESIAN_POINT('',(-162.65,4.14999999999998,-3.00000000000017));
#4576=CARTESIAN_POINT('',(-153.35,-2.99999966700966,-2.99999999999983));
#4577=CARTESIAN_POINT('',(-153.34999966701,-7.64999983350469,-2.99999999999983));
#4578=CARTESIAN_POINT('',(-157.999999833505,-7.64999999999998,-3.));
#4579=CARTESIAN_POINT('',(-162.65,-7.65000016649508,-3.00000000000016));
#4580=CARTESIAN_POINT('',(-162.65,-3.00000000000006,-3.00000000000017));
#4581=CARTESIAN_POINT('',(-153.35,4.14999999999998,-2.99999999999983));
#4582=CARTESIAN_POINT('',(-153.35,4.14999999999998,-2.1316282072803E-14));
#4583=CARTESIAN_POINT('',(-153.35,-2.99999966700966,-2.99999999999983));
#4584=CARTESIAN_POINT('',(-153.35,-2.99999966700966,-2.1316282072803E-14));
#4585=CARTESIAN_POINT('',(-162.65,4.14999999999998,-3.00000000000017));
#4586=CARTESIAN_POINT('',(-162.65,4.14999999999998,-2.1316282072803E-14));
#4587=CARTESIAN_POINT('',(-162.65,-3.00000000000006,-3.00000000000017));
#4588=CARTESIAN_POINT('',(-162.65,-3.,-2.1316282072803E-14));
#4589=CARTESIAN_POINT('',(-160.,7.49999999994066,-3.00000000000007));
#4590=CARTESIAN_POINT('',(-154.,7.49999999994066,-2.99999999999985));
#4591=CARTESIAN_POINT('',(-153.5,7.49999999994111,-2.99999999999984));
#4592=CARTESIAN_POINT('',(-160.,15.8660687472591,-3.00000000000007));
#4593=CARTESIAN_POINT('',(-160.,15.3660687472591,-3.00000000000007));
#4594=CARTESIAN_POINT('',(-160.,7.49999999994066,-3.00000000000007));
#4595=CARTESIAN_POINT('',(-153.5,11.4999999999407,-2.99999999999984));
#4596=CARTESIAN_POINT('',(-154.,11.4999999999407,-2.99999999999985));
#4597=CARTESIAN_POINT('',(-156.,11.4999999999407,-2.99999999999993));
#4598=CARTESIAN_POINT('',(-156.,11.4999999999407,-2.99999999999993));
#4599=CARTESIAN_POINT('',(-156.,15.3660687472591,-2.99999999999993));
#4600=CARTESIAN_POINT('',(-156.,15.8660687472591,-2.99999999999993));
#4601=CARTESIAN_POINT('',(-150.504809471616,-2.01794919249051,-2.99999999999973));
#4602=CARTESIAN_POINT('',(-151.504809471616,-3.75000000005935,-2.99999999999977));
#4603=CARTESIAN_POINT('',(-152.504809471616,-5.48205080762818,-2.9999999999998));
#4604=CARTESIAN_POINT('',(-153.504809471616,-7.21410161519702,-2.99999999999984));
#4605=CARTESIAN_POINT('',(-153.514068730876,-7.23013912267447,-2.99999999999984));
#4606=CARTESIAN_POINT('',(-153.532587249394,-7.2622141376296,-2.99999999999984));
#4607=CARTESIAN_POINT('',(-153.560365027172,-7.31032666006195,-2.99999999999984));
#4608=CARTESIAN_POINT('',(-153.58814280495,-7.35843918249452,-2.99999999999984));
#4609=CARTESIAN_POINT('',(-153.615920582728,-7.40655170492687,-2.99999999999984));
#4610=CARTESIAN_POINT('',(-153.643698360505,-7.45466422735945,-2.99999999999984));
#4611=CARTESIAN_POINT('',(-153.671476138283,-7.50277674979179,-2.99999999999984));
#4612=CARTESIAN_POINT('',(-153.699253916061,-7.55088927222437,-2.99999999999984));
#4613=CARTESIAN_POINT('',(-153.727031693839,-7.59900179465694,-2.99999999999984));
#4614=CARTESIAN_POINT('',(-153.745550212357,-7.63107680961184,-2.99999999999984));
#4615=CARTESIAN_POINT('',(-153.754809471616,-7.64711431708929,-2.99999999999984));
#4616=CARTESIAN_POINT('',(-143.259581406631,-6.20098356614972,-2.99999999999947));
#4617=CARTESIAN_POINT('',(-143.275618914109,-6.19172430689037,-2.99999999999947));
#4618=CARTESIAN_POINT('',(-143.307693929064,-6.17320578837189,-2.99999999999947));
#4619=CARTESIAN_POINT('',(-143.355806451497,-6.14542801059406,-2.99999999999947));
#4620=CARTESIAN_POINT('',(-143.403918973929,-6.11765023281646,-2.99999999999947));
#4621=CARTESIAN_POINT('',(-143.452031496361,-6.08987245503863,-2.99999999999947));
#4622=CARTESIAN_POINT('',(-143.500144018794,-6.0620946772608,-2.99999999999947));
#4623=CARTESIAN_POINT('',(-143.548256541226,-6.03431689948297,-2.99999999999947));
#4624=CARTESIAN_POINT('',(-143.596369063659,-6.00653912170515,-2.99999999999948));
#4625=CARTESIAN_POINT('',(-143.644481586091,-5.97876134392755,-2.99999999999948));
#4626=CARTESIAN_POINT('',(-143.676556601046,-5.96024282540884,-2.99999999999948));
#4627=CARTESIAN_POINT('',(-143.692594108524,-5.95098356614949,-2.99999999999948));
#4628=CARTESIAN_POINT('',(-145.963332562888,-4.63997210826316,-2.99999999999956));
#4629=CARTESIAN_POINT('',(-148.234071017252,-3.32896065037683,-2.99999999999965));
#4630=CARTESIAN_POINT('',(-150.504809471616,-2.01794919249051,-2.99999999999973));
#4631=CARTESIAN_POINT('',(-150.290707856479,-9.64711431708929,-2.99999999999972));
#4632=CARTESIAN_POINT('',(-150.040707856479,-9.21410161519702,-2.99999999999971));
#4633=CARTESIAN_POINT('',(-149.040707856479,-7.48205080762819,-2.99999999999968));
#4634=CARTESIAN_POINT('',(-149.040707856479,-7.48205080762818,-2.99999999999968));
#4635=CARTESIAN_POINT('',(-145.692594108524,-9.4150851812874,-2.99999999999955));
#4636=CARTESIAN_POINT('',(-145.259581406631,-9.6650851812874,-2.99999999999954));
#4637=CARTESIAN_POINT('',(-163.495190528383,-5.48205080762818,-3.0000000000002));
#4638=CARTESIAN_POINT('',(-164.495190528383,-3.75000000005935,-3.00000000000023));
#4639=CARTESIAN_POINT('',(-165.495190528383,-2.01794919249051,-3.00000000000027));
#4640=CARTESIAN_POINT('',(-166.495190528383,-0.285898384921667,-3.0000000000003));
#4641=CARTESIAN_POINT('',(-166.504449787642,-0.269860877444217,-3.00000000000031));
#4642=CARTESIAN_POINT('',(-166.522968306161,-0.237785862489091,-3.00000000000031));
#4643=CARTESIAN_POINT('',(-166.550746083939,-0.189673340056744,-3.00000000000031));
#4644=CARTESIAN_POINT('',(-166.578523861716,-0.141560817624169,-3.00000000000031));
#4645=CARTESIAN_POINT('',(-166.606301639494,-0.0934482951918207,-3.00000000000031));
#4646=CARTESIAN_POINT('',(-166.634079417272,-0.0453357727592456,-3.00000000000031));
#4647=CARTESIAN_POINT('',(-166.66185719505,0.00277674967310215,-3.00000000000031));
#4648=CARTESIAN_POINT('',(-166.689634972827,0.0508892721056773,-3.00000000000031));
#4649=CARTESIAN_POINT('',(-166.717412750605,0.0990017945382524,-3.00000000000031));
#4650=CARTESIAN_POINT('',(-166.735931269124,0.131076809493151,-3.00000000000031));
#4651=CARTESIAN_POINT('',(-166.745190528383,0.1471143169706,-3.00000000000031));
#4652=CARTESIAN_POINT('',(-170.740418593368,-9.6650851812874,-3.00000000000045));
#4653=CARTESIAN_POINT('',(-170.72438108589,-9.65582592202827,-3.00000000000045));
#4654=CARTESIAN_POINT('',(-170.692306070936,-9.63730740350957,-3.00000000000045));
#4655=CARTESIAN_POINT('',(-170.644193548503,-9.60952962573197,-3.00000000000045));
#4656=CARTESIAN_POINT('',(-170.596081026071,-9.58175184795414,-3.00000000000045));
#4657=CARTESIAN_POINT('',(-170.547968503638,-9.55397407017631,-3.00000000000045));
#4658=CARTESIAN_POINT('',(-170.499855981205,-9.52619629239848,-3.00000000000045));
#4659=CARTESIAN_POINT('',(-170.451743458773,-9.49841851462088,-3.00000000000044));
#4660=CARTESIAN_POINT('',(-170.403630936341,-9.47064073684305,-3.00000000000044));
#4661=CARTESIAN_POINT('',(-170.355518413908,-9.44286295906522,-3.00000000000044));
#4662=CARTESIAN_POINT('',(-170.323443398953,-9.42434444054697,-3.00000000000044));
#4663=CARTESIAN_POINT('',(-170.307405891476,-9.41508518128762,-3.00000000000044));
#4664=CARTESIAN_POINT('',(-168.036667437111,-8.10407372340114,-3.00000000000036));
#4665=CARTESIAN_POINT('',(-165.765928982747,-6.79306226551466,-3.00000000000028));
#4666=CARTESIAN_POINT('',(-163.495190528383,-5.48205080762818,-3.0000000000002));
#4667=CARTESIAN_POINT('',(-170.209292143521,-1.8528856830294,-3.00000000000043));
#4668=CARTESIAN_POINT('',(-169.959292143521,-2.28589838492167,-3.00000000000043));
#4669=CARTESIAN_POINT('',(-168.959292143521,-4.01794919249051,-3.00000000000039));
#4670=CARTESIAN_POINT('',(-168.959292143521,-4.01794919249051,-3.00000000000039));
#4671=CARTESIAN_POINT('',(-172.307405891476,-5.95098356614972,-3.00000000000051));
#4672=CARTESIAN_POINT('',(-172.740418593368,-6.20098356614972,-3.00000000000053));
#4673=CARTESIAN_POINT('',(-153.3,4.0000000000004,3.70000000000008));
#4674=CARTESIAN_POINT('',(-152.99999999968,3.99999999999994,4.00000000000006));
#4675=CARTESIAN_POINT('',(-152.99999999968,3.99999999999994,4.00000000000006));
#4676=CARTESIAN_POINT('',(-152.999999999675,-7.50000000000091,4.00000000000018));
#4677=CARTESIAN_POINT('',(-153.3,4.0000000000004,3.70000000000008));
#4678=CARTESIAN_POINT('',(-153.3,-7.50000000000006,3.70000000000018));
#4679=CARTESIAN_POINT('',(-152.999999999675,-7.50000000000091,4.00000000000018));
#4680=CARTESIAN_POINT('',(-152.999999999676,-12.5000000004854,4.00000000000018));
#4681=CARTESIAN_POINT('',(-158.000000000161,-12.5000000004848,4.00000000000018));
#4682=CARTESIAN_POINT('',(-163.000000000645,-12.5000000004842,4.00000000000018));
#4683=CARTESIAN_POINT('',(-163.000000000645,-7.49999999999977,4.00000000000018));
#4684=CARTESIAN_POINT('',(-153.3,-7.50000000000006,3.70000000000018));
#4685=CARTESIAN_POINT('',(-153.3,-12.1999999999994,3.70000000000018));
#4686=CARTESIAN_POINT('',(-157.999999999999,-12.2000000000001,3.70000000000018));
#4687=CARTESIAN_POINT('',(-162.699999999999,-12.2000000000008,3.70000000000018));
#4688=CARTESIAN_POINT('',(-162.7,-7.50000000000148,3.70000000000018));
#4689=CARTESIAN_POINT('',(-153.3,-7.50000000000006,3.70000000000018));
#4690=CARTESIAN_POINT('',(-152.999999999675,-7.50000000000091,4.00000000000018));
#4691=CARTESIAN_POINT('',(-162.7,-7.50000000000046,3.70000000000008));
#4692=CARTESIAN_POINT('',(-163.00000000032,-7.5,3.99999999999994));
#4693=CARTESIAN_POINT('',(-163.00000000032,-7.5,3.99999999999994));
#4694=CARTESIAN_POINT('',(-163.000000000325,4.00000000000079,3.99999999999982));
#4695=CARTESIAN_POINT('',(-162.7,-7.50000000000046,3.70000000000008));
#4696=CARTESIAN_POINT('',(-162.7,3.99999999999994,3.69999999999982));
#4697=CARTESIAN_POINT('',(-163.000000000325,4.0000000000008,3.99999999999982));
#4698=CARTESIAN_POINT('',(-163.000000000324,9.0000000004853,3.99999999999982));
#4699=CARTESIAN_POINT('',(-157.999999999839,9.00000000048485,3.99999999999982));
#4700=CARTESIAN_POINT('',(-152.999999999355,9.00000000048439,3.99999999999982));
#4701=CARTESIAN_POINT('',(-152.999999999355,3.99999999999989,3.99999999999982));
#4702=CARTESIAN_POINT('',(-162.7,3.99999999999994,3.69999999999982));
#4703=CARTESIAN_POINT('',(-162.7,8.69999999999929,3.69999999999982));
#4704=CARTESIAN_POINT('',(-158.000000000001,8.7000000000001,3.69999999999982));
#4705=CARTESIAN_POINT('',(-153.300000000001,8.70000000000091,3.69999999999982));
#4706=CARTESIAN_POINT('',(-153.3,4.00000000000156,3.69999999999982));
#4707=CARTESIAN_POINT('',(-162.7,3.99999999999994,3.69999999999982));
#4708=CARTESIAN_POINT('',(-163.000000000325,4.00000000000079,3.99999999999982));
#4709=CARTESIAN_POINT('',(-153.3,4.,-2.1316282072803E-14));
#4710=CARTESIAN_POINT('',(-153.3,8.69999999999993,-2.13532574380993E-14));
#4711=CARTESIAN_POINT('',(-158.,8.69999999999993,-2.1316282072803E-14));
#4712=CARTESIAN_POINT('',(-162.7,8.69999999999993,-2.13532574380993E-14));
#4713=CARTESIAN_POINT('',(-162.7,3.99999999999994,-2.1316282072803E-14));
#4714=CARTESIAN_POINT('',(-162.7,3.99999999999994,-2.1316282072803E-14));
#4715=CARTESIAN_POINT('',(-162.7,-1.75000000000006,-2.1316282072803E-14));
#4716=CARTESIAN_POINT('',(-162.7,-7.50000000000006,-2.1316282072803E-14));
#4717=CARTESIAN_POINT('',(-162.7,-7.50000000000006,-2.1316282072803E-14));
#4718=CARTESIAN_POINT('',(-162.7,-12.1999999999999,-2.13532574380994E-14));
#4719=CARTESIAN_POINT('',(-158.,-12.2,-2.1316282072803E-14));
#4720=CARTESIAN_POINT('',(-153.3,-12.1999999999999,-2.13532574380994E-14));
#4721=CARTESIAN_POINT('',(-153.3,-7.5,-2.1316282072803E-14));
#4722=CARTESIAN_POINT('',(-153.3,-7.5,-2.1316282072803E-14));
#4723=CARTESIAN_POINT('',(-153.3,-1.75,-2.1316282072803E-14));
#4724=CARTESIAN_POINT('',(-153.3,4.,-2.1316282072803E-14));
#4725=CARTESIAN_POINT('',(-153.35,-2.99999966700966,-2.1316282072803E-14));
#4726=CARTESIAN_POINT('',(-153.35,4.14999999999998,-2.1316282072803E-14));
#4727=CARTESIAN_POINT('',(-153.35,4.14999999999998,-2.1316282072803E-14));
#4728=CARTESIAN_POINT('',(-162.65,4.14999999999998,-2.1316282072803E-14));
#4729=CARTESIAN_POINT('',(-162.65,4.14999999999998,-2.1316282072803E-14));
#4730=CARTESIAN_POINT('',(-162.65,0.574999999999931,-2.30926389122033E-14));
#4731=CARTESIAN_POINT('',(-162.65,-3.,-2.1316282072803E-14));
#4732=CARTESIAN_POINT('',(-162.65,-3.,-2.1316282072803E-14));
#4733=CARTESIAN_POINT('',(-162.65,-7.65000016649502,-2.26093318098145E-14));
#4734=CARTESIAN_POINT('',(-157.999999833505,-7.64999999999992,-2.48689957516035E-14));
#4735=CARTESIAN_POINT('',(-153.34999966701,-7.64999983350462,-2.38654057992486E-14));
#4736=CARTESIAN_POINT('',(-153.35,-2.99999966700966,-2.1316282072803E-14));
#4737=CARTESIAN_POINT('',(-162.7,3.99999999999994,-2.1316282072803E-14));
#4738=CARTESIAN_POINT('',(-162.7,3.99999999999994,0.499999999999979));
#4739=CARTESIAN_POINT('',(-162.7,3.99999999999994,3.69999999999982));
#4740=CARTESIAN_POINT('',(-153.3,4.,-2.1316282072803E-14));
#4741=CARTESIAN_POINT('',(-153.3,4.,0.499999999999979));
#4742=CARTESIAN_POINT('',(-153.3,4.0000000000004,3.70000000000008));
#4743=CARTESIAN_POINT('',(-162.7,-7.50000000000006,-2.1316282072803E-14));
#4744=CARTESIAN_POINT('',(-162.7,-7.50000000000006,0.499999999999979));
#4745=CARTESIAN_POINT('',(-162.7,-7.50000000000046,3.70000000000008));
#4746=CARTESIAN_POINT('',(-153.3,-7.5,-2.1316282072803E-14));
#4747=CARTESIAN_POINT('',(-153.3,-7.5,0.499999999999979));
#4748=CARTESIAN_POINT('',(-153.3,-7.50000000000006,3.70000000000018));
#4749=CARTESIAN_POINT('',(-157.05,5.99999999999989,-2.99999999999998));
#4750=CARTESIAN_POINT('',(-157.05,5.04999999999989,-2.99999999999998));
#4751=CARTESIAN_POINT('',(-158.,5.0499999999999,-2.99999999999998));
#4752=CARTESIAN_POINT('',(-158.95,5.04999999999989,-2.99999999999998));
#4753=CARTESIAN_POINT('',(-158.95,5.99999999999989,-2.99999999999998));
#4754=CARTESIAN_POINT('',(-158.95,6.94999999999992,-2.99999999999998));
#4755=CARTESIAN_POINT('',(-158.,6.94999999999987,-2.99999999999998));
#4756=CARTESIAN_POINT('',(-157.05,6.94999999999992,-2.99999999999998));
#4757=CARTESIAN_POINT('',(-157.05,5.99999999999989,-2.99999999999998));
#4758=CARTESIAN_POINT('',(-157.05,5.99999999999989,-2.1316282072803E-14));
#4759=CARTESIAN_POINT('',(-157.05,5.04999999999989,-2.26093314050464E-14));
#4760=CARTESIAN_POINT('',(-158.,5.0499999999999,-2.1316282072803E-14));
#4761=CARTESIAN_POINT('',(-158.95,5.04999999999989,-2.26093314050464E-14));
#4762=CARTESIAN_POINT('',(-158.95,5.99999999999989,-2.1316282072803E-14));
#4763=CARTESIAN_POINT('',(-158.95,6.94999999999992,-2.26093314050464E-14));
#4764=CARTESIAN_POINT('',(-158.,6.94999999999987,-2.1316282072803E-14));
#4765=CARTESIAN_POINT('',(-157.05,6.94999999999992,-2.26093314050464E-14));
#4766=CARTESIAN_POINT('',(-157.05,5.99999999999989,-2.1316282072803E-14));
#4767=CARTESIAN_POINT('',(-157.05,5.99999999999989,-2.1316282072803E-14));
#4768=CARTESIAN_POINT('',(-157.05,5.99999999999989,-2.99999999999996));
#4769=CARTESIAN_POINT('',(-157.05,-9.5,-2.99999999999998));
#4770=CARTESIAN_POINT('',(-157.05,-10.45,-2.99999999999998));
#4771=CARTESIAN_POINT('',(-158.,-10.45,-2.99999999999998));
#4772=CARTESIAN_POINT('',(-158.95,-10.45,-2.99999999999998));
#4773=CARTESIAN_POINT('',(-158.95,-9.5,-2.99999999999998));
#4774=CARTESIAN_POINT('',(-158.95,-8.54999999999996,-2.99999999999998));
#4775=CARTESIAN_POINT('',(-158.,-8.55000000000001,-2.99999999999998));
#4776=CARTESIAN_POINT('',(-157.05,-8.54999999999996,-2.99999999999998));
#4777=CARTESIAN_POINT('',(-157.05,-9.5,-2.99999999999998));
#4778=CARTESIAN_POINT('',(-157.05,-9.5,-2.1316282072803E-14));
#4779=CARTESIAN_POINT('',(-157.05,-10.45,-2.13532574380994E-14));
#4780=CARTESIAN_POINT('',(-158.,-10.45,-2.1316282072803E-14));
#4781=CARTESIAN_POINT('',(-158.95,-10.45,-2.13532574380994E-14));
#4782=CARTESIAN_POINT('',(-158.95,-9.5,-2.1316282072803E-14));
#4783=CARTESIAN_POINT('',(-158.95,-8.54999999999996,-2.13532574380994E-14));
#4784=CARTESIAN_POINT('',(-158.,-8.55000000000001,-2.1316282072803E-14));
#4785=CARTESIAN_POINT('',(-157.05,-8.54999999999996,-2.13532574380994E-14));
#4786=CARTESIAN_POINT('',(-157.05,-9.5,-2.1316282072803E-14));
#4787=CARTESIAN_POINT('',(-157.05,-9.5,-2.1316282072803E-14));
#4788=CARTESIAN_POINT('',(-157.05,-9.5,-2.99999999999996));
#4789=CARTESIAN_POINT('',(-172.141500304115,-5.85519591385656,-4.8));
#4790=CARTESIAN_POINT('',(-158.267107114521,-0.154212347760009,-3.59999981889282));
#4791=CARTESIAN_POINT('',(-168.659411959945,-6.1542123477661,-0.0217992085981594));
#4792=CARTESIAN_POINT('',(-168.659411959945,-6.15421234776636,-0.0217992085981251));
#4793=CARTESIAN_POINT('',(-169.793386556161,-2.19011073262836,-2.99999981889332));
#4794=CARTESIAN_POINT('',(-167.65941180821,-7.88626306773053,2.97820097250867));
#4795=CARTESIAN_POINT('',(-166.329284941023,-0.190110732628362,-2.99999981889332));
#4796=CARTESIAN_POINT('',(-163.329284941023,-5.38626315533499,-0.999999818893309));
#4797=CARTESIAN_POINT('',(-166.1283230467,-3.53818694398151,-0.499999818893315));
#4798=CARTESIAN_POINT('',(-165.061335748592,-6.38626315533499,-2.99999981889332));
#4799=CARTESIAN_POINT('',(-166.994348450485,-4.03818694398015,2.47820097250856));
#4800=CARTESIAN_POINT('',(-165.262297642915,-3.03818694398252,-2.49999981889333));
#4801=CARTESIAN_POINT('',(-167.860373854269,-4.53818694398161,-2.49999981889344));
#4802=CARTESIAN_POINT('',(-163.329284941023,-5.3862631553348,-2.99999981889332));
#4803=CARTESIAN_POINT('',(-165.262297642915,-3.03818694398176,-1.49999981889333));
#4804=CARTESIAN_POINT('',(-158.267107114532,-0.154212347766126,1.81106677210607E-7));
#4805=CARTESIAN_POINT('',(-163.332393832348,-6.08087839760565,-2.99999981889331));
#4806=CARTESIAN_POINT('',(-158.267107114532,-0.154212347766126,0.500000181106681));
#4807=CARTESIAN_POINT('',(-168.486946527413,-8.41022848216193,-4.3));
#4808=CARTESIAN_POINT('',(-168.65941195995,-6.15421234776217,-8.10510719585296));
#4809=CARTESIAN_POINT('',(-168.441772316701,-8.33795911791184,-8.53392304160419));
#4810=CARTESIAN_POINT('',(-168.913156363324,-6.30071174736247,-10.2862468622046));
#4811=CARTESIAN_POINT('',(-167.913156363324,-8.03276255493141,-10.4862468622046));
#4812=CARTESIAN_POINT('',(-170.011181764147,-6.93465700810376,-9.98624686220428));
#4813=CARTESIAN_POINT('',(-169.383143142225,-8.88145981743491,-10.2422279375948));
#4814=CARTESIAN_POINT('',(-158.267107114532,-0.154212347766126,1.81106680763321E-7));
#4815=CARTESIAN_POINT('',(-171.621809023282,-7.86455308973298,-6.49795215951269));
#4816=CARTESIAN_POINT('',(-84.8432416611182,-19.8280778011797,-5.99999981889316));
#4817=CARTESIAN_POINT('',(-170.577234738151,-11.6738088238592,-4.70572170284334));
#4818=CARTESIAN_POINT('',(-172.31462934631,-8.26455308973104,-6.19999981889335));
#4819=CARTESIAN_POINT('',(-168.486946527413,-8.41022848216193,-4.8));
#4820=CARTESIAN_POINT('',(-171.862622741517,-10.3129880315363,3.57602110418964));
#4821=CARTESIAN_POINT('',(-168.525437363729,-8.38626315533539,-0.0217995755938367));
#4822=CARTESIAN_POINT('',(-173.862622741517,-6.84888641639875,3.57602096714557));
#4823=CARTESIAN_POINT('',(-172.141500304115,-5.85519591385656,-4.8));
#4824=CARTESIAN_POINT('',(-172.141500304115,-5.85519591385656,-4.3));
#4825=CARTESIAN_POINT('',(-170.141500304115,-9.3192975289944,-4.8));
#4826=CARTESIAN_POINT('',(-170.141500304115,-9.3192975289944,-4.3));
#4827=CARTESIAN_POINT('',(-172.141500304115,-5.85519591385665,-4.19999981889333));
#4828=CARTESIAN_POINT('',(-170.141500304115,-9.3192975289944,-4.19999981889331));
#4829=CARTESIAN_POINT('',(-172.141500304115,-5.85519591385665,-2.99999981889332));
#4830=CARTESIAN_POINT('',(-170.141500304115,-9.3192975289944,-2.99999981889331));
#4831=CARTESIAN_POINT('',(-169.793386556161,-2.19011073262836,2.97820097250865));
#4832=CARTESIAN_POINT('',(-167.65941180821,-7.88626306773042,2.97820079140191));
#4833=CARTESIAN_POINT('',(-169.65941180821,-4.42216145259278,2.97820079140191));
#4834=CARTESIAN_POINT('',(-166.793386556161,-7.38626315533499,-0.0217992085981901));
#4835=CARTESIAN_POINT('',(-168.525437363729,-8.38626315533488,-0.0217995755940532));
#4836=CARTESIAN_POINT('',(-170.52543736373,-4.92216154019724,-0.0217995755940674));
#4837=CARTESIAN_POINT('',(-168.793386556161,-3.92216154019724,2.97820097250865));
#4838=CARTESIAN_POINT('',(-168.793386556161,-3.92216154019724,-0.0217992085982043));
#4839=CARTESIAN_POINT('',(-167.6283230467,-0.940110732628362,-0.999999818893323));
#4840=CARTESIAN_POINT('',(-165.061335748592,-6.38626315533499,-0.499999818893323));
#4841=CARTESIAN_POINT('',(-164.6283230467,-6.13626315533499,-0.999999818893309));
#4842=CARTESIAN_POINT('',(-168.061335748592,-1.19011073262836,-0.499999818893323));
#4843=CARTESIAN_POINT('',(-168.494348450484,-1.44011073262836,2.97820097250865));
#4844=CARTESIAN_POINT('',(-165.494348450484,-6.6362631553348,2.97820102027301));
#4845=CARTESIAN_POINT('',(-165.061335748592,-6.3862631553348,2.47820097250864));
#4846=CARTESIAN_POINT('',(-168.061335748592,-1.19011073262836,2.47820097250865));
#4847=CARTESIAN_POINT('',(-166.329284941023,-0.190110732628362,-2.49999981889332));
#4848=CARTESIAN_POINT('',(-163.329284941023,-5.38626315533499,-2.49999981889331));
#4849=CARTESIAN_POINT('',(-163.762297642915,-5.63626315533499,-2.99999981889331));
#4850=CARTESIAN_POINT('',(-166.762297642915,-0.440110732628362,-2.99999981889332));
#4851=CARTESIAN_POINT('',(-169.793386556161,-2.19011073262836,-2.49999981889332));
#4852=CARTESIAN_POINT('',(-166.793386556161,-7.38626315533499,-2.49999981889332));
#4853=CARTESIAN_POINT('',(-166.360373854268,-7.13626315533499,-2.99999981889331));
#4854=CARTESIAN_POINT('',(-169.360373854268,-1.94011073262836,-2.99999981889332));
#4855=CARTESIAN_POINT('',(-166.762297642915,-0.440110732628362,-0.999999818893323));
#4856=CARTESIAN_POINT('',(-163.329284941023,-5.3862631553348,-1.49999981889331));
#4857=CARTESIAN_POINT('',(-163.762297642915,-5.6362631553348,-0.999999818893309));
#4858=CARTESIAN_POINT('',(-166.329284941023,-0.190110732628362,-1.49999981889332));
#4859=CARTESIAN_POINT('',(-171.257489326001,-7.65421034776154,-0.021799685762198));
#4860=CARTESIAN_POINT('',(-172.141500304115,-5.85519591385665,0.864569752751527));
#4861=CARTESIAN_POINT('',(-170.141500304115,-9.3192975289944,0.864569752751072));
#4862=CARTESIAN_POINT('',(-168.525437363729,-8.38626315533519,-8.10510719585232));
#4863=CARTESIAN_POINT('',(-170.525437363729,-4.92216154019744,-8.10510719585232));
#4864=CARTESIAN_POINT('',(-168.441772316701,-8.33795911791184,-8.53392304160419));
#4865=CARTESIAN_POINT('',(-170.441772316701,-4.87385750277409,-8.53392304160419));
#4866=CARTESIAN_POINT('',(-167.756684291973,-7.94242336241608,-10.2004836930542));
#4867=CARTESIAN_POINT('',(-169.756684291973,-4.47832174727833,-10.2004836930542));
#4868=CARTESIAN_POINT('',(-167.913156363324,-8.03276255493141,-10.4862468622046));
#4869=CARTESIAN_POINT('',(-169.913156363324,-4.56866093979366,-10.4862468622046));
#4870=CARTESIAN_POINT('',(-169.011181764147,-8.66670781567358,-10.4862468622046));
#4871=CARTESIAN_POINT('',(-171.011181764147,-5.20260620053582,-10.4862468622046));
#4872=CARTESIAN_POINT('',(-169.383143142225,-8.88145981743491,-10.2422279375948));
#4873=CARTESIAN_POINT('',(-171.383143142225,-5.41735820229726,-10.2422279375948));
#4874=CARTESIAN_POINT('',(-170.141500304115,-9.3192975289944,-5.99999981889331));
#4875=CARTESIAN_POINT('',(-172.141500304115,-5.85519591385665,-5.99999981889332));
#4876=CARTESIAN_POINT('',(-171.328133582431,-10.0044005716594,-7.07657767703176));
#4877=CARTESIAN_POINT('',(-173.328133582431,-6.54029895652164,-7.07657767703203));
#4878=CARTESIAN_POINT('',(-171.487834427067,-10.0966038972997,-6.4979521595125));
#4879=CARTESIAN_POINT('',(-173.487834427067,-6.63250228216194,-6.49795215951276));
#4880=CARTESIAN_POINT('',(-171.31462934631,-9.99660389729967,-6.00004778107839));
#4881=CARTESIAN_POINT('',(-173.31462934631,-6.53250228216191,-6.00004778107839));
#4882=CARTESIAN_POINT('',(-171.487834427067,-10.0966038972997,-6.19999981889331));
#4883=CARTESIAN_POINT('',(-173.487834427067,-6.63250228216194,-6.19999981889333));
#4884=CARTESIAN_POINT('',(-172.141500304115,-5.85519591385656,-4.8));
#4885=CARTESIAN_POINT('',(-172.141500304115,-5.85519591385656,-4.3));
#4886=CARTESIAN_POINT('',(-172.141500304115,-5.85519591385656,-4.8));
#4887=CARTESIAN_POINT('',(-170.141500304115,-9.3192975289944,-4.8));
#4888=CARTESIAN_POINT('',(-170.141500304115,-9.3192975289944,-4.8));
#4889=CARTESIAN_POINT('',(-170.141500304115,-9.3192975289944,-4.3));
#4890=CARTESIAN_POINT('',(-172.141500304115,-5.85519591385656,-4.3));
#4891=CARTESIAN_POINT('',(-170.141500304115,-9.3192975289944,-4.3));
#4892=CARTESIAN_POINT('',(-172.141500304115,-5.85519591385665,-4.19999981889333));
#4893=CARTESIAN_POINT('',(-171.374520995329,-7.72178128022457,-4.19999981889333));
#4894=CARTESIAN_POINT('',(-170.141500304115,-9.3192975289944,-4.19999981889331));
#4895=CARTESIAN_POINT('',(-172.141500304115,-5.85519591385665,-4.19999981889333));
#4896=CARTESIAN_POINT('',(-172.141500304115,-5.85519591385665,-2.99999981889332));
#4897=CARTESIAN_POINT('',(-170.141500304115,-9.3192975289944,-2.99999981889331));
#4898=CARTESIAN_POINT('',(-170.141500304115,-9.3192975289944,-4.19999981889331));
#4899=CARTESIAN_POINT('',(-169.793386556161,-2.19011073262836,2.97820097250865));
#4900=CARTESIAN_POINT('',(-168.793386556161,-3.92216154019724,2.97820097250865));
#4901=CARTESIAN_POINT('',(-167.65941180821,-7.88626306773042,2.97820079140191));
#4902=CARTESIAN_POINT('',(-166.576880129347,-7.26126311153271,2.97820090583746));
#4903=CARTESIAN_POINT('',(-165.494348450484,-6.6362631553348,2.97820102027301));
#4904=CARTESIAN_POINT('',(-169.65941180821,-4.42216145259278,2.97820079140191));
#4905=CARTESIAN_POINT('',(-169.226399182185,-4.17216149639506,2.97820088195528));
#4906=CARTESIAN_POINT('',(-168.793386556161,-3.92216154019724,2.97820097250865));
#4907=CARTESIAN_POINT('',(-167.65941180821,-7.88626306773042,2.97820079140191));
#4908=CARTESIAN_POINT('',(-169.65941180821,-4.42216145259278,2.97820079140191));
#4909=CARTESIAN_POINT('',(-166.793386556161,-7.38626315533499,-0.0217992085981901));
#4910=CARTESIAN_POINT('',(-166.793386556161,-7.3862631553351,0.39241440752022));
#4911=CARTESIAN_POINT('',(-167.047039580434,-7.53270979717981,0.685307637464681));
#4912=CARTESIAN_POINT('',(-167.300692604707,-7.67915643902485,0.978200867409152));
#4913=CARTESIAN_POINT('',(-167.659412118859,-7.88626324708391,0.97820079140181));
#4914=CARTESIAN_POINT('',(-168.018131633011,-8.09337005514331,0.978200715394472));
#4915=CARTESIAN_POINT('',(-168.271784564194,-8.23981664324267,0.685307377959396));
#4916=CARTESIAN_POINT('',(-168.525437495378,-8.38626323134275,0.392414040524319));
#4917=CARTESIAN_POINT('',(-168.525437363729,-8.38626315533488,-0.0217995755940532));
#4918=CARTESIAN_POINT('',(-168.525437363729,-8.38626315533488,-0.0217995755940532));
#4919=CARTESIAN_POINT('',(-170.52543736373,-4.92216154019724,-0.0217995755940674));
#4920=CARTESIAN_POINT('',(-168.793386556161,-3.92216154019724,-0.0217992085982043));
#4921=CARTESIAN_POINT('',(-168.793386556161,-3.92216154019761,0.392414407520204));
#4922=CARTESIAN_POINT('',(-169.047039580434,-4.06860818204217,0.685307637464666));
#4923=CARTESIAN_POINT('',(-169.300692604707,-4.21505482388736,0.978200867409152));
#4924=CARTESIAN_POINT('',(-169.659412118859,-4.42216163194627,0.978200791401796));
#4925=CARTESIAN_POINT('',(-170.018131633011,-4.62926844000581,0.978200715394472));
#4926=CARTESIAN_POINT('',(-170.271784564195,-4.77571502810503,0.685307377959382));
#4927=CARTESIAN_POINT('',(-170.525437495378,-4.92216161620504,0.392414040524319));
#4928=CARTESIAN_POINT('',(-170.52543736373,-4.92216154019724,-0.0217995755940674));
#4929=CARTESIAN_POINT('',(-168.793386556161,-3.92216154019724,-0.0217992085982043));
#4930=CARTESIAN_POINT('',(-168.793386556161,-3.92216154019724,2.97820097250865));
#4931=CARTESIAN_POINT('',(-166.793386556161,-7.38626315533499,-0.0217992085981901));
#4932=CARTESIAN_POINT('',(-168.793386556161,-3.92216154019724,-0.0217992085982043));
#4933=CARTESIAN_POINT('',(-164.6283230467,-6.13626315533499,-0.999999818893309));
#4934=CARTESIAN_POINT('',(-164.195310344807,-5.8862631553348,-0.999999818893309));
#4935=CARTESIAN_POINT('',(-163.762297642915,-5.6362631553348,-0.999999818893309));
#4936=CARTESIAN_POINT('',(-168.061335748592,-1.19011073262836,-0.499999818893323));
#4937=CARTESIAN_POINT('',(-168.061335748592,-1.19011073262836,2.47820097250865));
#4938=CARTESIAN_POINT('',(-165.061335748592,-6.38626315533499,-0.499999818893323));
#4939=CARTESIAN_POINT('',(-168.061335748592,-1.19011073262836,-0.499999818893323));
#4940=CARTESIAN_POINT('',(-164.6283230467,-6.13626315533499,-0.999999818893309));
#4941=CARTESIAN_POINT('',(-167.6283230467,-0.940110732628362,-0.999999818893323));
#4942=CARTESIAN_POINT('',(-168.061335748592,-1.19011073262836,-0.499999818893323));
#4943=CARTESIAN_POINT('',(-168.061335748592,-1.19011073262862,-0.999999818893297));
#4944=CARTESIAN_POINT('',(-167.6283230467,-0.940110732628362,-0.999999818893323));
#4945=CARTESIAN_POINT('',(-165.061335748592,-6.38626315533499,-0.499999818893323));
#4946=CARTESIAN_POINT('',(-165.061335748592,-6.38626315533496,-0.99999981889329));
#4947=CARTESIAN_POINT('',(-164.6283230467,-6.13626315533499,-0.999999818893309));
#4948=CARTESIAN_POINT('',(-168.494348450484,-1.44011073262836,2.97820097250865));
#4949=CARTESIAN_POINT('',(-169.793386556161,-2.19011073262836,2.97820097250865));
#4950=CARTESIAN_POINT('',(-165.061335748592,-6.3862631553348,2.47820097250864));
#4951=CARTESIAN_POINT('',(-165.061335748592,-6.38626315533499,0.989100576807664));
#4952=CARTESIAN_POINT('',(-165.061335748592,-6.38626315533499,-0.499999818893323));
#4953=CARTESIAN_POINT('',(-165.494348450484,-6.6362631553348,2.97820102027301));
#4954=CARTESIAN_POINT('',(-168.494348450484,-1.44011073262836,2.97820097250865));
#4955=CARTESIAN_POINT('',(-165.061335748592,-6.3862631553348,2.47820097250864));
#4956=CARTESIAN_POINT('',(-168.061335748592,-1.19011073262836,2.47820097250865));
#4957=CARTESIAN_POINT('',(-168.494348450484,-1.44011073262836,2.97820097250865));
#4958=CARTESIAN_POINT('',(-168.061335748591,-1.19011073262987,2.97820097250864));
#4959=CARTESIAN_POINT('',(-168.061335748592,-1.19011073262836,2.47820097250865));
#4960=CARTESIAN_POINT('',(-165.494348450484,-6.6362631553348,2.97820102027301));
#4961=CARTESIAN_POINT('',(-165.061335748591,-6.38626315533653,2.97820099639082));
#4962=CARTESIAN_POINT('',(-165.061335748592,-6.3862631553348,2.47820097250864));
#4963=CARTESIAN_POINT('',(-166.329284941023,-0.190110732628362,-2.49999981889332));
#4964=CARTESIAN_POINT('',(-166.329284941023,-0.190110732628362,-1.49999981889332));
#4965=CARTESIAN_POINT('',(-163.329284941023,-5.38626315533499,-2.49999981889331));
#4966=CARTESIAN_POINT('',(-166.329284941023,-0.190110732628362,-2.49999981889332));
#4967=CARTESIAN_POINT('',(-163.762297642915,-5.63626315533499,-2.99999981889331));
#4968=CARTESIAN_POINT('',(-166.762297642915,-0.440110732628362,-2.99999981889332));
#4969=CARTESIAN_POINT('',(-166.329284941023,-0.190110732628362,-2.49999981889332));
#4970=CARTESIAN_POINT('',(-166.329284941023,-0.190110732627793,-2.99999981889333));
#4971=CARTESIAN_POINT('',(-166.762297642915,-0.440110732628362,-2.99999981889332));
#4972=CARTESIAN_POINT('',(-163.329284941023,-5.38626315533499,-2.49999981889331));
#4973=CARTESIAN_POINT('',(-163.329284941023,-5.38626315533424,-2.99999981889333));
#4974=CARTESIAN_POINT('',(-163.762297642915,-5.63626315533499,-2.99999981889331));
#4975=CARTESIAN_POINT('',(-169.793386556161,-2.19011073262836,-2.49999981889332));
#4976=CARTESIAN_POINT('',(-169.793386556161,-2.19011073262836,2.97820097250865));
#4977=CARTESIAN_POINT('',(-166.793386556161,-7.38626315533499,-2.49999981889332));
#4978=CARTESIAN_POINT('',(-166.793386556161,-7.38626315533499,-1.26089951374576));
#4979=CARTESIAN_POINT('',(-166.793386556161,-7.38626315533499,-0.0217992085981901));
#4980=CARTESIAN_POINT('',(-169.793386556161,-2.19011073262836,-2.49999981889332));
#4981=CARTESIAN_POINT('',(-166.793386556161,-7.38626315533499,-2.49999981889332));
#4982=CARTESIAN_POINT('',(-169.360373854268,-1.94011073262836,-2.99999981889332));
#4983=CARTESIAN_POINT('',(-166.360373854268,-7.13626315533499,-2.99999981889331));
#4984=CARTESIAN_POINT('',(-169.360373854268,-1.94011073262836,-2.99999981889332));
#4985=CARTESIAN_POINT('',(-169.793386556161,-2.19011073262858,-2.99999981889333));
#4986=CARTESIAN_POINT('',(-169.793386556161,-2.19011073262836,-2.49999981889332));
#4987=CARTESIAN_POINT('',(-166.360373854268,-7.13626315533499,-2.99999981889331));
#4988=CARTESIAN_POINT('',(-166.793386556161,-7.38626315533534,-2.99999981889333));
#4989=CARTESIAN_POINT('',(-166.793386556161,-7.38626315533499,-2.49999981889332));
#4990=CARTESIAN_POINT('',(-166.762297642915,-0.440110732628362,-0.999999818893323));
#4991=CARTESIAN_POINT('',(-167.6283230467,-0.940110732628362,-0.999999818893323));
#4992=CARTESIAN_POINT('',(-163.329284941023,-5.3862631553348,-1.49999981889331));
#4993=CARTESIAN_POINT('',(-163.329284941023,-5.38626315533499,-1.99999981889331));
#4994=CARTESIAN_POINT('',(-163.329284941023,-5.38626315533499,-2.49999981889331));
#4995=CARTESIAN_POINT('',(-163.329284941023,-5.3862631553348,-1.49999981889331));
#4996=CARTESIAN_POINT('',(-166.329284941023,-0.190110732628362,-1.49999981889332));
#4997=CARTESIAN_POINT('',(-163.762297642915,-5.6362631553348,-0.999999818893309));
#4998=CARTESIAN_POINT('',(-166.762297642915,-0.440110732628362,-0.999999818893323));
#4999=CARTESIAN_POINT('',(-166.762297642915,-0.440110732628362,-0.999999818893323));
#5000=CARTESIAN_POINT('',(-166.329284941023,-0.190110732628449,-0.99999981889335));
#5001=CARTESIAN_POINT('',(-166.329284941023,-0.190110732628362,-1.49999981889332));
#5002=CARTESIAN_POINT('',(-163.762297642915,-5.6362631553348,-0.999999818893309));
#5003=CARTESIAN_POINT('',(-163.329284941023,-5.3862631553348,-0.999999818893335));
#5004=CARTESIAN_POINT('',(-163.329284941023,-5.3862631553348,-1.49999981889331));
#5005=CARTESIAN_POINT('',(-172.141500304115,-5.85519591385665,0.864569752751527));
#5006=CARTESIAN_POINT('',(-171.886522824347,-6.47573055805989,0.575332588759557));
#5007=CARTESIAN_POINT('',(-171.590932737452,-7.07666934140284,0.27644223053857));
#5008=CARTESIAN_POINT('',(-171.257489326001,-7.65421034776154,-0.021799685762198));
#5009=CARTESIAN_POINT('',(-171.257489326001,-7.65421034776154,-0.021799685762198));
#5010=CARTESIAN_POINT('',(-170.924044255984,-8.23175424543858,0.276441655512747));
#5011=CARTESIAN_POINT('',(-170.551410724346,-8.7882127211523,0.575332310531968));
#5012=CARTESIAN_POINT('',(-170.141500304115,-9.3192975289944,0.864569752751072));
#5013=CARTESIAN_POINT('',(-170.141500304115,-9.31929752899441,0.864569752751072));
#5014=CARTESIAN_POINT('',(-169.95142676627,-9.20955852075369,1.57425060935919));
#5015=CARTESIAN_POINT('',(-169.496529508926,-8.94692346677224,2.09952085564698));
#5016=CARTESIAN_POINT('',(-168.735570675385,-8.50758367938534,2.97820066181236));
#5017=CARTESIAN_POINT('',(-167.65941180821,-7.88626306773042,2.97820079140191));
#5018=CARTESIAN_POINT('',(-172.141500304115,-5.85519591385665,0.864569752751527));
#5019=CARTESIAN_POINT('',(-171.95142676627,-5.74545690561599,1.57425060935937));
#5020=CARTESIAN_POINT('',(-171.496529508926,-5.48282185163434,2.09952085564696));
#5021=CARTESIAN_POINT('',(-170.735570675386,-5.04348206424764,2.97820066181235));
#5022=CARTESIAN_POINT('',(-169.65941180821,-4.42216145259278,2.97820079140191));
#5023=CARTESIAN_POINT('',(-170.141500304115,-9.3192975289944,-2.99999981889331));
#5024=CARTESIAN_POINT('',(-170.141500304115,-9.3192975289944,0.864569752751072));
#5025=CARTESIAN_POINT('',(-172.141500304115,-5.85519591385665,-2.99999981889332));
#5026=CARTESIAN_POINT('',(-172.141500304115,-5.85519591385665,0.864569752751527));
#5027=CARTESIAN_POINT('',(-170.141500304115,-9.3192975289944,-2.99999981889331));
#5028=CARTESIAN_POINT('',(-171.374520995329,-7.72178128022485,-2.99999981889333));
#5029=CARTESIAN_POINT('',(-172.141500304115,-5.85519591385665,-2.99999981889332));
#5030=CARTESIAN_POINT('',(-163.762297642915,-5.63626315533499,-2.99999981889331));
#5031=CARTESIAN_POINT('',(-166.360373854268,-7.13626315533499,-2.99999981889331));
#5032=CARTESIAN_POINT('',(-166.762297642915,-0.440110732628362,-2.99999981889332));
#5033=CARTESIAN_POINT('',(-169.360373854268,-1.94011073262836,-2.99999981889332));
#5034=CARTESIAN_POINT('',(-172.141500304115,-5.85519591385656,-4.3));
#5035=CARTESIAN_POINT('',(-171.37452099533,-7.72178128022475,-4.3));
#5036=CARTESIAN_POINT('',(-170.141500304115,-9.3192975289944,-4.3));
#5037=CARTESIAN_POINT('',(-170.141500304115,-9.3192975289944,-4.3));
#5038=CARTESIAN_POINT('',(-170.141500304115,-9.3192975289944,-4.19999981889331));
#5039=CARTESIAN_POINT('',(-172.141500304115,-5.85519591385656,-4.3));
#5040=CARTESIAN_POINT('',(-172.141500304115,-5.85519591385665,-4.19999981889333));
#5041=CARTESIAN_POINT('',(-168.525437363729,-8.38626315533519,-8.10510719585232));
#5042=CARTESIAN_POINT('',(-170.525437363729,-4.92216154019744,-8.10510719585232));
#5043=CARTESIAN_POINT('',(-168.525437363729,-8.38626315533519,-8.10510719585232));
#5044=CARTESIAN_POINT('',(-168.525437363729,-8.3862631553356,-8.33039755254926));
#5045=CARTESIAN_POINT('',(-168.441772316701,-8.33795911791184,-8.53392304160419));
#5046=CARTESIAN_POINT('',(-168.441772316701,-8.33795911791184,-8.53392304160419));
#5047=CARTESIAN_POINT('',(-170.441772316701,-4.87385750277409,-8.53392304160419));
#5048=CARTESIAN_POINT('',(-170.525437363729,-4.92216154019744,-8.10510719585232));
#5049=CARTESIAN_POINT('',(-170.525437363729,-4.92216154019771,-8.33039755254926));
#5050=CARTESIAN_POINT('',(-170.441772316701,-4.87385750277409,-8.53392304160419));
#5051=CARTESIAN_POINT('',(-168.441772316701,-8.33795911791184,-8.53392304160419));
#5052=CARTESIAN_POINT('',(-168.099228304337,-8.14019124016385,-9.36720336732921));
#5053=CARTESIAN_POINT('',(-167.756684291973,-7.94242336241608,-10.2004836930542));
#5054=CARTESIAN_POINT('',(-167.756684291973,-7.94242336241608,-10.2004836930542));
#5055=CARTESIAN_POINT('',(-169.756684291973,-4.47832174727833,-10.2004836930542));
#5056=CARTESIAN_POINT('',(-170.441772316701,-4.87385750277409,-8.53392304160419));
#5057=CARTESIAN_POINT('',(-170.099228304337,-4.67608962502621,-9.36720336732922));
#5058=CARTESIAN_POINT('',(-169.756684291973,-4.47832174727833,-10.2004836930542));
#5059=CARTESIAN_POINT('',(-167.756684291973,-7.94242336241608,-10.2004836930542));
#5060=CARTESIAN_POINT('',(-167.71577106969,-7.91880210251789,-10.3000101245764));
#5061=CARTESIAN_POINT('',(-167.766758830263,-7.94823989980999,-10.3931284933905));
#5062=CARTESIAN_POINT('',(-167.817746590836,-7.97767769710225,-10.4862468622045));
#5063=CARTESIAN_POINT('',(-167.913156363324,-8.03276255493141,-10.4862468622046));
#5064=CARTESIAN_POINT('',(-167.913156363324,-8.03276255493141,-10.4862468622046));
#5065=CARTESIAN_POINT('',(-169.913156363324,-4.56866093979366,-10.4862468622046));
#5066=CARTESIAN_POINT('',(-169.756684291973,-4.47832174727833,-10.2004836930542));
#5067=CARTESIAN_POINT('',(-169.71577106969,-4.45470048738012,-10.3000101245764));
#5068=CARTESIAN_POINT('',(-169.766758830263,-4.48413828467235,-10.3931284933905));
#5069=CARTESIAN_POINT('',(-169.817746590836,-4.51357608196448,-10.4862468622045));
#5070=CARTESIAN_POINT('',(-169.913156363324,-4.56866093979366,-10.4862468622046));
#5071=CARTESIAN_POINT('',(-167.913156363324,-8.03276255493141,-10.4862468622046));
#5072=CARTESIAN_POINT('',(-168.462169063735,-8.3497351853025,-10.4862468622046));
#5073=CARTESIAN_POINT('',(-169.011181764147,-8.66670781567358,-10.4862468622046));
#5074=CARTESIAN_POINT('',(-169.011181764147,-8.66670781567358,-10.4862468622046));
#5075=CARTESIAN_POINT('',(-171.011181764147,-5.20260620053582,-10.4862468622046));
#5076=CARTESIAN_POINT('',(-169.913156363324,-4.56866093979366,-10.4862468622046));
#5077=CARTESIAN_POINT('',(-170.462169063735,-4.88563357016474,-10.4862468622046));
#5078=CARTESIAN_POINT('',(-171.011181764147,-5.20260620053582,-10.4862468622046));
#5079=CARTESIAN_POINT('',(-169.011181764147,-8.66670781567358,-10.4862468622046));
#5080=CARTESIAN_POINT('',(-169.257194124896,-8.80874311837653,-10.4862468622046));
#5081=CARTESIAN_POINT('',(-169.383143142225,-8.88145981743491,-10.2422279375948));
#5082=CARTESIAN_POINT('',(-169.383143142225,-8.88145981743491,-10.2422279375948));
#5083=CARTESIAN_POINT('',(-171.383143142225,-5.41735820229726,-10.2422279375948));
#5084=CARTESIAN_POINT('',(-171.011181764147,-5.20260620053582,-10.4862468622046));
#5085=CARTESIAN_POINT('',(-171.257194124897,-5.34464150323909,-10.4862468622046));
#5086=CARTESIAN_POINT('',(-171.383143142225,-5.41735820229726,-10.2422279375948));
#5087=CARTESIAN_POINT('',(-169.383143142225,-8.88145981743491,-10.2422279375948));
#5088=CARTESIAN_POINT('',(-170.355638362328,-9.44293019454721,-8.6594028073133));
#5089=CARTESIAN_POINT('',(-171.328133582431,-10.0044005716594,-7.07657767703176));
#5090=CARTESIAN_POINT('',(-171.383143142225,-5.41735820229726,-10.2422279375948));
#5091=CARTESIAN_POINT('',(-172.355638362328,-5.97882857940945,-8.65940280731344));
#5092=CARTESIAN_POINT('',(-173.328133582431,-6.54029895652164,-7.07657767703203));
#5093=CARTESIAN_POINT('',(-170.141500304115,-9.3192975289944,-5.99999981889331));
#5094=CARTESIAN_POINT('',(-170.755245973742,-8.52412135163771,-5.9999998188933));
#5095=CARTESIAN_POINT('',(-171.257488171298,-7.65421234776599,-5.99999981889332));
#5096=CARTESIAN_POINT('',(-171.759730368853,-6.78430334389454,-5.99999981889331));
#5097=CARTESIAN_POINT('',(-172.141500304115,-5.85519591385664,-5.99999981889332));
#5098=CARTESIAN_POINT('',(-170.141500304115,-9.3192975289944,-5.99999981889331));
#5099=CARTESIAN_POINT('',(-170.141500304115,-9.3192975289944,-4.8));
#5100=CARTESIAN_POINT('',(-172.141500304115,-5.85519591385665,-5.99999981889332));
#5101=CARTESIAN_POINT('',(-172.141500304115,-5.85519591385656,-4.8));
#5102=CARTESIAN_POINT('',(-171.487834427067,-10.0966038972997,-6.4979521595125));
#5103=CARTESIAN_POINT('',(-171.487834427067,-10.0966038972997,-6.19999981889331));
#5104=CARTESIAN_POINT('',(-173.487834427067,-6.63250228216194,-6.49795215951276));
#5105=CARTESIAN_POINT('',(-173.487834427067,-6.63250228216194,-6.19999981889333));
#5106=CARTESIAN_POINT('',(-171.328133582431,-10.0044005716594,-7.07657767703176));
#5107=CARTESIAN_POINT('',(-173.328133582431,-6.54029895652164,-7.07657767703203));
#5108=CARTESIAN_POINT('',(-171.487834427067,-10.0966038972997,-6.4979521595125));
#5109=CARTESIAN_POINT('',(-173.487834427067,-6.63250228216194,-6.49795215951276));
#5110=CARTESIAN_POINT('',(-171.328133582431,-10.0044005716594,-7.07657767703176));
#5111=CARTESIAN_POINT('',(-171.487834427067,-10.0966038972997,-6.81664991081642));
#5112=CARTESIAN_POINT('',(-171.487834427067,-10.0966038972997,-6.4979521595125));
#5113=CARTESIAN_POINT('',(-173.328133582431,-6.54029895652164,-7.07657767703203));
#5114=CARTESIAN_POINT('',(-173.487834427067,-6.6325022821617,-6.81664991081668));
#5115=CARTESIAN_POINT('',(-173.487834427067,-6.63250228216194,-6.49795215951276));
#5116=CARTESIAN_POINT('',(-171.31462934631,-9.99660389729967,-6.00004778107839));
#5117=CARTESIAN_POINT('',(-171.291241465139,-9.98310089780977,-6.00004841853816));
#5118=CARTESIAN_POINT('',(-171.267853583968,-9.96959789831975,-6.00004905599796));
#5119=CARTESIAN_POINT('',(-170.762670877633,-9.67793052682747,-6.00002285676373));
#5120=CARTESIAN_POINT('',(-170.257488171298,-9.38626315533508,-5.99999665752952));
#5121=CARTESIAN_POINT('',(-170.199494237707,-9.3527803421648,-5.99999823821141));
#5122=CARTESIAN_POINT('',(-170.141500304115,-9.3192975289944,-5.99999981889331));
#5123=CARTESIAN_POINT('',(-173.31462934631,-6.53250228216191,-6.00004778107839));
#5124=CARTESIAN_POINT('',(-173.291241465139,-6.51899928267201,-6.00004841853818));
#5125=CARTESIAN_POINT('',(-173.267853583968,-6.50549628318222,-6.00004905599796));
#5126=CARTESIAN_POINT('',(-172.762670877633,-6.21382891168983,-6.00002285676374));
#5127=CARTESIAN_POINT('',(-172.257488171298,-5.92216154019743,-5.99999665752952));
#5128=CARTESIAN_POINT('',(-172.199494237707,-5.88867872702704,-5.99999823821141));
#5129=CARTESIAN_POINT('',(-172.141500304115,-5.85519591385665,-5.99999981889332));
#5130=CARTESIAN_POINT('',(-171.31462934631,-9.99660389729967,-6.00004778107839));
#5131=CARTESIAN_POINT('',(-173.31462934631,-6.53250228216191,-6.00004778107839));
#5132=CARTESIAN_POINT('',(-171.487834427067,-10.0966038972997,-6.19999981889331));
#5133=CARTESIAN_POINT('',(-173.487834427067,-6.63250228216194,-6.19999981889333));
#5134=CARTESIAN_POINT('',(-173.487834427067,-6.63250228216194,-6.19999981889333));
#5135=CARTESIAN_POINT('',(-173.487834427067,-6.63250228216193,-6.00002379998587));
#5136=CARTESIAN_POINT('',(-173.31462934631,-6.53250228216191,-6.00004778107839));
#5137=CARTESIAN_POINT('',(-171.487834427067,-10.0966038972997,-6.19999981889331));
#5138=CARTESIAN_POINT('',(-171.487834427067,-10.0966038972996,-6.00002379998587));
#5139=CARTESIAN_POINT('',(-171.31462934631,-9.99660389729967,-6.00004778107839));
#5140=CARTESIAN_POINT('',(-172.141500304115,-5.85519591385656,-4.8));
#5141=CARTESIAN_POINT('',(-171.37452099533,-7.72178128022475,-4.8));
#5142=CARTESIAN_POINT('',(-170.141500304115,-9.3192975289944,-4.8));
#5143=CARTESIAN_POINT('',(-168.525437363729,-8.38626315533488,-0.0217995755940532));
#5144=CARTESIAN_POINT('',(-168.525437363729,-8.38626315533519,-8.10510719585232));
#5145=CARTESIAN_POINT('',(-170.52543736373,-4.92216154019724,-0.0217995755940674));
#5146=CARTESIAN_POINT('',(-170.525437363729,-4.92216154019744,-8.10510719585232));
#5147=CARTESIAN_POINT('',(-171.562698047258,18.9640476485226,39.5000000000004));
#5148=CARTESIAN_POINT('',(-176.452615417231,19.0240439856546,44.1088860452771));
#5149=CARTESIAN_POINT('',(-171.562698047258,18.9640476485226,48.7177720905539));
#5150=CARTESIAN_POINT('',(-178.384583830367,21.0040094684965,46.9177720905539));
#5151=CARTESIAN_POINT('',(-178.384583830367,21.0040094684965,48.7177720905539));
#5152=CARTESIAN_POINT('',(-177.127502632756,19.7156978359275,48.7177720905539));
#5153=CARTESIAN_POINT('',(-180.364549313209,19.07204105536,46.9177720905539));
#5154=CARTESIAN_POINT('',(-180.364549313209,19.0720410553601,48.7177720905539));
#5155=CARTESIAN_POINT('',(-177.819156483029,19.0408106204022,48.7177720905539));
#5156=CARTESIAN_POINT('',(-178.432580900073,17.0920755725181,46.9177720905539));
#5157=CARTESIAN_POINT('',(-178.432580900073,17.0920755725182,48.7177720905539));
#5158=CARTESIAN_POINT('',(-177.144269267504,18.3491567701292,48.7177720905539));
#5159=CARTESIAN_POINT('',(-176.500612486936,15.1121100896762,46.9177720905539));
#5160=CARTESIAN_POINT('',(-176.500612486936,15.1121100896762,48.7177720905539));
#5161=CARTESIAN_POINT('',(-176.469382051978,17.6575029198563,48.7177720905539));
#5162=CARTESIAN_POINT('',(-174.520647004094,17.0440785028127,46.9177720905539));
#5163=CARTESIAN_POINT('',(-174.520647004094,17.0440785028127,48.7177720905539));
#5164=CARTESIAN_POINT('',(-175.777728201705,18.3323901353817,48.7177720905539));
#5165=CARTESIAN_POINT('',(-172.540681521252,18.9760469159492,46.9177720905539));
#5166=CARTESIAN_POINT('',(-172.540681521252,18.9760469159491,48.7177720905539));
#5167=CARTESIAN_POINT('',(-175.086074351432,19.007277350907,48.7177720905539));
#5168=CARTESIAN_POINT('',(-174.472649934389,20.9560123987911,46.9177720905539));
#5169=CARTESIAN_POINT('',(-174.472649934389,20.956012398791,48.7177720905539));
#5170=CARTESIAN_POINT('',(-175.760961566958,19.69893120118,48.7177720905539));
#5171=CARTESIAN_POINT('',(-176.404618347525,22.935977881633,46.9177720905539));
#5172=CARTESIAN_POINT('',(-176.404618347525,22.935977881633,48.7177720905539));
#5173=CARTESIAN_POINT('',(-176.435848782483,20.3905850514529,48.7177720905539));
#5174=CARTESIAN_POINT('',(-178.384583830367,21.0040094684965,46.9177720905539));
#5175=CARTESIAN_POINT('',(-178.384583830367,21.0040094684965,48.7177720905539));
#5176=CARTESIAN_POINT('',(-177.127502632756,19.7156978359275,48.7177720905539));
#5177=CARTESIAN_POINT('',(-178.265115417231,17.2115439856546,46.9177720905539));
#5178=CARTESIAN_POINT('',(-178.051235663513,21.1396203393169,46.5000000000004));
#5179=CARTESIAN_POINT('',(-176.452615417231,19.0240439856545,43.2088860452771));
#5180=CARTESIAN_POINT('',(-176.452615417231,19.0240439856546,21.8485571899941));
#5181=CARTESIAN_POINT('',(-178.384583830367,21.0040094684965,39.5000000000004));
#5182=CARTESIAN_POINT('',(-178.384583830367,21.0040094684965,46.9177720905539));
#5183=CARTESIAN_POINT('',(-177.127502632756,19.7156978359275,48.7177720905539));
#5184=CARTESIAN_POINT('',(-175.002615417231,19.0240439856546,46.9177720905539));
#5185=CARTESIAN_POINT('',(-174.966936777253,18.8172615427026,46.5000000000004));
#5186=CARTESIAN_POINT('',(-174.966936777253,18.8172615427027,39.5000000000004));
#5187=CARTESIAN_POINT('',(-175.002615417231,19.0240439856546,46.5000000000004));
#5188=CARTESIAN_POINT('',(-178.384583830367,21.0040094684965,39.5000000000004));
#5189=CARTESIAN_POINT('',(-180.364549313209,19.0720410553601,39.5000000000004));
#5190=CARTESIAN_POINT('',(-178.432580900073,17.0920755725181,39.5000000000004));
#5191=CARTESIAN_POINT('',(-176.500612486936,15.1121100896762,39.5000000000004));
#5192=CARTESIAN_POINT('',(-174.520647004094,17.0440785028126,39.5000000000004));
#5193=CARTESIAN_POINT('',(-172.540681521252,18.976046915949,39.5000000000004));
#5194=CARTESIAN_POINT('',(-174.472649934389,20.956012398791,39.5000000000004));
#5195=CARTESIAN_POINT('',(-176.404618347525,22.9359778816329,39.5000000000004));
#5196=CARTESIAN_POINT('',(-178.384583830367,21.0040094684965,39.5000000000004));
#5197=CARTESIAN_POINT('',(-178.384583830367,21.0040094684965,39.5000000000004));
#5198=CARTESIAN_POINT('',(-178.384583830367,21.0040094684965,46.9177720905539));
#5199=CARTESIAN_POINT('',(-178.384583830367,21.0040094684965,46.9177720905539));
#5200=CARTESIAN_POINT('',(-180.364549313209,19.0720410553601,46.9177720905539));
#5201=CARTESIAN_POINT('',(-178.432580900073,17.0920755725182,46.9177720905539));
#5202=CARTESIAN_POINT('',(-176.500612486936,15.1121100896763,46.9177720905539));
#5203=CARTESIAN_POINT('',(-174.520647004094,17.0440785028127,46.9177720905539));
#5204=CARTESIAN_POINT('',(-172.540681521252,18.9760469159491,46.9177720905539));
#5205=CARTESIAN_POINT('',(-174.472649934389,20.956012398791,46.9177720905539));
#5206=CARTESIAN_POINT('',(-176.404618347525,22.935977881633,46.9177720905539));
#5207=CARTESIAN_POINT('',(-178.384583830367,21.0040094684965,46.9177720905539));
#5208=CARTESIAN_POINT('',(-178.384583830367,21.0040094684965,46.9177720905539));
#5209=CARTESIAN_POINT('',(-178.384583830367,21.0040094684965,48.7177720905539));
#5210=CARTESIAN_POINT('',(-177.127502632756,19.7156978359275,48.7177720905539));
#5211=CARTESIAN_POINT('',(-177.127502632756,19.7156978359275,48.7177720905539));
#5212=CARTESIAN_POINT('',(-177.819156483029,19.0408106204022,48.7177720905539));
#5213=CARTESIAN_POINT('',(-177.144269267504,18.3491567701293,48.7177720905539));
#5214=CARTESIAN_POINT('',(-176.469382051978,17.6575029198563,48.7177720905539));
#5215=CARTESIAN_POINT('',(-175.777728201705,18.3323901353817,48.7177720905539));
#5216=CARTESIAN_POINT('',(-175.086074351432,19.007277350907,48.7177720905539));
#5217=CARTESIAN_POINT('',(-175.760961566958,19.6989312011799,48.7177720905539));
#5218=CARTESIAN_POINT('',(-176.435848782483,20.3905850514529,48.7177720905539));
#5219=CARTESIAN_POINT('',(-177.127502632756,19.7156978359275,48.7177720905539));
#5220=CARTESIAN_POINT('',(-175.002615417231,19.0240439856546,46.9177720905539));
#5221=CARTESIAN_POINT('',(-175.002615417231,20.4740439856546,46.9177720905539));
#5222=CARTESIAN_POINT('',(-176.452615417231,20.4740439856546,46.9177720905539));
#5223=CARTESIAN_POINT('',(-177.902615417231,20.4740439856546,46.9177720905539));
#5224=CARTESIAN_POINT('',(-177.902615417231,19.0240439856546,46.9177720905539));
#5225=CARTESIAN_POINT('',(-177.902615417231,17.5740439856546,46.9177720905539));
#5226=CARTESIAN_POINT('',(-176.452615417231,17.5740439856546,46.9177720905539));
#5227=CARTESIAN_POINT('',(-175.002615417231,17.5740439856546,46.9177720905539));
#5228=CARTESIAN_POINT('',(-175.002615417231,19.0240439856546,46.9177720905539));
#5229=CARTESIAN_POINT('',(-174.966936777253,18.8172615427026,46.5000000000004));
#5230=CARTESIAN_POINT('',(-175.173719220205,17.3315829027247,46.5000000000004));
#5231=CARTESIAN_POINT('',(-176.659397860183,17.5383653456765,46.5000000000004));
#5232=CARTESIAN_POINT('',(-178.145076500161,17.7451477886285,46.5000000000004));
#5233=CARTESIAN_POINT('',(-177.938294057209,19.2308264286065,46.5000000000004));
#5234=CARTESIAN_POINT('',(-177.731511614257,20.7165050685845,46.5000000000004));
#5235=CARTESIAN_POINT('',(-176.245832974279,20.5097226256325,46.5000000000004));
#5236=CARTESIAN_POINT('',(-174.760154334301,20.3029401826807,46.5000000000004));
#5237=CARTESIAN_POINT('',(-174.966936777253,18.8172615427026,46.5000000000004));
#5238=CARTESIAN_POINT('',(-174.966936777253,18.8172615427026,46.5000000000004));
#5239=CARTESIAN_POINT('',(-174.966936777253,18.8172615427027,39.5000000000004));
#5240=CARTESIAN_POINT('',(-174.966936777253,18.8172615427026,39.5000000000004));
#5241=CARTESIAN_POINT('',(-175.173719220205,17.3315829027247,39.5000000000004));
#5242=CARTESIAN_POINT('',(-176.659397860183,17.5383653456765,39.5000000000004));
#5243=CARTESIAN_POINT('',(-178.145076500161,17.7451477886285,39.5000000000004));
#5244=CARTESIAN_POINT('',(-177.938294057209,19.2308264286065,39.5000000000004));
#5245=CARTESIAN_POINT('',(-177.731511614257,20.7165050685845,39.5000000000004));
#5246=CARTESIAN_POINT('',(-176.245832974279,20.5097226256325,39.5000000000004));
#5247=CARTESIAN_POINT('',(-174.760154334301,20.3029401826807,39.5000000000004));
#5248=CARTESIAN_POINT('',(-174.966936777253,18.8172615427026,39.5000000000004));
#5249=CARTESIAN_POINT('',(-175.002615417231,19.0240439856546,46.5000000000004));
#5250=CARTESIAN_POINT('',(-175.002615417231,17.5740439856546,46.5000000000004));
#5251=CARTESIAN_POINT('',(-176.452615417231,17.5740439856546,46.5000000000004));
#5252=CARTESIAN_POINT('',(-177.902615417231,17.5740439856546,46.5000000000004));
#5253=CARTESIAN_POINT('',(-177.902615417231,19.0240439856546,46.5000000000004));
#5254=CARTESIAN_POINT('',(-177.902615417231,20.4740439856546,46.5000000000004));
#5255=CARTESIAN_POINT('',(-176.452615417231,20.4740439856546,46.5000000000004));
#5256=CARTESIAN_POINT('',(-175.002615417231,20.4740439856546,46.5000000000004));
#5257=CARTESIAN_POINT('',(-175.002615417231,19.0240439856546,46.5000000000004));
#5258=CARTESIAN_POINT('',(-175.002615417231,19.0240439856546,46.5000000000004));
#5259=CARTESIAN_POINT('',(-175.002615417231,19.0240439856546,46.9177720905539));
#5260=CARTESIAN_POINT('',(-176.452615417234,19.02404398565,21.1499999999747));
#5261=CARTESIAN_POINT('',(-176.452615417234,19.02404398565,21.1499999999747));
#5262=CARTESIAN_POINT('',(-179.910569398691,22.4819979671063,5.90000000000038));
#5263=CARTESIAN_POINT('',(-179.910569398691,22.4819979671063,36.3999999999489));
#5264=CARTESIAN_POINT('',(-176.452615417234,16.257680800485,5.90000000000038));
#5265=CARTESIAN_POINT('',(-176.452615417234,16.257680800485,36.3999999999489));
#5266=CARTESIAN_POINT('',(-176.452615417234,17.42404398565,5.90000000000038));
#5267=CARTESIAN_POINT('',(-176.452615417234,17.42404398565,36.3999999999489));
#5268=CARTESIAN_POINT('',(-176.452615417234,16.257680800485,5.90000000000038));
#5269=CARTESIAN_POINT('',(-173.686252232069,16.257680800485,5.90000000000038));
#5270=CARTESIAN_POINT('',(-173.686252232069,19.02404398565,5.90000000000038));
#5271=CARTESIAN_POINT('',(-173.686252232069,21.790407170815,5.90000000000038));
#5272=CARTESIAN_POINT('',(-176.452615417234,21.790407170815,5.90000000000038));
#5273=CARTESIAN_POINT('',(-179.218978602399,21.790407170815,5.90000000000038));
#5274=CARTESIAN_POINT('',(-179.218978602399,19.02404398565,5.90000000000038));
#5275=CARTESIAN_POINT('',(-179.218978602399,16.257680800485,5.90000000000038));
#5276=CARTESIAN_POINT('',(-176.452615417234,16.257680800485,5.90000000000038));
#5277=CARTESIAN_POINT('',(-176.452615417234,16.257680800485,5.90000000000038));
#5278=CARTESIAN_POINT('',(-176.452615417234,16.257680800485,36.3999999999489));
#5279=CARTESIAN_POINT('',(-176.452615417234,16.257680800485,36.3999999999489));
#5280=CARTESIAN_POINT('',(-173.686252232069,16.257680800485,36.3999999999489));
#5281=CARTESIAN_POINT('',(-173.686252232069,19.02404398565,36.3999999999489));
#5282=CARTESIAN_POINT('',(-173.686252232069,21.790407170815,36.3999999999489));
#5283=CARTESIAN_POINT('',(-176.452615417234,21.790407170815,36.3999999999489));
#5284=CARTESIAN_POINT('',(-179.218978602399,21.790407170815,36.3999999999489));
#5285=CARTESIAN_POINT('',(-179.218978602399,19.02404398565,36.3999999999489));
#5286=CARTESIAN_POINT('',(-179.218978602399,16.257680800485,36.3999999999489));
#5287=CARTESIAN_POINT('',(-176.452615417234,16.257680800485,36.3999999999489));
#5288=CARTESIAN_POINT('',(-176.452615417234,17.42404398565,5.90000000000038));
#5289=CARTESIAN_POINT('',(-178.052615417234,17.42404398565,5.90000000000038));
#5290=CARTESIAN_POINT('',(-178.052615417234,19.02404398565,5.90000000000038));
#5291=CARTESIAN_POINT('',(-178.052615417234,20.62404398565,5.90000000000038));
#5292=CARTESIAN_POINT('',(-176.452615417234,20.62404398565,5.90000000000038));
#5293=CARTESIAN_POINT('',(-174.852615417234,20.62404398565,5.90000000000038));
#5294=CARTESIAN_POINT('',(-174.852615417234,19.02404398565,5.90000000000038));
#5295=CARTESIAN_POINT('',(-174.852615417234,17.42404398565,5.90000000000038));
#5296=CARTESIAN_POINT('',(-176.452615417234,17.42404398565,5.90000000000038));
#5297=CARTESIAN_POINT('',(-176.452615417234,17.42404398565,5.90000000000038));
#5298=CARTESIAN_POINT('',(-176.452615417234,17.42404398565,36.3999999999489));
#5299=CARTESIAN_POINT('',(-176.452615417234,17.42404398565,36.3999999999489));
#5300=CARTESIAN_POINT('',(-178.052615417234,17.42404398565,36.3999999999489));
#5301=CARTESIAN_POINT('',(-178.052615417234,19.02404398565,36.3999999999489));
#5302=CARTESIAN_POINT('',(-178.052615417234,20.62404398565,36.3999999999489));
#5303=CARTESIAN_POINT('',(-176.452615417234,20.62404398565,36.3999999999489));
#5304=CARTESIAN_POINT('',(-174.852615417234,20.62404398565,36.3999999999489));
#5305=CARTESIAN_POINT('',(-174.852615417234,19.02404398565,36.3999999999489));
#5306=CARTESIAN_POINT('',(-174.852615417234,17.42404398565,36.3999999999489));
#5307=CARTESIAN_POINT('',(-176.452615417234,17.42404398565,36.3999999999489));
#5308=CARTESIAN_POINT('',(0.,0.,0.));
ENDSEC;
END-ISO-10303-21;
