ISO-10303-21;
HEADER;
/* Generated by software containing ST-Developer
 * from STEP Tools, Inc. (www.steptools.com) 
 */
/* OPTION: using custom schema-name function */

FILE_DESCRIPTION(
/* description */ (''),
/* implementation_level */ '2;1');

FILE_NAME(
/* name */ 'SnapfitPads',
/* time_stamp */ '2026-06-11T12:37:28+03:00',
/* author */ (''),
/* organization */ (''),
/* preprocessor_version */ 'ST-DEVELOPER v16.5',
/* originating_system */ 'Rhino 7.23',
/* authorisation */ '');

FILE_SCHEMA (('CONFIG_CONTROL_DESIGN'));
ENDSEC;

DATA;
#10=SHAPE_REPRESENTATION_RELATIONSHIP('','',#4212,#13);
#11=MANIFOLD_SOLID_BREP('brep_1',#14);
#12=MANIFOLD_SOLID_BREP('brep_2',#15);
#13=ADVANCED_BREP_SHAPE_REPRESENTATION('brep_rep_0',(#11,#12,#4424),#4211);
#14=CLOSED_SHELL('',(#48,#49,#50,#51,#52,#53,#54,#55,#56,#57,#58,#59,#60,
#61,#62,#63,#64,#65,#66,#67,#68,#69,#70,#71,#72,#73,#74,#75,#76,#77,#78,
#79,#80,#81,#82,#83,#84,#85,#86,#87,#88,#89,#90,#91,#92,#93,#94,#95,#96,
#97,#98,#99,#100,#101,#102,#103,#104,#105,#106,#107,#108,#109,#110,#111,
#112,#113,#114,#115,#116,#117,#118,#119,#120,#121,#122,#123,#124,#125,#126,
#127,#128,#129,#130,#131,#132,#133,#134,#135,#136,#137,#138,#139,#140,#141,
#142,#143,#144,#145,#146,#147,#148,#149,#150,#151,#152,#153,#154,#155));
#15=CLOSED_SHELL('',(#156,#157,#158,#159,#160,#161,#162,#163,#164,#165,
#166,#167,#168,#169,#170,#171,#172,#173,#174,#175,#176,#177,#178,#179,#180,
#181,#182,#183,#184,#185,#186,#187,#188,#189,#190,#191,#192,#193,#194,#195,
#196,#197,#198,#199,#200,#201,#202,#203,#204,#205,#206,#207,#208,#209,#210,
#211,#212,#213,#214,#215,#216,#217,#218,#219,#220,#221,#222,#223,#224,#225,
#226,#227,#228,#229,#230,#231,#232,#233,#234,#235,#236,#237,#238,#239,#240,
#241,#242,#243,#244,#245,#246,#247,#248,#249,#250,#251,#252,#253,#254,#255,
#256,#257,#258,#259,#260,#261,#262,#263,#264,#265,#266,#267,#268,#269,#270,
#271,#272,#273));
#16=FACE_BOUND('',#517,.T.);
#17=FACE_BOUND('',#529,.T.);
#18=FACE_BOUND('',#536,.T.);
#19=FACE_BOUND('',#548,.T.);
#20=FACE_BOUND('',#566,.T.);
#21=FACE_BOUND('',#567,.T.);
#22=FACE_BOUND('',#568,.T.);
#23=FACE_BOUND('',#569,.T.);
#24=FACE_BOUND('',#570,.T.);
#25=FACE_BOUND('',#572,.T.);
#26=FACE_BOUND('',#573,.T.);
#27=FACE_BOUND('',#574,.T.);
#28=FACE_BOUND('',#575,.T.);
#29=FACE_BOUND('',#642,.T.);
#30=FACE_BOUND('',#654,.T.);
#31=FACE_BOUND('',#661,.T.);
#32=FACE_BOUND('',#673,.T.);
#33=FACE_BOUND('',#699,.T.);
#34=FACE_BOUND('',#700,.T.);
#35=FACE_BOUND('',#701,.T.);
#36=FACE_BOUND('',#702,.T.);
#37=FACE_BOUND('',#703,.T.);
#38=FACE_BOUND('',#704,.T.);
#39=FACE_BOUND('',#705,.T.);
#40=FACE_BOUND('',#706,.T.);
#41=FACE_BOUND('',#708,.T.);
#42=FACE_BOUND('',#709,.T.);
#43=FACE_BOUND('',#710,.T.);
#44=FACE_BOUND('',#711,.T.);
#45=FACE_BOUND('',#712,.T.);
#46=FACE_BOUND('',#713,.T.);
#47=FACE_BOUND('',#714,.T.);
#48=ADVANCED_FACE('',(#274),#4012,.T.);
#49=ADVANCED_FACE('',(#275),#4013,.T.);
#50=ADVANCED_FACE('',(#276),#3916,.T.);
#51=ADVANCED_FACE('',(#277),#3917,.F.);
#52=ADVANCED_FACE('',(#278),#3918,.T.);
#53=ADVANCED_FACE('',(#279),#3919,.F.);
#54=ADVANCED_FACE('',(#280),#3920,.F.);
#55=ADVANCED_FACE('',(#281),#3902,.T.);
#56=ADVANCED_FACE('',(#282),#3921,.F.);
#57=ADVANCED_FACE('',(#283),#3922,.T.);
#58=ADVANCED_FACE('',(#284),#3923,.F.);
#59=ADVANCED_FACE('',(#285),#3924,.F.);
#60=ADVANCED_FACE('',(#286),#3925,.T.);
#61=ADVANCED_FACE('',(#287),#3926,.F.);
#62=ADVANCED_FACE('',(#288),#3927,.F.);
#63=ADVANCED_FACE('',(#289),#4014,.T.);
#64=ADVANCED_FACE('',(#290,#16),#4015,.T.);
#65=ADVANCED_FACE('',(#291),#3903,.T.);
#66=ADVANCED_FACE('',(#292),#3928,.F.);
#67=ADVANCED_FACE('',(#293),#3929,.T.);
#68=ADVANCED_FACE('',(#294),#3930,.F.);
#69=ADVANCED_FACE('',(#295),#3931,.F.);
#70=ADVANCED_FACE('',(#296),#4016,.T.);
#71=ADVANCED_FACE('',(#297),#4017,.T.);
#72=ADVANCED_FACE('',(#298),#4018,.T.);
#73=ADVANCED_FACE('',(#299),#3932,.F.);
#74=ADVANCED_FACE('',(#300),#4019,.T.);
#75=ADVANCED_FACE('',(#301,#17),#4020,.T.);
#76=ADVANCED_FACE('',(#302),#4021,.T.);
#77=ADVANCED_FACE('',(#303),#4022,.T.);
#78=ADVANCED_FACE('',(#304),#4023,.T.);
#79=ADVANCED_FACE('',(#305),#3933,.F.);
#80=ADVANCED_FACE('',(#306),#4024,.T.);
#81=ADVANCED_FACE('',(#307,#18),#4025,.T.);
#82=ADVANCED_FACE('',(#308),#3904,.T.);
#83=ADVANCED_FACE('',(#309),#3934,.F.);
#84=ADVANCED_FACE('',(#310),#3935,.T.);
#85=ADVANCED_FACE('',(#311),#3936,.F.);
#86=ADVANCED_FACE('',(#312),#3937,.F.);
#87=ADVANCED_FACE('',(#313),#4026,.T.);
#88=ADVANCED_FACE('',(#314),#4027,.T.);
#89=ADVANCED_FACE('',(#315),#4028,.T.);
#90=ADVANCED_FACE('',(#316),#3938,.F.);
#91=ADVANCED_FACE('',(#317),#4029,.T.);
#92=ADVANCED_FACE('',(#318,#19),#4030,.T.);
#93=ADVANCED_FACE('',(#319),#4031,.T.);
#94=ADVANCED_FACE('',(#320),#4032,.T.);
#95=ADVANCED_FACE('',(#321),#4033,.T.);
#96=ADVANCED_FACE('',(#322),#3939,.F.);
#97=ADVANCED_FACE('',(#323),#3905,.T.);
#98=ADVANCED_FACE('',(#324),#3940,.T.);
#99=ADVANCED_FACE('',(#325),#3941,.T.);
#100=ADVANCED_FACE('',(#326),#3942,.T.);
#101=ADVANCED_FACE('',(#327),#3943,.T.);
#102=ADVANCED_FACE('',(#328),#3906,.T.);
#103=ADVANCED_FACE('',(#329),#3944,.T.);
#104=ADVANCED_FACE('',(#330),#3945,.T.);
#105=ADVANCED_FACE('',(#331),#3946,.T.);
#106=ADVANCED_FACE('',(#332),#3947,.T.);
#107=ADVANCED_FACE('',(#333),#3907,.T.);
#108=ADVANCED_FACE('',(#334),#3908,.T.);
#109=ADVANCED_FACE('',(#335,#20,#21,#22,#23,#24),#4034,.T.);
#110=ADVANCED_FACE('',(#336,#25,#26,#27,#28),#4035,.T.);
#111=ADVANCED_FACE('',(#337),#3948,.T.);
#112=ADVANCED_FACE('',(#338),#4036,.T.);
#113=ADVANCED_FACE('',(#339),#3949,.T.);
#114=ADVANCED_FACE('',(#340),#3950,.F.);
#115=ADVANCED_FACE('',(#341),#3951,.T.);
#116=ADVANCED_FACE('',(#342),#3952,.F.);
#117=ADVANCED_FACE('',(#343),#4037,.T.);
#118=ADVANCED_FACE('',(#344),#3953,.T.);
#119=ADVANCED_FACE('',(#345),#3954,.F.);
#120=ADVANCED_FACE('',(#346),#4038,.T.);
#121=ADVANCED_FACE('',(#347),#4039,.T.);
#122=ADVANCED_FACE('',(#348),#4040,.T.);
#123=ADVANCED_FACE('',(#349),#4041,.T.);
#124=ADVANCED_FACE('',(#350),#4042,.T.);
#125=ADVANCED_FACE('',(#351),#4043,.T.);
#126=ADVANCED_FACE('',(#352),#4044,.T.);
#127=ADVANCED_FACE('',(#353),#4045,.T.);
#128=ADVANCED_FACE('',(#354),#4046,.T.);
#129=ADVANCED_FACE('',(#355),#4047,.T.);
#130=ADVANCED_FACE('',(#356),#4048,.T.);
#131=ADVANCED_FACE('',(#357),#4049,.T.);
#132=ADVANCED_FACE('',(#358),#4050,.T.);
#133=ADVANCED_FACE('',(#359),#4051,.T.);
#134=ADVANCED_FACE('',(#360),#4052,.T.);
#135=ADVANCED_FACE('',(#361),#4053,.T.);
#136=ADVANCED_FACE('',(#362),#4054,.T.);
#137=ADVANCED_FACE('',(#363),#4055,.T.);
#138=ADVANCED_FACE('',(#364),#4056,.T.);
#139=ADVANCED_FACE('',(#365),#4057,.T.);
#140=ADVANCED_FACE('',(#366),#4058,.T.);
#141=ADVANCED_FACE('',(#367),#4059,.T.);
#142=ADVANCED_FACE('',(#368),#4060,.T.);
#143=ADVANCED_FACE('',(#369),#4061,.T.);
#144=ADVANCED_FACE('',(#370),#4062,.T.);
#145=ADVANCED_FACE('',(#371),#4063,.T.);
#146=ADVANCED_FACE('',(#372),#4064,.T.);
#147=ADVANCED_FACE('',(#373),#4065,.T.);
#148=ADVANCED_FACE('',(#374),#4066,.T.);
#149=ADVANCED_FACE('',(#375),#3955,.T.);
#150=ADVANCED_FACE('',(#376),#3956,.T.);
#151=ADVANCED_FACE('',(#377),#3957,.T.);
#152=ADVANCED_FACE('',(#378),#3958,.T.);
#153=ADVANCED_FACE('',(#379),#4067,.T.);
#154=ADVANCED_FACE('',(#380),#3959,.T.);
#155=ADVANCED_FACE('',(#381),#3960,.T.);
#156=ADVANCED_FACE('',(#382),#4068,.T.);
#157=ADVANCED_FACE('',(#383),#4069,.T.);
#158=ADVANCED_FACE('',(#384),#3961,.T.);
#159=ADVANCED_FACE('',(#385),#3961,.T.);
#160=ADVANCED_FACE('',(#386),#4070,.T.);
#161=ADVANCED_FACE('',(#387),#4071,.T.);
#162=ADVANCED_FACE('',(#388),#3962,.T.);
#163=ADVANCED_FACE('',(#389),#3963,.F.);
#164=ADVANCED_FACE('',(#390),#3964,.T.);
#165=ADVANCED_FACE('',(#391),#3965,.F.);
#166=ADVANCED_FACE('',(#392),#3966,.F.);
#167=ADVANCED_FACE('',(#393),#3909,.T.);
#168=ADVANCED_FACE('',(#394),#3967,.F.);
#169=ADVANCED_FACE('',(#395),#3968,.T.);
#170=ADVANCED_FACE('',(#396),#3969,.F.);
#171=ADVANCED_FACE('',(#397),#3970,.F.);
#172=ADVANCED_FACE('',(#398),#3971,.T.);
#173=ADVANCED_FACE('',(#399),#3972,.F.);
#174=ADVANCED_FACE('',(#400),#3973,.F.);
#175=ADVANCED_FACE('',(#401),#4072,.T.);
#176=ADVANCED_FACE('',(#402,#29),#4073,.T.);
#177=ADVANCED_FACE('',(#403),#3910,.T.);
#178=ADVANCED_FACE('',(#404),#3974,.F.);
#179=ADVANCED_FACE('',(#405),#3975,.T.);
#180=ADVANCED_FACE('',(#406),#3976,.F.);
#181=ADVANCED_FACE('',(#407),#3977,.F.);
#182=ADVANCED_FACE('',(#408),#4074,.T.);
#183=ADVANCED_FACE('',(#409),#4075,.T.);
#184=ADVANCED_FACE('',(#410),#4076,.T.);
#185=ADVANCED_FACE('',(#411),#3978,.F.);
#186=ADVANCED_FACE('',(#412),#4077,.T.);
#187=ADVANCED_FACE('',(#413,#30),#4078,.T.);
#188=ADVANCED_FACE('',(#414),#4079,.T.);
#189=ADVANCED_FACE('',(#415),#4080,.T.);
#190=ADVANCED_FACE('',(#416),#4081,.T.);
#191=ADVANCED_FACE('',(#417),#3979,.F.);
#192=ADVANCED_FACE('',(#418),#4082,.T.);
#193=ADVANCED_FACE('',(#419,#31),#4083,.T.);
#194=ADVANCED_FACE('',(#420),#3911,.T.);
#195=ADVANCED_FACE('',(#421),#3980,.F.);
#196=ADVANCED_FACE('',(#422),#3981,.T.);
#197=ADVANCED_FACE('',(#423),#3982,.F.);
#198=ADVANCED_FACE('',(#424),#3983,.F.);
#199=ADVANCED_FACE('',(#425),#4084,.T.);
#200=ADVANCED_FACE('',(#426),#4085,.T.);
#201=ADVANCED_FACE('',(#427),#4086,.T.);
#202=ADVANCED_FACE('',(#428),#3984,.F.);
#203=ADVANCED_FACE('',(#429),#4087,.T.);
#204=ADVANCED_FACE('',(#430,#32),#4088,.T.);
#205=ADVANCED_FACE('',(#431),#4089,.T.);
#206=ADVANCED_FACE('',(#432),#4090,.T.);
#207=ADVANCED_FACE('',(#433),#4091,.T.);
#208=ADVANCED_FACE('',(#434),#3985,.F.);
#209=ADVANCED_FACE('',(#435),#3912,.T.);
#210=ADVANCED_FACE('',(#436),#3986,.T.);
#211=ADVANCED_FACE('',(#437),#3987,.T.);
#212=ADVANCED_FACE('',(#438),#3988,.T.);
#213=ADVANCED_FACE('',(#439),#3989,.T.);
#214=ADVANCED_FACE('',(#440),#3913,.T.);
#215=ADVANCED_FACE('',(#441),#3990,.T.);
#216=ADVANCED_FACE('',(#442),#3991,.T.);
#217=ADVANCED_FACE('',(#443),#3992,.T.);
#218=ADVANCED_FACE('',(#444),#3993,.T.);
#219=ADVANCED_FACE('',(#445),#3914,.T.);
#220=ADVANCED_FACE('',(#446),#3915,.T.);
#221=ADVANCED_FACE('',(#447),#3994,.T.);
#222=ADVANCED_FACE('',(#448),#4092,.T.);
#223=ADVANCED_FACE('',(#449),#3995,.T.);
#224=ADVANCED_FACE('',(#450),#3996,.F.);
#225=ADVANCED_FACE('',(#451),#3997,.T.);
#226=ADVANCED_FACE('',(#452),#4093,.T.);
#227=ADVANCED_FACE('',(#453),#3999,.T.);
#228=ADVANCED_FACE('',(#454),#4000,.F.);
#229=ADVANCED_FACE('',(#455,#33,#34,#35,#36,#37,#38,#39,#40),#4094,.T.);
#230=ADVANCED_FACE('',(#456,#41,#42,#43,#44,#45,#46,#47),#4095,.T.);
#231=ADVANCED_FACE('',(#457),#3998,.F.);
#232=ADVANCED_FACE('',(#458),#4001,.F.);
#233=ADVANCED_FACE('',(#459),#3998,.F.);
#234=ADVANCED_FACE('',(#460),#4002,.F.);
#235=ADVANCED_FACE('',(#461),#4003,.F.);
#236=ADVANCED_FACE('',(#462),#4004,.F.);
#237=ADVANCED_FACE('',(#463),#4005,.F.);
#238=ADVANCED_FACE('',(#464),#4122,.T.);
#239=ADVANCED_FACE('',(#465),#4096,.T.);
#240=ADVANCED_FACE('',(#466),#4119,.T.);
#241=ADVANCED_FACE('',(#467),#4123,.T.);
#242=ADVANCED_FACE('',(#468),#4099,.T.);
#243=ADVANCED_FACE('',(#469),#4100,.T.);
#244=ADVANCED_FACE('',(#470),#4101,.T.);
#245=ADVANCED_FACE('',(#471),#4102,.T.);
#246=ADVANCED_FACE('',(#472),#4120,.T.);
#247=ADVANCED_FACE('',(#473),#4103,.T.);
#248=ADVANCED_FACE('',(#474),#4117,.T.);
#249=ADVANCED_FACE('',(#475),#4124,.T.);
#250=ADVANCED_FACE('',(#476),#4106,.T.);
#251=ADVANCED_FACE('',(#477),#4107,.T.);
#252=ADVANCED_FACE('',(#478),#4108,.T.);
#253=ADVANCED_FACE('',(#479),#4109,.T.);
#254=ADVANCED_FACE('',(#480),#4121,.T.);
#255=ADVANCED_FACE('',(#481),#4110,.T.);
#256=ADVANCED_FACE('',(#482),#4118,.T.);
#257=ADVANCED_FACE('',(#483),#4125,.T.);
#258=ADVANCED_FACE('',(#484),#4113,.T.);
#259=ADVANCED_FACE('',(#485),#4114,.T.);
#260=ADVANCED_FACE('',(#486),#4115,.T.);
#261=ADVANCED_FACE('',(#487),#4116,.T.);
#262=ADVANCED_FACE('',(#488),#4104,.T.);
#263=ADVANCED_FACE('',(#489),#4111,.T.);
#264=ADVANCED_FACE('',(#490),#4006,.T.);
#265=ADVANCED_FACE('',(#491),#4007,.T.);
#266=ADVANCED_FACE('',(#492),#4097,.T.);
#267=ADVANCED_FACE('',(#493),#4105,.T.);
#268=ADVANCED_FACE('',(#494),#4112,.T.);
#269=ADVANCED_FACE('',(#495),#4008,.T.);
#270=ADVANCED_FACE('',(#496),#4009,.T.);
#271=ADVANCED_FACE('',(#497),#4010,.T.);
#272=ADVANCED_FACE('',(#498),#4098,.T.);
#273=ADVANCED_FACE('',(#499),#4011,.T.);
#274=FACE_OUTER_BOUND('',#500,.T.);
#275=FACE_OUTER_BOUND('',#501,.T.);
#276=FACE_OUTER_BOUND('',#502,.T.);
#277=FACE_OUTER_BOUND('',#503,.T.);
#278=FACE_OUTER_BOUND('',#504,.T.);
#279=FACE_OUTER_BOUND('',#505,.T.);
#280=FACE_OUTER_BOUND('',#506,.T.);
#281=FACE_OUTER_BOUND('',#507,.T.);
#282=FACE_OUTER_BOUND('',#508,.T.);
#283=FACE_OUTER_BOUND('',#509,.T.);
#284=FACE_OUTER_BOUND('',#510,.T.);
#285=FACE_OUTER_BOUND('',#511,.T.);
#286=FACE_OUTER_BOUND('',#512,.T.);
#287=FACE_OUTER_BOUND('',#513,.T.);
#288=FACE_OUTER_BOUND('',#514,.T.);
#289=FACE_OUTER_BOUND('',#515,.T.);
#290=FACE_OUTER_BOUND('',#516,.T.);
#291=FACE_OUTER_BOUND('',#518,.T.);
#292=FACE_OUTER_BOUND('',#519,.T.);
#293=FACE_OUTER_BOUND('',#520,.T.);
#294=FACE_OUTER_BOUND('',#521,.T.);
#295=FACE_OUTER_BOUND('',#522,.T.);
#296=FACE_OUTER_BOUND('',#523,.T.);
#297=FACE_OUTER_BOUND('',#524,.T.);
#298=FACE_OUTER_BOUND('',#525,.T.);
#299=FACE_OUTER_BOUND('',#526,.T.);
#300=FACE_OUTER_BOUND('',#527,.T.);
#301=FACE_OUTER_BOUND('',#528,.T.);
#302=FACE_OUTER_BOUND('',#530,.T.);
#303=FACE_OUTER_BOUND('',#531,.T.);
#304=FACE_OUTER_BOUND('',#532,.T.);
#305=FACE_OUTER_BOUND('',#533,.T.);
#306=FACE_OUTER_BOUND('',#534,.T.);
#307=FACE_OUTER_BOUND('',#535,.T.);
#308=FACE_OUTER_BOUND('',#537,.T.);
#309=FACE_OUTER_BOUND('',#538,.T.);
#310=FACE_OUTER_BOUND('',#539,.T.);
#311=FACE_OUTER_BOUND('',#540,.T.);
#312=FACE_OUTER_BOUND('',#541,.T.);
#313=FACE_OUTER_BOUND('',#542,.T.);
#314=FACE_OUTER_BOUND('',#543,.T.);
#315=FACE_OUTER_BOUND('',#544,.T.);
#316=FACE_OUTER_BOUND('',#545,.T.);
#317=FACE_OUTER_BOUND('',#546,.T.);
#318=FACE_OUTER_BOUND('',#547,.T.);
#319=FACE_OUTER_BOUND('',#549,.T.);
#320=FACE_OUTER_BOUND('',#550,.T.);
#321=FACE_OUTER_BOUND('',#551,.T.);
#322=FACE_OUTER_BOUND('',#552,.T.);
#323=FACE_OUTER_BOUND('',#553,.T.);
#324=FACE_OUTER_BOUND('',#554,.T.);
#325=FACE_OUTER_BOUND('',#555,.T.);
#326=FACE_OUTER_BOUND('',#556,.T.);
#327=FACE_OUTER_BOUND('',#557,.T.);
#328=FACE_OUTER_BOUND('',#558,.T.);
#329=FACE_OUTER_BOUND('',#559,.T.);
#330=FACE_OUTER_BOUND('',#560,.T.);
#331=FACE_OUTER_BOUND('',#561,.T.);
#332=FACE_OUTER_BOUND('',#562,.T.);
#333=FACE_OUTER_BOUND('',#563,.T.);
#334=FACE_OUTER_BOUND('',#564,.T.);
#335=FACE_OUTER_BOUND('',#565,.T.);
#336=FACE_OUTER_BOUND('',#571,.T.);
#337=FACE_OUTER_BOUND('',#576,.T.);
#338=FACE_OUTER_BOUND('',#577,.T.);
#339=FACE_OUTER_BOUND('',#578,.T.);
#340=FACE_OUTER_BOUND('',#579,.T.);
#341=FACE_OUTER_BOUND('',#580,.T.);
#342=FACE_OUTER_BOUND('',#581,.T.);
#343=FACE_OUTER_BOUND('',#582,.T.);
#344=FACE_OUTER_BOUND('',#583,.T.);
#345=FACE_OUTER_BOUND('',#584,.T.);
#346=FACE_OUTER_BOUND('',#585,.T.);
#347=FACE_OUTER_BOUND('',#586,.T.);
#348=FACE_OUTER_BOUND('',#587,.T.);
#349=FACE_OUTER_BOUND('',#588,.T.);
#350=FACE_OUTER_BOUND('',#589,.T.);
#351=FACE_OUTER_BOUND('',#590,.T.);
#352=FACE_OUTER_BOUND('',#591,.T.);
#353=FACE_OUTER_BOUND('',#592,.T.);
#354=FACE_OUTER_BOUND('',#593,.T.);
#355=FACE_OUTER_BOUND('',#594,.T.);
#356=FACE_OUTER_BOUND('',#595,.T.);
#357=FACE_OUTER_BOUND('',#596,.T.);
#358=FACE_OUTER_BOUND('',#597,.T.);
#359=FACE_OUTER_BOUND('',#598,.T.);
#360=FACE_OUTER_BOUND('',#599,.T.);
#361=FACE_OUTER_BOUND('',#600,.T.);
#362=FACE_OUTER_BOUND('',#601,.T.);
#363=FACE_OUTER_BOUND('',#602,.T.);
#364=FACE_OUTER_BOUND('',#603,.T.);
#365=FACE_OUTER_BOUND('',#604,.T.);
#366=FACE_OUTER_BOUND('',#605,.T.);
#367=FACE_OUTER_BOUND('',#606,.T.);
#368=FACE_OUTER_BOUND('',#607,.T.);
#369=FACE_OUTER_BOUND('',#608,.T.);
#370=FACE_OUTER_BOUND('',#609,.T.);
#371=FACE_OUTER_BOUND('',#610,.T.);
#372=FACE_OUTER_BOUND('',#611,.T.);
#373=FACE_OUTER_BOUND('',#612,.T.);
#374=FACE_OUTER_BOUND('',#613,.T.);
#375=FACE_OUTER_BOUND('',#614,.T.);
#376=FACE_OUTER_BOUND('',#615,.T.);
#377=FACE_OUTER_BOUND('',#616,.T.);
#378=FACE_OUTER_BOUND('',#617,.T.);
#379=FACE_OUTER_BOUND('',#618,.T.);
#380=FACE_OUTER_BOUND('',#619,.T.);
#381=FACE_OUTER_BOUND('',#620,.T.);
#382=FACE_OUTER_BOUND('',#621,.T.);
#383=FACE_OUTER_BOUND('',#622,.T.);
#384=FACE_OUTER_BOUND('',#623,.T.);
#385=FACE_OUTER_BOUND('',#624,.T.);
#386=FACE_OUTER_BOUND('',#625,.T.);
#387=FACE_OUTER_BOUND('',#626,.T.);
#388=FACE_OUTER_BOUND('',#627,.T.);
#389=FACE_OUTER_BOUND('',#628,.T.);
#390=FACE_OUTER_BOUND('',#629,.T.);
#391=FACE_OUTER_BOUND('',#630,.T.);
#392=FACE_OUTER_BOUND('',#631,.T.);
#393=FACE_OUTER_BOUND('',#632,.T.);
#394=FACE_OUTER_BOUND('',#633,.T.);
#395=FACE_OUTER_BOUND('',#634,.T.);
#396=FACE_OUTER_BOUND('',#635,.T.);
#397=FACE_OUTER_BOUND('',#636,.T.);
#398=FACE_OUTER_BOUND('',#637,.T.);
#399=FACE_OUTER_BOUND('',#638,.T.);
#400=FACE_OUTER_BOUND('',#639,.T.);
#401=FACE_OUTER_BOUND('',#640,.T.);
#402=FACE_OUTER_BOUND('',#641,.T.);
#403=FACE_OUTER_BOUND('',#643,.T.);
#404=FACE_OUTER_BOUND('',#644,.T.);
#405=FACE_OUTER_BOUND('',#645,.T.);
#406=FACE_OUTER_BOUND('',#646,.T.);
#407=FACE_OUTER_BOUND('',#647,.T.);
#408=FACE_OUTER_BOUND('',#648,.T.);
#409=FACE_OUTER_BOUND('',#649,.T.);
#410=FACE_OUTER_BOUND('',#650,.T.);
#411=FACE_OUTER_BOUND('',#651,.T.);
#412=FACE_OUTER_BOUND('',#652,.T.);
#413=FACE_OUTER_BOUND('',#653,.T.);
#414=FACE_OUTER_BOUND('',#655,.T.);
#415=FACE_OUTER_BOUND('',#656,.T.);
#416=FACE_OUTER_BOUND('',#657,.T.);
#417=FACE_OUTER_BOUND('',#658,.T.);
#418=FACE_OUTER_BOUND('',#659,.T.);
#419=FACE_OUTER_BOUND('',#660,.T.);
#420=FACE_OUTER_BOUND('',#662,.T.);
#421=FACE_OUTER_BOUND('',#663,.T.);
#422=FACE_OUTER_BOUND('',#664,.T.);
#423=FACE_OUTER_BOUND('',#665,.T.);
#424=FACE_OUTER_BOUND('',#666,.T.);
#425=FACE_OUTER_BOUND('',#667,.T.);
#426=FACE_OUTER_BOUND('',#668,.T.);
#427=FACE_OUTER_BOUND('',#669,.T.);
#428=FACE_OUTER_BOUND('',#670,.T.);
#429=FACE_OUTER_BOUND('',#671,.T.);
#430=FACE_OUTER_BOUND('',#672,.T.);
#431=FACE_OUTER_BOUND('',#674,.T.);
#432=FACE_OUTER_BOUND('',#675,.T.);
#433=FACE_OUTER_BOUND('',#676,.T.);
#434=FACE_OUTER_BOUND('',#677,.T.);
#435=FACE_OUTER_BOUND('',#678,.T.);
#436=FACE_OUTER_BOUND('',#679,.T.);
#437=FACE_OUTER_BOUND('',#680,.T.);
#438=FACE_OUTER_BOUND('',#681,.T.);
#439=FACE_OUTER_BOUND('',#682,.T.);
#440=FACE_OUTER_BOUND('',#683,.T.);
#441=FACE_OUTER_BOUND('',#684,.T.);
#442=FACE_OUTER_BOUND('',#685,.T.);
#443=FACE_OUTER_BOUND('',#686,.T.);
#444=FACE_OUTER_BOUND('',#687,.T.);
#445=FACE_OUTER_BOUND('',#688,.T.);
#446=FACE_OUTER_BOUND('',#689,.T.);
#447=FACE_OUTER_BOUND('',#690,.T.);
#448=FACE_OUTER_BOUND('',#691,.T.);
#449=FACE_OUTER_BOUND('',#692,.T.);
#450=FACE_OUTER_BOUND('',#693,.T.);
#451=FACE_OUTER_BOUND('',#694,.T.);
#452=FACE_OUTER_BOUND('',#695,.T.);
#453=FACE_OUTER_BOUND('',#696,.T.);
#454=FACE_OUTER_BOUND('',#697,.T.);
#455=FACE_OUTER_BOUND('',#698,.T.);
#456=FACE_OUTER_BOUND('',#707,.T.);
#457=FACE_OUTER_BOUND('',#715,.T.);
#458=FACE_OUTER_BOUND('',#716,.T.);
#459=FACE_OUTER_BOUND('',#717,.T.);
#460=FACE_OUTER_BOUND('',#718,.T.);
#461=FACE_OUTER_BOUND('',#719,.T.);
#462=FACE_OUTER_BOUND('',#720,.T.);
#463=FACE_OUTER_BOUND('',#721,.T.);
#464=FACE_OUTER_BOUND('',#722,.T.);
#465=FACE_OUTER_BOUND('',#723,.T.);
#466=FACE_OUTER_BOUND('',#724,.T.);
#467=FACE_OUTER_BOUND('',#725,.T.);
#468=FACE_OUTER_BOUND('',#726,.T.);
#469=FACE_OUTER_BOUND('',#727,.T.);
#470=FACE_OUTER_BOUND('',#728,.T.);
#471=FACE_OUTER_BOUND('',#729,.T.);
#472=FACE_OUTER_BOUND('',#730,.T.);
#473=FACE_OUTER_BOUND('',#731,.T.);
#474=FACE_OUTER_BOUND('',#732,.T.);
#475=FACE_OUTER_BOUND('',#733,.T.);
#476=FACE_OUTER_BOUND('',#734,.T.);
#477=FACE_OUTER_BOUND('',#735,.T.);
#478=FACE_OUTER_BOUND('',#736,.T.);
#479=FACE_OUTER_BOUND('',#737,.T.);
#480=FACE_OUTER_BOUND('',#738,.T.);
#481=FACE_OUTER_BOUND('',#739,.T.);
#482=FACE_OUTER_BOUND('',#740,.T.);
#483=FACE_OUTER_BOUND('',#741,.T.);
#484=FACE_OUTER_BOUND('',#742,.T.);
#485=FACE_OUTER_BOUND('',#743,.T.);
#486=FACE_OUTER_BOUND('',#744,.T.);
#487=FACE_OUTER_BOUND('',#745,.T.);
#488=FACE_OUTER_BOUND('',#746,.T.);
#489=FACE_OUTER_BOUND('',#747,.T.);
#490=FACE_OUTER_BOUND('',#748,.T.);
#491=FACE_OUTER_BOUND('',#749,.T.);
#492=FACE_OUTER_BOUND('',#750,.T.);
#493=FACE_OUTER_BOUND('',#751,.T.);
#494=FACE_OUTER_BOUND('',#752,.T.);
#495=FACE_OUTER_BOUND('',#753,.T.);
#496=FACE_OUTER_BOUND('',#754,.T.);
#497=FACE_OUTER_BOUND('',#755,.T.);
#498=FACE_OUTER_BOUND('',#756,.T.);
#499=FACE_OUTER_BOUND('',#757,.T.);
#500=EDGE_LOOP('',(#758,#759,#760,#761));
#501=EDGE_LOOP('',(#762,#763,#764,#765));
#502=EDGE_LOOP('',(#766,#767,#768,#769));
#503=EDGE_LOOP('',(#770,#771,#772,#773));
#504=EDGE_LOOP('',(#774,#775,#776,#777));
#505=EDGE_LOOP('',(#778,#779,#780,#781));
#506=EDGE_LOOP('',(#782,#783,#784,#785));
#507=EDGE_LOOP('',(#786,#787,#788,#789,#790,#791));
#508=EDGE_LOOP('',(#792,#793,#794,#795));
#509=EDGE_LOOP('',(#796,#797,#798,#799));
#510=EDGE_LOOP('',(#800,#801,#802,#803));
#511=EDGE_LOOP('',(#804,#805,#806,#807));
#512=EDGE_LOOP('',(#808,#809,#810,#811,#812,#813));
#513=EDGE_LOOP('',(#814,#815,#816,#817));
#514=EDGE_LOOP('',(#818,#819,#820,#821));
#515=EDGE_LOOP('',(#822,#823,#824,#825));
#516=EDGE_LOOP('',(#826,#827,#828,#829,#830,#831,#832,#833,#834,#835,#836,
#837));
#517=EDGE_LOOP('',(#838));
#518=EDGE_LOOP('',(#839,#840,#841,#842,#843,#844));
#519=EDGE_LOOP('',(#845,#846,#847,#848));
#520=EDGE_LOOP('',(#849,#850,#851,#852));
#521=EDGE_LOOP('',(#853,#854,#855,#856));
#522=EDGE_LOOP('',(#857,#858,#859,#860));
#523=EDGE_LOOP('',(#861,#862,#863,#864));
#524=EDGE_LOOP('',(#865,#866,#867,#868));
#525=EDGE_LOOP('',(#869,#870,#871,#872));
#526=EDGE_LOOP('',(#873,#874,#875,#876));
#527=EDGE_LOOP('',(#877,#878,#879,#880));
#528=EDGE_LOOP('',(#881,#882,#883,#884,#885,#886,#887,#888,#889,#890,#891,
#892));
#529=EDGE_LOOP('',(#893));
#530=EDGE_LOOP('',(#894,#895,#896,#897));
#531=EDGE_LOOP('',(#898,#899,#900,#901));
#532=EDGE_LOOP('',(#902,#903,#904,#905));
#533=EDGE_LOOP('',(#906,#907,#908,#909));
#534=EDGE_LOOP('',(#910,#911,#912,#913));
#535=EDGE_LOOP('',(#914,#915,#916,#917,#918,#919,#920,#921,#922,#923,#924,
#925));
#536=EDGE_LOOP('',(#926));
#537=EDGE_LOOP('',(#927,#928,#929,#930,#931,#932));
#538=EDGE_LOOP('',(#933,#934,#935,#936));
#539=EDGE_LOOP('',(#937,#938,#939,#940));
#540=EDGE_LOOP('',(#941,#942,#943,#944));
#541=EDGE_LOOP('',(#945,#946,#947,#948));
#542=EDGE_LOOP('',(#949,#950,#951,#952));
#543=EDGE_LOOP('',(#953,#954,#955,#956));
#544=EDGE_LOOP('',(#957,#958,#959,#960));
#545=EDGE_LOOP('',(#961,#962,#963,#964));
#546=EDGE_LOOP('',(#965,#966,#967,#968));
#547=EDGE_LOOP('',(#969,#970,#971,#972,#973,#974,#975,#976,#977,#978,#979,
#980,#981));
#548=EDGE_LOOP('',(#982));
#549=EDGE_LOOP('',(#983,#984,#985,#986));
#550=EDGE_LOOP('',(#987,#988,#989,#990));
#551=EDGE_LOOP('',(#991,#992,#993,#994));
#552=EDGE_LOOP('',(#995,#996,#997,#998));
#553=EDGE_LOOP('',(#999,#1000,#1001,#1002,#1003,#1004));
#554=EDGE_LOOP('',(#1005,#1006,#1007,#1008));
#555=EDGE_LOOP('',(#1009,#1010,#1011,#1012));
#556=EDGE_LOOP('',(#1013,#1014,#1015,#1016));
#557=EDGE_LOOP('',(#1017,#1018,#1019,#1020));
#558=EDGE_LOOP('',(#1021,#1022,#1023,#1024,#1025,#1026));
#559=EDGE_LOOP('',(#1027,#1028,#1029,#1030));
#560=EDGE_LOOP('',(#1031,#1032,#1033,#1034));
#561=EDGE_LOOP('',(#1035,#1036,#1037,#1038));
#562=EDGE_LOOP('',(#1039,#1040,#1041,#1042));
#563=EDGE_LOOP('',(#1043,#1044,#1045,#1046,#1047,#1048));
#564=EDGE_LOOP('',(#1049,#1050,#1051,#1052,#1053,#1054));
#565=EDGE_LOOP('',(#1055,#1056,#1057,#1058,#1059,#1060,#1061,#1062,#1063,
#1064,#1065,#1066,#1067,#1068,#1069,#1070,#1071,#1072,#1073,#1074,#1075,
#1076,#1077,#1078,#1079,#1080,#1081,#1082,#1083,#1084,#1085,#1086,#1087));
#566=EDGE_LOOP('',(#1088));
#567=EDGE_LOOP('',(#1089));
#568=EDGE_LOOP('',(#1090));
#569=EDGE_LOOP('',(#1091));
#570=EDGE_LOOP('',(#1092));
#571=EDGE_LOOP('',(#1093,#1094,#1095,#1096,#1097,#1098,#1099,#1100,#1101,
#1102,#1103,#1104,#1105,#1106,#1107,#1108,#1109,#1110,#1111,#1112,#1113,
#1114,#1115,#1116,#1117,#1118,#1119,#1120,#1121,#1122,#1123,#1124,#1125,
#1126,#1127,#1128,#1129,#1130,#1131,#1132,#1133,#1134,#1135,#1136,#1137,
#1138,#1139,#1140));
#572=EDGE_LOOP('',(#1141));
#573=EDGE_LOOP('',(#1142,#1143,#1144,#1145,#1146,#1147,#1148,#1149,#1150,
#1151));
#574=EDGE_LOOP('',(#1152,#1153,#1154,#1155,#1156,#1157,#1158,#1159,#1160,
#1161));
#575=EDGE_LOOP('',(#1162,#1163,#1164,#1165,#1166,#1167,#1168,#1169,#1170,
#1171));
#576=EDGE_LOOP('',(#1172,#1173,#1174,#1175));
#577=EDGE_LOOP('',(#1176,#1177,#1178,#1179));
#578=EDGE_LOOP('',(#1180,#1181,#1182,#1183));
#579=EDGE_LOOP('',(#1184,#1185,#1186,#1187));
#580=EDGE_LOOP('',(#1188,#1189,#1190,#1191));
#581=EDGE_LOOP('',(#1192,#1193,#1194,#1195));
#582=EDGE_LOOP('',(#1196,#1197,#1198,#1199));
#583=EDGE_LOOP('',(#1200,#1201,#1202,#1203));
#584=EDGE_LOOP('',(#1204,#1205,#1206,#1207));
#585=EDGE_LOOP('',(#1208,#1209,#1210,#1211,#1212,#1213));
#586=EDGE_LOOP('',(#1214,#1215,#1216,#1217,#1218,#1219));
#587=EDGE_LOOP('',(#1220,#1221,#1222,#1223,#1224,#1225,#1226,#1227,#1228));
#588=EDGE_LOOP('',(#1229,#1230,#1231,#1232));
#589=EDGE_LOOP('',(#1233,#1234,#1235,#1236));
#590=EDGE_LOOP('',(#1237,#1238,#1239,#1240));
#591=EDGE_LOOP('',(#1241,#1242,#1243,#1244,#1245,#1246));
#592=EDGE_LOOP('',(#1247,#1248,#1249,#1250,#1251,#1252));
#593=EDGE_LOOP('',(#1253,#1254,#1255,#1256,#1257,#1258));
#594=EDGE_LOOP('',(#1259,#1260,#1261,#1262,#1263,#1264));
#595=EDGE_LOOP('',(#1265,#1266,#1267,#1268));
#596=EDGE_LOOP('',(#1269,#1270,#1271,#1272,#1273,#1274,#1275));
#597=EDGE_LOOP('',(#1276,#1277,#1278,#1279,#1280,#1281,#1282,#1283,#1284));
#598=EDGE_LOOP('',(#1285,#1286,#1287,#1288));
#599=EDGE_LOOP('',(#1289,#1290,#1291,#1292));
#600=EDGE_LOOP('',(#1293,#1294,#1295,#1296));
#601=EDGE_LOOP('',(#1297,#1298,#1299,#1300,#1301,#1302));
#602=EDGE_LOOP('',(#1303,#1304,#1305,#1306,#1307,#1308));
#603=EDGE_LOOP('',(#1309,#1310,#1311,#1312,#1313,#1314));
#604=EDGE_LOOP('',(#1315,#1316,#1317,#1318,#1319,#1320));
#605=EDGE_LOOP('',(#1321,#1322,#1323,#1324));
#606=EDGE_LOOP('',(#1325,#1326,#1327,#1328,#1329,#1330,#1331));
#607=EDGE_LOOP('',(#1332,#1333,#1334,#1335,#1336,#1337,#1338,#1339,#1340));
#608=EDGE_LOOP('',(#1341,#1342,#1343,#1344));
#609=EDGE_LOOP('',(#1345,#1346,#1347,#1348));
#610=EDGE_LOOP('',(#1349,#1350,#1351,#1352));
#611=EDGE_LOOP('',(#1353,#1354,#1355,#1356,#1357,#1358));
#612=EDGE_LOOP('',(#1359,#1360,#1361,#1362,#1363,#1364));
#613=EDGE_LOOP('',(#1365,#1366,#1367,#1368));
#614=EDGE_LOOP('',(#1369,#1370,#1371,#1372));
#615=EDGE_LOOP('',(#1373,#1374,#1375,#1376));
#616=EDGE_LOOP('',(#1377,#1378,#1379,#1380));
#617=EDGE_LOOP('',(#1381,#1382,#1383,#1384));
#618=EDGE_LOOP('',(#1385,#1386,#1387,#1388,#1389,#1390,#1391));
#619=EDGE_LOOP('',(#1392,#1393,#1394,#1395));
#620=EDGE_LOOP('',(#1396,#1397,#1398,#1399));
#621=EDGE_LOOP('',(#1400,#1401,#1402,#1403));
#622=EDGE_LOOP('',(#1404,#1405,#1406,#1407));
#623=EDGE_LOOP('',(#1408,#1409,#1410,#1411));
#624=EDGE_LOOP('',(#1412,#1413,#1414,#1415));
#625=EDGE_LOOP('',(#1416,#1417,#1418,#1419));
#626=EDGE_LOOP('',(#1420,#1421,#1422,#1423));
#627=EDGE_LOOP('',(#1424,#1425,#1426,#1427));
#628=EDGE_LOOP('',(#1428,#1429,#1430,#1431));
#629=EDGE_LOOP('',(#1432,#1433,#1434,#1435));
#630=EDGE_LOOP('',(#1436,#1437,#1438,#1439));
#631=EDGE_LOOP('',(#1440,#1441,#1442,#1443));
#632=EDGE_LOOP('',(#1444,#1445,#1446,#1447,#1448,#1449));
#633=EDGE_LOOP('',(#1450,#1451,#1452,#1453));
#634=EDGE_LOOP('',(#1454,#1455,#1456,#1457));
#635=EDGE_LOOP('',(#1458,#1459,#1460,#1461));
#636=EDGE_LOOP('',(#1462,#1463,#1464,#1465));
#637=EDGE_LOOP('',(#1466,#1467,#1468,#1469,#1470,#1471));
#638=EDGE_LOOP('',(#1472,#1473,#1474,#1475));
#639=EDGE_LOOP('',(#1476,#1477,#1478,#1479));
#640=EDGE_LOOP('',(#1480,#1481,#1482,#1483));
#641=EDGE_LOOP('',(#1484,#1485,#1486,#1487,#1488,#1489,#1490,#1491,#1492,
#1493,#1494,#1495));
#642=EDGE_LOOP('',(#1496));
#643=EDGE_LOOP('',(#1497,#1498,#1499,#1500,#1501,#1502));
#644=EDGE_LOOP('',(#1503,#1504,#1505,#1506));
#645=EDGE_LOOP('',(#1507,#1508,#1509,#1510));
#646=EDGE_LOOP('',(#1511,#1512,#1513,#1514));
#647=EDGE_LOOP('',(#1515,#1516,#1517,#1518));
#648=EDGE_LOOP('',(#1519,#1520,#1521,#1522));
#649=EDGE_LOOP('',(#1523,#1524,#1525,#1526));
#650=EDGE_LOOP('',(#1527,#1528,#1529,#1530));
#651=EDGE_LOOP('',(#1531,#1532,#1533,#1534));
#652=EDGE_LOOP('',(#1535,#1536,#1537,#1538));
#653=EDGE_LOOP('',(#1539,#1540,#1541,#1542,#1543,#1544,#1545,#1546,#1547,
#1548,#1549,#1550));
#654=EDGE_LOOP('',(#1551));
#655=EDGE_LOOP('',(#1552,#1553,#1554,#1555));
#656=EDGE_LOOP('',(#1556,#1557,#1558,#1559));
#657=EDGE_LOOP('',(#1560,#1561,#1562,#1563));
#658=EDGE_LOOP('',(#1564,#1565,#1566,#1567));
#659=EDGE_LOOP('',(#1568,#1569,#1570,#1571));
#660=EDGE_LOOP('',(#1572,#1573,#1574,#1575,#1576,#1577,#1578,#1579,#1580,
#1581,#1582,#1583));
#661=EDGE_LOOP('',(#1584));
#662=EDGE_LOOP('',(#1585,#1586,#1587,#1588,#1589,#1590));
#663=EDGE_LOOP('',(#1591,#1592,#1593,#1594));
#664=EDGE_LOOP('',(#1595,#1596,#1597,#1598));
#665=EDGE_LOOP('',(#1599,#1600,#1601,#1602));
#666=EDGE_LOOP('',(#1603,#1604,#1605,#1606));
#667=EDGE_LOOP('',(#1607,#1608,#1609,#1610));
#668=EDGE_LOOP('',(#1611,#1612,#1613,#1614));
#669=EDGE_LOOP('',(#1615,#1616,#1617,#1618));
#670=EDGE_LOOP('',(#1619,#1620,#1621,#1622));
#671=EDGE_LOOP('',(#1623,#1624,#1625,#1626));
#672=EDGE_LOOP('',(#1627,#1628,#1629,#1630,#1631,#1632,#1633,#1634,#1635,
#1636,#1637,#1638,#1639));
#673=EDGE_LOOP('',(#1640));
#674=EDGE_LOOP('',(#1641,#1642,#1643,#1644));
#675=EDGE_LOOP('',(#1645,#1646,#1647,#1648));
#676=EDGE_LOOP('',(#1649,#1650,#1651,#1652));
#677=EDGE_LOOP('',(#1653,#1654,#1655,#1656));
#678=EDGE_LOOP('',(#1657,#1658,#1659,#1660,#1661,#1662));
#679=EDGE_LOOP('',(#1663,#1664,#1665,#1666));
#680=EDGE_LOOP('',(#1667,#1668,#1669,#1670));
#681=EDGE_LOOP('',(#1671,#1672,#1673,#1674));
#682=EDGE_LOOP('',(#1675,#1676,#1677,#1678));
#683=EDGE_LOOP('',(#1679,#1680,#1681,#1682,#1683,#1684));
#684=EDGE_LOOP('',(#1685,#1686,#1687,#1688));
#685=EDGE_LOOP('',(#1689,#1690,#1691,#1692));
#686=EDGE_LOOP('',(#1693,#1694,#1695,#1696));
#687=EDGE_LOOP('',(#1697,#1698,#1699,#1700));
#688=EDGE_LOOP('',(#1701,#1702,#1703,#1704,#1705,#1706));
#689=EDGE_LOOP('',(#1707,#1708,#1709,#1710,#1711,#1712));
#690=EDGE_LOOP('',(#1713,#1714,#1715,#1716));
#691=EDGE_LOOP('',(#1717,#1718,#1719,#1720));
#692=EDGE_LOOP('',(#1721,#1722,#1723,#1724));
#693=EDGE_LOOP('',(#1725,#1726,#1727,#1728));
#694=EDGE_LOOP('',(#1729,#1730,#1731,#1732));
#695=EDGE_LOOP('',(#1733,#1734,#1735,#1736));
#696=EDGE_LOOP('',(#1737,#1738,#1739,#1740));
#697=EDGE_LOOP('',(#1741,#1742,#1743,#1744));
#698=EDGE_LOOP('',(#1745,#1746,#1747,#1748,#1749,#1750,#1751,#1752,#1753,
#1754,#1755,#1756,#1757,#1758,#1759,#1760,#1761,#1762,#1763,#1764,#1765,
#1766,#1767,#1768,#1769,#1770,#1771,#1772,#1773,#1774,#1775,#1776,#1777,
#1778,#1779,#1780,#1781,#1782,#1783,#1784));
#699=EDGE_LOOP('',(#1785));
#700=EDGE_LOOP('',(#1786));
#701=EDGE_LOOP('',(#1787));
#702=EDGE_LOOP('',(#1788));
#703=EDGE_LOOP('',(#1789));
#704=EDGE_LOOP('',(#1790));
#705=EDGE_LOOP('',(#1791));
#706=EDGE_LOOP('',(#1792));
#707=EDGE_LOOP('',(#1793,#1794,#1795,#1796,#1797,#1798,#1799,#1800,#1801,
#1802,#1803,#1804,#1805,#1806,#1807,#1808,#1809,#1810,#1811,#1812,#1813,
#1814,#1815,#1816,#1817,#1818,#1819,#1820,#1821,#1822,#1823,#1824,#1825,
#1826,#1827,#1828,#1829,#1830,#1831,#1832,#1833,#1834,#1835,#1836,#1837,
#1838,#1839,#1840,#1841,#1842,#1843,#1844,#1845,#1846,#1847));
#708=EDGE_LOOP('',(#1848));
#709=EDGE_LOOP('',(#1849));
#710=EDGE_LOOP('',(#1850));
#711=EDGE_LOOP('',(#1851));
#712=EDGE_LOOP('',(#1852,#1853,#1854,#1855,#1856,#1857,#1858,#1859,#1860,
#1861));
#713=EDGE_LOOP('',(#1862,#1863,#1864,#1865,#1866,#1867,#1868,#1869,#1870,
#1871));
#714=EDGE_LOOP('',(#1872,#1873,#1874,#1875,#1876,#1877,#1878,#1879,#1880,
#1881));
#715=EDGE_LOOP('',(#1882,#1883,#1884,#1885));
#716=EDGE_LOOP('',(#1886,#1887,#1888,#1889));
#717=EDGE_LOOP('',(#1890,#1891,#1892,#1893));
#718=EDGE_LOOP('',(#1894,#1895,#1896,#1897));
#719=EDGE_LOOP('',(#1898,#1899,#1900,#1901));
#720=EDGE_LOOP('',(#1902,#1903,#1904,#1905));
#721=EDGE_LOOP('',(#1906,#1907,#1908,#1909));
#722=EDGE_LOOP('',(#1910,#1911,#1912,#1913,#1914,#1915));
#723=EDGE_LOOP('',(#1916,#1917,#1918,#1919,#1920,#1921));
#724=EDGE_LOOP('',(#1922,#1923,#1924,#1925,#1926,#1927,#1928,#1929,#1930));
#725=EDGE_LOOP('',(#1931,#1932,#1933,#1934));
#726=EDGE_LOOP('',(#1935,#1936,#1937,#1938));
#727=EDGE_LOOP('',(#1939,#1940,#1941,#1942));
#728=EDGE_LOOP('',(#1943,#1944,#1945,#1946,#1947,#1948));
#729=EDGE_LOOP('',(#1949,#1950,#1951,#1952,#1953,#1954));
#730=EDGE_LOOP('',(#1955,#1956,#1957,#1958,#1959,#1960));
#731=EDGE_LOOP('',(#1961,#1962,#1963,#1964,#1965,#1966));
#732=EDGE_LOOP('',(#1967,#1968,#1969,#1970,#1971,#1972,#1973,#1974,#1975));
#733=EDGE_LOOP('',(#1976,#1977,#1978,#1979));
#734=EDGE_LOOP('',(#1980,#1981,#1982,#1983));
#735=EDGE_LOOP('',(#1984,#1985,#1986,#1987));
#736=EDGE_LOOP('',(#1988,#1989,#1990,#1991,#1992,#1993));
#737=EDGE_LOOP('',(#1994,#1995,#1996,#1997,#1998,#1999));
#738=EDGE_LOOP('',(#2000,#2001,#2002,#2003,#2004,#2005));
#739=EDGE_LOOP('',(#2006,#2007,#2008,#2009,#2010,#2011));
#740=EDGE_LOOP('',(#2012,#2013,#2014,#2015,#2016,#2017,#2018,#2019,#2020));
#741=EDGE_LOOP('',(#2021,#2022,#2023,#2024));
#742=EDGE_LOOP('',(#2025,#2026,#2027,#2028));
#743=EDGE_LOOP('',(#2029,#2030,#2031,#2032));
#744=EDGE_LOOP('',(#2033,#2034,#2035,#2036,#2037,#2038));
#745=EDGE_LOOP('',(#2039,#2040,#2041,#2042,#2043,#2044));
#746=EDGE_LOOP('',(#2045,#2046,#2047,#2048));
#747=EDGE_LOOP('',(#2049,#2050,#2051,#2052));
#748=EDGE_LOOP('',(#2053,#2054,#2055,#2056));
#749=EDGE_LOOP('',(#2057,#2058,#2059,#2060));
#750=EDGE_LOOP('',(#2061,#2062,#2063,#2064));
#751=EDGE_LOOP('',(#2065,#2066,#2067,#2068,#2069,#2070,#2071));
#752=EDGE_LOOP('',(#2072,#2073,#2074,#2075,#2076,#2077,#2078));
#753=EDGE_LOOP('',(#2079,#2080,#2081,#2082));
#754=EDGE_LOOP('',(#2083,#2084,#2085,#2086));
#755=EDGE_LOOP('',(#2087,#2088,#2089,#2090));
#756=EDGE_LOOP('',(#2091,#2092,#2093,#2094,#2095,#2096,#2097));
#757=EDGE_LOOP('',(#2098,#2099,#2100,#2101));
#758=ORIENTED_EDGE('',*,*,#2296,.T.);
#759=ORIENTED_EDGE('',*,*,#2103,.F.);
#760=ORIENTED_EDGE('',*,*,#2295,.F.);
#761=ORIENTED_EDGE('',*,*,#2297,.F.);
#762=ORIENTED_EDGE('',*,*,#2109,.F.);
#763=ORIENTED_EDGE('',*,*,#2106,.F.);
#764=ORIENTED_EDGE('',*,*,#2108,.T.);
#765=ORIENTED_EDGE('',*,*,#2286,.F.);
#766=ORIENTED_EDGE('',*,*,#2211,.T.);
#767=ORIENTED_EDGE('',*,*,#2220,.T.);
#768=ORIENTED_EDGE('',*,*,#2110,.F.);
#769=ORIENTED_EDGE('',*,*,#2221,.F.);
#770=ORIENTED_EDGE('',*,*,#2212,.T.);
#771=ORIENTED_EDGE('',*,*,#2222,.T.);
#772=ORIENTED_EDGE('',*,*,#2111,.F.);
#773=ORIENTED_EDGE('',*,*,#2220,.F.);
#774=ORIENTED_EDGE('',*,*,#2213,.T.);
#775=ORIENTED_EDGE('',*,*,#2223,.T.);
#776=ORIENTED_EDGE('',*,*,#2112,.F.);
#777=ORIENTED_EDGE('',*,*,#2222,.F.);
#778=ORIENTED_EDGE('',*,*,#2214,.T.);
#779=ORIENTED_EDGE('',*,*,#2224,.T.);
#780=ORIENTED_EDGE('',*,*,#2113,.F.);
#781=ORIENTED_EDGE('',*,*,#2223,.F.);
#782=ORIENTED_EDGE('',*,*,#2120,.T.);
#783=ORIENTED_EDGE('',*,*,#2121,.T.);
#784=ORIENTED_EDGE('',*,*,#2122,.F.);
#785=ORIENTED_EDGE('',*,*,#2118,.F.);
#786=ORIENTED_EDGE('',*,*,#2243,.T.);
#787=ORIENTED_EDGE('',*,*,#2275,.T.);
#788=ORIENTED_EDGE('',*,*,#2177,.T.);
#789=ORIENTED_EDGE('',*,*,#2124,.F.);
#790=ORIENTED_EDGE('',*,*,#2121,.F.);
#791=ORIENTED_EDGE('',*,*,#2123,.T.);
#792=ORIENTED_EDGE('',*,*,#2169,.T.);
#793=ORIENTED_EDGE('',*,*,#2178,.T.);
#794=ORIENTED_EDGE('',*,*,#2125,.F.);
#795=ORIENTED_EDGE('',*,*,#2177,.F.);
#796=ORIENTED_EDGE('',*,*,#2170,.T.);
#797=ORIENTED_EDGE('',*,*,#2179,.T.);
#798=ORIENTED_EDGE('',*,*,#2126,.F.);
#799=ORIENTED_EDGE('',*,*,#2178,.F.);
#800=ORIENTED_EDGE('',*,*,#2171,.T.);
#801=ORIENTED_EDGE('',*,*,#2180,.T.);
#802=ORIENTED_EDGE('',*,*,#2127,.F.);
#803=ORIENTED_EDGE('',*,*,#2179,.F.);
#804=ORIENTED_EDGE('',*,*,#2134,.T.);
#805=ORIENTED_EDGE('',*,*,#2135,.T.);
#806=ORIENTED_EDGE('',*,*,#2136,.F.);
#807=ORIENTED_EDGE('',*,*,#2132,.F.);
#808=ORIENTED_EDGE('',*,*,#2269,.T.);
#809=ORIENTED_EDGE('',*,*,#2280,.T.);
#810=ORIENTED_EDGE('',*,*,#2221,.T.);
#811=ORIENTED_EDGE('',*,*,#2138,.F.);
#812=ORIENTED_EDGE('',*,*,#2135,.F.);
#813=ORIENTED_EDGE('',*,*,#2137,.T.);
#814=ORIENTED_EDGE('',*,*,#2172,.T.);
#815=ORIENTED_EDGE('',*,*,#2181,.T.);
#816=ORIENTED_EDGE('',*,*,#2139,.F.);
#817=ORIENTED_EDGE('',*,*,#2181,.F.);
#818=ORIENTED_EDGE('',*,*,#2215,.T.);
#819=ORIENTED_EDGE('',*,*,#2225,.T.);
#820=ORIENTED_EDGE('',*,*,#2141,.F.);
#821=ORIENTED_EDGE('',*,*,#2225,.F.);
#822=ORIENTED_EDGE('',*,*,#2232,.T.);
#823=ORIENTED_EDGE('',*,*,#2144,.F.);
#824=ORIENTED_EDGE('',*,*,#2162,.F.);
#825=ORIENTED_EDGE('',*,*,#2229,.F.);
#826=ORIENTED_EDGE('',*,*,#2274,.T.);
#827=ORIENTED_EDGE('',*,*,#2150,.T.);
#828=ORIENTED_EDGE('',*,*,#2149,.T.);
#829=ORIENTED_EDGE('',*,*,#2148,.T.);
#830=ORIENTED_EDGE('',*,*,#2273,.T.);
#831=ORIENTED_EDGE('',*,*,#2236,.T.);
#832=ORIENTED_EDGE('',*,*,#2231,.T.);
#833=ORIENTED_EDGE('',*,*,#2143,.T.);
#834=ORIENTED_EDGE('',*,*,#2147,.F.);
#835=ORIENTED_EDGE('',*,*,#2146,.T.);
#836=ORIENTED_EDGE('',*,*,#2144,.T.);
#837=ORIENTED_EDGE('',*,*,#2239,.T.);
#838=ORIENTED_EDGE('',*,*,#2151,.T.);
#839=ORIENTED_EDGE('',*,*,#2106,.T.);
#840=ORIENTED_EDGE('',*,*,#2281,.T.);
#841=ORIENTED_EDGE('',*,*,#2233,.F.);
#842=ORIENTED_EDGE('',*,*,#2273,.F.);
#843=ORIENTED_EDGE('',*,*,#2156,.T.);
#844=ORIENTED_EDGE('',*,*,#2282,.F.);
#845=ORIENTED_EDGE('',*,*,#2157,.T.);
#846=ORIENTED_EDGE('',*,*,#2115,.F.);
#847=ORIENTED_EDGE('',*,*,#2156,.F.);
#848=ORIENTED_EDGE('',*,*,#2148,.F.);
#849=ORIENTED_EDGE('',*,*,#2158,.T.);
#850=ORIENTED_EDGE('',*,*,#2116,.F.);
#851=ORIENTED_EDGE('',*,*,#2157,.F.);
#852=ORIENTED_EDGE('',*,*,#2149,.F.);
#853=ORIENTED_EDGE('',*,*,#2159,.T.);
#854=ORIENTED_EDGE('',*,*,#2117,.F.);
#855=ORIENTED_EDGE('',*,*,#2158,.F.);
#856=ORIENTED_EDGE('',*,*,#2150,.F.);
#857=ORIENTED_EDGE('',*,*,#2160,.T.);
#858=ORIENTED_EDGE('',*,*,#2142,.F.);
#859=ORIENTED_EDGE('',*,*,#2160,.F.);
#860=ORIENTED_EDGE('',*,*,#2151,.F.);
#861=ORIENTED_EDGE('',*,*,#2163,.T.);
#862=ORIENTED_EDGE('',*,*,#2143,.F.);
#863=ORIENTED_EDGE('',*,*,#2161,.F.);
#864=ORIENTED_EDGE('',*,*,#2152,.F.);
#865=ORIENTED_EDGE('',*,*,#2235,.T.);
#866=ORIENTED_EDGE('',*,*,#2153,.F.);
#867=ORIENTED_EDGE('',*,*,#2161,.T.);
#868=ORIENTED_EDGE('',*,*,#2231,.F.);
#869=ORIENTED_EDGE('',*,*,#2162,.T.);
#870=ORIENTED_EDGE('',*,*,#2146,.F.);
#871=ORIENTED_EDGE('',*,*,#2145,.T.);
#872=ORIENTED_EDGE('',*,*,#2154,.F.);
#873=ORIENTED_EDGE('',*,*,#2145,.F.);
#874=ORIENTED_EDGE('',*,*,#2147,.T.);
#875=ORIENTED_EDGE('',*,*,#2163,.F.);
#876=ORIENTED_EDGE('',*,*,#2155,.F.);
#877=ORIENTED_EDGE('',*,*,#2240,.T.);
#878=ORIENTED_EDGE('',*,*,#2183,.T.);
#879=ORIENTED_EDGE('',*,*,#2165,.T.);
#880=ORIENTED_EDGE('',*,*,#2245,.F.);
#881=ORIENTED_EDGE('',*,*,#2249,.F.);
#882=ORIENTED_EDGE('',*,*,#2276,.F.);
#883=ORIENTED_EDGE('',*,*,#2171,.F.);
#884=ORIENTED_EDGE('',*,*,#2170,.F.);
#885=ORIENTED_EDGE('',*,*,#2169,.F.);
#886=ORIENTED_EDGE('',*,*,#2275,.F.);
#887=ORIENTED_EDGE('',*,*,#2248,.F.);
#888=ORIENTED_EDGE('',*,*,#2165,.F.);
#889=ORIENTED_EDGE('',*,*,#2167,.F.);
#890=ORIENTED_EDGE('',*,*,#2168,.T.);
#891=ORIENTED_EDGE('',*,*,#2164,.F.);
#892=ORIENTED_EDGE('',*,*,#2242,.F.);
#893=ORIENTED_EDGE('',*,*,#2172,.F.);
#894=ORIENTED_EDGE('',*,*,#2173,.T.);
#895=ORIENTED_EDGE('',*,*,#2182,.T.);
#896=ORIENTED_EDGE('',*,*,#2164,.T.);
#897=ORIENTED_EDGE('',*,*,#2184,.F.);
#898=ORIENTED_EDGE('',*,*,#2242,.T.);
#899=ORIENTED_EDGE('',*,*,#2182,.F.);
#900=ORIENTED_EDGE('',*,*,#2174,.T.);
#901=ORIENTED_EDGE('',*,*,#2246,.F.);
#902=ORIENTED_EDGE('',*,*,#2175,.T.);
#903=ORIENTED_EDGE('',*,*,#2166,.F.);
#904=ORIENTED_EDGE('',*,*,#2167,.T.);
#905=ORIENTED_EDGE('',*,*,#2183,.F.);
#906=ORIENTED_EDGE('',*,*,#2176,.T.);
#907=ORIENTED_EDGE('',*,*,#2184,.T.);
#908=ORIENTED_EDGE('',*,*,#2168,.F.);
#909=ORIENTED_EDGE('',*,*,#2166,.T.);
#910=ORIENTED_EDGE('',*,*,#2254,.T.);
#911=ORIENTED_EDGE('',*,*,#2186,.F.);
#912=ORIENTED_EDGE('',*,*,#2204,.F.);
#913=ORIENTED_EDGE('',*,*,#2251,.F.);
#914=ORIENTED_EDGE('',*,*,#2278,.T.);
#915=ORIENTED_EDGE('',*,*,#2192,.T.);
#916=ORIENTED_EDGE('',*,*,#2191,.T.);
#917=ORIENTED_EDGE('',*,*,#2190,.T.);
#918=ORIENTED_EDGE('',*,*,#2277,.T.);
#919=ORIENTED_EDGE('',*,*,#2258,.T.);
#920=ORIENTED_EDGE('',*,*,#2253,.T.);
#921=ORIENTED_EDGE('',*,*,#2185,.T.);
#922=ORIENTED_EDGE('',*,*,#2189,.F.);
#923=ORIENTED_EDGE('',*,*,#2188,.T.);
#924=ORIENTED_EDGE('',*,*,#2186,.T.);
#925=ORIENTED_EDGE('',*,*,#2261,.T.);
#926=ORIENTED_EDGE('',*,*,#2193,.T.);
#927=ORIENTED_EDGE('',*,*,#2103,.T.);
#928=ORIENTED_EDGE('',*,*,#2283,.T.);
#929=ORIENTED_EDGE('',*,*,#2255,.F.);
#930=ORIENTED_EDGE('',*,*,#2277,.F.);
#931=ORIENTED_EDGE('',*,*,#2198,.T.);
#932=ORIENTED_EDGE('',*,*,#2284,.F.);
#933=ORIENTED_EDGE('',*,*,#2199,.T.);
#934=ORIENTED_EDGE('',*,*,#2129,.F.);
#935=ORIENTED_EDGE('',*,*,#2198,.F.);
#936=ORIENTED_EDGE('',*,*,#2190,.F.);
#937=ORIENTED_EDGE('',*,*,#2200,.T.);
#938=ORIENTED_EDGE('',*,*,#2130,.F.);
#939=ORIENTED_EDGE('',*,*,#2199,.F.);
#940=ORIENTED_EDGE('',*,*,#2191,.F.);
#941=ORIENTED_EDGE('',*,*,#2201,.T.);
#942=ORIENTED_EDGE('',*,*,#2131,.F.);
#943=ORIENTED_EDGE('',*,*,#2200,.F.);
#944=ORIENTED_EDGE('',*,*,#2192,.F.);
#945=ORIENTED_EDGE('',*,*,#2202,.T.);
#946=ORIENTED_EDGE('',*,*,#2140,.F.);
#947=ORIENTED_EDGE('',*,*,#2202,.F.);
#948=ORIENTED_EDGE('',*,*,#2193,.F.);
#949=ORIENTED_EDGE('',*,*,#2205,.T.);
#950=ORIENTED_EDGE('',*,*,#2185,.F.);
#951=ORIENTED_EDGE('',*,*,#2203,.F.);
#952=ORIENTED_EDGE('',*,*,#2194,.F.);
#953=ORIENTED_EDGE('',*,*,#2257,.T.);
#954=ORIENTED_EDGE('',*,*,#2195,.F.);
#955=ORIENTED_EDGE('',*,*,#2203,.T.);
#956=ORIENTED_EDGE('',*,*,#2253,.F.);
#957=ORIENTED_EDGE('',*,*,#2204,.T.);
#958=ORIENTED_EDGE('',*,*,#2188,.F.);
#959=ORIENTED_EDGE('',*,*,#2187,.T.);
#960=ORIENTED_EDGE('',*,*,#2196,.F.);
#961=ORIENTED_EDGE('',*,*,#2187,.F.);
#962=ORIENTED_EDGE('',*,*,#2189,.T.);
#963=ORIENTED_EDGE('',*,*,#2205,.F.);
#964=ORIENTED_EDGE('',*,*,#2197,.F.);
#965=ORIENTED_EDGE('',*,*,#2268,.T.);
#966=ORIENTED_EDGE('',*,*,#2227,.T.);
#967=ORIENTED_EDGE('',*,*,#2207,.T.);
#968=ORIENTED_EDGE('',*,*,#2270,.F.);
#969=ORIENTED_EDGE('',*,*,#2272,.F.);
#970=ORIENTED_EDGE('',*,*,#2207,.F.);
#971=ORIENTED_EDGE('',*,*,#2209,.F.);
#972=ORIENTED_EDGE('',*,*,#2210,.T.);
#973=ORIENTED_EDGE('',*,*,#2206,.F.);
#974=ORIENTED_EDGE('',*,*,#2263,.F.);
#975=ORIENTED_EDGE('',*,*,#2266,.F.);
#976=ORIENTED_EDGE('',*,*,#2279,.F.);
#977=ORIENTED_EDGE('',*,*,#2214,.F.);
#978=ORIENTED_EDGE('',*,*,#2213,.F.);
#979=ORIENTED_EDGE('',*,*,#2212,.F.);
#980=ORIENTED_EDGE('',*,*,#2211,.F.);
#981=ORIENTED_EDGE('',*,*,#2280,.F.);
#982=ORIENTED_EDGE('',*,*,#2215,.F.);
#983=ORIENTED_EDGE('',*,*,#2216,.T.);
#984=ORIENTED_EDGE('',*,*,#2226,.T.);
#985=ORIENTED_EDGE('',*,*,#2206,.T.);
#986=ORIENTED_EDGE('',*,*,#2228,.F.);
#987=ORIENTED_EDGE('',*,*,#2263,.T.);
#988=ORIENTED_EDGE('',*,*,#2226,.F.);
#989=ORIENTED_EDGE('',*,*,#2217,.T.);
#990=ORIENTED_EDGE('',*,*,#2265,.F.);
#991=ORIENTED_EDGE('',*,*,#2218,.T.);
#992=ORIENTED_EDGE('',*,*,#2208,.F.);
#993=ORIENTED_EDGE('',*,*,#2209,.T.);
#994=ORIENTED_EDGE('',*,*,#2227,.F.);
#995=ORIENTED_EDGE('',*,*,#2219,.T.);
#996=ORIENTED_EDGE('',*,*,#2228,.T.);
#997=ORIENTED_EDGE('',*,*,#2210,.F.);
#998=ORIENTED_EDGE('',*,*,#2208,.T.);
#999=ORIENTED_EDGE('',*,*,#2234,.F.);
#1000=ORIENTED_EDGE('',*,*,#2230,.T.);
#1001=ORIENTED_EDGE('',*,*,#2118,.T.);
#1002=ORIENTED_EDGE('',*,*,#2119,.F.);
#1003=ORIENTED_EDGE('',*,*,#2159,.F.);
#1004=ORIENTED_EDGE('',*,*,#2274,.F.);
#1005=ORIENTED_EDGE('',*,*,#2233,.T.);
#1006=ORIENTED_EDGE('',*,*,#2237,.T.);
#1007=ORIENTED_EDGE('',*,*,#2235,.F.);
#1008=ORIENTED_EDGE('',*,*,#2236,.F.);
#1009=ORIENTED_EDGE('',*,*,#2234,.T.);
#1010=ORIENTED_EDGE('',*,*,#2239,.F.);
#1011=ORIENTED_EDGE('',*,*,#2232,.F.);
#1012=ORIENTED_EDGE('',*,*,#2238,.T.);
#1013=ORIENTED_EDGE('',*,*,#2247,.T.);
#1014=ORIENTED_EDGE('',*,*,#2245,.T.);
#1015=ORIENTED_EDGE('',*,*,#2248,.T.);
#1016=ORIENTED_EDGE('',*,*,#2243,.F.);
#1017=ORIENTED_EDGE('',*,*,#2249,.T.);
#1018=ORIENTED_EDGE('',*,*,#2246,.T.);
#1019=ORIENTED_EDGE('',*,*,#2250,.T.);
#1020=ORIENTED_EDGE('',*,*,#2244,.F.);
#1021=ORIENTED_EDGE('',*,*,#2256,.F.);
#1022=ORIENTED_EDGE('',*,*,#2252,.T.);
#1023=ORIENTED_EDGE('',*,*,#2132,.T.);
#1024=ORIENTED_EDGE('',*,*,#2133,.F.);
#1025=ORIENTED_EDGE('',*,*,#2201,.F.);
#1026=ORIENTED_EDGE('',*,*,#2278,.F.);
#1027=ORIENTED_EDGE('',*,*,#2255,.T.);
#1028=ORIENTED_EDGE('',*,*,#2259,.T.);
#1029=ORIENTED_EDGE('',*,*,#2257,.F.);
#1030=ORIENTED_EDGE('',*,*,#2258,.F.);
#1031=ORIENTED_EDGE('',*,*,#2256,.T.);
#1032=ORIENTED_EDGE('',*,*,#2261,.F.);
#1033=ORIENTED_EDGE('',*,*,#2254,.F.);
#1034=ORIENTED_EDGE('',*,*,#2260,.T.);
#1035=ORIENTED_EDGE('',*,*,#2266,.T.);
#1036=ORIENTED_EDGE('',*,*,#2265,.T.);
#1037=ORIENTED_EDGE('',*,*,#2267,.T.);
#1038=ORIENTED_EDGE('',*,*,#2264,.F.);
#1039=ORIENTED_EDGE('',*,*,#2271,.T.);
#1040=ORIENTED_EDGE('',*,*,#2270,.T.);
#1041=ORIENTED_EDGE('',*,*,#2272,.T.);
#1042=ORIENTED_EDGE('',*,*,#2269,.F.);
#1043=ORIENTED_EDGE('',*,*,#2114,.F.);
#1044=ORIENTED_EDGE('',*,*,#2224,.F.);
#1045=ORIENTED_EDGE('',*,*,#2279,.T.);
#1046=ORIENTED_EDGE('',*,*,#2264,.T.);
#1047=ORIENTED_EDGE('',*,*,#2262,.T.);
#1048=ORIENTED_EDGE('',*,*,#2107,.F.);
#1049=ORIENTED_EDGE('',*,*,#2128,.F.);
#1050=ORIENTED_EDGE('',*,*,#2180,.F.);
#1051=ORIENTED_EDGE('',*,*,#2276,.T.);
#1052=ORIENTED_EDGE('',*,*,#2244,.T.);
#1053=ORIENTED_EDGE('',*,*,#2241,.T.);
#1054=ORIENTED_EDGE('',*,*,#2102,.F.);
#1055=ORIENTED_EDGE('',*,*,#2301,.F.);
#1056=ORIENTED_EDGE('',*,*,#2288,.T.);
#1057=ORIENTED_EDGE('',*,*,#2108,.F.);
#1058=ORIENTED_EDGE('',*,*,#2282,.T.);
#1059=ORIENTED_EDGE('',*,*,#2115,.T.);
#1060=ORIENTED_EDGE('',*,*,#2116,.T.);
#1061=ORIENTED_EDGE('',*,*,#2117,.T.);
#1062=ORIENTED_EDGE('',*,*,#2119,.T.);
#1063=ORIENTED_EDGE('',*,*,#2122,.T.);
#1064=ORIENTED_EDGE('',*,*,#2124,.T.);
#1065=ORIENTED_EDGE('',*,*,#2125,.T.);
#1066=ORIENTED_EDGE('',*,*,#2126,.T.);
#1067=ORIENTED_EDGE('',*,*,#2127,.T.);
#1068=ORIENTED_EDGE('',*,*,#2128,.T.);
#1069=ORIENTED_EDGE('',*,*,#2104,.T.);
#1070=ORIENTED_EDGE('',*,*,#2292,.T.);
#1071=ORIENTED_EDGE('',*,*,#2293,.T.);
#1072=ORIENTED_EDGE('',*,*,#2299,.T.);
#1073=ORIENTED_EDGE('',*,*,#2295,.T.);
#1074=ORIENTED_EDGE('',*,*,#2284,.T.);
#1075=ORIENTED_EDGE('',*,*,#2129,.T.);
#1076=ORIENTED_EDGE('',*,*,#2130,.T.);
#1077=ORIENTED_EDGE('',*,*,#2131,.T.);
#1078=ORIENTED_EDGE('',*,*,#2133,.T.);
#1079=ORIENTED_EDGE('',*,*,#2136,.T.);
#1080=ORIENTED_EDGE('',*,*,#2138,.T.);
#1081=ORIENTED_EDGE('',*,*,#2110,.T.);
#1082=ORIENTED_EDGE('',*,*,#2111,.T.);
#1083=ORIENTED_EDGE('',*,*,#2112,.T.);
#1084=ORIENTED_EDGE('',*,*,#2113,.T.);
#1085=ORIENTED_EDGE('',*,*,#2114,.T.);
#1086=ORIENTED_EDGE('',*,*,#2303,.F.);
#1087=ORIENTED_EDGE('',*,*,#2307,.T.);
#1088=ORIENTED_EDGE('',*,*,#2141,.T.);
#1089=ORIENTED_EDGE('',*,*,#2142,.T.);
#1090=ORIENTED_EDGE('',*,*,#2139,.T.);
#1091=ORIENTED_EDGE('',*,*,#2140,.T.);
#1092=ORIENTED_EDGE('',*,*,#2310,.T.);
#1093=ORIENTED_EDGE('',*,*,#2308,.F.);
#1094=ORIENTED_EDGE('',*,*,#2304,.T.);
#1095=ORIENTED_EDGE('',*,*,#2262,.F.);
#1096=ORIENTED_EDGE('',*,*,#2267,.F.);
#1097=ORIENTED_EDGE('',*,*,#2217,.F.);
#1098=ORIENTED_EDGE('',*,*,#2216,.F.);
#1099=ORIENTED_EDGE('',*,*,#2219,.F.);
#1100=ORIENTED_EDGE('',*,*,#2218,.F.);
#1101=ORIENTED_EDGE('',*,*,#2268,.F.);
#1102=ORIENTED_EDGE('',*,*,#2271,.F.);
#1103=ORIENTED_EDGE('',*,*,#2137,.F.);
#1104=ORIENTED_EDGE('',*,*,#2134,.F.);
#1105=ORIENTED_EDGE('',*,*,#2252,.F.);
#1106=ORIENTED_EDGE('',*,*,#2260,.F.);
#1107=ORIENTED_EDGE('',*,*,#2251,.T.);
#1108=ORIENTED_EDGE('',*,*,#2196,.T.);
#1109=ORIENTED_EDGE('',*,*,#2197,.T.);
#1110=ORIENTED_EDGE('',*,*,#2194,.T.);
#1111=ORIENTED_EDGE('',*,*,#2195,.T.);
#1112=ORIENTED_EDGE('',*,*,#2259,.F.);
#1113=ORIENTED_EDGE('',*,*,#2283,.F.);
#1114=ORIENTED_EDGE('',*,*,#2296,.F.);
#1115=ORIENTED_EDGE('',*,*,#2300,.F.);
#1116=ORIENTED_EDGE('',*,*,#2294,.F.);
#1117=ORIENTED_EDGE('',*,*,#2291,.F.);
#1118=ORIENTED_EDGE('',*,*,#2105,.F.);
#1119=ORIENTED_EDGE('',*,*,#2241,.F.);
#1120=ORIENTED_EDGE('',*,*,#2250,.F.);
#1121=ORIENTED_EDGE('',*,*,#2174,.F.);
#1122=ORIENTED_EDGE('',*,*,#2173,.F.);
#1123=ORIENTED_EDGE('',*,*,#2176,.F.);
#1124=ORIENTED_EDGE('',*,*,#2175,.F.);
#1125=ORIENTED_EDGE('',*,*,#2240,.F.);
#1126=ORIENTED_EDGE('',*,*,#2247,.F.);
#1127=ORIENTED_EDGE('',*,*,#2123,.F.);
#1128=ORIENTED_EDGE('',*,*,#2120,.F.);
#1129=ORIENTED_EDGE('',*,*,#2230,.F.);
#1130=ORIENTED_EDGE('',*,*,#2238,.F.);
#1131=ORIENTED_EDGE('',*,*,#2229,.T.);
#1132=ORIENTED_EDGE('',*,*,#2154,.T.);
#1133=ORIENTED_EDGE('',*,*,#2155,.T.);
#1134=ORIENTED_EDGE('',*,*,#2152,.T.);
#1135=ORIENTED_EDGE('',*,*,#2153,.T.);
#1136=ORIENTED_EDGE('',*,*,#2237,.F.);
#1137=ORIENTED_EDGE('',*,*,#2281,.F.);
#1138=ORIENTED_EDGE('',*,*,#2109,.T.);
#1139=ORIENTED_EDGE('',*,*,#2287,.F.);
#1140=ORIENTED_EDGE('',*,*,#2302,.T.);
#1141=ORIENTED_EDGE('',*,*,#2309,.F.);
#1142=ORIENTED_EDGE('',*,*,#2410,.F.);
#1143=ORIENTED_EDGE('',*,*,#2332,.T.);
#1144=ORIENTED_EDGE('',*,*,#2333,.T.);
#1145=ORIENTED_EDGE('',*,*,#2379,.F.);
#1146=ORIENTED_EDGE('',*,*,#2381,.T.);
#1147=ORIENTED_EDGE('',*,*,#2380,.T.);
#1148=ORIENTED_EDGE('',*,*,#2331,.T.);
#1149=ORIENTED_EDGE('',*,*,#2330,.T.);
#1150=ORIENTED_EDGE('',*,*,#2409,.T.);
#1151=ORIENTED_EDGE('',*,*,#2411,.F.);
#1152=ORIENTED_EDGE('',*,*,#2422,.T.);
#1153=ORIENTED_EDGE('',*,*,#2418,.F.);
#1154=ORIENTED_EDGE('',*,*,#2352,.T.);
#1155=ORIENTED_EDGE('',*,*,#2353,.T.);
#1156=ORIENTED_EDGE('',*,*,#2386,.F.);
#1157=ORIENTED_EDGE('',*,*,#2390,.F.);
#1158=ORIENTED_EDGE('',*,*,#2387,.T.);
#1159=ORIENTED_EDGE('',*,*,#2343,.T.);
#1160=ORIENTED_EDGE('',*,*,#2334,.T.);
#1161=ORIENTED_EDGE('',*,*,#2417,.T.);
#1162=ORIENTED_EDGE('',*,*,#2406,.T.);
#1163=ORIENTED_EDGE('',*,*,#2402,.F.);
#1164=ORIENTED_EDGE('',*,*,#2374,.T.);
#1165=ORIENTED_EDGE('',*,*,#2375,.T.);
#1166=ORIENTED_EDGE('',*,*,#2393,.F.);
#1167=ORIENTED_EDGE('',*,*,#2397,.F.);
#1168=ORIENTED_EDGE('',*,*,#2394,.T.);
#1169=ORIENTED_EDGE('',*,*,#2365,.T.);
#1170=ORIENTED_EDGE('',*,*,#2356,.T.);
#1171=ORIENTED_EDGE('',*,*,#2401,.T.);
#1172=ORIENTED_EDGE('',*,*,#2287,.T.);
#1173=ORIENTED_EDGE('',*,*,#2286,.T.);
#1174=ORIENTED_EDGE('',*,*,#2288,.F.);
#1175=ORIENTED_EDGE('',*,*,#2285,.F.);
#1176=ORIENTED_EDGE('',*,*,#2104,.F.);
#1177=ORIENTED_EDGE('',*,*,#2102,.T.);
#1178=ORIENTED_EDGE('',*,*,#2105,.T.);
#1179=ORIENTED_EDGE('',*,*,#2290,.F.);
#1180=ORIENTED_EDGE('',*,*,#2292,.F.);
#1181=ORIENTED_EDGE('',*,*,#2290,.T.);
#1182=ORIENTED_EDGE('',*,*,#2291,.T.);
#1183=ORIENTED_EDGE('',*,*,#2289,.F.);
#1184=ORIENTED_EDGE('',*,*,#2298,.T.);
#1185=ORIENTED_EDGE('',*,*,#2293,.F.);
#1186=ORIENTED_EDGE('',*,*,#2289,.T.);
#1187=ORIENTED_EDGE('',*,*,#2294,.T.);
#1188=ORIENTED_EDGE('',*,*,#2297,.T.);
#1189=ORIENTED_EDGE('',*,*,#2299,.F.);
#1190=ORIENTED_EDGE('',*,*,#2298,.F.);
#1191=ORIENTED_EDGE('',*,*,#2300,.T.);
#1192=ORIENTED_EDGE('',*,*,#2306,.T.);
#1193=ORIENTED_EDGE('',*,*,#2302,.F.);
#1194=ORIENTED_EDGE('',*,*,#2285,.T.);
#1195=ORIENTED_EDGE('',*,*,#2301,.T.);
#1196=ORIENTED_EDGE('',*,*,#2303,.T.);
#1197=ORIENTED_EDGE('',*,*,#2107,.T.);
#1198=ORIENTED_EDGE('',*,*,#2304,.F.);
#1199=ORIENTED_EDGE('',*,*,#2305,.F.);
#1200=ORIENTED_EDGE('',*,*,#2305,.T.);
#1201=ORIENTED_EDGE('',*,*,#2308,.T.);
#1202=ORIENTED_EDGE('',*,*,#2306,.F.);
#1203=ORIENTED_EDGE('',*,*,#2307,.F.);
#1204=ORIENTED_EDGE('',*,*,#2310,.F.);
#1205=ORIENTED_EDGE('',*,*,#2311,.F.);
#1206=ORIENTED_EDGE('',*,*,#2309,.T.);
#1207=ORIENTED_EDGE('',*,*,#2311,.T.);
#1208=ORIENTED_EDGE('',*,*,#2413,.F.);
#1209=ORIENTED_EDGE('',*,*,#2409,.F.);
#1210=ORIENTED_EDGE('',*,*,#2330,.F.);
#1211=ORIENTED_EDGE('',*,*,#2313,.T.);
#1212=ORIENTED_EDGE('',*,*,#2312,.T.);
#1213=ORIENTED_EDGE('',*,*,#2407,.F.);
#1214=ORIENTED_EDGE('',*,*,#2316,.F.);
#1215=ORIENTED_EDGE('',*,*,#2315,.F.);
#1216=ORIENTED_EDGE('',*,*,#2317,.F.);
#1217=ORIENTED_EDGE('',*,*,#2328,.F.);
#1218=ORIENTED_EDGE('',*,*,#2327,.F.);
#1219=ORIENTED_EDGE('',*,*,#2326,.F.);
#1220=ORIENTED_EDGE('',*,*,#2380,.F.);
#1221=ORIENTED_EDGE('',*,*,#2384,.F.);
#1222=ORIENTED_EDGE('',*,*,#2319,.F.);
#1223=ORIENTED_EDGE('',*,*,#2317,.T.);
#1224=ORIENTED_EDGE('',*,*,#2321,.F.);
#1225=ORIENTED_EDGE('',*,*,#2325,.F.);
#1226=ORIENTED_EDGE('',*,*,#2320,.T.);
#1227=ORIENTED_EDGE('',*,*,#2313,.F.);
#1228=ORIENTED_EDGE('',*,*,#2331,.F.);
#1229=ORIENTED_EDGE('',*,*,#2322,.T.);
#1230=ORIENTED_EDGE('',*,*,#2314,.F.);
#1231=ORIENTED_EDGE('',*,*,#2312,.F.);
#1232=ORIENTED_EDGE('',*,*,#2320,.F.);
#1233=ORIENTED_EDGE('',*,*,#2321,.T.);
#1234=ORIENTED_EDGE('',*,*,#2315,.T.);
#1235=ORIENTED_EDGE('',*,*,#2318,.T.);
#1236=ORIENTED_EDGE('',*,*,#2323,.F.);
#1237=ORIENTED_EDGE('',*,*,#2325,.T.);
#1238=ORIENTED_EDGE('',*,*,#2323,.T.);
#1239=ORIENTED_EDGE('',*,*,#2324,.T.);
#1240=ORIENTED_EDGE('',*,*,#2322,.F.);
#1241=ORIENTED_EDGE('',*,*,#2408,.T.);
#1242=ORIENTED_EDGE('',*,*,#2326,.T.);
#1243=ORIENTED_EDGE('',*,*,#2329,.F.);
#1244=ORIENTED_EDGE('',*,*,#2332,.F.);
#1245=ORIENTED_EDGE('',*,*,#2410,.T.);
#1246=ORIENTED_EDGE('',*,*,#2414,.T.);
#1247=ORIENTED_EDGE('',*,*,#2333,.F.);
#1248=ORIENTED_EDGE('',*,*,#2329,.T.);
#1249=ORIENTED_EDGE('',*,*,#2327,.T.);
#1250=ORIENTED_EDGE('',*,*,#2378,.F.);
#1251=ORIENTED_EDGE('',*,*,#2383,.T.);
#1252=ORIENTED_EDGE('',*,*,#2379,.T.);
#1253=ORIENTED_EDGE('',*,*,#2420,.F.);
#1254=ORIENTED_EDGE('',*,*,#2417,.F.);
#1255=ORIENTED_EDGE('',*,*,#2334,.F.);
#1256=ORIENTED_EDGE('',*,*,#2336,.T.);
#1257=ORIENTED_EDGE('',*,*,#2335,.T.);
#1258=ORIENTED_EDGE('',*,*,#2415,.F.);
#1259=ORIENTED_EDGE('',*,*,#2339,.F.);
#1260=ORIENTED_EDGE('',*,*,#2338,.F.);
#1261=ORIENTED_EDGE('',*,*,#2340,.F.);
#1262=ORIENTED_EDGE('',*,*,#2354,.F.);
#1263=ORIENTED_EDGE('',*,*,#2351,.F.);
#1264=ORIENTED_EDGE('',*,*,#2350,.F.);
#1265=ORIENTED_EDGE('',*,*,#2388,.T.);
#1266=ORIENTED_EDGE('',*,*,#2385,.T.);
#1267=ORIENTED_EDGE('',*,*,#2354,.T.);
#1268=ORIENTED_EDGE('',*,*,#2342,.T.);
#1269=ORIENTED_EDGE('',*,*,#2415,.T.);
#1270=ORIENTED_EDGE('',*,*,#2337,.T.);
#1271=ORIENTED_EDGE('',*,*,#2348,.F.);
#1272=ORIENTED_EDGE('',*,*,#2341,.F.);
#1273=ORIENTED_EDGE('',*,*,#2339,.T.);
#1274=ORIENTED_EDGE('',*,*,#2416,.F.);
#1275=ORIENTED_EDGE('',*,*,#2419,.F.);
#1276=ORIENTED_EDGE('',*,*,#2387,.F.);
#1277=ORIENTED_EDGE('',*,*,#2391,.F.);
#1278=ORIENTED_EDGE('',*,*,#2342,.F.);
#1279=ORIENTED_EDGE('',*,*,#2340,.T.);
#1280=ORIENTED_EDGE('',*,*,#2345,.F.);
#1281=ORIENTED_EDGE('',*,*,#2349,.F.);
#1282=ORIENTED_EDGE('',*,*,#2344,.T.);
#1283=ORIENTED_EDGE('',*,*,#2336,.F.);
#1284=ORIENTED_EDGE('',*,*,#2343,.F.);
#1285=ORIENTED_EDGE('',*,*,#2346,.T.);
#1286=ORIENTED_EDGE('',*,*,#2337,.F.);
#1287=ORIENTED_EDGE('',*,*,#2335,.F.);
#1288=ORIENTED_EDGE('',*,*,#2344,.F.);
#1289=ORIENTED_EDGE('',*,*,#2345,.T.);
#1290=ORIENTED_EDGE('',*,*,#2338,.T.);
#1291=ORIENTED_EDGE('',*,*,#2341,.T.);
#1292=ORIENTED_EDGE('',*,*,#2347,.F.);
#1293=ORIENTED_EDGE('',*,*,#2349,.T.);
#1294=ORIENTED_EDGE('',*,*,#2347,.T.);
#1295=ORIENTED_EDGE('',*,*,#2348,.T.);
#1296=ORIENTED_EDGE('',*,*,#2346,.F.);
#1297=ORIENTED_EDGE('',*,*,#2416,.T.);
#1298=ORIENTED_EDGE('',*,*,#2350,.T.);
#1299=ORIENTED_EDGE('',*,*,#2355,.F.);
#1300=ORIENTED_EDGE('',*,*,#2352,.F.);
#1301=ORIENTED_EDGE('',*,*,#2418,.T.);
#1302=ORIENTED_EDGE('',*,*,#2421,.T.);
#1303=ORIENTED_EDGE('',*,*,#2353,.F.);
#1304=ORIENTED_EDGE('',*,*,#2355,.T.);
#1305=ORIENTED_EDGE('',*,*,#2351,.T.);
#1306=ORIENTED_EDGE('',*,*,#2385,.F.);
#1307=ORIENTED_EDGE('',*,*,#2389,.T.);
#1308=ORIENTED_EDGE('',*,*,#2386,.T.);
#1309=ORIENTED_EDGE('',*,*,#2404,.F.);
#1310=ORIENTED_EDGE('',*,*,#2401,.F.);
#1311=ORIENTED_EDGE('',*,*,#2356,.F.);
#1312=ORIENTED_EDGE('',*,*,#2358,.T.);
#1313=ORIENTED_EDGE('',*,*,#2357,.T.);
#1314=ORIENTED_EDGE('',*,*,#2399,.F.);
#1315=ORIENTED_EDGE('',*,*,#2361,.F.);
#1316=ORIENTED_EDGE('',*,*,#2360,.F.);
#1317=ORIENTED_EDGE('',*,*,#2362,.F.);
#1318=ORIENTED_EDGE('',*,*,#2376,.F.);
#1319=ORIENTED_EDGE('',*,*,#2373,.F.);
#1320=ORIENTED_EDGE('',*,*,#2372,.F.);
#1321=ORIENTED_EDGE('',*,*,#2395,.T.);
#1322=ORIENTED_EDGE('',*,*,#2392,.T.);
#1323=ORIENTED_EDGE('',*,*,#2376,.T.);
#1324=ORIENTED_EDGE('',*,*,#2364,.T.);
#1325=ORIENTED_EDGE('',*,*,#2399,.T.);
#1326=ORIENTED_EDGE('',*,*,#2359,.T.);
#1327=ORIENTED_EDGE('',*,*,#2370,.F.);
#1328=ORIENTED_EDGE('',*,*,#2363,.F.);
#1329=ORIENTED_EDGE('',*,*,#2361,.T.);
#1330=ORIENTED_EDGE('',*,*,#2400,.F.);
#1331=ORIENTED_EDGE('',*,*,#2403,.F.);
#1332=ORIENTED_EDGE('',*,*,#2394,.F.);
#1333=ORIENTED_EDGE('',*,*,#2398,.F.);
#1334=ORIENTED_EDGE('',*,*,#2364,.F.);
#1335=ORIENTED_EDGE('',*,*,#2362,.T.);
#1336=ORIENTED_EDGE('',*,*,#2367,.F.);
#1337=ORIENTED_EDGE('',*,*,#2371,.F.);
#1338=ORIENTED_EDGE('',*,*,#2366,.T.);
#1339=ORIENTED_EDGE('',*,*,#2358,.F.);
#1340=ORIENTED_EDGE('',*,*,#2365,.F.);
#1341=ORIENTED_EDGE('',*,*,#2368,.T.);
#1342=ORIENTED_EDGE('',*,*,#2359,.F.);
#1343=ORIENTED_EDGE('',*,*,#2357,.F.);
#1344=ORIENTED_EDGE('',*,*,#2366,.F.);
#1345=ORIENTED_EDGE('',*,*,#2367,.T.);
#1346=ORIENTED_EDGE('',*,*,#2360,.T.);
#1347=ORIENTED_EDGE('',*,*,#2363,.T.);
#1348=ORIENTED_EDGE('',*,*,#2369,.F.);
#1349=ORIENTED_EDGE('',*,*,#2371,.T.);
#1350=ORIENTED_EDGE('',*,*,#2369,.T.);
#1351=ORIENTED_EDGE('',*,*,#2370,.T.);
#1352=ORIENTED_EDGE('',*,*,#2368,.F.);
#1353=ORIENTED_EDGE('',*,*,#2400,.T.);
#1354=ORIENTED_EDGE('',*,*,#2372,.T.);
#1355=ORIENTED_EDGE('',*,*,#2377,.F.);
#1356=ORIENTED_EDGE('',*,*,#2374,.F.);
#1357=ORIENTED_EDGE('',*,*,#2402,.T.);
#1358=ORIENTED_EDGE('',*,*,#2405,.T.);
#1359=ORIENTED_EDGE('',*,*,#2375,.F.);
#1360=ORIENTED_EDGE('',*,*,#2377,.T.);
#1361=ORIENTED_EDGE('',*,*,#2373,.T.);
#1362=ORIENTED_EDGE('',*,*,#2392,.F.);
#1363=ORIENTED_EDGE('',*,*,#2396,.T.);
#1364=ORIENTED_EDGE('',*,*,#2393,.T.);
#1365=ORIENTED_EDGE('',*,*,#2378,.T.);
#1366=ORIENTED_EDGE('',*,*,#2328,.T.);
#1367=ORIENTED_EDGE('',*,*,#2319,.T.);
#1368=ORIENTED_EDGE('',*,*,#2382,.F.);
#1369=ORIENTED_EDGE('',*,*,#2383,.F.);
#1370=ORIENTED_EDGE('',*,*,#2382,.T.);
#1371=ORIENTED_EDGE('',*,*,#2384,.T.);
#1372=ORIENTED_EDGE('',*,*,#2381,.F.);
#1373=ORIENTED_EDGE('',*,*,#2391,.T.);
#1374=ORIENTED_EDGE('',*,*,#2390,.T.);
#1375=ORIENTED_EDGE('',*,*,#2389,.F.);
#1376=ORIENTED_EDGE('',*,*,#2388,.F.);
#1377=ORIENTED_EDGE('',*,*,#2398,.T.);
#1378=ORIENTED_EDGE('',*,*,#2397,.T.);
#1379=ORIENTED_EDGE('',*,*,#2396,.F.);
#1380=ORIENTED_EDGE('',*,*,#2395,.F.);
#1381=ORIENTED_EDGE('',*,*,#2403,.T.);
#1382=ORIENTED_EDGE('',*,*,#2405,.F.);
#1383=ORIENTED_EDGE('',*,*,#2406,.F.);
#1384=ORIENTED_EDGE('',*,*,#2404,.T.);
#1385=ORIENTED_EDGE('',*,*,#2412,.T.);
#1386=ORIENTED_EDGE('',*,*,#2407,.T.);
#1387=ORIENTED_EDGE('',*,*,#2314,.T.);
#1388=ORIENTED_EDGE('',*,*,#2324,.F.);
#1389=ORIENTED_EDGE('',*,*,#2318,.F.);
#1390=ORIENTED_EDGE('',*,*,#2316,.T.);
#1391=ORIENTED_EDGE('',*,*,#2408,.F.);
#1392=ORIENTED_EDGE('',*,*,#2411,.T.);
#1393=ORIENTED_EDGE('',*,*,#2413,.T.);
#1394=ORIENTED_EDGE('',*,*,#2412,.F.);
#1395=ORIENTED_EDGE('',*,*,#2414,.F.);
#1396=ORIENTED_EDGE('',*,*,#2419,.T.);
#1397=ORIENTED_EDGE('',*,*,#2421,.F.);
#1398=ORIENTED_EDGE('',*,*,#2422,.F.);
#1399=ORIENTED_EDGE('',*,*,#2420,.T.);
#1400=ORIENTED_EDGE('',*,*,#2650,.T.);
#1401=ORIENTED_EDGE('',*,*,#2646,.T.);
#1402=ORIENTED_EDGE('',*,*,#2423,.T.);
#1403=ORIENTED_EDGE('',*,*,#2647,.F.);
#1404=ORIENTED_EDGE('',*,*,#2642,.T.);
#1405=ORIENTED_EDGE('',*,*,#2426,.F.);
#1406=ORIENTED_EDGE('',*,*,#2424,.F.);
#1407=ORIENTED_EDGE('',*,*,#2425,.T.);
#1408=ORIENTED_EDGE('',*,*,#2424,.T.);
#1409=ORIENTED_EDGE('',*,*,#2430,.T.);
#1410=ORIENTED_EDGE('',*,*,#2428,.T.);
#1411=ORIENTED_EDGE('',*,*,#2431,.F.);
#1412=ORIENTED_EDGE('',*,*,#2429,.F.);
#1413=ORIENTED_EDGE('',*,*,#2428,.F.);
#1414=ORIENTED_EDGE('',*,*,#2427,.T.);
#1415=ORIENTED_EDGE('',*,*,#2423,.F.);
#1416=ORIENTED_EDGE('',*,*,#2626,.T.);
#1417=ORIENTED_EDGE('',*,*,#2433,.F.);
#1418=ORIENTED_EDGE('',*,*,#2625,.F.);
#1419=ORIENTED_EDGE('',*,*,#2627,.F.);
#1420=ORIENTED_EDGE('',*,*,#2439,.F.);
#1421=ORIENTED_EDGE('',*,*,#2436,.F.);
#1422=ORIENTED_EDGE('',*,*,#2438,.T.);
#1423=ORIENTED_EDGE('',*,*,#2616,.F.);
#1424=ORIENTED_EDGE('',*,*,#2541,.T.);
#1425=ORIENTED_EDGE('',*,*,#2550,.T.);
#1426=ORIENTED_EDGE('',*,*,#2440,.F.);
#1427=ORIENTED_EDGE('',*,*,#2551,.F.);
#1428=ORIENTED_EDGE('',*,*,#2542,.T.);
#1429=ORIENTED_EDGE('',*,*,#2552,.T.);
#1430=ORIENTED_EDGE('',*,*,#2441,.F.);
#1431=ORIENTED_EDGE('',*,*,#2550,.F.);
#1432=ORIENTED_EDGE('',*,*,#2543,.T.);
#1433=ORIENTED_EDGE('',*,*,#2553,.T.);
#1434=ORIENTED_EDGE('',*,*,#2442,.F.);
#1435=ORIENTED_EDGE('',*,*,#2552,.F.);
#1436=ORIENTED_EDGE('',*,*,#2544,.T.);
#1437=ORIENTED_EDGE('',*,*,#2554,.T.);
#1438=ORIENTED_EDGE('',*,*,#2443,.F.);
#1439=ORIENTED_EDGE('',*,*,#2553,.F.);
#1440=ORIENTED_EDGE('',*,*,#2450,.T.);
#1441=ORIENTED_EDGE('',*,*,#2451,.T.);
#1442=ORIENTED_EDGE('',*,*,#2452,.F.);
#1443=ORIENTED_EDGE('',*,*,#2448,.F.);
#1444=ORIENTED_EDGE('',*,*,#2573,.T.);
#1445=ORIENTED_EDGE('',*,*,#2605,.T.);
#1446=ORIENTED_EDGE('',*,*,#2507,.T.);
#1447=ORIENTED_EDGE('',*,*,#2454,.F.);
#1448=ORIENTED_EDGE('',*,*,#2451,.F.);
#1449=ORIENTED_EDGE('',*,*,#2453,.T.);
#1450=ORIENTED_EDGE('',*,*,#2499,.T.);
#1451=ORIENTED_EDGE('',*,*,#2508,.T.);
#1452=ORIENTED_EDGE('',*,*,#2455,.F.);
#1453=ORIENTED_EDGE('',*,*,#2507,.F.);
#1454=ORIENTED_EDGE('',*,*,#2500,.T.);
#1455=ORIENTED_EDGE('',*,*,#2509,.T.);
#1456=ORIENTED_EDGE('',*,*,#2456,.F.);
#1457=ORIENTED_EDGE('',*,*,#2508,.F.);
#1458=ORIENTED_EDGE('',*,*,#2501,.T.);
#1459=ORIENTED_EDGE('',*,*,#2510,.T.);
#1460=ORIENTED_EDGE('',*,*,#2457,.F.);
#1461=ORIENTED_EDGE('',*,*,#2509,.F.);
#1462=ORIENTED_EDGE('',*,*,#2464,.T.);
#1463=ORIENTED_EDGE('',*,*,#2465,.T.);
#1464=ORIENTED_EDGE('',*,*,#2466,.F.);
#1465=ORIENTED_EDGE('',*,*,#2462,.F.);
#1466=ORIENTED_EDGE('',*,*,#2599,.T.);
#1467=ORIENTED_EDGE('',*,*,#2610,.T.);
#1468=ORIENTED_EDGE('',*,*,#2551,.T.);
#1469=ORIENTED_EDGE('',*,*,#2468,.F.);
#1470=ORIENTED_EDGE('',*,*,#2465,.F.);
#1471=ORIENTED_EDGE('',*,*,#2467,.T.);
#1472=ORIENTED_EDGE('',*,*,#2502,.T.);
#1473=ORIENTED_EDGE('',*,*,#2511,.T.);
#1474=ORIENTED_EDGE('',*,*,#2469,.F.);
#1475=ORIENTED_EDGE('',*,*,#2511,.F.);
#1476=ORIENTED_EDGE('',*,*,#2545,.T.);
#1477=ORIENTED_EDGE('',*,*,#2555,.T.);
#1478=ORIENTED_EDGE('',*,*,#2471,.F.);
#1479=ORIENTED_EDGE('',*,*,#2555,.F.);
#1480=ORIENTED_EDGE('',*,*,#2562,.T.);
#1481=ORIENTED_EDGE('',*,*,#2474,.F.);
#1482=ORIENTED_EDGE('',*,*,#2492,.F.);
#1483=ORIENTED_EDGE('',*,*,#2559,.F.);
#1484=ORIENTED_EDGE('',*,*,#2604,.T.);
#1485=ORIENTED_EDGE('',*,*,#2480,.T.);
#1486=ORIENTED_EDGE('',*,*,#2479,.T.);
#1487=ORIENTED_EDGE('',*,*,#2478,.T.);
#1488=ORIENTED_EDGE('',*,*,#2603,.T.);
#1489=ORIENTED_EDGE('',*,*,#2566,.T.);
#1490=ORIENTED_EDGE('',*,*,#2561,.T.);
#1491=ORIENTED_EDGE('',*,*,#2473,.T.);
#1492=ORIENTED_EDGE('',*,*,#2477,.F.);
#1493=ORIENTED_EDGE('',*,*,#2476,.T.);
#1494=ORIENTED_EDGE('',*,*,#2474,.T.);
#1495=ORIENTED_EDGE('',*,*,#2569,.T.);
#1496=ORIENTED_EDGE('',*,*,#2481,.T.);
#1497=ORIENTED_EDGE('',*,*,#2436,.T.);
#1498=ORIENTED_EDGE('',*,*,#2611,.T.);
#1499=ORIENTED_EDGE('',*,*,#2563,.F.);
#1500=ORIENTED_EDGE('',*,*,#2603,.F.);
#1501=ORIENTED_EDGE('',*,*,#2486,.T.);
#1502=ORIENTED_EDGE('',*,*,#2612,.F.);
#1503=ORIENTED_EDGE('',*,*,#2487,.T.);
#1504=ORIENTED_EDGE('',*,*,#2445,.F.);
#1505=ORIENTED_EDGE('',*,*,#2486,.F.);
#1506=ORIENTED_EDGE('',*,*,#2478,.F.);
#1507=ORIENTED_EDGE('',*,*,#2488,.T.);
#1508=ORIENTED_EDGE('',*,*,#2446,.F.);
#1509=ORIENTED_EDGE('',*,*,#2487,.F.);
#1510=ORIENTED_EDGE('',*,*,#2479,.F.);
#1511=ORIENTED_EDGE('',*,*,#2489,.T.);
#1512=ORIENTED_EDGE('',*,*,#2447,.F.);
#1513=ORIENTED_EDGE('',*,*,#2488,.F.);
#1514=ORIENTED_EDGE('',*,*,#2480,.F.);
#1515=ORIENTED_EDGE('',*,*,#2490,.T.);
#1516=ORIENTED_EDGE('',*,*,#2472,.F.);
#1517=ORIENTED_EDGE('',*,*,#2490,.F.);
#1518=ORIENTED_EDGE('',*,*,#2481,.F.);
#1519=ORIENTED_EDGE('',*,*,#2493,.T.);
#1520=ORIENTED_EDGE('',*,*,#2473,.F.);
#1521=ORIENTED_EDGE('',*,*,#2491,.F.);
#1522=ORIENTED_EDGE('',*,*,#2482,.F.);
#1523=ORIENTED_EDGE('',*,*,#2565,.T.);
#1524=ORIENTED_EDGE('',*,*,#2483,.F.);
#1525=ORIENTED_EDGE('',*,*,#2491,.T.);
#1526=ORIENTED_EDGE('',*,*,#2561,.F.);
#1527=ORIENTED_EDGE('',*,*,#2492,.T.);
#1528=ORIENTED_EDGE('',*,*,#2476,.F.);
#1529=ORIENTED_EDGE('',*,*,#2475,.T.);
#1530=ORIENTED_EDGE('',*,*,#2484,.F.);
#1531=ORIENTED_EDGE('',*,*,#2475,.F.);
#1532=ORIENTED_EDGE('',*,*,#2477,.T.);
#1533=ORIENTED_EDGE('',*,*,#2493,.F.);
#1534=ORIENTED_EDGE('',*,*,#2485,.F.);
#1535=ORIENTED_EDGE('',*,*,#2570,.T.);
#1536=ORIENTED_EDGE('',*,*,#2513,.T.);
#1537=ORIENTED_EDGE('',*,*,#2495,.T.);
#1538=ORIENTED_EDGE('',*,*,#2575,.F.);
#1539=ORIENTED_EDGE('',*,*,#2579,.F.);
#1540=ORIENTED_EDGE('',*,*,#2606,.F.);
#1541=ORIENTED_EDGE('',*,*,#2501,.F.);
#1542=ORIENTED_EDGE('',*,*,#2500,.F.);
#1543=ORIENTED_EDGE('',*,*,#2499,.F.);
#1544=ORIENTED_EDGE('',*,*,#2605,.F.);
#1545=ORIENTED_EDGE('',*,*,#2578,.F.);
#1546=ORIENTED_EDGE('',*,*,#2495,.F.);
#1547=ORIENTED_EDGE('',*,*,#2497,.F.);
#1548=ORIENTED_EDGE('',*,*,#2498,.T.);
#1549=ORIENTED_EDGE('',*,*,#2494,.F.);
#1550=ORIENTED_EDGE('',*,*,#2572,.F.);
#1551=ORIENTED_EDGE('',*,*,#2502,.F.);
#1552=ORIENTED_EDGE('',*,*,#2503,.T.);
#1553=ORIENTED_EDGE('',*,*,#2512,.T.);
#1554=ORIENTED_EDGE('',*,*,#2494,.T.);
#1555=ORIENTED_EDGE('',*,*,#2514,.F.);
#1556=ORIENTED_EDGE('',*,*,#2572,.T.);
#1557=ORIENTED_EDGE('',*,*,#2512,.F.);
#1558=ORIENTED_EDGE('',*,*,#2504,.T.);
#1559=ORIENTED_EDGE('',*,*,#2576,.F.);
#1560=ORIENTED_EDGE('',*,*,#2505,.T.);
#1561=ORIENTED_EDGE('',*,*,#2496,.F.);
#1562=ORIENTED_EDGE('',*,*,#2497,.T.);
#1563=ORIENTED_EDGE('',*,*,#2513,.F.);
#1564=ORIENTED_EDGE('',*,*,#2506,.T.);
#1565=ORIENTED_EDGE('',*,*,#2514,.T.);
#1566=ORIENTED_EDGE('',*,*,#2498,.F.);
#1567=ORIENTED_EDGE('',*,*,#2496,.T.);
#1568=ORIENTED_EDGE('',*,*,#2584,.T.);
#1569=ORIENTED_EDGE('',*,*,#2516,.F.);
#1570=ORIENTED_EDGE('',*,*,#2534,.F.);
#1571=ORIENTED_EDGE('',*,*,#2581,.F.);
#1572=ORIENTED_EDGE('',*,*,#2608,.T.);
#1573=ORIENTED_EDGE('',*,*,#2522,.T.);
#1574=ORIENTED_EDGE('',*,*,#2521,.T.);
#1575=ORIENTED_EDGE('',*,*,#2520,.T.);
#1576=ORIENTED_EDGE('',*,*,#2607,.T.);
#1577=ORIENTED_EDGE('',*,*,#2588,.T.);
#1578=ORIENTED_EDGE('',*,*,#2583,.T.);
#1579=ORIENTED_EDGE('',*,*,#2515,.T.);
#1580=ORIENTED_EDGE('',*,*,#2519,.F.);
#1581=ORIENTED_EDGE('',*,*,#2518,.T.);
#1582=ORIENTED_EDGE('',*,*,#2516,.T.);
#1583=ORIENTED_EDGE('',*,*,#2591,.T.);
#1584=ORIENTED_EDGE('',*,*,#2523,.T.);
#1585=ORIENTED_EDGE('',*,*,#2433,.T.);
#1586=ORIENTED_EDGE('',*,*,#2613,.T.);
#1587=ORIENTED_EDGE('',*,*,#2585,.F.);
#1588=ORIENTED_EDGE('',*,*,#2607,.F.);
#1589=ORIENTED_EDGE('',*,*,#2528,.T.);
#1590=ORIENTED_EDGE('',*,*,#2614,.F.);
#1591=ORIENTED_EDGE('',*,*,#2529,.T.);
#1592=ORIENTED_EDGE('',*,*,#2459,.F.);
#1593=ORIENTED_EDGE('',*,*,#2528,.F.);
#1594=ORIENTED_EDGE('',*,*,#2520,.F.);
#1595=ORIENTED_EDGE('',*,*,#2530,.T.);
#1596=ORIENTED_EDGE('',*,*,#2460,.F.);
#1597=ORIENTED_EDGE('',*,*,#2529,.F.);
#1598=ORIENTED_EDGE('',*,*,#2521,.F.);
#1599=ORIENTED_EDGE('',*,*,#2531,.T.);
#1600=ORIENTED_EDGE('',*,*,#2461,.F.);
#1601=ORIENTED_EDGE('',*,*,#2530,.F.);
#1602=ORIENTED_EDGE('',*,*,#2522,.F.);
#1603=ORIENTED_EDGE('',*,*,#2532,.T.);
#1604=ORIENTED_EDGE('',*,*,#2470,.F.);
#1605=ORIENTED_EDGE('',*,*,#2532,.F.);
#1606=ORIENTED_EDGE('',*,*,#2523,.F.);
#1607=ORIENTED_EDGE('',*,*,#2535,.T.);
#1608=ORIENTED_EDGE('',*,*,#2515,.F.);
#1609=ORIENTED_EDGE('',*,*,#2533,.F.);
#1610=ORIENTED_EDGE('',*,*,#2524,.F.);
#1611=ORIENTED_EDGE('',*,*,#2587,.T.);
#1612=ORIENTED_EDGE('',*,*,#2525,.F.);
#1613=ORIENTED_EDGE('',*,*,#2533,.T.);
#1614=ORIENTED_EDGE('',*,*,#2583,.F.);
#1615=ORIENTED_EDGE('',*,*,#2534,.T.);
#1616=ORIENTED_EDGE('',*,*,#2518,.F.);
#1617=ORIENTED_EDGE('',*,*,#2517,.T.);
#1618=ORIENTED_EDGE('',*,*,#2526,.F.);
#1619=ORIENTED_EDGE('',*,*,#2517,.F.);
#1620=ORIENTED_EDGE('',*,*,#2519,.T.);
#1621=ORIENTED_EDGE('',*,*,#2535,.F.);
#1622=ORIENTED_EDGE('',*,*,#2527,.F.);
#1623=ORIENTED_EDGE('',*,*,#2598,.T.);
#1624=ORIENTED_EDGE('',*,*,#2557,.T.);
#1625=ORIENTED_EDGE('',*,*,#2537,.T.);
#1626=ORIENTED_EDGE('',*,*,#2600,.F.);
#1627=ORIENTED_EDGE('',*,*,#2602,.F.);
#1628=ORIENTED_EDGE('',*,*,#2537,.F.);
#1629=ORIENTED_EDGE('',*,*,#2539,.F.);
#1630=ORIENTED_EDGE('',*,*,#2540,.T.);
#1631=ORIENTED_EDGE('',*,*,#2536,.F.);
#1632=ORIENTED_EDGE('',*,*,#2593,.F.);
#1633=ORIENTED_EDGE('',*,*,#2596,.F.);
#1634=ORIENTED_EDGE('',*,*,#2609,.F.);
#1635=ORIENTED_EDGE('',*,*,#2544,.F.);
#1636=ORIENTED_EDGE('',*,*,#2543,.F.);
#1637=ORIENTED_EDGE('',*,*,#2542,.F.);
#1638=ORIENTED_EDGE('',*,*,#2541,.F.);
#1639=ORIENTED_EDGE('',*,*,#2610,.F.);
#1640=ORIENTED_EDGE('',*,*,#2545,.F.);
#1641=ORIENTED_EDGE('',*,*,#2546,.T.);
#1642=ORIENTED_EDGE('',*,*,#2556,.T.);
#1643=ORIENTED_EDGE('',*,*,#2536,.T.);
#1644=ORIENTED_EDGE('',*,*,#2558,.F.);
#1645=ORIENTED_EDGE('',*,*,#2593,.T.);
#1646=ORIENTED_EDGE('',*,*,#2556,.F.);
#1647=ORIENTED_EDGE('',*,*,#2547,.T.);
#1648=ORIENTED_EDGE('',*,*,#2595,.F.);
#1649=ORIENTED_EDGE('',*,*,#2548,.T.);
#1650=ORIENTED_EDGE('',*,*,#2538,.F.);
#1651=ORIENTED_EDGE('',*,*,#2539,.T.);
#1652=ORIENTED_EDGE('',*,*,#2557,.F.);
#1653=ORIENTED_EDGE('',*,*,#2549,.T.);
#1654=ORIENTED_EDGE('',*,*,#2558,.T.);
#1655=ORIENTED_EDGE('',*,*,#2540,.F.);
#1656=ORIENTED_EDGE('',*,*,#2538,.T.);
#1657=ORIENTED_EDGE('',*,*,#2564,.F.);
#1658=ORIENTED_EDGE('',*,*,#2560,.T.);
#1659=ORIENTED_EDGE('',*,*,#2448,.T.);
#1660=ORIENTED_EDGE('',*,*,#2449,.F.);
#1661=ORIENTED_EDGE('',*,*,#2489,.F.);
#1662=ORIENTED_EDGE('',*,*,#2604,.F.);
#1663=ORIENTED_EDGE('',*,*,#2563,.T.);
#1664=ORIENTED_EDGE('',*,*,#2567,.T.);
#1665=ORIENTED_EDGE('',*,*,#2565,.F.);
#1666=ORIENTED_EDGE('',*,*,#2566,.F.);
#1667=ORIENTED_EDGE('',*,*,#2564,.T.);
#1668=ORIENTED_EDGE('',*,*,#2569,.F.);
#1669=ORIENTED_EDGE('',*,*,#2562,.F.);
#1670=ORIENTED_EDGE('',*,*,#2568,.T.);
#1671=ORIENTED_EDGE('',*,*,#2577,.T.);
#1672=ORIENTED_EDGE('',*,*,#2575,.T.);
#1673=ORIENTED_EDGE('',*,*,#2578,.T.);
#1674=ORIENTED_EDGE('',*,*,#2573,.F.);
#1675=ORIENTED_EDGE('',*,*,#2579,.T.);
#1676=ORIENTED_EDGE('',*,*,#2576,.T.);
#1677=ORIENTED_EDGE('',*,*,#2580,.T.);
#1678=ORIENTED_EDGE('',*,*,#2574,.F.);
#1679=ORIENTED_EDGE('',*,*,#2586,.F.);
#1680=ORIENTED_EDGE('',*,*,#2582,.T.);
#1681=ORIENTED_EDGE('',*,*,#2462,.T.);
#1682=ORIENTED_EDGE('',*,*,#2463,.F.);
#1683=ORIENTED_EDGE('',*,*,#2531,.F.);
#1684=ORIENTED_EDGE('',*,*,#2608,.F.);
#1685=ORIENTED_EDGE('',*,*,#2585,.T.);
#1686=ORIENTED_EDGE('',*,*,#2589,.T.);
#1687=ORIENTED_EDGE('',*,*,#2587,.F.);
#1688=ORIENTED_EDGE('',*,*,#2588,.F.);
#1689=ORIENTED_EDGE('',*,*,#2586,.T.);
#1690=ORIENTED_EDGE('',*,*,#2591,.F.);
#1691=ORIENTED_EDGE('',*,*,#2584,.F.);
#1692=ORIENTED_EDGE('',*,*,#2590,.T.);
#1693=ORIENTED_EDGE('',*,*,#2596,.T.);
#1694=ORIENTED_EDGE('',*,*,#2595,.T.);
#1695=ORIENTED_EDGE('',*,*,#2597,.T.);
#1696=ORIENTED_EDGE('',*,*,#2594,.F.);
#1697=ORIENTED_EDGE('',*,*,#2601,.T.);
#1698=ORIENTED_EDGE('',*,*,#2600,.T.);
#1699=ORIENTED_EDGE('',*,*,#2602,.T.);
#1700=ORIENTED_EDGE('',*,*,#2599,.F.);
#1701=ORIENTED_EDGE('',*,*,#2444,.F.);
#1702=ORIENTED_EDGE('',*,*,#2554,.F.);
#1703=ORIENTED_EDGE('',*,*,#2609,.T.);
#1704=ORIENTED_EDGE('',*,*,#2594,.T.);
#1705=ORIENTED_EDGE('',*,*,#2592,.T.);
#1706=ORIENTED_EDGE('',*,*,#2437,.F.);
#1707=ORIENTED_EDGE('',*,*,#2458,.F.);
#1708=ORIENTED_EDGE('',*,*,#2510,.F.);
#1709=ORIENTED_EDGE('',*,*,#2606,.T.);
#1710=ORIENTED_EDGE('',*,*,#2574,.T.);
#1711=ORIENTED_EDGE('',*,*,#2571,.T.);
#1712=ORIENTED_EDGE('',*,*,#2432,.F.);
#1713=ORIENTED_EDGE('',*,*,#2617,.T.);
#1714=ORIENTED_EDGE('',*,*,#2616,.T.);
#1715=ORIENTED_EDGE('',*,*,#2618,.F.);
#1716=ORIENTED_EDGE('',*,*,#2615,.F.);
#1717=ORIENTED_EDGE('',*,*,#2434,.F.);
#1718=ORIENTED_EDGE('',*,*,#2432,.T.);
#1719=ORIENTED_EDGE('',*,*,#2435,.T.);
#1720=ORIENTED_EDGE('',*,*,#2620,.F.);
#1721=ORIENTED_EDGE('',*,*,#2622,.F.);
#1722=ORIENTED_EDGE('',*,*,#2620,.T.);
#1723=ORIENTED_EDGE('',*,*,#2621,.T.);
#1724=ORIENTED_EDGE('',*,*,#2619,.F.);
#1725=ORIENTED_EDGE('',*,*,#2628,.T.);
#1726=ORIENTED_EDGE('',*,*,#2623,.F.);
#1727=ORIENTED_EDGE('',*,*,#2619,.T.);
#1728=ORIENTED_EDGE('',*,*,#2624,.T.);
#1729=ORIENTED_EDGE('',*,*,#2627,.T.);
#1730=ORIENTED_EDGE('',*,*,#2629,.F.);
#1731=ORIENTED_EDGE('',*,*,#2628,.F.);
#1732=ORIENTED_EDGE('',*,*,#2630,.T.);
#1733=ORIENTED_EDGE('',*,*,#2633,.T.);
#1734=ORIENTED_EDGE('',*,*,#2437,.T.);
#1735=ORIENTED_EDGE('',*,*,#2634,.F.);
#1736=ORIENTED_EDGE('',*,*,#2635,.F.);
#1737=ORIENTED_EDGE('',*,*,#2635,.T.);
#1738=ORIENTED_EDGE('',*,*,#2638,.T.);
#1739=ORIENTED_EDGE('',*,*,#2636,.F.);
#1740=ORIENTED_EDGE('',*,*,#2637,.F.);
#1741=ORIENTED_EDGE('',*,*,#2640,.F.);
#1742=ORIENTED_EDGE('',*,*,#2641,.F.);
#1743=ORIENTED_EDGE('',*,*,#2639,.T.);
#1744=ORIENTED_EDGE('',*,*,#2641,.T.);
#1745=ORIENTED_EDGE('',*,*,#2647,.T.);
#1746=ORIENTED_EDGE('',*,*,#2427,.F.);
#1747=ORIENTED_EDGE('',*,*,#2430,.F.);
#1748=ORIENTED_EDGE('',*,*,#2426,.T.);
#1749=ORIENTED_EDGE('',*,*,#2644,.T.);
#1750=ORIENTED_EDGE('',*,*,#2631,.F.);
#1751=ORIENTED_EDGE('',*,*,#2618,.T.);
#1752=ORIENTED_EDGE('',*,*,#2438,.F.);
#1753=ORIENTED_EDGE('',*,*,#2612,.T.);
#1754=ORIENTED_EDGE('',*,*,#2445,.T.);
#1755=ORIENTED_EDGE('',*,*,#2446,.T.);
#1756=ORIENTED_EDGE('',*,*,#2447,.T.);
#1757=ORIENTED_EDGE('',*,*,#2449,.T.);
#1758=ORIENTED_EDGE('',*,*,#2452,.T.);
#1759=ORIENTED_EDGE('',*,*,#2454,.T.);
#1760=ORIENTED_EDGE('',*,*,#2455,.T.);
#1761=ORIENTED_EDGE('',*,*,#2456,.T.);
#1762=ORIENTED_EDGE('',*,*,#2457,.T.);
#1763=ORIENTED_EDGE('',*,*,#2458,.T.);
#1764=ORIENTED_EDGE('',*,*,#2434,.T.);
#1765=ORIENTED_EDGE('',*,*,#2622,.T.);
#1766=ORIENTED_EDGE('',*,*,#2623,.T.);
#1767=ORIENTED_EDGE('',*,*,#2629,.T.);
#1768=ORIENTED_EDGE('',*,*,#2625,.T.);
#1769=ORIENTED_EDGE('',*,*,#2614,.T.);
#1770=ORIENTED_EDGE('',*,*,#2459,.T.);
#1771=ORIENTED_EDGE('',*,*,#2460,.T.);
#1772=ORIENTED_EDGE('',*,*,#2461,.T.);
#1773=ORIENTED_EDGE('',*,*,#2463,.T.);
#1774=ORIENTED_EDGE('',*,*,#2466,.T.);
#1775=ORIENTED_EDGE('',*,*,#2468,.T.);
#1776=ORIENTED_EDGE('',*,*,#2440,.T.);
#1777=ORIENTED_EDGE('',*,*,#2441,.T.);
#1778=ORIENTED_EDGE('',*,*,#2442,.T.);
#1779=ORIENTED_EDGE('',*,*,#2443,.T.);
#1780=ORIENTED_EDGE('',*,*,#2444,.T.);
#1781=ORIENTED_EDGE('',*,*,#2633,.F.);
#1782=ORIENTED_EDGE('',*,*,#2637,.T.);
#1783=ORIENTED_EDGE('',*,*,#2648,.F.);
#1784=ORIENTED_EDGE('',*,*,#2652,.T.);
#1785=ORIENTED_EDGE('',*,*,#2472,.T.);
#1786=ORIENTED_EDGE('',*,*,#2469,.T.);
#1787=ORIENTED_EDGE('',*,*,#2470,.T.);
#1788=ORIENTED_EDGE('',*,*,#2640,.T.);
#1789=ORIENTED_EDGE('',*,*,#2471,.T.);
#1790=ORIENTED_EDGE('',*,*,#2661,.F.);
#1791=ORIENTED_EDGE('',*,*,#2654,.T.);
#1792=ORIENTED_EDGE('',*,*,#2657,.T.);
#1793=ORIENTED_EDGE('',*,*,#2649,.T.);
#1794=ORIENTED_EDGE('',*,*,#2638,.F.);
#1795=ORIENTED_EDGE('',*,*,#2634,.T.);
#1796=ORIENTED_EDGE('',*,*,#2592,.F.);
#1797=ORIENTED_EDGE('',*,*,#2597,.F.);
#1798=ORIENTED_EDGE('',*,*,#2547,.F.);
#1799=ORIENTED_EDGE('',*,*,#2546,.F.);
#1800=ORIENTED_EDGE('',*,*,#2549,.F.);
#1801=ORIENTED_EDGE('',*,*,#2548,.F.);
#1802=ORIENTED_EDGE('',*,*,#2598,.F.);
#1803=ORIENTED_EDGE('',*,*,#2601,.F.);
#1804=ORIENTED_EDGE('',*,*,#2467,.F.);
#1805=ORIENTED_EDGE('',*,*,#2464,.F.);
#1806=ORIENTED_EDGE('',*,*,#2582,.F.);
#1807=ORIENTED_EDGE('',*,*,#2590,.F.);
#1808=ORIENTED_EDGE('',*,*,#2581,.T.);
#1809=ORIENTED_EDGE('',*,*,#2526,.T.);
#1810=ORIENTED_EDGE('',*,*,#2527,.T.);
#1811=ORIENTED_EDGE('',*,*,#2524,.T.);
#1812=ORIENTED_EDGE('',*,*,#2525,.T.);
#1813=ORIENTED_EDGE('',*,*,#2589,.F.);
#1814=ORIENTED_EDGE('',*,*,#2613,.F.);
#1815=ORIENTED_EDGE('',*,*,#2626,.F.);
#1816=ORIENTED_EDGE('',*,*,#2630,.F.);
#1817=ORIENTED_EDGE('',*,*,#2624,.F.);
#1818=ORIENTED_EDGE('',*,*,#2621,.F.);
#1819=ORIENTED_EDGE('',*,*,#2435,.F.);
#1820=ORIENTED_EDGE('',*,*,#2571,.F.);
#1821=ORIENTED_EDGE('',*,*,#2580,.F.);
#1822=ORIENTED_EDGE('',*,*,#2504,.F.);
#1823=ORIENTED_EDGE('',*,*,#2503,.F.);
#1824=ORIENTED_EDGE('',*,*,#2506,.F.);
#1825=ORIENTED_EDGE('',*,*,#2505,.F.);
#1826=ORIENTED_EDGE('',*,*,#2570,.F.);
#1827=ORIENTED_EDGE('',*,*,#2577,.F.);
#1828=ORIENTED_EDGE('',*,*,#2453,.F.);
#1829=ORIENTED_EDGE('',*,*,#2450,.F.);
#1830=ORIENTED_EDGE('',*,*,#2560,.F.);
#1831=ORIENTED_EDGE('',*,*,#2568,.F.);
#1832=ORIENTED_EDGE('',*,*,#2559,.T.);
#1833=ORIENTED_EDGE('',*,*,#2484,.T.);
#1834=ORIENTED_EDGE('',*,*,#2485,.T.);
#1835=ORIENTED_EDGE('',*,*,#2482,.T.);
#1836=ORIENTED_EDGE('',*,*,#2483,.T.);
#1837=ORIENTED_EDGE('',*,*,#2567,.F.);
#1838=ORIENTED_EDGE('',*,*,#2611,.F.);
#1839=ORIENTED_EDGE('',*,*,#2439,.T.);
#1840=ORIENTED_EDGE('',*,*,#2617,.F.);
#1841=ORIENTED_EDGE('',*,*,#2632,.T.);
#1842=ORIENTED_EDGE('',*,*,#2645,.T.);
#1843=ORIENTED_EDGE('',*,*,#2425,.F.);
#1844=ORIENTED_EDGE('',*,*,#2431,.T.);
#1845=ORIENTED_EDGE('',*,*,#2429,.T.);
#1846=ORIENTED_EDGE('',*,*,#2646,.F.);
#1847=ORIENTED_EDGE('',*,*,#2653,.T.);
#1848=ORIENTED_EDGE('',*,*,#2662,.T.);
#1849=ORIENTED_EDGE('',*,*,#2639,.F.);
#1850=ORIENTED_EDGE('',*,*,#2655,.T.);
#1851=ORIENTED_EDGE('',*,*,#2658,.T.);
#1852=ORIENTED_EDGE('',*,*,#2769,.F.);
#1853=ORIENTED_EDGE('',*,*,#2681,.T.);
#1854=ORIENTED_EDGE('',*,*,#2682,.T.);
#1855=ORIENTED_EDGE('',*,*,#2748,.F.);
#1856=ORIENTED_EDGE('',*,*,#2759,.T.);
#1857=ORIENTED_EDGE('',*,*,#2749,.T.);
#1858=ORIENTED_EDGE('',*,*,#2672,.T.);
#1859=ORIENTED_EDGE('',*,*,#2663,.T.);
#1860=ORIENTED_EDGE('',*,*,#2768,.T.);
#1861=ORIENTED_EDGE('',*,*,#2772,.F.);
#1862=ORIENTED_EDGE('',*,*,#2753,.F.);
#1863=ORIENTED_EDGE('',*,*,#2725,.T.);
#1864=ORIENTED_EDGE('',*,*,#2726,.T.);
#1865=ORIENTED_EDGE('',*,*,#2733,.F.);
#1866=ORIENTED_EDGE('',*,*,#2742,.T.);
#1867=ORIENTED_EDGE('',*,*,#2734,.T.);
#1868=ORIENTED_EDGE('',*,*,#2716,.T.);
#1869=ORIENTED_EDGE('',*,*,#2707,.T.);
#1870=ORIENTED_EDGE('',*,*,#2752,.T.);
#1871=ORIENTED_EDGE('',*,*,#2764,.F.);
#1872=ORIENTED_EDGE('',*,*,#2761,.F.);
#1873=ORIENTED_EDGE('',*,*,#2751,.F.);
#1874=ORIENTED_EDGE('',*,*,#2703,.T.);
#1875=ORIENTED_EDGE('',*,*,#2704,.T.);
#1876=ORIENTED_EDGE('',*,*,#2731,.F.);
#1877=ORIENTED_EDGE('',*,*,#2739,.T.);
#1878=ORIENTED_EDGE('',*,*,#2732,.T.);
#1879=ORIENTED_EDGE('',*,*,#2694,.T.);
#1880=ORIENTED_EDGE('',*,*,#2685,.T.);
#1881=ORIENTED_EDGE('',*,*,#2750,.T.);
#1882=ORIENTED_EDGE('',*,*,#2632,.F.);
#1883=ORIENTED_EDGE('',*,*,#2615,.T.);
#1884=ORIENTED_EDGE('',*,*,#2631,.T.);
#1885=ORIENTED_EDGE('',*,*,#2643,.F.);
#1886=ORIENTED_EDGE('',*,*,#2645,.F.);
#1887=ORIENTED_EDGE('',*,*,#2643,.T.);
#1888=ORIENTED_EDGE('',*,*,#2644,.F.);
#1889=ORIENTED_EDGE('',*,*,#2642,.F.);
#1890=ORIENTED_EDGE('',*,*,#2648,.T.);
#1891=ORIENTED_EDGE('',*,*,#2636,.T.);
#1892=ORIENTED_EDGE('',*,*,#2649,.F.);
#1893=ORIENTED_EDGE('',*,*,#2651,.F.);
#1894=ORIENTED_EDGE('',*,*,#2652,.F.);
#1895=ORIENTED_EDGE('',*,*,#2651,.T.);
#1896=ORIENTED_EDGE('',*,*,#2653,.F.);
#1897=ORIENTED_EDGE('',*,*,#2650,.F.);
#1898=ORIENTED_EDGE('',*,*,#2656,.F.);
#1899=ORIENTED_EDGE('',*,*,#2655,.F.);
#1900=ORIENTED_EDGE('',*,*,#2656,.T.);
#1901=ORIENTED_EDGE('',*,*,#2654,.F.);
#1902=ORIENTED_EDGE('',*,*,#2659,.F.);
#1903=ORIENTED_EDGE('',*,*,#2658,.F.);
#1904=ORIENTED_EDGE('',*,*,#2659,.T.);
#1905=ORIENTED_EDGE('',*,*,#2657,.F.);
#1906=ORIENTED_EDGE('',*,*,#2661,.T.);
#1907=ORIENTED_EDGE('',*,*,#2660,.F.);
#1908=ORIENTED_EDGE('',*,*,#2662,.F.);
#1909=ORIENTED_EDGE('',*,*,#2660,.T.);
#1910=ORIENTED_EDGE('',*,*,#2771,.F.);
#1911=ORIENTED_EDGE('',*,*,#2768,.F.);
#1912=ORIENTED_EDGE('',*,*,#2663,.F.);
#1913=ORIENTED_EDGE('',*,*,#2665,.T.);
#1914=ORIENTED_EDGE('',*,*,#2664,.T.);
#1915=ORIENTED_EDGE('',*,*,#2766,.F.);
#1916=ORIENTED_EDGE('',*,*,#2668,.F.);
#1917=ORIENTED_EDGE('',*,*,#2667,.F.);
#1918=ORIENTED_EDGE('',*,*,#2669,.F.);
#1919=ORIENTED_EDGE('',*,*,#2683,.F.);
#1920=ORIENTED_EDGE('',*,*,#2680,.F.);
#1921=ORIENTED_EDGE('',*,*,#2679,.F.);
#1922=ORIENTED_EDGE('',*,*,#2749,.F.);
#1923=ORIENTED_EDGE('',*,*,#2758,.F.);
#1924=ORIENTED_EDGE('',*,*,#2671,.F.);
#1925=ORIENTED_EDGE('',*,*,#2669,.T.);
#1926=ORIENTED_EDGE('',*,*,#2674,.F.);
#1927=ORIENTED_EDGE('',*,*,#2678,.F.);
#1928=ORIENTED_EDGE('',*,*,#2673,.T.);
#1929=ORIENTED_EDGE('',*,*,#2665,.F.);
#1930=ORIENTED_EDGE('',*,*,#2672,.F.);
#1931=ORIENTED_EDGE('',*,*,#2675,.T.);
#1932=ORIENTED_EDGE('',*,*,#2666,.F.);
#1933=ORIENTED_EDGE('',*,*,#2664,.F.);
#1934=ORIENTED_EDGE('',*,*,#2673,.F.);
#1935=ORIENTED_EDGE('',*,*,#2674,.T.);
#1936=ORIENTED_EDGE('',*,*,#2667,.T.);
#1937=ORIENTED_EDGE('',*,*,#2670,.T.);
#1938=ORIENTED_EDGE('',*,*,#2676,.F.);
#1939=ORIENTED_EDGE('',*,*,#2678,.T.);
#1940=ORIENTED_EDGE('',*,*,#2676,.T.);
#1941=ORIENTED_EDGE('',*,*,#2677,.T.);
#1942=ORIENTED_EDGE('',*,*,#2675,.F.);
#1943=ORIENTED_EDGE('',*,*,#2767,.T.);
#1944=ORIENTED_EDGE('',*,*,#2679,.T.);
#1945=ORIENTED_EDGE('',*,*,#2684,.F.);
#1946=ORIENTED_EDGE('',*,*,#2681,.F.);
#1947=ORIENTED_EDGE('',*,*,#2769,.T.);
#1948=ORIENTED_EDGE('',*,*,#2773,.T.);
#1949=ORIENTED_EDGE('',*,*,#2682,.F.);
#1950=ORIENTED_EDGE('',*,*,#2684,.T.);
#1951=ORIENTED_EDGE('',*,*,#2680,.T.);
#1952=ORIENTED_EDGE('',*,*,#2743,.F.);
#1953=ORIENTED_EDGE('',*,*,#2757,.T.);
#1954=ORIENTED_EDGE('',*,*,#2748,.T.);
#1955=ORIENTED_EDGE('',*,*,#2760,.F.);
#1956=ORIENTED_EDGE('',*,*,#2750,.F.);
#1957=ORIENTED_EDGE('',*,*,#2685,.F.);
#1958=ORIENTED_EDGE('',*,*,#2687,.T.);
#1959=ORIENTED_EDGE('',*,*,#2686,.T.);
#1960=ORIENTED_EDGE('',*,*,#2744,.F.);
#1961=ORIENTED_EDGE('',*,*,#2690,.F.);
#1962=ORIENTED_EDGE('',*,*,#2689,.F.);
#1963=ORIENTED_EDGE('',*,*,#2691,.F.);
#1964=ORIENTED_EDGE('',*,*,#2705,.F.);
#1965=ORIENTED_EDGE('',*,*,#2702,.F.);
#1966=ORIENTED_EDGE('',*,*,#2701,.F.);
#1967=ORIENTED_EDGE('',*,*,#2732,.F.);
#1968=ORIENTED_EDGE('',*,*,#2738,.F.);
#1969=ORIENTED_EDGE('',*,*,#2693,.F.);
#1970=ORIENTED_EDGE('',*,*,#2691,.T.);
#1971=ORIENTED_EDGE('',*,*,#2696,.F.);
#1972=ORIENTED_EDGE('',*,*,#2700,.F.);
#1973=ORIENTED_EDGE('',*,*,#2695,.T.);
#1974=ORIENTED_EDGE('',*,*,#2687,.F.);
#1975=ORIENTED_EDGE('',*,*,#2694,.F.);
#1976=ORIENTED_EDGE('',*,*,#2697,.T.);
#1977=ORIENTED_EDGE('',*,*,#2688,.F.);
#1978=ORIENTED_EDGE('',*,*,#2686,.F.);
#1979=ORIENTED_EDGE('',*,*,#2695,.F.);
#1980=ORIENTED_EDGE('',*,*,#2696,.T.);
#1981=ORIENTED_EDGE('',*,*,#2689,.T.);
#1982=ORIENTED_EDGE('',*,*,#2692,.T.);
#1983=ORIENTED_EDGE('',*,*,#2698,.F.);
#1984=ORIENTED_EDGE('',*,*,#2700,.T.);
#1985=ORIENTED_EDGE('',*,*,#2698,.T.);
#1986=ORIENTED_EDGE('',*,*,#2699,.T.);
#1987=ORIENTED_EDGE('',*,*,#2697,.F.);
#1988=ORIENTED_EDGE('',*,*,#2745,.T.);
#1989=ORIENTED_EDGE('',*,*,#2701,.T.);
#1990=ORIENTED_EDGE('',*,*,#2706,.F.);
#1991=ORIENTED_EDGE('',*,*,#2703,.F.);
#1992=ORIENTED_EDGE('',*,*,#2751,.T.);
#1993=ORIENTED_EDGE('',*,*,#2762,.T.);
#1994=ORIENTED_EDGE('',*,*,#2704,.F.);
#1995=ORIENTED_EDGE('',*,*,#2706,.T.);
#1996=ORIENTED_EDGE('',*,*,#2702,.T.);
#1997=ORIENTED_EDGE('',*,*,#2729,.F.);
#1998=ORIENTED_EDGE('',*,*,#2737,.T.);
#1999=ORIENTED_EDGE('',*,*,#2731,.T.);
#2000=ORIENTED_EDGE('',*,*,#2763,.F.);
#2001=ORIENTED_EDGE('',*,*,#2752,.F.);
#2002=ORIENTED_EDGE('',*,*,#2707,.F.);
#2003=ORIENTED_EDGE('',*,*,#2709,.T.);
#2004=ORIENTED_EDGE('',*,*,#2708,.T.);
#2005=ORIENTED_EDGE('',*,*,#2746,.F.);
#2006=ORIENTED_EDGE('',*,*,#2712,.F.);
#2007=ORIENTED_EDGE('',*,*,#2711,.F.);
#2008=ORIENTED_EDGE('',*,*,#2713,.F.);
#2009=ORIENTED_EDGE('',*,*,#2727,.F.);
#2010=ORIENTED_EDGE('',*,*,#2724,.F.);
#2011=ORIENTED_EDGE('',*,*,#2723,.F.);
#2012=ORIENTED_EDGE('',*,*,#2734,.F.);
#2013=ORIENTED_EDGE('',*,*,#2741,.F.);
#2014=ORIENTED_EDGE('',*,*,#2715,.F.);
#2015=ORIENTED_EDGE('',*,*,#2713,.T.);
#2016=ORIENTED_EDGE('',*,*,#2718,.F.);
#2017=ORIENTED_EDGE('',*,*,#2722,.F.);
#2018=ORIENTED_EDGE('',*,*,#2717,.T.);
#2019=ORIENTED_EDGE('',*,*,#2709,.F.);
#2020=ORIENTED_EDGE('',*,*,#2716,.F.);
#2021=ORIENTED_EDGE('',*,*,#2719,.T.);
#2022=ORIENTED_EDGE('',*,*,#2710,.F.);
#2023=ORIENTED_EDGE('',*,*,#2708,.F.);
#2024=ORIENTED_EDGE('',*,*,#2717,.F.);
#2025=ORIENTED_EDGE('',*,*,#2718,.T.);
#2026=ORIENTED_EDGE('',*,*,#2711,.T.);
#2027=ORIENTED_EDGE('',*,*,#2714,.T.);
#2028=ORIENTED_EDGE('',*,*,#2720,.F.);
#2029=ORIENTED_EDGE('',*,*,#2722,.T.);
#2030=ORIENTED_EDGE('',*,*,#2720,.T.);
#2031=ORIENTED_EDGE('',*,*,#2721,.T.);
#2032=ORIENTED_EDGE('',*,*,#2719,.F.);
#2033=ORIENTED_EDGE('',*,*,#2747,.T.);
#2034=ORIENTED_EDGE('',*,*,#2723,.T.);
#2035=ORIENTED_EDGE('',*,*,#2728,.F.);
#2036=ORIENTED_EDGE('',*,*,#2725,.F.);
#2037=ORIENTED_EDGE('',*,*,#2753,.T.);
#2038=ORIENTED_EDGE('',*,*,#2765,.T.);
#2039=ORIENTED_EDGE('',*,*,#2726,.F.);
#2040=ORIENTED_EDGE('',*,*,#2728,.T.);
#2041=ORIENTED_EDGE('',*,*,#2724,.T.);
#2042=ORIENTED_EDGE('',*,*,#2730,.F.);
#2043=ORIENTED_EDGE('',*,*,#2740,.T.);
#2044=ORIENTED_EDGE('',*,*,#2733,.T.);
#2045=ORIENTED_EDGE('',*,*,#2729,.T.);
#2046=ORIENTED_EDGE('',*,*,#2705,.T.);
#2047=ORIENTED_EDGE('',*,*,#2693,.T.);
#2048=ORIENTED_EDGE('',*,*,#2735,.F.);
#2049=ORIENTED_EDGE('',*,*,#2730,.T.);
#2050=ORIENTED_EDGE('',*,*,#2727,.T.);
#2051=ORIENTED_EDGE('',*,*,#2715,.T.);
#2052=ORIENTED_EDGE('',*,*,#2736,.F.);
#2053=ORIENTED_EDGE('',*,*,#2735,.T.);
#2054=ORIENTED_EDGE('',*,*,#2738,.T.);
#2055=ORIENTED_EDGE('',*,*,#2739,.F.);
#2056=ORIENTED_EDGE('',*,*,#2737,.F.);
#2057=ORIENTED_EDGE('',*,*,#2736,.T.);
#2058=ORIENTED_EDGE('',*,*,#2741,.T.);
#2059=ORIENTED_EDGE('',*,*,#2742,.F.);
#2060=ORIENTED_EDGE('',*,*,#2740,.F.);
#2061=ORIENTED_EDGE('',*,*,#2743,.T.);
#2062=ORIENTED_EDGE('',*,*,#2683,.T.);
#2063=ORIENTED_EDGE('',*,*,#2671,.T.);
#2064=ORIENTED_EDGE('',*,*,#2754,.F.);
#2065=ORIENTED_EDGE('',*,*,#2755,.T.);
#2066=ORIENTED_EDGE('',*,*,#2744,.T.);
#2067=ORIENTED_EDGE('',*,*,#2688,.T.);
#2068=ORIENTED_EDGE('',*,*,#2699,.F.);
#2069=ORIENTED_EDGE('',*,*,#2692,.F.);
#2070=ORIENTED_EDGE('',*,*,#2690,.T.);
#2071=ORIENTED_EDGE('',*,*,#2745,.F.);
#2072=ORIENTED_EDGE('',*,*,#2756,.T.);
#2073=ORIENTED_EDGE('',*,*,#2746,.T.);
#2074=ORIENTED_EDGE('',*,*,#2710,.T.);
#2075=ORIENTED_EDGE('',*,*,#2721,.F.);
#2076=ORIENTED_EDGE('',*,*,#2714,.F.);
#2077=ORIENTED_EDGE('',*,*,#2712,.T.);
#2078=ORIENTED_EDGE('',*,*,#2747,.F.);
#2079=ORIENTED_EDGE('',*,*,#2754,.T.);
#2080=ORIENTED_EDGE('',*,*,#2758,.T.);
#2081=ORIENTED_EDGE('',*,*,#2759,.F.);
#2082=ORIENTED_EDGE('',*,*,#2757,.F.);
#2083=ORIENTED_EDGE('',*,*,#2762,.F.);
#2084=ORIENTED_EDGE('',*,*,#2761,.T.);
#2085=ORIENTED_EDGE('',*,*,#2760,.T.);
#2086=ORIENTED_EDGE('',*,*,#2755,.F.);
#2087=ORIENTED_EDGE('',*,*,#2765,.F.);
#2088=ORIENTED_EDGE('',*,*,#2764,.T.);
#2089=ORIENTED_EDGE('',*,*,#2763,.T.);
#2090=ORIENTED_EDGE('',*,*,#2756,.F.);
#2091=ORIENTED_EDGE('',*,*,#2770,.T.);
#2092=ORIENTED_EDGE('',*,*,#2766,.T.);
#2093=ORIENTED_EDGE('',*,*,#2666,.T.);
#2094=ORIENTED_EDGE('',*,*,#2677,.F.);
#2095=ORIENTED_EDGE('',*,*,#2670,.F.);
#2096=ORIENTED_EDGE('',*,*,#2668,.T.);
#2097=ORIENTED_EDGE('',*,*,#2767,.F.);
#2098=ORIENTED_EDGE('',*,*,#2773,.F.);
#2099=ORIENTED_EDGE('',*,*,#2772,.T.);
#2100=ORIENTED_EDGE('',*,*,#2771,.T.);
#2101=ORIENTED_EDGE('',*,*,#2770,.F.);
#2102=EDGE_CURVE('',#3446,#3447,#3106,.T.);
#2103=EDGE_CURVE('',#3448,#3449,#3107,.T.);
#2104=EDGE_CURVE('',#3446,#3574,#3108,.T.);
#2105=EDGE_CURVE('',#3447,#3575,#3109,.T.);
#2106=EDGE_CURVE('',#3450,#3451,#3110,.T.);
#2107=EDGE_CURVE('',#3452,#3453,#3111,.T.);
#2108=EDGE_CURVE('',#3450,#3570,#3112,.T.);
#2109=EDGE_CURVE('',#3451,#3571,#3113,.T.);
#2110=EDGE_CURVE('',#3455,#3454,#2774,.T.);
#2111=EDGE_CURVE('',#3454,#3456,#2775,.T.);
#2112=EDGE_CURVE('',#3456,#3457,#2776,.T.);
#2113=EDGE_CURVE('',#3457,#3458,#2777,.T.);
#2114=EDGE_CURVE('',#3458,#3452,#2778,.T.);
#2115=EDGE_CURVE('',#3459,#3460,#2779,.T.);
#2116=EDGE_CURVE('',#3460,#3461,#2780,.T.);
#2117=EDGE_CURVE('',#3461,#3462,#2781,.T.);
#2118=EDGE_CURVE('',#3463,#3464,#2782,.T.);
#2119=EDGE_CURVE('',#3462,#3464,#2783,.T.);
#2120=EDGE_CURVE('',#3463,#3465,#2784,.T.);
#2121=EDGE_CURVE('',#3465,#3466,#2785,.T.);
#2122=EDGE_CURVE('',#3464,#3466,#2786,.T.);
#2123=EDGE_CURVE('',#3465,#3544,#2787,.T.);
#2124=EDGE_CURVE('',#3466,#3467,#2788,.T.);
#2125=EDGE_CURVE('',#3467,#3468,#2789,.T.);
#2126=EDGE_CURVE('',#3468,#3469,#2790,.T.);
#2127=EDGE_CURVE('',#3469,#3470,#2791,.T.);
#2128=EDGE_CURVE('',#3470,#3446,#2792,.T.);
#2129=EDGE_CURVE('',#3471,#3472,#2793,.T.);
#2130=EDGE_CURVE('',#3472,#3473,#2794,.T.);
#2131=EDGE_CURVE('',#3473,#3474,#2795,.T.);
#2132=EDGE_CURVE('',#3475,#3476,#2796,.T.);
#2133=EDGE_CURVE('',#3474,#3476,#2797,.T.);
#2134=EDGE_CURVE('',#3475,#3477,#2798,.T.);
#2135=EDGE_CURVE('',#3477,#3478,#2799,.T.);
#2136=EDGE_CURVE('',#3476,#3478,#2800,.T.);
#2137=EDGE_CURVE('',#3477,#3564,#2801,.T.);
#2138=EDGE_CURVE('',#3478,#3455,#2802,.T.);
#2139=EDGE_CURVE('',#3479,#3479,#2803,.T.);
#2140=EDGE_CURVE('',#3480,#3480,#2804,.T.);
#2141=EDGE_CURVE('',#3481,#3481,#2805,.T.);
#2142=EDGE_CURVE('',#3482,#3482,#2806,.T.);
#2143=EDGE_CURVE('',#3483,#3486,#3114,.T.);
#2144=EDGE_CURVE('',#3484,#3537,#3115,.T.);
#2145=EDGE_CURVE('',#3485,#3495,#3116,.T.);
#2146=EDGE_CURVE('',#3485,#3484,#3117,.T.);
#2147=EDGE_CURVE('',#3485,#3486,#2807,.T.);
#2148=EDGE_CURVE('',#3488,#3487,#2808,.T.);
#2149=EDGE_CURVE('',#3489,#3488,#2809,.T.);
#2150=EDGE_CURVE('',#3490,#3489,#2810,.T.);
#2151=EDGE_CURVE('',#3491,#3491,#2811,.T.);
#2152=EDGE_CURVE('',#3492,#3493,#3118,.T.);
#2153=EDGE_CURVE('',#3493,#3538,#3119,.T.);
#2154=EDGE_CURVE('',#3494,#3495,#3120,.T.);
#2155=EDGE_CURVE('',#3495,#3492,#2812,.T.);
#2156=EDGE_CURVE('',#3487,#3459,#2813,.T.);
#2157=EDGE_CURVE('',#3488,#3460,#2814,.T.);
#2158=EDGE_CURVE('',#3489,#3461,#2815,.T.);
#2159=EDGE_CURVE('',#3490,#3462,#2816,.T.);
#2160=EDGE_CURVE('',#3491,#3482,#2817,.T.);
#2161=EDGE_CURVE('',#3493,#3483,#3121,.T.);
#2162=EDGE_CURVE('',#3494,#3484,#3122,.T.);
#2163=EDGE_CURVE('',#3492,#3486,#3123,.T.);
#2164=EDGE_CURVE('',#3496,#3499,#3124,.T.);
#2165=EDGE_CURVE('',#3497,#3545,#3125,.T.);
#2166=EDGE_CURVE('',#3498,#3508,#3126,.T.);
#2167=EDGE_CURVE('',#3498,#3497,#3127,.T.);
#2168=EDGE_CURVE('',#3498,#3499,#2818,.T.);
#2169=EDGE_CURVE('',#3500,#3501,#2819,.T.);
#2170=EDGE_CURVE('',#3501,#3502,#2820,.T.);
#2171=EDGE_CURVE('',#3502,#3503,#2821,.T.);
#2172=EDGE_CURVE('',#3504,#3504,#2822,.T.);
#2173=EDGE_CURVE('',#3505,#3506,#3128,.T.);
#2174=EDGE_CURVE('',#3506,#3546,#3129,.T.);
#2175=EDGE_CURVE('',#3507,#3508,#3130,.T.);
#2176=EDGE_CURVE('',#3508,#3505,#2823,.T.);
#2177=EDGE_CURVE('',#3500,#3467,#2824,.T.);
#2178=EDGE_CURVE('',#3501,#3468,#2825,.T.);
#2179=EDGE_CURVE('',#3502,#3469,#2826,.T.);
#2180=EDGE_CURVE('',#3503,#3470,#2827,.T.);
#2181=EDGE_CURVE('',#3504,#3479,#2828,.T.);
#2182=EDGE_CURVE('',#3506,#3496,#3131,.T.);
#2183=EDGE_CURVE('',#3507,#3497,#3132,.T.);
#2184=EDGE_CURVE('',#3505,#3499,#3133,.T.);
#2185=EDGE_CURVE('',#3509,#3512,#3134,.T.);
#2186=EDGE_CURVE('',#3510,#3553,#3135,.T.);
#2187=EDGE_CURVE('',#3511,#3521,#3136,.T.);
#2188=EDGE_CURVE('',#3511,#3510,#3137,.T.);
#2189=EDGE_CURVE('',#3511,#3512,#2829,.T.);
#2190=EDGE_CURVE('',#3514,#3513,#2830,.T.);
#2191=EDGE_CURVE('',#3515,#3514,#2831,.T.);
#2192=EDGE_CURVE('',#3516,#3515,#2832,.T.);
#2193=EDGE_CURVE('',#3517,#3517,#2833,.T.);
#2194=EDGE_CURVE('',#3518,#3519,#3138,.T.);
#2195=EDGE_CURVE('',#3519,#3554,#3139,.T.);
#2196=EDGE_CURVE('',#3520,#3521,#3140,.T.);
#2197=EDGE_CURVE('',#3521,#3518,#2834,.T.);
#2198=EDGE_CURVE('',#3513,#3471,#2835,.T.);
#2199=EDGE_CURVE('',#3514,#3472,#2836,.T.);
#2200=EDGE_CURVE('',#3515,#3473,#2837,.T.);
#2201=EDGE_CURVE('',#3516,#3474,#2838,.T.);
#2202=EDGE_CURVE('',#3517,#3480,#2839,.T.);
#2203=EDGE_CURVE('',#3519,#3509,#3141,.T.);
#2204=EDGE_CURVE('',#3520,#3510,#3142,.T.);
#2205=EDGE_CURVE('',#3518,#3512,#3143,.T.);
#2206=EDGE_CURVE('',#3522,#3525,#3144,.T.);
#2207=EDGE_CURVE('',#3523,#3565,#3145,.T.);
#2208=EDGE_CURVE('',#3524,#3535,#3146,.T.);
#2209=EDGE_CURVE('',#3524,#3523,#3147,.T.);
#2210=EDGE_CURVE('',#3524,#3525,#2840,.T.);
#2211=EDGE_CURVE('',#3526,#3527,#2841,.T.);
#2212=EDGE_CURVE('',#3527,#3528,#2842,.T.);
#2213=EDGE_CURVE('',#3528,#3529,#2843,.T.);
#2214=EDGE_CURVE('',#3529,#3530,#2844,.T.);
#2215=EDGE_CURVE('',#3531,#3531,#2845,.T.);
#2216=EDGE_CURVE('',#3532,#3533,#3148,.T.);
#2217=EDGE_CURVE('',#3533,#3560,#3149,.T.);
#2218=EDGE_CURVE('',#3534,#3535,#3150,.T.);
#2219=EDGE_CURVE('',#3535,#3532,#2846,.T.);
#2220=EDGE_CURVE('',#3527,#3454,#2847,.T.);
#2221=EDGE_CURVE('',#3526,#3455,#2848,.T.);
#2222=EDGE_CURVE('',#3528,#3456,#2849,.T.);
#2223=EDGE_CURVE('',#3529,#3457,#2850,.T.);
#2224=EDGE_CURVE('',#3530,#3458,#2851,.T.);
#2225=EDGE_CURVE('',#3531,#3481,#2852,.T.);
#2226=EDGE_CURVE('',#3533,#3522,#3151,.T.);
#2227=EDGE_CURVE('',#3534,#3523,#3152,.T.);
#2228=EDGE_CURVE('',#3532,#3525,#3153,.T.);
#2229=EDGE_CURVE('',#3539,#3494,#3154,.T.);
#2230=EDGE_CURVE('',#3540,#3463,#2853,.T.);
#2231=EDGE_CURVE('',#3541,#3483,#3155,.T.);
#2232=EDGE_CURVE('',#3539,#3537,#3156,.T.);
#2233=EDGE_CURVE('',#3542,#3536,#2854,.T.);
#2234=EDGE_CURVE('',#3540,#3543,#2855,.T.);
#2235=EDGE_CURVE('',#3541,#3538,#3157,.T.);
#2236=EDGE_CURVE('',#3542,#3541,#2856,.T.);
#2237=EDGE_CURVE('',#3536,#3538,#2857,.T.);
#2238=EDGE_CURVE('',#3539,#3540,#2858,.T.);
#2239=EDGE_CURVE('',#3537,#3543,#2859,.T.);
#2240=EDGE_CURVE('',#3547,#3507,#3158,.T.);
#2241=EDGE_CURVE('',#3548,#3447,#2860,.T.);
#2242=EDGE_CURVE('',#3549,#3496,#3159,.T.);
#2243=EDGE_CURVE('',#3544,#3550,#2861,.T.);
#2244=EDGE_CURVE('',#3551,#3548,#2862,.T.);
#2245=EDGE_CURVE('',#3547,#3545,#3160,.T.);
#2246=EDGE_CURVE('',#3549,#3546,#3161,.T.);
#2247=EDGE_CURVE('',#3544,#3547,#2863,.T.);
#2248=EDGE_CURVE('',#3545,#3550,#2864,.T.);
#2249=EDGE_CURVE('',#3551,#3549,#2865,.T.);
#2250=EDGE_CURVE('',#3546,#3548,#2866,.T.);
#2251=EDGE_CURVE('',#3555,#3520,#3162,.T.);
#2252=EDGE_CURVE('',#3556,#3475,#2867,.T.);
#2253=EDGE_CURVE('',#3557,#3509,#3163,.T.);
#2254=EDGE_CURVE('',#3555,#3553,#3164,.T.);
#2255=EDGE_CURVE('',#3558,#3552,#2868,.T.);
#2256=EDGE_CURVE('',#3556,#3559,#2869,.T.);
#2257=EDGE_CURVE('',#3557,#3554,#3165,.T.);
#2258=EDGE_CURVE('',#3558,#3557,#2870,.T.);
#2259=EDGE_CURVE('',#3552,#3554,#2871,.T.);
#2260=EDGE_CURVE('',#3555,#3556,#2872,.T.);
#2261=EDGE_CURVE('',#3553,#3559,#2873,.T.);
#2262=EDGE_CURVE('',#3561,#3453,#2874,.T.);
#2263=EDGE_CURVE('',#3562,#3522,#3166,.T.);
#2264=EDGE_CURVE('',#3563,#3561,#2875,.T.);
#2265=EDGE_CURVE('',#3562,#3560,#3167,.T.);
#2266=EDGE_CURVE('',#3563,#3562,#2876,.T.);
#2267=EDGE_CURVE('',#3560,#3561,#2877,.T.);
#2268=EDGE_CURVE('',#3566,#3534,#3168,.T.);
#2269=EDGE_CURVE('',#3564,#3567,#2878,.T.);
#2270=EDGE_CURVE('',#3566,#3565,#3169,.T.);
#2271=EDGE_CURVE('',#3564,#3566,#2879,.T.);
#2272=EDGE_CURVE('',#3565,#3567,#2880,.T.);
#2273=EDGE_CURVE('',#3487,#3542,#2881,.T.);
#2274=EDGE_CURVE('',#3543,#3490,#2882,.T.);
#2275=EDGE_CURVE('',#3550,#3500,#2883,.T.);
#2276=EDGE_CURVE('',#3503,#3551,#2884,.T.);
#2277=EDGE_CURVE('',#3513,#3558,#2885,.T.);
#2278=EDGE_CURVE('',#3559,#3516,#2886,.T.);
#2279=EDGE_CURVE('',#3530,#3563,#2887,.T.);
#2280=EDGE_CURVE('',#3567,#3526,#2888,.T.);
#2281=EDGE_CURVE('',#3451,#3536,#2889,.T.);
#2282=EDGE_CURVE('',#3450,#3459,#2890,.T.);
#2283=EDGE_CURVE('',#3449,#3552,#2891,.T.);
#2284=EDGE_CURVE('',#3448,#3471,#2892,.T.);
#2285=EDGE_CURVE('',#3569,#3568,#2893,.T.);
#2286=EDGE_CURVE('',#3571,#3570,#3170,.T.);
#2287=EDGE_CURVE('',#3569,#3571,#2894,.T.);
#2288=EDGE_CURVE('',#3568,#3570,#2895,.T.);
#2289=EDGE_CURVE('',#3572,#3573,#2896,.T.);
#2290=EDGE_CURVE('',#3574,#3575,#3171,.T.);
#2291=EDGE_CURVE('',#3575,#3573,#2897,.T.);
#2292=EDGE_CURVE('',#3574,#3572,#2898,.T.);
#2293=EDGE_CURVE('',#3572,#3578,#2899,.T.);
#2294=EDGE_CURVE('',#3573,#3579,#2900,.T.);
#2295=EDGE_CURVE('',#3576,#3448,#3172,.T.);
#2296=EDGE_CURVE('',#3577,#3449,#3173,.T.);
#2297=EDGE_CURVE('',#3577,#3576,#3174,.T.);
#2298=EDGE_CURVE('',#3579,#3578,#2901,.T.);
#2299=EDGE_CURVE('',#3578,#3576,#2902,.T.);
#2300=EDGE_CURVE('',#3579,#3577,#2903,.T.);
#2301=EDGE_CURVE('',#3568,#3582,#2904,.T.);
#2302=EDGE_CURVE('',#3569,#3583,#2905,.T.);
#2303=EDGE_CURVE('',#3580,#3452,#3175,.T.);
#2304=EDGE_CURVE('',#3581,#3453,#3176,.T.);
#2305=EDGE_CURVE('',#3580,#3581,#3177,.T.);
#2306=EDGE_CURVE('',#3582,#3583,#2906,.T.);
#2307=EDGE_CURVE('',#3580,#3582,#2907,.T.);
#2308=EDGE_CURVE('',#3581,#3583,#2908,.T.);
#2309=EDGE_CURVE('',#3584,#3584,#2909,.T.);
#2310=EDGE_CURVE('',#3585,#3585,#2910,.T.);
#2311=EDGE_CURVE('',#3584,#3585,#2911,.T.);
#2312=EDGE_CURVE('',#3587,#3586,#3178,.T.);
#2313=EDGE_CURVE('',#3598,#3587,#3179,.T.);
#2314=EDGE_CURVE('',#3586,#3591,#3180,.T.);
#2315=EDGE_CURVE('',#3588,#3589,#3181,.T.);
#2316=EDGE_CURVE('',#3589,#3595,#3182,.T.);
#2317=EDGE_CURVE('',#3590,#3588,#3183,.T.);
#2318=EDGE_CURVE('',#3589,#3593,#3184,.T.);
#2319=EDGE_CURVE('',#3590,#3640,#3185,.T.);
#2320=EDGE_CURVE('',#3592,#3587,#3186,.T.);
#2321=EDGE_CURVE('',#3594,#3588,#3187,.T.);
#2322=EDGE_CURVE('',#3592,#3591,#3188,.T.);
#2323=EDGE_CURVE('',#3594,#3593,#3189,.T.);
#2324=EDGE_CURVE('',#3593,#3591,#3190,.T.);
#2325=EDGE_CURVE('',#3592,#3594,#3191,.T.);
#2326=EDGE_CURVE('',#3595,#3596,#3192,.T.);
#2327=EDGE_CURVE('',#3596,#3597,#3193,.T.);
#2328=EDGE_CURVE('',#3597,#3590,#3194,.T.);
#2329=EDGE_CURVE('',#3603,#3596,#3195,.T.);
#2330=EDGE_CURVE('',#3598,#3599,#3196,.T.);
#2331=EDGE_CURVE('',#3601,#3598,#3197,.T.);
#2332=EDGE_CURVE('',#3602,#3603,#3198,.T.);
#2333=EDGE_CURVE('',#3603,#3600,#3199,.T.);
#2334=EDGE_CURVE('',#3616,#3617,#3200,.T.);
#2335=EDGE_CURVE('',#3605,#3604,#3201,.T.);
#2336=EDGE_CURVE('',#3616,#3605,#3202,.T.);
#2337=EDGE_CURVE('',#3604,#3609,#3203,.T.);
#2338=EDGE_CURVE('',#3606,#3607,#3204,.T.);
#2339=EDGE_CURVE('',#3607,#3613,#3205,.T.);
#2340=EDGE_CURVE('',#3608,#3606,#3206,.T.);
#2341=EDGE_CURVE('',#3607,#3611,#3207,.T.);
#2342=EDGE_CURVE('',#3608,#3644,#3208,.T.);
#2343=EDGE_CURVE('',#3619,#3616,#3209,.T.);
#2344=EDGE_CURVE('',#3610,#3605,#3210,.T.);
#2345=EDGE_CURVE('',#3612,#3606,#3211,.T.);
#2346=EDGE_CURVE('',#3610,#3609,#3212,.T.);
#2347=EDGE_CURVE('',#3612,#3611,#3213,.T.);
#2348=EDGE_CURVE('',#3611,#3609,#3214,.T.);
#2349=EDGE_CURVE('',#3610,#3612,#3215,.T.);
#2350=EDGE_CURVE('',#3613,#3614,#3216,.T.);
#2351=EDGE_CURVE('',#3614,#3615,#3217,.T.);
#2352=EDGE_CURVE('',#3620,#3621,#3218,.T.);
#2353=EDGE_CURVE('',#3621,#3618,#3219,.T.);
#2354=EDGE_CURVE('',#3615,#3608,#3220,.T.);
#2355=EDGE_CURVE('',#3621,#3614,#3221,.T.);
#2356=EDGE_CURVE('',#3634,#3635,#3222,.T.);
#2357=EDGE_CURVE('',#3623,#3622,#3223,.T.);
#2358=EDGE_CURVE('',#3634,#3623,#3224,.T.);
#2359=EDGE_CURVE('',#3622,#3627,#3225,.T.);
#2360=EDGE_CURVE('',#3624,#3625,#3226,.T.);
#2361=EDGE_CURVE('',#3625,#3631,#3227,.T.);
#2362=EDGE_CURVE('',#3626,#3624,#3228,.T.);
#2363=EDGE_CURVE('',#3625,#3629,#3229,.T.);
#2364=EDGE_CURVE('',#3626,#3648,#3230,.T.);
#2365=EDGE_CURVE('',#3637,#3634,#3231,.T.);
#2366=EDGE_CURVE('',#3628,#3623,#3232,.T.);
#2367=EDGE_CURVE('',#3630,#3624,#3233,.T.);
#2368=EDGE_CURVE('',#3628,#3627,#3234,.T.);
#2369=EDGE_CURVE('',#3630,#3629,#3235,.T.);
#2370=EDGE_CURVE('',#3629,#3627,#3236,.T.);
#2371=EDGE_CURVE('',#3628,#3630,#3237,.T.);
#2372=EDGE_CURVE('',#3631,#3632,#3238,.T.);
#2373=EDGE_CURVE('',#3632,#3633,#3239,.T.);
#2374=EDGE_CURVE('',#3638,#3639,#3240,.T.);
#2375=EDGE_CURVE('',#3639,#3636,#3241,.T.);
#2376=EDGE_CURVE('',#3633,#3626,#3242,.T.);
#2377=EDGE_CURVE('',#3639,#3632,#3243,.T.);
#2378=EDGE_CURVE('',#3641,#3597,#3244,.T.);
#2379=EDGE_CURVE('',#3642,#3600,#3245,.T.);
#2380=EDGE_CURVE('',#3643,#3601,#3246,.T.);
#2381=EDGE_CURVE('',#3642,#3643,#3247,.T.);
#2382=EDGE_CURVE('',#3641,#3640,#3248,.T.);
#2383=EDGE_CURVE('',#3641,#3642,#2912,.T.);
#2384=EDGE_CURVE('',#3640,#3643,#2913,.T.);
#2385=EDGE_CURVE('',#3645,#3615,#3249,.T.);
#2386=EDGE_CURVE('',#3646,#3618,#3250,.T.);
#2387=EDGE_CURVE('',#3647,#3619,#3251,.T.);
#2388=EDGE_CURVE('',#3644,#3645,#3252,.T.);
#2389=EDGE_CURVE('',#3645,#3646,#2914,.T.);
#2390=EDGE_CURVE('',#3647,#3646,#2915,.T.);
#2391=EDGE_CURVE('',#3644,#3647,#2916,.T.);
#2392=EDGE_CURVE('',#3649,#3633,#3253,.T.);
#2393=EDGE_CURVE('',#3650,#3636,#3254,.T.);
#2394=EDGE_CURVE('',#3651,#3637,#3255,.T.);
#2395=EDGE_CURVE('',#3648,#3649,#3256,.T.);
#2396=EDGE_CURVE('',#3649,#3650,#2917,.T.);
#2397=EDGE_CURVE('',#3651,#3650,#2918,.T.);
#2398=EDGE_CURVE('',#3648,#3651,#2919,.T.);
#2399=EDGE_CURVE('',#3652,#3622,#3257,.T.);
#2400=EDGE_CURVE('',#3653,#3631,#3258,.T.);
#2401=EDGE_CURVE('',#3635,#3654,#3259,.T.);
#2402=EDGE_CURVE('',#3638,#3655,#3260,.T.);
#2403=EDGE_CURVE('',#3652,#3653,#3261,.T.);
#2404=EDGE_CURVE('',#3654,#3652,#2920,.T.);
#2405=EDGE_CURVE('',#3655,#3653,#2921,.T.);
#2406=EDGE_CURVE('',#3654,#3655,#2922,.T.);
#2407=EDGE_CURVE('',#3656,#3586,#3262,.T.);
#2408=EDGE_CURVE('',#3657,#3595,#3263,.T.);
#2409=EDGE_CURVE('',#3599,#3658,#3264,.T.);
#2410=EDGE_CURVE('',#3602,#3659,#3265,.T.);
#2411=EDGE_CURVE('',#3659,#3658,#3266,.T.);
#2412=EDGE_CURVE('',#3657,#3656,#3267,.T.);
#2413=EDGE_CURVE('',#3658,#3656,#2923,.T.);
#2414=EDGE_CURVE('',#3659,#3657,#2924,.T.);
#2415=EDGE_CURVE('',#3660,#3604,#3268,.T.);
#2416=EDGE_CURVE('',#3661,#3613,#3269,.T.);
#2417=EDGE_CURVE('',#3617,#3662,#3270,.T.);
#2418=EDGE_CURVE('',#3620,#3663,#3271,.T.);
#2419=EDGE_CURVE('',#3660,#3661,#3272,.T.);
#2420=EDGE_CURVE('',#3662,#3660,#2925,.T.);
#2421=EDGE_CURVE('',#3663,#3661,#2926,.T.);
#2422=EDGE_CURVE('',#3662,#3663,#2927,.T.);
#2423=EDGE_CURVE('',#3664,#3665,#3273,.T.);
#2424=EDGE_CURVE('',#3666,#3667,#3274,.T.);
#2425=EDGE_CURVE('',#3666,#3810,#3275,.T.);
#2426=EDGE_CURVE('',#3667,#3811,#3276,.T.);
#2427=EDGE_CURVE('',#3668,#3665,#2928,.T.);
#2428=EDGE_CURVE('',#3668,#3669,#2929,.T.);
#2429=EDGE_CURVE('',#3669,#3664,#2930,.T.);
#2430=EDGE_CURVE('',#3667,#3668,#2931,.T.);
#2431=EDGE_CURVE('',#3666,#3669,#2932,.T.);
#2432=EDGE_CURVE('',#3670,#3671,#3277,.T.);
#2433=EDGE_CURVE('',#3672,#3673,#3278,.T.);
#2434=EDGE_CURVE('',#3670,#3798,#3279,.T.);
#2435=EDGE_CURVE('',#3671,#3799,#3280,.T.);
#2436=EDGE_CURVE('',#3674,#3675,#3281,.T.);
#2437=EDGE_CURVE('',#3676,#3677,#3282,.T.);
#2438=EDGE_CURVE('',#3674,#3794,#3283,.T.);
#2439=EDGE_CURVE('',#3675,#3795,#3284,.T.);
#2440=EDGE_CURVE('',#3679,#3678,#2933,.T.);
#2441=EDGE_CURVE('',#3678,#3680,#2934,.T.);
#2442=EDGE_CURVE('',#3680,#3681,#2935,.T.);
#2443=EDGE_CURVE('',#3681,#3682,#2936,.T.);
#2444=EDGE_CURVE('',#3682,#3676,#2937,.T.);
#2445=EDGE_CURVE('',#3683,#3684,#2938,.T.);
#2446=EDGE_CURVE('',#3684,#3685,#2939,.T.);
#2447=EDGE_CURVE('',#3685,#3686,#2940,.T.);
#2448=EDGE_CURVE('',#3687,#3688,#2941,.T.);
#2449=EDGE_CURVE('',#3686,#3688,#2942,.T.);
#2450=EDGE_CURVE('',#3687,#3689,#2943,.T.);
#2451=EDGE_CURVE('',#3689,#3690,#2944,.T.);
#2452=EDGE_CURVE('',#3688,#3690,#2945,.T.);
#2453=EDGE_CURVE('',#3689,#3768,#2946,.T.);
#2454=EDGE_CURVE('',#3690,#3691,#2947,.T.);
#2455=EDGE_CURVE('',#3691,#3692,#2948,.T.);
#2456=EDGE_CURVE('',#3692,#3693,#2949,.T.);
#2457=EDGE_CURVE('',#3693,#3694,#2950,.T.);
#2458=EDGE_CURVE('',#3694,#3670,#2951,.T.);
#2459=EDGE_CURVE('',#3695,#3696,#2952,.T.);
#2460=EDGE_CURVE('',#3696,#3697,#2953,.T.);
#2461=EDGE_CURVE('',#3697,#3698,#2954,.T.);
#2462=EDGE_CURVE('',#3699,#3700,#2955,.T.);
#2463=EDGE_CURVE('',#3698,#3700,#2956,.T.);
#2464=EDGE_CURVE('',#3699,#3701,#2957,.T.);
#2465=EDGE_CURVE('',#3701,#3702,#2958,.T.);
#2466=EDGE_CURVE('',#3700,#3702,#2959,.T.);
#2467=EDGE_CURVE('',#3701,#3788,#2960,.T.);
#2468=EDGE_CURVE('',#3702,#3679,#2961,.T.);
#2469=EDGE_CURVE('',#3703,#3703,#2962,.T.);
#2470=EDGE_CURVE('',#3704,#3704,#2963,.T.);
#2471=EDGE_CURVE('',#3705,#3705,#2964,.T.);
#2472=EDGE_CURVE('',#3706,#3706,#2965,.T.);
#2473=EDGE_CURVE('',#3707,#3710,#3285,.T.);
#2474=EDGE_CURVE('',#3708,#3761,#3286,.T.);
#2475=EDGE_CURVE('',#3709,#3719,#3287,.T.);
#2476=EDGE_CURVE('',#3709,#3708,#3288,.T.);
#2477=EDGE_CURVE('',#3709,#3710,#2966,.T.);
#2478=EDGE_CURVE('',#3712,#3711,#2967,.T.);
#2479=EDGE_CURVE('',#3713,#3712,#2968,.T.);
#2480=EDGE_CURVE('',#3714,#3713,#2969,.T.);
#2481=EDGE_CURVE('',#3715,#3715,#2970,.T.);
#2482=EDGE_CURVE('',#3716,#3717,#3289,.T.);
#2483=EDGE_CURVE('',#3717,#3762,#3290,.T.);
#2484=EDGE_CURVE('',#3718,#3719,#3291,.T.);
#2485=EDGE_CURVE('',#3719,#3716,#2971,.T.);
#2486=EDGE_CURVE('',#3711,#3683,#2972,.T.);
#2487=EDGE_CURVE('',#3712,#3684,#2973,.T.);
#2488=EDGE_CURVE('',#3713,#3685,#2974,.T.);
#2489=EDGE_CURVE('',#3714,#3686,#2975,.T.);
#2490=EDGE_CURVE('',#3715,#3706,#2976,.T.);
#2491=EDGE_CURVE('',#3717,#3707,#3292,.T.);
#2492=EDGE_CURVE('',#3718,#3708,#3293,.T.);
#2493=EDGE_CURVE('',#3716,#3710,#3294,.T.);
#2494=EDGE_CURVE('',#3720,#3723,#3295,.T.);
#2495=EDGE_CURVE('',#3721,#3769,#3296,.T.);
#2496=EDGE_CURVE('',#3722,#3732,#3297,.T.);
#2497=EDGE_CURVE('',#3722,#3721,#3298,.T.);
#2498=EDGE_CURVE('',#3722,#3723,#2977,.T.);
#2499=EDGE_CURVE('',#3724,#3725,#2978,.T.);
#2500=EDGE_CURVE('',#3725,#3726,#2979,.T.);
#2501=EDGE_CURVE('',#3726,#3727,#2980,.T.);
#2502=EDGE_CURVE('',#3728,#3728,#2981,.T.);
#2503=EDGE_CURVE('',#3729,#3730,#3299,.T.);
#2504=EDGE_CURVE('',#3730,#3770,#3300,.T.);
#2505=EDGE_CURVE('',#3731,#3732,#3301,.T.);
#2506=EDGE_CURVE('',#3732,#3729,#2982,.T.);
#2507=EDGE_CURVE('',#3724,#3691,#2983,.T.);
#2508=EDGE_CURVE('',#3725,#3692,#2984,.T.);
#2509=EDGE_CURVE('',#3726,#3693,#2985,.T.);
#2510=EDGE_CURVE('',#3727,#3694,#2986,.T.);
#2511=EDGE_CURVE('',#3728,#3703,#2987,.T.);
#2512=EDGE_CURVE('',#3730,#3720,#3302,.T.);
#2513=EDGE_CURVE('',#3731,#3721,#3303,.T.);
#2514=EDGE_CURVE('',#3729,#3723,#3304,.T.);
#2515=EDGE_CURVE('',#3733,#3736,#3305,.T.);
#2516=EDGE_CURVE('',#3734,#3777,#3306,.T.);
#2517=EDGE_CURVE('',#3735,#3745,#3307,.T.);
#2518=EDGE_CURVE('',#3735,#3734,#3308,.T.);
#2519=EDGE_CURVE('',#3735,#3736,#2988,.T.);
#2520=EDGE_CURVE('',#3738,#3737,#2989,.T.);
#2521=EDGE_CURVE('',#3739,#3738,#2990,.T.);
#2522=EDGE_CURVE('',#3740,#3739,#2991,.T.);
#2523=EDGE_CURVE('',#3741,#3741,#2992,.T.);
#2524=EDGE_CURVE('',#3742,#3743,#3309,.T.);
#2525=EDGE_CURVE('',#3743,#3778,#3310,.T.);
#2526=EDGE_CURVE('',#3744,#3745,#3311,.T.);
#2527=EDGE_CURVE('',#3745,#3742,#2993,.T.);
#2528=EDGE_CURVE('',#3737,#3695,#2994,.T.);
#2529=EDGE_CURVE('',#3738,#3696,#2995,.T.);
#2530=EDGE_CURVE('',#3739,#3697,#2996,.T.);
#2531=EDGE_CURVE('',#3740,#3698,#2997,.T.);
#2532=EDGE_CURVE('',#3741,#3704,#2998,.T.);
#2533=EDGE_CURVE('',#3743,#3733,#3312,.T.);
#2534=EDGE_CURVE('',#3744,#3734,#3313,.T.);
#2535=EDGE_CURVE('',#3742,#3736,#3314,.T.);
#2536=EDGE_CURVE('',#3746,#3749,#3315,.T.);
#2537=EDGE_CURVE('',#3747,#3789,#3316,.T.);
#2538=EDGE_CURVE('',#3748,#3759,#3317,.T.);
#2539=EDGE_CURVE('',#3748,#3747,#3318,.T.);
#2540=EDGE_CURVE('',#3748,#3749,#2999,.T.);
#2541=EDGE_CURVE('',#3750,#3751,#3000,.T.);
#2542=EDGE_CURVE('',#3751,#3752,#3001,.T.);
#2543=EDGE_CURVE('',#3752,#3753,#3002,.T.);
#2544=EDGE_CURVE('',#3753,#3754,#3003,.T.);
#2545=EDGE_CURVE('',#3755,#3755,#3004,.T.);
#2546=EDGE_CURVE('',#3756,#3757,#3319,.T.);
#2547=EDGE_CURVE('',#3757,#3784,#3320,.T.);
#2548=EDGE_CURVE('',#3758,#3759,#3321,.T.);
#2549=EDGE_CURVE('',#3759,#3756,#3005,.T.);
#2550=EDGE_CURVE('',#3751,#3678,#3006,.T.);
#2551=EDGE_CURVE('',#3750,#3679,#3007,.T.);
#2552=EDGE_CURVE('',#3752,#3680,#3008,.T.);
#2553=EDGE_CURVE('',#3753,#3681,#3009,.T.);
#2554=EDGE_CURVE('',#3754,#3682,#3010,.T.);
#2555=EDGE_CURVE('',#3755,#3705,#3011,.T.);
#2556=EDGE_CURVE('',#3757,#3746,#3322,.T.);
#2557=EDGE_CURVE('',#3758,#3747,#3323,.T.);
#2558=EDGE_CURVE('',#3756,#3749,#3324,.T.);
#2559=EDGE_CURVE('',#3763,#3718,#3325,.T.);
#2560=EDGE_CURVE('',#3764,#3687,#3012,.T.);
#2561=EDGE_CURVE('',#3765,#3707,#3326,.T.);
#2562=EDGE_CURVE('',#3763,#3761,#3327,.T.);
#2563=EDGE_CURVE('',#3766,#3760,#3013,.T.);
#2564=EDGE_CURVE('',#3764,#3767,#3014,.T.);
#2565=EDGE_CURVE('',#3765,#3762,#3328,.T.);
#2566=EDGE_CURVE('',#3766,#3765,#3015,.T.);
#2567=EDGE_CURVE('',#3760,#3762,#3016,.T.);
#2568=EDGE_CURVE('',#3763,#3764,#3017,.T.);
#2569=EDGE_CURVE('',#3761,#3767,#3018,.T.);
#2570=EDGE_CURVE('',#3771,#3731,#3329,.T.);
#2571=EDGE_CURVE('',#3772,#3671,#3019,.T.);
#2572=EDGE_CURVE('',#3773,#3720,#3330,.T.);
#2573=EDGE_CURVE('',#3768,#3774,#3020,.T.);
#2574=EDGE_CURVE('',#3775,#3772,#3021,.T.);
#2575=EDGE_CURVE('',#3771,#3769,#3331,.T.);
#2576=EDGE_CURVE('',#3773,#3770,#3332,.T.);
#2577=EDGE_CURVE('',#3768,#3771,#3022,.T.);
#2578=EDGE_CURVE('',#3769,#3774,#3023,.T.);
#2579=EDGE_CURVE('',#3775,#3773,#3024,.T.);
#2580=EDGE_CURVE('',#3770,#3772,#3025,.T.);
#2581=EDGE_CURVE('',#3779,#3744,#3333,.T.);
#2582=EDGE_CURVE('',#3780,#3699,#3026,.T.);
#2583=EDGE_CURVE('',#3781,#3733,#3334,.T.);
#2584=EDGE_CURVE('',#3779,#3777,#3335,.T.);
#2585=EDGE_CURVE('',#3782,#3776,#3027,.T.);
#2586=EDGE_CURVE('',#3780,#3783,#3028,.T.);
#2587=EDGE_CURVE('',#3781,#3778,#3336,.T.);
#2588=EDGE_CURVE('',#3782,#3781,#3029,.T.);
#2589=EDGE_CURVE('',#3776,#3778,#3030,.T.);
#2590=EDGE_CURVE('',#3779,#3780,#3031,.T.);
#2591=EDGE_CURVE('',#3777,#3783,#3032,.T.);
#2592=EDGE_CURVE('',#3785,#3677,#3033,.T.);
#2593=EDGE_CURVE('',#3786,#3746,#3337,.T.);
#2594=EDGE_CURVE('',#3787,#3785,#3034,.T.);
#2595=EDGE_CURVE('',#3786,#3784,#3338,.T.);
#2596=EDGE_CURVE('',#3787,#3786,#3035,.T.);
#2597=EDGE_CURVE('',#3784,#3785,#3036,.T.);
#2598=EDGE_CURVE('',#3790,#3758,#3339,.T.);
#2599=EDGE_CURVE('',#3788,#3791,#3037,.T.);
#2600=EDGE_CURVE('',#3790,#3789,#3340,.T.);
#2601=EDGE_CURVE('',#3788,#3790,#3038,.T.);
#2602=EDGE_CURVE('',#3789,#3791,#3039,.T.);
#2603=EDGE_CURVE('',#3711,#3766,#3040,.T.);
#2604=EDGE_CURVE('',#3767,#3714,#3041,.T.);
#2605=EDGE_CURVE('',#3774,#3724,#3042,.T.);
#2606=EDGE_CURVE('',#3727,#3775,#3043,.T.);
#2607=EDGE_CURVE('',#3737,#3782,#3044,.T.);
#2608=EDGE_CURVE('',#3783,#3740,#3045,.T.);
#2609=EDGE_CURVE('',#3754,#3787,#3046,.T.);
#2610=EDGE_CURVE('',#3791,#3750,#3047,.T.);
#2611=EDGE_CURVE('',#3675,#3760,#3048,.T.);
#2612=EDGE_CURVE('',#3674,#3683,#3049,.T.);
#2613=EDGE_CURVE('',#3673,#3776,#3050,.T.);
#2614=EDGE_CURVE('',#3672,#3695,#3051,.T.);
#2615=EDGE_CURVE('',#3793,#3792,#3052,.T.);
#2616=EDGE_CURVE('',#3795,#3794,#3341,.T.);
#2617=EDGE_CURVE('',#3793,#3795,#3053,.T.);
#2618=EDGE_CURVE('',#3792,#3794,#3054,.T.);
#2619=EDGE_CURVE('',#3796,#3797,#3055,.T.);
#2620=EDGE_CURVE('',#3798,#3799,#3342,.T.);
#2621=EDGE_CURVE('',#3799,#3797,#3056,.T.);
#2622=EDGE_CURVE('',#3798,#3796,#3057,.T.);
#2623=EDGE_CURVE('',#3796,#3802,#3058,.T.);
#2624=EDGE_CURVE('',#3797,#3803,#3059,.T.);
#2625=EDGE_CURVE('',#3800,#3672,#3343,.T.);
#2626=EDGE_CURVE('',#3801,#3673,#3344,.T.);
#2627=EDGE_CURVE('',#3801,#3800,#3345,.T.);
#2628=EDGE_CURVE('',#3803,#3802,#3060,.T.);
#2629=EDGE_CURVE('',#3802,#3800,#3061,.T.);
#2630=EDGE_CURVE('',#3803,#3801,#3062,.T.);
#2631=EDGE_CURVE('',#3792,#3812,#3063,.T.);
#2632=EDGE_CURVE('',#3793,#3813,#3064,.T.);
#2633=EDGE_CURVE('',#3804,#3676,#3346,.T.);
#2634=EDGE_CURVE('',#3805,#3677,#3347,.T.);
#2635=EDGE_CURVE('',#3804,#3805,#3348,.T.);
#2636=EDGE_CURVE('',#3806,#3807,#3065,.T.);
#2637=EDGE_CURVE('',#3804,#3806,#3066,.T.);
#2638=EDGE_CURVE('',#3805,#3807,#3067,.T.);
#2639=EDGE_CURVE('',#3808,#3808,#3068,.T.);
#2640=EDGE_CURVE('',#3809,#3809,#3069,.T.);
#2641=EDGE_CURVE('',#3808,#3809,#3070,.T.);
#2642=EDGE_CURVE('',#3810,#3811,#3349,.T.);
#2643=EDGE_CURVE('',#3813,#3812,#3071,.T.);
#2644=EDGE_CURVE('',#3811,#3812,#3072,.T.);
#2645=EDGE_CURVE('',#3813,#3810,#3073,.T.);
#2646=EDGE_CURVE('',#3814,#3664,#3350,.T.);
#2647=EDGE_CURVE('',#3815,#3665,#3351,.T.);
#2648=EDGE_CURVE('',#3816,#3806,#3074,.T.);
#2649=EDGE_CURVE('',#3817,#3807,#3075,.T.);
#2650=EDGE_CURVE('',#3815,#3814,#3352,.T.);
#2651=EDGE_CURVE('',#3816,#3817,#3076,.T.);
#2652=EDGE_CURVE('',#3816,#3815,#3077,.T.);
#2653=EDGE_CURVE('',#3814,#3817,#3078,.T.);
#2654=EDGE_CURVE('',#3818,#3818,#3079,.T.);
#2655=EDGE_CURVE('',#3819,#3819,#3080,.T.);
#2656=EDGE_CURVE('',#3819,#3818,#3081,.T.);
#2657=EDGE_CURVE('',#3820,#3820,#3082,.T.);
#2658=EDGE_CURVE('',#3821,#3821,#3083,.T.);
#2659=EDGE_CURVE('',#3821,#3820,#3084,.T.);
#2660=EDGE_CURVE('',#3823,#3822,#3085,.T.);
#2661=EDGE_CURVE('',#3822,#3822,#3086,.T.);
#2662=EDGE_CURVE('',#3823,#3823,#3087,.T.);
#2663=EDGE_CURVE('',#3836,#3837,#3353,.T.);
#2664=EDGE_CURVE('',#3825,#3824,#3354,.T.);
#2665=EDGE_CURVE('',#3836,#3825,#3355,.T.);
#2666=EDGE_CURVE('',#3824,#3829,#3356,.T.);
#2667=EDGE_CURVE('',#3826,#3827,#3357,.T.);
#2668=EDGE_CURVE('',#3827,#3833,#3358,.T.);
#2669=EDGE_CURVE('',#3828,#3826,#3359,.T.);
#2670=EDGE_CURVE('',#3827,#3831,#3360,.T.);
#2671=EDGE_CURVE('',#3828,#3886,#3361,.T.);
#2672=EDGE_CURVE('',#3839,#3836,#3362,.T.);
#2673=EDGE_CURVE('',#3830,#3825,#3363,.T.);
#2674=EDGE_CURVE('',#3832,#3826,#3364,.T.);
#2675=EDGE_CURVE('',#3830,#3829,#3365,.T.);
#2676=EDGE_CURVE('',#3832,#3831,#3366,.T.);
#2677=EDGE_CURVE('',#3831,#3829,#3367,.T.);
#2678=EDGE_CURVE('',#3830,#3832,#3368,.T.);
#2679=EDGE_CURVE('',#3833,#3834,#3369,.T.);
#2680=EDGE_CURVE('',#3834,#3835,#3370,.T.);
#2681=EDGE_CURVE('',#3840,#3841,#3371,.T.);
#2682=EDGE_CURVE('',#3841,#3838,#3372,.T.);
#2683=EDGE_CURVE('',#3835,#3828,#3373,.T.);
#2684=EDGE_CURVE('',#3841,#3834,#3374,.T.);
#2685=EDGE_CURVE('',#3854,#3855,#3375,.T.);
#2686=EDGE_CURVE('',#3843,#3842,#3376,.T.);
#2687=EDGE_CURVE('',#3854,#3843,#3377,.T.);
#2688=EDGE_CURVE('',#3842,#3847,#3378,.T.);
#2689=EDGE_CURVE('',#3844,#3845,#3379,.T.);
#2690=EDGE_CURVE('',#3845,#3851,#3380,.T.);
#2691=EDGE_CURVE('',#3846,#3844,#3381,.T.);
#2692=EDGE_CURVE('',#3845,#3849,#3382,.T.);
#2693=EDGE_CURVE('',#3846,#3878,#3383,.T.);
#2694=EDGE_CURVE('',#3857,#3854,#3384,.T.);
#2695=EDGE_CURVE('',#3848,#3843,#3385,.T.);
#2696=EDGE_CURVE('',#3850,#3844,#3386,.T.);
#2697=EDGE_CURVE('',#3848,#3847,#3387,.T.);
#2698=EDGE_CURVE('',#3850,#3849,#3388,.T.);
#2699=EDGE_CURVE('',#3849,#3847,#3389,.T.);
#2700=EDGE_CURVE('',#3848,#3850,#3390,.T.);
#2701=EDGE_CURVE('',#3851,#3852,#3391,.T.);
#2702=EDGE_CURVE('',#3852,#3853,#3392,.T.);
#2703=EDGE_CURVE('',#3858,#3859,#3393,.T.);
#2704=EDGE_CURVE('',#3859,#3856,#3394,.T.);
#2705=EDGE_CURVE('',#3853,#3846,#3395,.T.);
#2706=EDGE_CURVE('',#3859,#3852,#3396,.T.);
#2707=EDGE_CURVE('',#3872,#3873,#3397,.T.);
#2708=EDGE_CURVE('',#3861,#3860,#3398,.T.);
#2709=EDGE_CURVE('',#3872,#3861,#3399,.T.);
#2710=EDGE_CURVE('',#3860,#3865,#3400,.T.);
#2711=EDGE_CURVE('',#3862,#3863,#3401,.T.);
#2712=EDGE_CURVE('',#3863,#3869,#3402,.T.);
#2713=EDGE_CURVE('',#3864,#3862,#3403,.T.);
#2714=EDGE_CURVE('',#3863,#3867,#3404,.T.);
#2715=EDGE_CURVE('',#3864,#3880,#3405,.T.);
#2716=EDGE_CURVE('',#3875,#3872,#3406,.T.);
#2717=EDGE_CURVE('',#3866,#3861,#3407,.T.);
#2718=EDGE_CURVE('',#3868,#3862,#3408,.T.);
#2719=EDGE_CURVE('',#3866,#3865,#3409,.T.);
#2720=EDGE_CURVE('',#3868,#3867,#3410,.T.);
#2721=EDGE_CURVE('',#3867,#3865,#3411,.T.);
#2722=EDGE_CURVE('',#3866,#3868,#3412,.T.);
#2723=EDGE_CURVE('',#3869,#3870,#3413,.T.);
#2724=EDGE_CURVE('',#3870,#3871,#3414,.T.);
#2725=EDGE_CURVE('',#3876,#3877,#3415,.T.);
#2726=EDGE_CURVE('',#3877,#3874,#3416,.T.);
#2727=EDGE_CURVE('',#3871,#3864,#3417,.T.);
#2728=EDGE_CURVE('',#3877,#3870,#3418,.T.);
#2729=EDGE_CURVE('',#3879,#3853,#3419,.T.);
#2730=EDGE_CURVE('',#3881,#3871,#3420,.T.);
#2731=EDGE_CURVE('',#3882,#3856,#3421,.T.);
#2732=EDGE_CURVE('',#3883,#3857,#3422,.T.);
#2733=EDGE_CURVE('',#3884,#3874,#3423,.T.);
#2734=EDGE_CURVE('',#3885,#3875,#3424,.T.);
#2735=EDGE_CURVE('',#3879,#3878,#3425,.T.);
#2736=EDGE_CURVE('',#3881,#3880,#3426,.T.);
#2737=EDGE_CURVE('',#3879,#3882,#3088,.T.);
#2738=EDGE_CURVE('',#3878,#3883,#3089,.T.);
#2739=EDGE_CURVE('',#3882,#3883,#3090,.T.);
#2740=EDGE_CURVE('',#3881,#3884,#3091,.T.);
#2741=EDGE_CURVE('',#3880,#3885,#3092,.T.);
#2742=EDGE_CURVE('',#3884,#3885,#3093,.T.);
#2743=EDGE_CURVE('',#3887,#3835,#3427,.T.);
#2744=EDGE_CURVE('',#3888,#3842,#3428,.T.);
#2745=EDGE_CURVE('',#3889,#3851,#3429,.T.);
#2746=EDGE_CURVE('',#3890,#3860,#3430,.T.);
#2747=EDGE_CURVE('',#3891,#3869,#3431,.T.);
#2748=EDGE_CURVE('',#3892,#3838,#3432,.T.);
#2749=EDGE_CURVE('',#3893,#3839,#3433,.T.);
#2750=EDGE_CURVE('',#3855,#3894,#3434,.T.);
#2751=EDGE_CURVE('',#3858,#3895,#3435,.T.);
#2752=EDGE_CURVE('',#3873,#3896,#3436,.T.);
#2753=EDGE_CURVE('',#3876,#3897,#3437,.T.);
#2754=EDGE_CURVE('',#3887,#3886,#3438,.T.);
#2755=EDGE_CURVE('',#3889,#3888,#3439,.T.);
#2756=EDGE_CURVE('',#3891,#3890,#3440,.T.);
#2757=EDGE_CURVE('',#3887,#3892,#3094,.T.);
#2758=EDGE_CURVE('',#3886,#3893,#3095,.T.);
#2759=EDGE_CURVE('',#3892,#3893,#3096,.T.);
#2760=EDGE_CURVE('',#3894,#3888,#3097,.T.);
#2761=EDGE_CURVE('',#3895,#3894,#3098,.T.);
#2762=EDGE_CURVE('',#3895,#3889,#3099,.T.);
#2763=EDGE_CURVE('',#3896,#3890,#3100,.T.);
#2764=EDGE_CURVE('',#3897,#3896,#3101,.T.);
#2765=EDGE_CURVE('',#3897,#3891,#3102,.T.);
#2766=EDGE_CURVE('',#3898,#3824,#3441,.T.);
#2767=EDGE_CURVE('',#3899,#3833,#3442,.T.);
#2768=EDGE_CURVE('',#3837,#3900,#3443,.T.);
#2769=EDGE_CURVE('',#3840,#3901,#3444,.T.);
#2770=EDGE_CURVE('',#3899,#3898,#3445,.T.);
#2771=EDGE_CURVE('',#3900,#3898,#3103,.T.);
#2772=EDGE_CURVE('',#3901,#3900,#3104,.T.);
#2773=EDGE_CURVE('',#3901,#3899,#3105,.T.);
#2774=(
BOUNDED_CURVE()
B_SPLINE_CURVE(2,(#5073,#5074,#5075),.UNSPECIFIED.,.F.,.F.)
B_SPLINE_CURVE_WITH_KNOTS((3,3),(-287.976047691267,-287.743120589472),
 .UNSPECIFIED.)
CURVE()
GEOMETRIC_REPRESENTATION_ITEM()
RATIONAL_B_SPLINE_CURVE((1.,0.999992440503091,1.))
REPRESENTATION_ITEM('')
);
#2775=(
BOUNDED_CURVE()
B_SPLINE_CURVE(2,(#5076,#5077,#5078),.UNSPECIFIED.,.F.,.F.)
B_SPLINE_CURVE_WITH_KNOTS((3,3),(-287.743120589472,-285.89801267049),
 .UNSPECIFIED.)
CURVE()
GEOMETRIC_REPRESENTATION_ITEM()
RATIONAL_B_SPLINE_CURVE((1.,0.953087795391078,1.))
REPRESENTATION_ITEM('')
);
#2776=(
BOUNDED_CURVE()
B_SPLINE_CURVE(2,(#5079,#5080,#5081,#5082,#5083),.UNSPECIFIED.,.F.,.F.)
B_SPLINE_CURVE_WITH_KNOTS((3,2,3),(-285.89801267049,-283.859763100644,-281.821513530797),
 .UNSPECIFIED.)
CURVE()
GEOMETRIC_REPRESENTATION_ITEM()
RATIONAL_B_SPLINE_CURVE((1.,0.960058680860346,1.06075180996998,0.960058680860347,
1.))
REPRESENTATION_ITEM('')
);
#2777=(
BOUNDED_CURVE()
B_SPLINE_CURVE(2,(#5084,#5085,#5086),.UNSPECIFIED.,.F.,.F.)
B_SPLINE_CURVE_WITH_KNOTS((3,3),(-281.821513530797,-279.976405611815),
 .UNSPECIFIED.)
CURVE()
GEOMETRIC_REPRESENTATION_ITEM()
RATIONAL_B_SPLINE_CURVE((1.,0.953087795391077,1.))
REPRESENTATION_ITEM('')
);
#2778=(
BOUNDED_CURVE()
B_SPLINE_CURVE(2,(#5087,#5088,#5089,#5090,#5091),.UNSPECIFIED.,.F.,.F.)
B_SPLINE_CURVE_WITH_KNOTS((3,2,3),(-279.976405611815,-279.105755861723,
-275.966603856275),.UNSPECIFIED.)
CURVE()
GEOMETRIC_REPRESENTATION_ITEM()
RATIONAL_B_SPLINE_CURVE((1.,0.996348927591631,0.992922421623111,0.94737296145303,
1.))
REPRESENTATION_ITEM('')
);
#2779=(
BOUNDED_CURVE()
B_SPLINE_CURVE(2,(#5092,#5093,#5094),.UNSPECIFIED.,.F.,.F.)
B_SPLINE_CURVE_WITH_KNOTS((3,3),(-238.368005151798,-236.522897232815),
 .UNSPECIFIED.)
CURVE()
GEOMETRIC_REPRESENTATION_ITEM()
RATIONAL_B_SPLINE_CURVE((1.,0.953087795391065,1.))
REPRESENTATION_ITEM('')
);
#2780=(
BOUNDED_CURVE()
B_SPLINE_CURVE(2,(#5095,#5096,#5097,#5098,#5099),.UNSPECIFIED.,.F.,.F.)
B_SPLINE_CURVE_WITH_KNOTS((3,2,3),(-236.522897232815,-234.484647662968,
-232.446398093121),.UNSPECIFIED.)
CURVE()
GEOMETRIC_REPRESENTATION_ITEM()
RATIONAL_B_SPLINE_CURVE((1.,0.960058680812572,1.06075180986445,0.960058680812572,
1.))
REPRESENTATION_ITEM('')
);
#2781=(
BOUNDED_CURVE()
B_SPLINE_CURVE(2,(#5100,#5101,#5102),.UNSPECIFIED.,.F.,.F.)
B_SPLINE_CURVE_WITH_KNOTS((3,3),(-232.446398093121,-230.601290174139),
 .UNSPECIFIED.)
CURVE()
GEOMETRIC_REPRESENTATION_ITEM()
RATIONAL_B_SPLINE_CURVE((1.,0.953087795391065,1.))
REPRESENTATION_ITEM('')
);
#2782=(
BOUNDED_CURVE()
B_SPLINE_CURVE(1,(#5103,#5104),.UNSPECIFIED.,.F.,.F.)
B_SPLINE_CURVE_WITH_KNOTS((2,2),(0.,7.),.UNSPECIFIED.)
CURVE()
GEOMETRIC_REPRESENTATION_ITEM()
RATIONAL_B_SPLINE_CURVE((1.,1.))
REPRESENTATION_ITEM('')
);
#2783=(
BOUNDED_CURVE()
B_SPLINE_CURVE(2,(#5105,#5106,#5107,#5108,#5109,#5110,#5111),
 .UNSPECIFIED.,.F.,.F.)
B_SPLINE_CURVE_WITH_KNOTS((3,2,2,3),(-230.601290174139,-230.368363072347,
-226.332642328384,-222.296921584421),.UNSPECIFIED.)
CURVE()
GEOMETRIC_REPRESENTATION_ITEM()
RATIONAL_B_SPLINE_CURVE((1.,0.999992440506707,1.00000000000723,0.919664089445838,
1.00000000000723,0.919664089442513,1.))
REPRESENTATION_ITEM('')
);
#2784=(
BOUNDED_CURVE()
B_SPLINE_CURVE(2,(#5112,#5113,#5114,#5115,#5116),.UNSPECIFIED.,.F.,.F.)
B_SPLINE_CURVE_WITH_KNOTS((3,2,3),(-222.296921584421,-210.855699583666,
-199.414477582911),.UNSPECIFIED.)
CURVE()
GEOMETRIC_REPRESENTATION_ITEM()
RATIONAL_B_SPLINE_CURVE((1.,0.930265925815405,1.10141142711498,0.930265925815405,
1.))
REPRESENTATION_ITEM('')
);
#2785=(
BOUNDED_CURVE()
B_SPLINE_CURVE(1,(#5117,#5118),.UNSPECIFIED.,.F.,.F.)
B_SPLINE_CURVE_WITH_KNOTS((2,2),(0.,7.),.UNSPECIFIED.)
CURVE()
GEOMETRIC_REPRESENTATION_ITEM()
RATIONAL_B_SPLINE_CURVE((1.,1.))
REPRESENTATION_ITEM('')
);
#2786=(
BOUNDED_CURVE()
B_SPLINE_CURVE(2,(#5119,#5120,#5121,#5122,#5123),.UNSPECIFIED.,.F.,.F.)
B_SPLINE_CURVE_WITH_KNOTS((3,2,3),(-222.296921584421,-210.855699583666,
-199.414477582911),.UNSPECIFIED.)
CURVE()
GEOMETRIC_REPRESENTATION_ITEM()
RATIONAL_B_SPLINE_CURVE((1.,0.930265925815405,1.10141142711498,0.930265925815405,
1.))
REPRESENTATION_ITEM('')
);
#2787=(
BOUNDED_CURVE()
B_SPLINE_CURVE(2,(#5124,#5125,#5126,#5127,#5128),.UNSPECIFIED.,.F.,.F.)
B_SPLINE_CURVE_WITH_KNOTS((3,2,3),(-199.414477582911,-195.378756838948,
-194.246250582949),.UNSPECIFIED.)
CURVE()
GEOMETRIC_REPRESENTATION_ITEM()
RATIONAL_B_SPLINE_CURVE((1.,0.919664089442512,1.00000000000723,0.993704457676501,
1.))
REPRESENTATION_ITEM('')
);
#2788=(
BOUNDED_CURVE()
B_SPLINE_CURVE(2,(#5129,#5130,#5131,#5132,#5133,#5134,#5135),
 .UNSPECIFIED.,.F.,.F.)
B_SPLINE_CURVE_WITH_KNOTS((3,2,2,3),(-199.414477582911,-195.378756838948,
-191.343036094985,-191.110108996814),.UNSPECIFIED.)
CURVE()
GEOMETRIC_REPRESENTATION_ITEM()
RATIONAL_B_SPLINE_CURVE((1.,0.919664089442512,1.00000000000723,0.919664089445837,
1.00000000000723,0.999992440506942,1.))
REPRESENTATION_ITEM('')
);
#2789=(
BOUNDED_CURVE()
B_SPLINE_CURVE(2,(#5136,#5137,#5138),.UNSPECIFIED.,.F.,.F.)
B_SPLINE_CURVE_WITH_KNOTS((3,3),(-191.110108996814,-189.265001078266),
 .UNSPECIFIED.)
CURVE()
GEOMETRIC_REPRESENTATION_ITEM()
RATIONAL_B_SPLINE_CURVE((1.,0.953087795412974,1.))
REPRESENTATION_ITEM('')
);
#2790=(
BOUNDED_CURVE()
B_SPLINE_CURVE(2,(#5139,#5140,#5141,#5142,#5143),.UNSPECIFIED.,.F.,.F.)
B_SPLINE_CURVE_WITH_KNOTS((3,2,3),(-189.265001078266,-187.226751509492,
-185.188501940718),.UNSPECIFIED.)
CURVE()
GEOMETRIC_REPRESENTATION_ITEM()
RATIONAL_B_SPLINE_CURVE((1.,0.960058680820216,1.06075180980411,0.960058680820214,
1.))
REPRESENTATION_ITEM('')
);
#2791=(
BOUNDED_CURVE()
B_SPLINE_CURVE(2,(#5144,#5145,#5146),.UNSPECIFIED.,.F.,.F.)
B_SPLINE_CURVE_WITH_KNOTS((3,3),(-185.188501940718,-183.34339402217),
 .UNSPECIFIED.)
CURVE()
GEOMETRIC_REPRESENTATION_ITEM()
RATIONAL_B_SPLINE_CURVE((1.,0.953087795412973,1.))
REPRESENTATION_ITEM('')
);
#2792=(
BOUNDED_CURVE()
B_SPLINE_CURVE(2,(#5147,#5148,#5149,#5150,#5151),.UNSPECIFIED.,.F.,.F.)
B_SPLINE_CURVE_WITH_KNOTS((3,2,3),(-183.34339402217,-182.472744271931,-179.333592266707),
 .UNSPECIFIED.)
CURVE()
GEOMETRIC_REPRESENTATION_ITEM()
RATIONAL_B_SPLINE_CURVE((1.,0.996348927520125,0.992922421480654,0.947372961392053,
1.))
REPRESENTATION_ITEM('')
);
#2793=(
BOUNDED_CURVE()
B_SPLINE_CURVE(2,(#5152,#5153,#5154),.UNSPECIFIED.,.F.,.F.)
B_SPLINE_CURVE_WITH_KNOTS((3,3),(-141.734993556064,-139.889885637082),
 .UNSPECIFIED.)
CURVE()
GEOMETRIC_REPRESENTATION_ITEM()
RATIONAL_B_SPLINE_CURVE((1.,0.953087795391104,1.))
REPRESENTATION_ITEM('')
);
#2794=(
BOUNDED_CURVE()
B_SPLINE_CURVE(2,(#5155,#5156,#5157,#5158,#5159),.UNSPECIFIED.,.F.,.F.)
B_SPLINE_CURVE_WITH_KNOTS((3,2,3),(-139.889885637082,-137.851636067237,
-135.813386497392),.UNSPECIFIED.)
CURVE()
GEOMETRIC_REPRESENTATION_ITEM()
RATIONAL_B_SPLINE_CURVE((1.,0.960058680808829,1.06075180985605,0.960058680808831,
1.))
REPRESENTATION_ITEM('')
);
#2795=(
BOUNDED_CURVE()
B_SPLINE_CURVE(2,(#5160,#5161,#5162),.UNSPECIFIED.,.F.,.F.)
B_SPLINE_CURVE_WITH_KNOTS((3,3),(-135.813386497392,-133.96827857841),
 .UNSPECIFIED.)
CURVE()
GEOMETRIC_REPRESENTATION_ITEM()
RATIONAL_B_SPLINE_CURVE((1.,0.953087795391105,1.))
REPRESENTATION_ITEM('')
);
#2796=(
BOUNDED_CURVE()
B_SPLINE_CURVE(1,(#5163,#5164),.UNSPECIFIED.,.F.,.F.)
B_SPLINE_CURVE_WITH_KNOTS((2,2),(0.,7.),.UNSPECIFIED.)
CURVE()
GEOMETRIC_REPRESENTATION_ITEM()
RATIONAL_B_SPLINE_CURVE((1.,1.))
REPRESENTATION_ITEM('')
);
#2797=(
BOUNDED_CURVE()
B_SPLINE_CURVE(2,(#5165,#5166,#5167,#5168,#5169,#5170,#5171),
 .UNSPECIFIED.,.F.,.F.)
B_SPLINE_CURVE_WITH_KNOTS((3,2,2,3),(-133.96827857841,-133.735351476699,
-129.699630732736,-125.663909988773),.UNSPECIFIED.)
CURVE()
GEOMETRIC_REPRESENTATION_ITEM()
RATIONAL_B_SPLINE_CURVE((1.,0.999992440503096,1.,0.919664089439186,1.,0.919664089439186,
1.))
REPRESENTATION_ITEM('')
);
#2798=(
BOUNDED_CURVE()
B_SPLINE_CURVE(2,(#5172,#5173,#5174,#5175,#5176),.UNSPECIFIED.,.F.,.F.)
B_SPLINE_CURVE_WITH_KNOTS((3,2,3),(-125.663909988773,-114.222687988018,
-102.781465987263),.UNSPECIFIED.)
CURVE()
GEOMETRIC_REPRESENTATION_ITEM()
RATIONAL_B_SPLINE_CURVE((1.,0.930265925812041,1.10141142710701,0.930265925812041,
1.))
REPRESENTATION_ITEM('')
);
#2799=(
BOUNDED_CURVE()
B_SPLINE_CURVE(1,(#5177,#5178),.UNSPECIFIED.,.F.,.F.)
B_SPLINE_CURVE_WITH_KNOTS((2,2),(0.,7.),.UNSPECIFIED.)
CURVE()
GEOMETRIC_REPRESENTATION_ITEM()
RATIONAL_B_SPLINE_CURVE((1.,1.))
REPRESENTATION_ITEM('')
);
#2800=(
BOUNDED_CURVE()
B_SPLINE_CURVE(2,(#5179,#5180,#5181,#5182,#5183),.UNSPECIFIED.,.F.,.F.)
B_SPLINE_CURVE_WITH_KNOTS((3,2,3),(-125.663909988773,-114.222687988018,
-102.781465987263),.UNSPECIFIED.)
CURVE()
GEOMETRIC_REPRESENTATION_ITEM()
RATIONAL_B_SPLINE_CURVE((1.,0.930265925812041,1.10141142710701,0.930265925812041,
1.))
REPRESENTATION_ITEM('')
);
#2801=(
BOUNDED_CURVE()
B_SPLINE_CURVE(2,(#5184,#5185,#5186,#5187,#5188),.UNSPECIFIED.,.F.,.F.)
B_SPLINE_CURVE_WITH_KNOTS((3,2,3),(-102.781465987263,-98.7457452432996,
-97.6132389872172),.UNSPECIFIED.)
CURVE()
GEOMETRIC_REPRESENTATION_ITEM()
RATIONAL_B_SPLINE_CURVE((1.,0.919664089439187,1.,0.993704457671966,1.))
REPRESENTATION_ITEM('')
);
#2802=(
BOUNDED_CURVE()
B_SPLINE_CURVE(2,(#5189,#5190,#5191,#5192,#5193),.UNSPECIFIED.,.F.,.F.)
B_SPLINE_CURVE_WITH_KNOTS((3,2,3),(-102.781465987263,-98.7457452432996,
-94.7100244993363),.UNSPECIFIED.)
CURVE()
GEOMETRIC_REPRESENTATION_ITEM()
RATIONAL_B_SPLINE_CURVE((1.,0.919664089439187,1.,0.919664089439187,1.))
REPRESENTATION_ITEM('')
);
#2803=(
BOUNDED_CURVE()
B_SPLINE_CURVE(2,(#5194,#5195,#5196,#5197,#5198,#5199,#5200,#5201,#5202),
 .UNSPECIFIED.,.T.,.F.)
B_SPLINE_CURVE_WITH_KNOTS((3,2,2,2,3),(-94.7100244993363,-92.2360202846343,
-89.7620160699324,-87.2880118552304,-84.8140076405284),.UNSPECIFIED.)
CURVE()
GEOMETRIC_REPRESENTATION_ITEM()
RATIONAL_B_SPLINE_CURVE((1.,0.707106781186548,1.,0.707106781186548,1.,0.707106781186548,
1.,0.707106781186548,1.))
REPRESENTATION_ITEM('')
);
#2804=(
BOUNDED_CURVE()
B_SPLINE_CURVE(2,(#5203,#5204,#5205,#5206,#5207,#5208,#5209,#5210,#5211),
 .UNSPECIFIED.,.T.,.F.)
B_SPLINE_CURVE_WITH_KNOTS((3,2,2,2,3),(-84.8140076405284,-82.3400034258265,
-79.8659992111245,-77.3919949964226,-74.9179907817206),.UNSPECIFIED.)
CURVE()
GEOMETRIC_REPRESENTATION_ITEM()
RATIONAL_B_SPLINE_CURVE((1.,0.707106781186548,1.,0.707106781186548,1.,0.707106781186548,
1.,0.707106781186548,1.))
REPRESENTATION_ITEM('')
);
#2805=(
BOUNDED_CURVE()
B_SPLINE_CURVE(2,(#5212,#5213,#5214,#5215,#5216,#5217,#5218,#5219,#5220),
 .UNSPECIFIED.,.T.,.F.)
B_SPLINE_CURVE_WITH_KNOTS((3,2,2,2,3),(-74.9179907817206,-72.4439865670186,
-69.9699823523167,-67.4959781376147,-65.0219739229127),.UNSPECIFIED.)
CURVE()
GEOMETRIC_REPRESENTATION_ITEM()
RATIONAL_B_SPLINE_CURVE((1.,0.707106781186548,1.,0.707106781186548,1.,0.707106781186548,
1.,0.707106781186548,1.))
REPRESENTATION_ITEM('')
);
#2806=(
BOUNDED_CURVE()
B_SPLINE_CURVE(2,(#5221,#5222,#5223,#5224,#5225,#5226,#5227,#5228,#5229),
 .UNSPECIFIED.,.T.,.F.)
B_SPLINE_CURVE_WITH_KNOTS((3,2,2,2,3),(-65.0219739229127,-62.5479697082108,
-60.0739654935088,-57.5999612788069,-55.1259570641049),.UNSPECIFIED.)
CURVE()
GEOMETRIC_REPRESENTATION_ITEM()
RATIONAL_B_SPLINE_CURVE((1.,0.707106781186548,1.,0.707106781186548,1.,0.707106781186548,
1.,0.707106781186548,1.))
REPRESENTATION_ITEM('')
);
#2807=(
BOUNDED_CURVE()
B_SPLINE_CURVE(2,(#5238,#5239,#5240,#5241,#5242),.UNSPECIFIED.,.F.,.F.)
B_SPLINE_CURVE_WITH_KNOTS((3,2,3),(5.89316882790615,8.69078625967546,10.6849563480206),
 .UNSPECIFIED.)
CURVE()
GEOMETRIC_REPRESENTATION_ITEM()
RATIONAL_B_SPLINE_CURVE((1.,0.872119832864745,1.,0.936362046161925,1.))
REPRESENTATION_ITEM('')
);
#2808=(
BOUNDED_CURVE()
B_SPLINE_CURVE(2,(#5243,#5244,#5245),.UNSPECIFIED.,.F.,.F.)
B_SPLINE_CURVE_WITH_KNOTS((3,3),(236.522897232815,238.368005151798),
 .UNSPECIFIED.)
CURVE()
GEOMETRIC_REPRESENTATION_ITEM()
RATIONAL_B_SPLINE_CURVE((1.,0.95308779539105,1.))
REPRESENTATION_ITEM('')
);
#2809=(
BOUNDED_CURVE()
B_SPLINE_CURVE(2,(#5246,#5247,#5248),.UNSPECIFIED.,.F.,.F.)
B_SPLINE_CURVE_WITH_KNOTS((3,3),(232.446398093121,236.522897232815),
 .UNSPECIFIED.)
CURVE()
GEOMETRIC_REPRESENTATION_ITEM()
RATIONAL_B_SPLINE_CURVE((1.,0.737847933950479,1.))
REPRESENTATION_ITEM('')
);
#2810=(
BOUNDED_CURVE()
B_SPLINE_CURVE(2,(#5249,#5250,#5251),.UNSPECIFIED.,.F.,.F.)
B_SPLINE_CURVE_WITH_KNOTS((3,3),(230.601290174139,232.446398093121),
 .UNSPECIFIED.)
CURVE()
GEOMETRIC_REPRESENTATION_ITEM()
RATIONAL_B_SPLINE_CURVE((1.,0.953087795391049,1.))
REPRESENTATION_ITEM('')
);
#2811=(
BOUNDED_CURVE()
B_SPLINE_CURVE(2,(#5252,#5253,#5254,#5255,#5256,#5257,#5258,#5259,#5260),
 .UNSPECIFIED.,.T.,.F.)
B_SPLINE_CURVE_WITH_KNOTS((3,2,2,2,3),(55.1259570641049,57.5999612788069,
60.0739654935088,62.5479697082108,65.0219739229127),.UNSPECIFIED.)
CURVE()
GEOMETRIC_REPRESENTATION_ITEM()
RATIONAL_B_SPLINE_CURVE((1.,0.707106781186548,1.,0.707106781186548,1.,0.707106781186548,
1.,0.707106781186548,1.))
REPRESENTATION_ITEM('')
);
#2812=(
BOUNDED_CURVE()
B_SPLINE_CURVE(2,(#5267,#5268,#5269,#5270,#5271),.UNSPECIFIED.,.F.,.F.)
B_SPLINE_CURVE_WITH_KNOTS((3,2,3),(5.89316882790617,8.2890625879634,10.6849563480206),
 .UNSPECIFIED.)
CURVE()
GEOMETRIC_REPRESENTATION_ITEM()
RATIONAL_B_SPLINE_CURVE((1.,0.906879482644959,1.,0.906879482644959,1.))
REPRESENTATION_ITEM('')
);
#2813=(
BOUNDED_CURVE()
B_SPLINE_CURVE(1,(#5272,#5273),.UNSPECIFIED.,.F.,.F.)
B_SPLINE_CURVE_WITH_KNOTS((2,2),(2.96690003866004,7.),.UNSPECIFIED.)
CURVE()
GEOMETRIC_REPRESENTATION_ITEM()
RATIONAL_B_SPLINE_CURVE((1.,1.))
REPRESENTATION_ITEM('')
);
#2814=(
BOUNDED_CURVE()
B_SPLINE_CURVE(1,(#5274,#5275),.UNSPECIFIED.,.F.,.F.)
B_SPLINE_CURVE_WITH_KNOTS((2,2),(2.96690003866004,7.),.UNSPECIFIED.)
CURVE()
GEOMETRIC_REPRESENTATION_ITEM()
RATIONAL_B_SPLINE_CURVE((1.,1.))
REPRESENTATION_ITEM('')
);
#2815=(
BOUNDED_CURVE()
B_SPLINE_CURVE(1,(#5276,#5277),.UNSPECIFIED.,.F.,.F.)
B_SPLINE_CURVE_WITH_KNOTS((2,2),(2.96690003866004,7.),.UNSPECIFIED.)
CURVE()
GEOMETRIC_REPRESENTATION_ITEM()
RATIONAL_B_SPLINE_CURVE((1.,1.))
REPRESENTATION_ITEM('')
);
#2816=(
BOUNDED_CURVE()
B_SPLINE_CURVE(1,(#5278,#5279),.UNSPECIFIED.,.F.,.F.)
B_SPLINE_CURVE_WITH_KNOTS((2,2),(2.96690003866004,7.),.UNSPECIFIED.)
CURVE()
GEOMETRIC_REPRESENTATION_ITEM()
RATIONAL_B_SPLINE_CURVE((1.,1.))
REPRESENTATION_ITEM('')
);
#2817=(
BOUNDED_CURVE()
B_SPLINE_CURVE(1,(#5280,#5281),.UNSPECIFIED.,.F.,.F.)
B_SPLINE_CURVE_WITH_KNOTS((2,2),(2.96690003866004,7.),.UNSPECIFIED.)
CURVE()
GEOMETRIC_REPRESENTATION_ITEM()
RATIONAL_B_SPLINE_CURVE((1.,1.))
REPRESENTATION_ITEM('')
);
#2818=(
BOUNDED_CURVE()
B_SPLINE_CURVE(2,(#5296,#5297,#5298,#5299,#5300),.UNSPECIFIED.,.F.,.F.)
B_SPLINE_CURVE_WITH_KNOTS((3,2,3),(5.89316882790615,8.69078625967546,10.6849563480206),
 .UNSPECIFIED.)
CURVE()
GEOMETRIC_REPRESENTATION_ITEM()
RATIONAL_B_SPLINE_CURVE((1.,0.872119832864745,1.,0.936362046161925,1.))
REPRESENTATION_ITEM('')
);
#2819=(
BOUNDED_CURVE()
B_SPLINE_CURVE(2,(#5301,#5302,#5303),.UNSPECIFIED.,.F.,.F.)
B_SPLINE_CURVE_WITH_KNOTS((3,3),(-191.110108996814,-189.265001078266),
 .UNSPECIFIED.)
CURVE()
GEOMETRIC_REPRESENTATION_ITEM()
RATIONAL_B_SPLINE_CURVE((1.,0.953087795412968,1.))
REPRESENTATION_ITEM('')
);
#2820=(
BOUNDED_CURVE()
B_SPLINE_CURVE(2,(#5304,#5305,#5306),.UNSPECIFIED.,.F.,.F.)
B_SPLINE_CURVE_WITH_KNOTS((3,3),(-189.265001078266,-185.188501940718),
 .UNSPECIFIED.)
CURVE()
GEOMETRIC_REPRESENTATION_ITEM()
RATIONAL_B_SPLINE_CURVE((1.,0.737847934076982,1.))
REPRESENTATION_ITEM('')
);
#2821=(
BOUNDED_CURVE()
B_SPLINE_CURVE(2,(#5307,#5308,#5309),.UNSPECIFIED.,.F.,.F.)
B_SPLINE_CURVE_WITH_KNOTS((3,3),(-185.188501940718,-183.34339402217),
 .UNSPECIFIED.)
CURVE()
GEOMETRIC_REPRESENTATION_ITEM()
RATIONAL_B_SPLINE_CURVE((1.,0.953087795412976,1.))
REPRESENTATION_ITEM('')
);
#2822=(
BOUNDED_CURVE()
B_SPLINE_CURVE(2,(#5310,#5311,#5312,#5313,#5314,#5315,#5316,#5317,#5318),
 .UNSPECIFIED.,.T.,.F.)
B_SPLINE_CURVE_WITH_KNOTS((3,2,2,2,3),(-94.7100244993363,-92.2360202846343,
-89.7620160699324,-87.2880118552304,-84.8140076405284),.UNSPECIFIED.)
CURVE()
GEOMETRIC_REPRESENTATION_ITEM()
RATIONAL_B_SPLINE_CURVE((1.,0.707106781186548,1.,0.707106781186548,1.,0.707106781186548,
1.,0.707106781186548,1.))
REPRESENTATION_ITEM('')
);
#2823=(
BOUNDED_CURVE()
B_SPLINE_CURVE(2,(#5325,#5326,#5327,#5328,#5329),.UNSPECIFIED.,.F.,.F.)
B_SPLINE_CURVE_WITH_KNOTS((3,2,3),(5.89316882790617,8.2890625879634,10.6849563480206),
 .UNSPECIFIED.)
CURVE()
GEOMETRIC_REPRESENTATION_ITEM()
RATIONAL_B_SPLINE_CURVE((1.,0.906879482644959,1.,0.906879482644959,1.))
REPRESENTATION_ITEM('')
);
#2824=(
BOUNDED_CURVE()
B_SPLINE_CURVE(1,(#5330,#5331),.UNSPECIFIED.,.F.,.F.)
B_SPLINE_CURVE_WITH_KNOTS((2,2),(2.96690003866004,7.),.UNSPECIFIED.)
CURVE()
GEOMETRIC_REPRESENTATION_ITEM()
RATIONAL_B_SPLINE_CURVE((1.,1.))
REPRESENTATION_ITEM('')
);
#2825=(
BOUNDED_CURVE()
B_SPLINE_CURVE(1,(#5332,#5333),.UNSPECIFIED.,.F.,.F.)
B_SPLINE_CURVE_WITH_KNOTS((2,2),(2.96690003866004,7.),.UNSPECIFIED.)
CURVE()
GEOMETRIC_REPRESENTATION_ITEM()
RATIONAL_B_SPLINE_CURVE((1.,1.))
REPRESENTATION_ITEM('')
);
#2826=(
BOUNDED_CURVE()
B_SPLINE_CURVE(1,(#5334,#5335),.UNSPECIFIED.,.F.,.F.)
B_SPLINE_CURVE_WITH_KNOTS((2,2),(2.96690003866004,7.),.UNSPECIFIED.)
CURVE()
GEOMETRIC_REPRESENTATION_ITEM()
RATIONAL_B_SPLINE_CURVE((1.,1.))
REPRESENTATION_ITEM('')
);
#2827=(
BOUNDED_CURVE()
B_SPLINE_CURVE(1,(#5336,#5337),.UNSPECIFIED.,.F.,.F.)
B_SPLINE_CURVE_WITH_KNOTS((2,2),(2.96690003866004,7.),.UNSPECIFIED.)
CURVE()
GEOMETRIC_REPRESENTATION_ITEM()
RATIONAL_B_SPLINE_CURVE((1.,1.))
REPRESENTATION_ITEM('')
);
#2828=(
BOUNDED_CURVE()
B_SPLINE_CURVE(1,(#5338,#5339),.UNSPECIFIED.,.F.,.F.)
B_SPLINE_CURVE_WITH_KNOTS((2,2),(2.96690003866004,7.),.UNSPECIFIED.)
CURVE()
GEOMETRIC_REPRESENTATION_ITEM()
RATIONAL_B_SPLINE_CURVE((1.,1.))
REPRESENTATION_ITEM('')
);
#2829=(
BOUNDED_CURVE()
B_SPLINE_CURVE(2,(#5354,#5355,#5356,#5357,#5358),.UNSPECIFIED.,.F.,.F.)
B_SPLINE_CURVE_WITH_KNOTS((3,2,3),(5.89316882790615,8.69078625967546,10.6849563480206),
 .UNSPECIFIED.)
CURVE()
GEOMETRIC_REPRESENTATION_ITEM()
RATIONAL_B_SPLINE_CURVE((1.,0.872119832864745,1.,0.936362046161925,1.))
REPRESENTATION_ITEM('')
);
#2830=(
BOUNDED_CURVE()
B_SPLINE_CURVE(2,(#5359,#5360,#5361),.UNSPECIFIED.,.F.,.F.)
B_SPLINE_CURVE_WITH_KNOTS((3,3),(139.889885637082,141.734993556064),
 .UNSPECIFIED.)
CURVE()
GEOMETRIC_REPRESENTATION_ITEM()
RATIONAL_B_SPLINE_CURVE((1.,0.953087795391106,1.))
REPRESENTATION_ITEM('')
);
#2831=(
BOUNDED_CURVE()
B_SPLINE_CURVE(2,(#5362,#5363,#5364),.UNSPECIFIED.,.F.,.F.)
B_SPLINE_CURVE_WITH_KNOTS((3,3),(135.813386497392,139.889885637082),
 .UNSPECIFIED.)
CURVE()
GEOMETRIC_REPRESENTATION_ITEM()
RATIONAL_B_SPLINE_CURVE((1.,0.737847933950688,1.))
REPRESENTATION_ITEM('')
);
#2832=(
BOUNDED_CURVE()
B_SPLINE_CURVE(2,(#5365,#5366,#5367),.UNSPECIFIED.,.F.,.F.)
B_SPLINE_CURVE_WITH_KNOTS((3,3),(133.96827857841,135.813386497392),
 .UNSPECIFIED.)
CURVE()
GEOMETRIC_REPRESENTATION_ITEM()
RATIONAL_B_SPLINE_CURVE((1.,0.953087795391082,1.))
REPRESENTATION_ITEM('')
);
#2833=(
BOUNDED_CURVE()
B_SPLINE_CURVE(2,(#5368,#5369,#5370,#5371,#5372,#5373,#5374,#5375,#5376),
 .UNSPECIFIED.,.T.,.F.)
B_SPLINE_CURVE_WITH_KNOTS((3,2,2,2,3),(74.9179907817206,77.3919949964226,
79.8659992111245,82.3400034258265,84.8140076405284),.UNSPECIFIED.)
CURVE()
GEOMETRIC_REPRESENTATION_ITEM()
RATIONAL_B_SPLINE_CURVE((1.,0.707106781186548,1.,0.707106781186548,1.,0.707106781186548,
1.,0.707106781186548,1.))
REPRESENTATION_ITEM('')
);
#2834=(
BOUNDED_CURVE()
B_SPLINE_CURVE(2,(#5383,#5384,#5385,#5386,#5387),.UNSPECIFIED.,.F.,.F.)
B_SPLINE_CURVE_WITH_KNOTS((3,2,3),(5.89316882790611,8.28906258796337,10.6849563480206),
 .UNSPECIFIED.)
CURVE()
GEOMETRIC_REPRESENTATION_ITEM()
RATIONAL_B_SPLINE_CURVE((1.,0.906879482644957,1.,0.906879482644957,1.))
REPRESENTATION_ITEM('')
);
#2835=(
BOUNDED_CURVE()
B_SPLINE_CURVE(1,(#5388,#5389),.UNSPECIFIED.,.F.,.F.)
B_SPLINE_CURVE_WITH_KNOTS((2,2),(2.96690003866004,7.),.UNSPECIFIED.)
CURVE()
GEOMETRIC_REPRESENTATION_ITEM()
RATIONAL_B_SPLINE_CURVE((1.,1.))
REPRESENTATION_ITEM('')
);
#2836=(
BOUNDED_CURVE()
B_SPLINE_CURVE(1,(#5390,#5391),.UNSPECIFIED.,.F.,.F.)
B_SPLINE_CURVE_WITH_KNOTS((2,2),(2.96690003866004,7.),.UNSPECIFIED.)
CURVE()
GEOMETRIC_REPRESENTATION_ITEM()
RATIONAL_B_SPLINE_CURVE((1.,1.))
REPRESENTATION_ITEM('')
);
#2837=(
BOUNDED_CURVE()
B_SPLINE_CURVE(1,(#5392,#5393),.UNSPECIFIED.,.F.,.F.)
B_SPLINE_CURVE_WITH_KNOTS((2,2),(2.96690003866004,7.),.UNSPECIFIED.)
CURVE()
GEOMETRIC_REPRESENTATION_ITEM()
RATIONAL_B_SPLINE_CURVE((1.,1.))
REPRESENTATION_ITEM('')
);
#2838=(
BOUNDED_CURVE()
B_SPLINE_CURVE(1,(#5394,#5395),.UNSPECIFIED.,.F.,.F.)
B_SPLINE_CURVE_WITH_KNOTS((2,2),(2.96690003866004,7.),.UNSPECIFIED.)
CURVE()
GEOMETRIC_REPRESENTATION_ITEM()
RATIONAL_B_SPLINE_CURVE((1.,1.))
REPRESENTATION_ITEM('')
);
#2839=(
BOUNDED_CURVE()
B_SPLINE_CURVE(1,(#5396,#5397),.UNSPECIFIED.,.F.,.F.)
B_SPLINE_CURVE_WITH_KNOTS((2,2),(2.96690003866004,7.),.UNSPECIFIED.)
CURVE()
GEOMETRIC_REPRESENTATION_ITEM()
RATIONAL_B_SPLINE_CURVE((1.,1.))
REPRESENTATION_ITEM('')
);
#2840=(
BOUNDED_CURVE()
B_SPLINE_CURVE(2,(#5412,#5413,#5414,#5415,#5416),.UNSPECIFIED.,.F.,.F.)
B_SPLINE_CURVE_WITH_KNOTS((3,2,3),(5.89316882790615,8.69078625967546,10.6849563480206),
 .UNSPECIFIED.)
CURVE()
GEOMETRIC_REPRESENTATION_ITEM()
RATIONAL_B_SPLINE_CURVE((1.,0.872119832864745,1.,0.936362046161925,1.))
REPRESENTATION_ITEM('')
);
#2841=(
BOUNDED_CURVE()
B_SPLINE_CURVE(2,(#5417,#5418,#5419),.UNSPECIFIED.,.F.,.F.)
B_SPLINE_CURVE_WITH_KNOTS((3,3),(-287.976047691267,-287.743120589472),
 .UNSPECIFIED.)
CURVE()
GEOMETRIC_REPRESENTATION_ITEM()
RATIONAL_B_SPLINE_CURVE((1.,0.99999244050309,1.))
REPRESENTATION_ITEM('')
);
#2842=(
BOUNDED_CURVE()
B_SPLINE_CURVE(2,(#5420,#5421,#5422),.UNSPECIFIED.,.F.,.F.)
B_SPLINE_CURVE_WITH_KNOTS((3,3),(-287.743120589472,-285.89801267049),
 .UNSPECIFIED.)
CURVE()
GEOMETRIC_REPRESENTATION_ITEM()
RATIONAL_B_SPLINE_CURVE((1.,0.953087795391093,1.))
REPRESENTATION_ITEM('')
);
#2843=(
BOUNDED_CURVE()
B_SPLINE_CURVE(2,(#5423,#5424,#5425),.UNSPECIFIED.,.F.,.F.)
B_SPLINE_CURVE_WITH_KNOTS((3,3),(-285.89801267049,-281.821513530797),
 .UNSPECIFIED.)
CURVE()
GEOMETRIC_REPRESENTATION_ITEM()
RATIONAL_B_SPLINE_CURVE((1.,0.737847933950511,1.))
REPRESENTATION_ITEM('')
);
#2844=(
BOUNDED_CURVE()
B_SPLINE_CURVE(2,(#5426,#5427,#5428),.UNSPECIFIED.,.F.,.F.)
B_SPLINE_CURVE_WITH_KNOTS((3,3),(-281.821513530797,-279.976405611815),
 .UNSPECIFIED.)
CURVE()
GEOMETRIC_REPRESENTATION_ITEM()
RATIONAL_B_SPLINE_CURVE((1.,0.953087795391072,1.))
REPRESENTATION_ITEM('')
);
#2845=(
BOUNDED_CURVE()
B_SPLINE_CURVE(2,(#5429,#5430,#5431,#5432,#5433,#5434,#5435,#5436,#5437),
 .UNSPECIFIED.,.T.,.F.)
B_SPLINE_CURVE_WITH_KNOTS((3,2,2,2,3),(-74.9179907817206,-72.4439865670186,
-69.9699823523167,-67.4959781376147,-65.0219739229127),.UNSPECIFIED.)
CURVE()
GEOMETRIC_REPRESENTATION_ITEM()
RATIONAL_B_SPLINE_CURVE((1.,0.707106781186548,1.,0.707106781186548,1.,0.707106781186548,
1.,0.707106781186548,1.))
REPRESENTATION_ITEM('')
);
#2846=(
BOUNDED_CURVE()
B_SPLINE_CURVE(2,(#5444,#5445,#5446,#5447,#5448),.UNSPECIFIED.,.F.,.F.)
B_SPLINE_CURVE_WITH_KNOTS((3,2,3),(5.89316882790611,8.28906258796337,10.6849563480206),
 .UNSPECIFIED.)
CURVE()
GEOMETRIC_REPRESENTATION_ITEM()
RATIONAL_B_SPLINE_CURVE((1.,0.906879482644957,1.,0.906879482644957,1.))
REPRESENTATION_ITEM('')
);
#2847=(
BOUNDED_CURVE()
B_SPLINE_CURVE(1,(#5449,#5450),.UNSPECIFIED.,.F.,.F.)
B_SPLINE_CURVE_WITH_KNOTS((2,2),(2.96690003866004,7.),.UNSPECIFIED.)
CURVE()
GEOMETRIC_REPRESENTATION_ITEM()
RATIONAL_B_SPLINE_CURVE((1.,1.))
REPRESENTATION_ITEM('')
);
#2848=(
BOUNDED_CURVE()
B_SPLINE_CURVE(1,(#5451,#5452),.UNSPECIFIED.,.F.,.F.)
B_SPLINE_CURVE_WITH_KNOTS((2,2),(2.96690003866004,7.),.UNSPECIFIED.)
CURVE()
GEOMETRIC_REPRESENTATION_ITEM()
RATIONAL_B_SPLINE_CURVE((1.,1.))
REPRESENTATION_ITEM('')
);
#2849=(
BOUNDED_CURVE()
B_SPLINE_CURVE(1,(#5453,#5454),.UNSPECIFIED.,.F.,.F.)
B_SPLINE_CURVE_WITH_KNOTS((2,2),(2.96690003866004,7.),.UNSPECIFIED.)
CURVE()
GEOMETRIC_REPRESENTATION_ITEM()
RATIONAL_B_SPLINE_CURVE((1.,1.))
REPRESENTATION_ITEM('')
);
#2850=(
BOUNDED_CURVE()
B_SPLINE_CURVE(1,(#5455,#5456),.UNSPECIFIED.,.F.,.F.)
B_SPLINE_CURVE_WITH_KNOTS((2,2),(2.96690003866004,7.),.UNSPECIFIED.)
CURVE()
GEOMETRIC_REPRESENTATION_ITEM()
RATIONAL_B_SPLINE_CURVE((1.,1.))
REPRESENTATION_ITEM('')
);
#2851=(
BOUNDED_CURVE()
B_SPLINE_CURVE(1,(#5457,#5458),.UNSPECIFIED.,.F.,.F.)
B_SPLINE_CURVE_WITH_KNOTS((2,2),(2.96690003866004,7.),.UNSPECIFIED.)
CURVE()
GEOMETRIC_REPRESENTATION_ITEM()
RATIONAL_B_SPLINE_CURVE((1.,1.))
REPRESENTATION_ITEM('')
);
#2852=(
BOUNDED_CURVE()
B_SPLINE_CURVE(1,(#5459,#5460),.UNSPECIFIED.,.F.,.F.)
B_SPLINE_CURVE_WITH_KNOTS((2,2),(2.96690003866004,7.),.UNSPECIFIED.)
CURVE()
GEOMETRIC_REPRESENTATION_ITEM()
RATIONAL_B_SPLINE_CURVE((1.,1.))
REPRESENTATION_ITEM('')
);
#2853=(
BOUNDED_CURVE()
B_SPLINE_CURVE(2,(#5469,#5470,#5471,#5472,#5473),.UNSPECIFIED.,.F.,.F.)
B_SPLINE_CURVE_WITH_KNOTS((3,2,3),(-227.465148584466,-226.332642328384,
-222.296921584421),.UNSPECIFIED.)
CURVE()
GEOMETRIC_REPRESENTATION_ITEM()
RATIONAL_B_SPLINE_CURVE((1.,0.993704457675558,1.00000000000723,0.919664089442513,
1.))
REPRESENTATION_ITEM('')
);
#2854=(
BOUNDED_CURVE()
B_SPLINE_CURVE(1,(#5478,#5479),.UNSPECIFIED.,.F.,.F.)
B_SPLINE_CURVE_WITH_KNOTS((2,2),(1.77635683940017E-15,2.96690003866004),
 .UNSPECIFIED.)
CURVE()
GEOMETRIC_REPRESENTATION_ITEM()
RATIONAL_B_SPLINE_CURVE((1.,1.))
REPRESENTATION_ITEM('')
);
#2855=(
BOUNDED_CURVE()
B_SPLINE_CURVE(1,(#5480,#5481),.UNSPECIFIED.,.F.,.F.)
B_SPLINE_CURVE_WITH_KNOTS((2,2),(0.,2.96690003866005),.UNSPECIFIED.)
CURVE()
GEOMETRIC_REPRESENTATION_ITEM()
RATIONAL_B_SPLINE_CURVE((1.,1.))
REPRESENTATION_ITEM('')
);
#2856=(
BOUNDED_CURVE()
B_SPLINE_CURVE(2,(#5484,#5485,#5486),.UNSPECIFIED.,.F.,.F.)
B_SPLINE_CURVE_WITH_KNOTS((3,3),(0.,1.),.UNSPECIFIED.)
CURVE()
GEOMETRIC_REPRESENTATION_ITEM()
RATIONAL_B_SPLINE_CURVE((1.,0.764092937519181,1.))
REPRESENTATION_ITEM('')
);
#2857=(
BOUNDED_CURVE()
B_SPLINE_CURVE(2,(#5487,#5488,#5489),.UNSPECIFIED.,.F.,.F.)
B_SPLINE_CURVE_WITH_KNOTS((3,3),(0.,1.),.UNSPECIFIED.)
CURVE()
GEOMETRIC_REPRESENTATION_ITEM()
RATIONAL_B_SPLINE_CURVE((1.,0.764092937519181,1.))
REPRESENTATION_ITEM('')
);
#2858=(
BOUNDED_CURVE()
B_SPLINE_CURVE(2,(#5490,#5491,#5492),.UNSPECIFIED.,.F.,.F.)
B_SPLINE_CURVE_WITH_KNOTS((3,3),(-1.50166501836105,0.),.UNSPECIFIED.)
CURVE()
GEOMETRIC_REPRESENTATION_ITEM()
RATIONAL_B_SPLINE_CURVE((1.,0.731121145421186,1.))
REPRESENTATION_ITEM('')
);
#2859=(
BOUNDED_CURVE()
B_SPLINE_CURVE(2,(#5493,#5494,#5495),.UNSPECIFIED.,.F.,.F.)
B_SPLINE_CURVE_WITH_KNOTS((3,3),(-1.50166501836105,0.),.UNSPECIFIED.)
CURVE()
GEOMETRIC_REPRESENTATION_ITEM()
RATIONAL_B_SPLINE_CURVE((1.,0.731121145421179,1.))
REPRESENTATION_ITEM('')
);
#2860=(
BOUNDED_CURVE()
B_SPLINE_CURVE(2,(#5498,#5499,#5500),.UNSPECIFIED.,.F.,.F.)
B_SPLINE_CURVE_WITH_KNOTS((3,3),(-180.165180683506,-179.333592266707),
 .UNSPECIFIED.)
CURVE()
GEOMETRIC_REPRESENTATION_ITEM()
RATIONAL_B_SPLINE_CURVE((1.,0.996454251698713,1.))
REPRESENTATION_ITEM('')
);
#2861=(
BOUNDED_CURVE()
B_SPLINE_CURVE(1,(#5503,#5504),.UNSPECIFIED.,.F.,.F.)
B_SPLINE_CURVE_WITH_KNOTS((2,2),(0.,2.96690003866003),.UNSPECIFIED.)
CURVE()
GEOMETRIC_REPRESENTATION_ITEM()
RATIONAL_B_SPLINE_CURVE((1.,1.))
REPRESENTATION_ITEM('')
);
#2862=(
BOUNDED_CURVE()
B_SPLINE_CURVE(1,(#5505,#5506),.UNSPECIFIED.,.F.,.F.)
B_SPLINE_CURVE_WITH_KNOTS((2,2),(8.71300735637897E-17,2.96690003866004),
 .UNSPECIFIED.)
CURVE()
GEOMETRIC_REPRESENTATION_ITEM()
RATIONAL_B_SPLINE_CURVE((1.,1.))
REPRESENTATION_ITEM('')
);
#2863=(
BOUNDED_CURVE()
B_SPLINE_CURVE(2,(#5511,#5512,#5513),.UNSPECIFIED.,.F.,.F.)
B_SPLINE_CURVE_WITH_KNOTS((3,3),(0.,1.50166501837517),.UNSPECIFIED.)
CURVE()
GEOMETRIC_REPRESENTATION_ITEM()
RATIONAL_B_SPLINE_CURVE((1.,0.731121145416455,1.))
REPRESENTATION_ITEM('')
);
#2864=(
BOUNDED_CURVE()
B_SPLINE_CURVE(2,(#5514,#5515,#5516),.UNSPECIFIED.,.F.,.F.)
B_SPLINE_CURVE_WITH_KNOTS((3,3),(-1.50166501837517,0.),.UNSPECIFIED.)
CURVE()
GEOMETRIC_REPRESENTATION_ITEM()
RATIONAL_B_SPLINE_CURVE((1.,0.731121145416457,1.))
REPRESENTATION_ITEM('')
);
#2865=(
BOUNDED_CURVE()
B_SPLINE_CURVE(2,(#5517,#5518,#5519),.UNSPECIFIED.,.F.,.F.)
B_SPLINE_CURVE_WITH_KNOTS((3,3),(0.,1.),.UNSPECIFIED.)
CURVE()
GEOMETRIC_REPRESENTATION_ITEM()
RATIONAL_B_SPLINE_CURVE((1.,0.764092937519083,1.))
REPRESENTATION_ITEM('')
);
#2866=(
BOUNDED_CURVE()
B_SPLINE_CURVE(2,(#5520,#5521,#5522),.UNSPECIFIED.,.F.,.F.)
B_SPLINE_CURVE_WITH_KNOTS((3,3),(-1.,0.),.UNSPECIFIED.)
CURVE()
GEOMETRIC_REPRESENTATION_ITEM()
RATIONAL_B_SPLINE_CURVE((1.,0.764092937519082,1.))
REPRESENTATION_ITEM('')
);
#2867=(
BOUNDED_CURVE()
B_SPLINE_CURVE(2,(#5525,#5526,#5527,#5528,#5529),.UNSPECIFIED.,.F.,.F.)
B_SPLINE_CURVE_WITH_KNOTS((3,2,3),(-130.832136988735,-129.699630732736,
-125.663909988773),.UNSPECIFIED.)
CURVE()
GEOMETRIC_REPRESENTATION_ITEM()
RATIONAL_B_SPLINE_CURVE((1.,0.993704457672907,1.,0.919664089439186,1.))
REPRESENTATION_ITEM('')
);
#2868=(
BOUNDED_CURVE()
B_SPLINE_CURVE(1,(#5534,#5535),.UNSPECIFIED.,.F.,.F.)
B_SPLINE_CURVE_WITH_KNOTS((2,2),(1.11177786335395E-15,2.96690003866004),
 .UNSPECIFIED.)
CURVE()
GEOMETRIC_REPRESENTATION_ITEM()
RATIONAL_B_SPLINE_CURVE((1.,1.))
REPRESENTATION_ITEM('')
);
#2869=(
BOUNDED_CURVE()
B_SPLINE_CURVE(1,(#5536,#5537),.UNSPECIFIED.,.F.,.F.)
B_SPLINE_CURVE_WITH_KNOTS((2,2),(0.,2.96690003866004),.UNSPECIFIED.)
CURVE()
GEOMETRIC_REPRESENTATION_ITEM()
RATIONAL_B_SPLINE_CURVE((1.,1.))
REPRESENTATION_ITEM('')
);
#2870=(
BOUNDED_CURVE()
B_SPLINE_CURVE(2,(#5540,#5541,#5542),.UNSPECIFIED.,.F.,.F.)
B_SPLINE_CURVE_WITH_KNOTS((3,3),(0.,1.),.UNSPECIFIED.)
CURVE()
GEOMETRIC_REPRESENTATION_ITEM()
RATIONAL_B_SPLINE_CURVE((1.,0.764092937821865,1.))
REPRESENTATION_ITEM('')
);
#2871=(
BOUNDED_CURVE()
B_SPLINE_CURVE(2,(#5543,#5544,#5545),.UNSPECIFIED.,.F.,.F.)
B_SPLINE_CURVE_WITH_KNOTS((3,3),(0.,1.),.UNSPECIFIED.)
CURVE()
GEOMETRIC_REPRESENTATION_ITEM()
RATIONAL_B_SPLINE_CURVE((1.,0.764092937821862,1.))
REPRESENTATION_ITEM('')
);
#2872=(
BOUNDED_CURVE()
B_SPLINE_CURVE(2,(#5546,#5547,#5548),.UNSPECIFIED.,.F.,.F.)
B_SPLINE_CURVE_WITH_KNOTS((3,3),(-1.50166501837517,0.),.UNSPECIFIED.)
CURVE()
GEOMETRIC_REPRESENTATION_ITEM()
RATIONAL_B_SPLINE_CURVE((1.,0.731121145416467,1.))
REPRESENTATION_ITEM('')
);
#2873=(
BOUNDED_CURVE()
B_SPLINE_CURVE(2,(#5549,#5550,#5551),.UNSPECIFIED.,.F.,.F.)
B_SPLINE_CURVE_WITH_KNOTS((3,3),(-1.50166501837517,0.),.UNSPECIFIED.)
CURVE()
GEOMETRIC_REPRESENTATION_ITEM()
RATIONAL_B_SPLINE_CURVE((1.,0.731121145416464,1.))
REPRESENTATION_ITEM('')
);
#2874=(
BOUNDED_CURVE()
B_SPLINE_CURVE(2,(#5552,#5553,#5554),.UNSPECIFIED.,.F.,.F.)
B_SPLINE_CURVE_WITH_KNOTS((3,3),(-276.798192278899,-275.966603856275),
 .UNSPECIFIED.)
CURVE()
GEOMETRIC_REPRESENTATION_ITEM()
RATIONAL_B_SPLINE_CURVE((1.,0.996454251648923,1.))
REPRESENTATION_ITEM('')
);
#2875=(
BOUNDED_CURVE()
B_SPLINE_CURVE(1,(#5557,#5558),.UNSPECIFIED.,.F.,.F.)
B_SPLINE_CURVE_WITH_KNOTS((2,2),(6.21724893790051E-15,2.96690003866004),
 .UNSPECIFIED.)
CURVE()
GEOMETRIC_REPRESENTATION_ITEM()
RATIONAL_B_SPLINE_CURVE((1.,1.))
REPRESENTATION_ITEM('')
);
#2876=(
BOUNDED_CURVE()
B_SPLINE_CURVE(2,(#5561,#5562,#5563),.UNSPECIFIED.,.F.,.F.)
B_SPLINE_CURVE_WITH_KNOTS((3,3),(0.,1.),.UNSPECIFIED.)
CURVE()
GEOMETRIC_REPRESENTATION_ITEM()
RATIONAL_B_SPLINE_CURVE((1.,0.764092937821965,1.))
REPRESENTATION_ITEM('')
);
#2877=(
BOUNDED_CURVE()
B_SPLINE_CURVE(2,(#5564,#5565,#5566),.UNSPECIFIED.,.F.,.F.)
B_SPLINE_CURVE_WITH_KNOTS((3,3),(-1.,0.),.UNSPECIFIED.)
CURVE()
GEOMETRIC_REPRESENTATION_ITEM()
RATIONAL_B_SPLINE_CURVE((1.,0.764092937821967,1.))
REPRESENTATION_ITEM('')
);
#2878=(
BOUNDED_CURVE()
B_SPLINE_CURVE(1,(#5569,#5570),.UNSPECIFIED.,.F.,.F.)
B_SPLINE_CURVE_WITH_KNOTS((2,2),(0.,2.96690003866004),.UNSPECIFIED.)
CURVE()
GEOMETRIC_REPRESENTATION_ITEM()
RATIONAL_B_SPLINE_CURVE((1.,1.))
REPRESENTATION_ITEM('')
);
#2879=(
BOUNDED_CURVE()
B_SPLINE_CURVE(2,(#5573,#5574,#5575),.UNSPECIFIED.,.F.,.F.)
B_SPLINE_CURVE_WITH_KNOTS((3,3),(0.,1.50166501836101),.UNSPECIFIED.)
CURVE()
GEOMETRIC_REPRESENTATION_ITEM()
RATIONAL_B_SPLINE_CURVE((1.,0.731121145421169,1.))
REPRESENTATION_ITEM('')
);
#2880=(
BOUNDED_CURVE()
B_SPLINE_CURVE(2,(#5576,#5577,#5578),.UNSPECIFIED.,.F.,.F.)
B_SPLINE_CURVE_WITH_KNOTS((3,3),(-1.50166501836101,0.),.UNSPECIFIED.)
CURVE()
GEOMETRIC_REPRESENTATION_ITEM()
RATIONAL_B_SPLINE_CURVE((1.,0.731121145421158,1.))
REPRESENTATION_ITEM('')
);
#2881=(
BOUNDED_CURVE()
B_SPLINE_CURVE(2,(#5579,#5580,#5581,#5582,#5583,#5584,#5585),
 .UNSPECIFIED.,.F.,.F.)
B_SPLINE_CURVE_WITH_KNOTS((3,2,2,3),(238.368005151798,239.238654895972,
240.697636690177,241.595437577976),.UNSPECIFIED.)
CURVE()
GEOMETRIC_REPRESENTATION_ITEM()
RATIONAL_B_SPLINE_CURVE((1.,0.996348927575881,0.992922421588835,0.961582529897768,
0.951039902653004,0.971599343056073,1.))
REPRESENTATION_ITEM('')
);
#2882=(
BOUNDED_CURVE()
B_SPLINE_CURVE(2,(#5586,#5587,#5588,#5589,#5590,#5591,#5592),
 .UNSPECIFIED.,.F.,.F.)
B_SPLINE_CURVE_WITH_KNOTS((3,2,2,3),(-3.30743678568273,-2.32195989027619,
-0.353183542142716,-0.120256440351483),.UNSPECIFIED.)
CURVE()
GEOMETRIC_REPRESENTATION_ITEM()
RATIONAL_B_SPLINE_CURVE((1.,0.975351617319166,0.959855811915483,0.960809121685032,
1.00000000000723,0.999992440506707,1.))
REPRESENTATION_ITEM('')
);
#2883=(
BOUNDED_CURVE()
B_SPLINE_CURVE(2,(#5593,#5594,#5595,#5596,#5597,#5598,#5599),
 .UNSPECIFIED.,.F.,.F.)
B_SPLINE_CURVE_WITH_KNOTS((3,2,2,3),(5.45051414565013,6.43599104111834,
8.40476738932284,8.63769448749338),.UNSPECIFIED.)
CURVE()
GEOMETRIC_REPRESENTATION_ITEM()
RATIONAL_B_SPLINE_CURVE((1.,0.975351617319018,0.959855811915414,0.960809121683619,
1.00000000000723,0.999992440506942,1.))
REPRESENTATION_ITEM('')
);
#2884=(
BOUNDED_CURVE()
B_SPLINE_CURVE(2,(#5600,#5601,#5602,#5603,#5604,#5605,#5606),
 .UNSPECIFIED.,.F.,.F.)
B_SPLINE_CURVE_WITH_KNOTS((3,2,2,3),(-183.34339402217,-182.472744271931,
-181.013762477724,-180.115961589988),.UNSPECIFIED.)
CURVE()
GEOMETRIC_REPRESENTATION_ITEM()
RATIONAL_B_SPLINE_CURVE((1.,0.996348927520125,0.992922421480654,0.961582529792961,
0.951039902549352,0.971599343003125,1.))
REPRESENTATION_ITEM('')
);
#2885=(
BOUNDED_CURVE()
B_SPLINE_CURVE(2,(#5607,#5608,#5609,#5610,#5611,#5612,#5613),
 .UNSPECIFIED.,.F.,.F.)
B_SPLINE_CURVE_WITH_KNOTS((3,2,2,3),(141.734993556064,142.605643306173,
144.064625095508,144.962425982477),.UNSPECIFIED.)
CURVE()
GEOMETRIC_REPRESENTATION_ITEM()
RATIONAL_B_SPLINE_CURVE((1.,0.996348927537353,0.992922421514929,0.961582529930799,
0.951039902652586,0.971599343062284,1.))
REPRESENTATION_ITEM('')
);
#2886=(
BOUNDED_CURVE()
B_SPLINE_CURVE(2,(#5614,#5615,#5616,#5617,#5618,#5619,#5620),
 .UNSPECIFIED.,.F.,.F.)
B_SPLINE_CURVE_WITH_KNOTS((3,2,2,3),(-3.30743678568901,-2.32195989026832,
-0.353183542063846,-0.120256440352676),.UNSPECIFIED.)
CURVE()
GEOMETRIC_REPRESENTATION_ITEM()
RATIONAL_B_SPLINE_CURVE((1.,0.975351617315491,0.959855811908472,0.960809121676671,
1.,0.999992440503096,1.))
REPRESENTATION_ITEM('')
);
#2887=(
BOUNDED_CURVE()
B_SPLINE_CURVE(2,(#5621,#5622,#5623,#5624,#5625,#5626,#5627),
 .UNSPECIFIED.,.F.,.F.)
B_SPLINE_CURVE_WITH_KNOTS((3,2,2,3),(-279.976405611815,-279.105755861723,
-277.646774072389,-276.748973185419),.UNSPECIFIED.)
CURVE()
GEOMETRIC_REPRESENTATION_ITEM()
RATIONAL_B_SPLINE_CURVE((1.,0.996348927591631,0.992922421623111,0.961582530035604,
0.951039902756236,0.971599343115231,1.))
REPRESENTATION_ITEM('')
);
#2888=(
BOUNDED_CURVE()
B_SPLINE_CURVE(2,(#5628,#5629,#5630,#5631,#5632),.UNSPECIFIED.,.F.,.F.)
B_SPLINE_CURVE_WITH_KNOTS((3,2,3),(-97.6132389872172,-96.6788008474698,
-94.7100244993363),.UNSPECIFIED.)
CURVE()
GEOMETRIC_REPRESENTATION_ITEM()
RATIONAL_B_SPLINE_CURVE((1.,0.975351617315639,0.959855811908542,0.960809121678079,
1.))
REPRESENTATION_ITEM('')
);
#2889=(
BOUNDED_CURVE()
B_SPLINE_CURVE(2,(#5633,#5634,#5635),.UNSPECIFIED.,.F.,.F.)
B_SPLINE_CURVE_WITH_KNOTS((3,3),(-242.377806901139,-241.546218484394),
 .UNSPECIFIED.)
CURVE()
GEOMETRIC_REPRESENTATION_ITEM()
RATIONAL_B_SPLINE_CURVE((1.,0.996454251699177,1.))
REPRESENTATION_ITEM('')
);
#2890=(
BOUNDED_CURVE()
B_SPLINE_CURVE(2,(#5636,#5637,#5638,#5639,#5640),.UNSPECIFIED.,.F.,.F.)
B_SPLINE_CURVE_WITH_KNOTS((3,2,3),(-242.377806901139,-239.238654895972,
-238.368005151798),.UNSPECIFIED.)
CURVE()
GEOMETRIC_REPRESENTATION_ITEM()
RATIONAL_B_SPLINE_CURVE((1.,0.947372961445423,0.992922421588835,0.996348927575881,
1.))
REPRESENTATION_ITEM('')
);
#2891=(
BOUNDED_CURVE()
B_SPLINE_CURVE(2,(#5641,#5642,#5643),.UNSPECIFIED.,.F.,.F.)
B_SPLINE_CURVE_WITH_KNOTS((3,3),(-145.744795311568,-144.913206888999),
 .UNSPECIFIED.)
CURVE()
GEOMETRIC_REPRESENTATION_ITEM()
RATIONAL_B_SPLINE_CURVE((1.,0.996454251649391,1.))
REPRESENTATION_ITEM('')
);
#2892=(
BOUNDED_CURVE()
B_SPLINE_CURVE(2,(#5644,#5645,#5646,#5647,#5648),.UNSPECIFIED.,.F.,.F.)
B_SPLINE_CURVE_WITH_KNOTS((3,2,3),(-145.744795311568,-142.605643306173,
-141.734993556064),.UNSPECIFIED.)
CURVE()
GEOMETRIC_REPRESENTATION_ITEM()
RATIONAL_B_SPLINE_CURVE((1.,0.947372961403087,0.992922421514929,0.996348927537353,
1.))
REPRESENTATION_ITEM('')
);
#2893=(
BOUNDED_CURVE()
B_SPLINE_CURVE(1,(#5649,#5650),.UNSPECIFIED.,.F.,.F.)
B_SPLINE_CURVE_WITH_KNOTS((2,2),(0.,7.),.UNSPECIFIED.)
CURVE()
GEOMETRIC_REPRESENTATION_ITEM()
RATIONAL_B_SPLINE_CURVE((1.,1.))
REPRESENTATION_ITEM('')
);
#2894=(
BOUNDED_CURVE()
B_SPLINE_CURVE(2,(#5653,#5654,#5655),.UNSPECIFIED.,.F.,.F.)
B_SPLINE_CURVE_WITH_KNOTS((3,3),(0.,5.47204678707202),.UNSPECIFIED.)
CURVE()
GEOMETRIC_REPRESENTATION_ITEM()
RATIONAL_B_SPLINE_CURVE((1.,0.85398226816236,1.))
REPRESENTATION_ITEM('')
);
#2895=(
BOUNDED_CURVE()
B_SPLINE_CURVE(2,(#5656,#5657,#5658),.UNSPECIFIED.,.F.,.F.)
B_SPLINE_CURVE_WITH_KNOTS((3,3),(0.,5.47204678707202),.UNSPECIFIED.)
CURVE()
GEOMETRIC_REPRESENTATION_ITEM()
RATIONAL_B_SPLINE_CURVE((1.,0.85398226816236,1.))
REPRESENTATION_ITEM('')
);
#2896=(
BOUNDED_CURVE()
B_SPLINE_CURVE(1,(#5659,#5660),.UNSPECIFIED.,.F.,.F.)
B_SPLINE_CURVE_WITH_KNOTS((2,2),(0.,7.),.UNSPECIFIED.)
CURVE()
GEOMETRIC_REPRESENTATION_ITEM()
RATIONAL_B_SPLINE_CURVE((1.,1.))
REPRESENTATION_ITEM('')
);
#2897=(
BOUNDED_CURVE()
B_SPLINE_CURVE(2,(#5663,#5664,#5665),.UNSPECIFIED.,.F.,.F.)
B_SPLINE_CURVE_WITH_KNOTS((3,3),(-5.47204678707203,0.),.UNSPECIFIED.)
CURVE()
GEOMETRIC_REPRESENTATION_ITEM()
RATIONAL_B_SPLINE_CURVE((1.,0.853982268162378,1.))
REPRESENTATION_ITEM('')
);
#2898=(
BOUNDED_CURVE()
B_SPLINE_CURVE(2,(#5666,#5667,#5668),.UNSPECIFIED.,.F.,.F.)
B_SPLINE_CURVE_WITH_KNOTS((3,3),(-5.47204678707203,0.),.UNSPECIFIED.)
CURVE()
GEOMETRIC_REPRESENTATION_ITEM()
RATIONAL_B_SPLINE_CURVE((1.,0.853982268162377,1.))
REPRESENTATION_ITEM('')
);
#2899=(
BOUNDED_CURVE()
B_SPLINE_CURVE(2,(#5669,#5670,#5671,#5672,#5673),.UNSPECIFIED.,.F.,.F.)
B_SPLINE_CURVE_WITH_KNOTS((3,2,3),(99.7887932596039,105.718715661571,119.639878419473),
 .UNSPECIFIED.)
CURVE()
GEOMETRIC_REPRESENTATION_ITEM()
RATIONAL_B_SPLINE_CURVE((1.,0.947961083915009,1.,0.717644184993328,1.))
REPRESENTATION_ITEM('')
);
#2900=(
BOUNDED_CURVE()
B_SPLINE_CURVE(2,(#5674,#5675,#5676,#5677,#5678),.UNSPECIFIED.,.F.,.F.)
B_SPLINE_CURVE_WITH_KNOTS((3,2,3),(99.7887932596039,105.718715661571,119.639878419473),
 .UNSPECIFIED.)
CURVE()
GEOMETRIC_REPRESENTATION_ITEM()
RATIONAL_B_SPLINE_CURVE((1.,0.947961083915009,1.,0.717644184993327,1.))
REPRESENTATION_ITEM('')
);
#2901=(
BOUNDED_CURVE()
B_SPLINE_CURVE(1,(#5685,#5686),.UNSPECIFIED.,.F.,.F.)
B_SPLINE_CURVE_WITH_KNOTS((2,2),(0.,7.00000000000001),.UNSPECIFIED.)
CURVE()
GEOMETRIC_REPRESENTATION_ITEM()
RATIONAL_B_SPLINE_CURVE((1.,1.))
REPRESENTATION_ITEM('')
);
#2902=(
BOUNDED_CURVE()
B_SPLINE_CURVE(2,(#5687,#5688,#5689),.UNSPECIFIED.,.F.,.F.)
B_SPLINE_CURVE_WITH_KNOTS((3,3),(-5.47204678819029,0.),.UNSPECIFIED.)
CURVE()
GEOMETRIC_REPRESENTATION_ITEM()
RATIONAL_B_SPLINE_CURVE((1.,0.853982268105893,1.))
REPRESENTATION_ITEM('')
);
#2903=(
BOUNDED_CURVE()
B_SPLINE_CURVE(2,(#5690,#5691,#5692),.UNSPECIFIED.,.F.,.F.)
B_SPLINE_CURVE_WITH_KNOTS((3,3),(-5.47204678819029,0.),.UNSPECIFIED.)
CURVE()
GEOMETRIC_REPRESENTATION_ITEM()
RATIONAL_B_SPLINE_CURVE((1.,0.853982268105891,1.))
REPRESENTATION_ITEM('')
);
#2904=(
BOUNDED_CURVE()
B_SPLINE_CURVE(2,(#5693,#5694,#5695,#5696,#5697),.UNSPECIFIED.,.F.,.F.)
B_SPLINE_CURVE_WITH_KNOTS((3,2,3),(99.7887932596039,105.683630809891,119.522427914842),
 .UNSPECIFIED.)
CURVE()
GEOMETRIC_REPRESENTATION_ITEM()
RATIONAL_B_SPLINE_CURVE((1.,0.947961083915008,1.,0.717644184993327,1.))
REPRESENTATION_ITEM('')
);
#2905=(
BOUNDED_CURVE()
B_SPLINE_CURVE(2,(#5698,#5699,#5700,#5701,#5702),.UNSPECIFIED.,.F.,.F.)
B_SPLINE_CURVE_WITH_KNOTS((3,2,3),(99.7887932596039,105.683630809891,119.522427914842),
 .UNSPECIFIED.)
CURVE()
GEOMETRIC_REPRESENTATION_ITEM()
RATIONAL_B_SPLINE_CURVE((1.,0.947961083915008,1.,0.717644184993328,1.))
REPRESENTATION_ITEM('')
);
#2906=(
BOUNDED_CURVE()
B_SPLINE_CURVE(1,(#5709,#5710),.UNSPECIFIED.,.F.,.F.)
B_SPLINE_CURVE_WITH_KNOTS((2,2),(0.,7.),.UNSPECIFIED.)
CURVE()
GEOMETRIC_REPRESENTATION_ITEM()
RATIONAL_B_SPLINE_CURVE((1.,1.))
REPRESENTATION_ITEM('')
);
#2907=(
BOUNDED_CURVE()
B_SPLINE_CURVE(2,(#5711,#5712,#5713),.UNSPECIFIED.,.F.,.F.)
B_SPLINE_CURVE_WITH_KNOTS((3,3),(0.,5.47204678819026),.UNSPECIFIED.)
CURVE()
GEOMETRIC_REPRESENTATION_ITEM()
RATIONAL_B_SPLINE_CURVE((1.,0.853982268105888,1.))
REPRESENTATION_ITEM('')
);
#2908=(
BOUNDED_CURVE()
B_SPLINE_CURVE(2,(#5714,#5715,#5716),.UNSPECIFIED.,.F.,.F.)
B_SPLINE_CURVE_WITH_KNOTS((3,3),(0.,5.47204678819026),.UNSPECIFIED.)
CURVE()
GEOMETRIC_REPRESENTATION_ITEM()
RATIONAL_B_SPLINE_CURVE((1.,0.853982268105888,1.))
REPRESENTATION_ITEM('')
);
#2909=(
BOUNDED_CURVE()
B_SPLINE_CURVE(2,(#5717,#5718,#5719,#5720,#5721,#5722,#5723,#5724,#5725),
 .UNSPECIFIED.,.T.,.F.)
B_SPLINE_CURVE_WITH_KNOTS((3,2,2,2,3),(-37.6991118430775,-28.2743338823081,
-18.8495559215388,-9.42477796076938,0.),.UNSPECIFIED.)
CURVE()
GEOMETRIC_REPRESENTATION_ITEM()
RATIONAL_B_SPLINE_CURVE((1.,0.707106781186548,1.,0.707106781186548,1.,0.707106781186548,
1.,0.707106781186548,1.))
REPRESENTATION_ITEM('')
);
#2910=(
BOUNDED_CURVE()
B_SPLINE_CURVE(2,(#5726,#5727,#5728,#5729,#5730,#5731,#5732,#5733,#5734),
 .UNSPECIFIED.,.T.,.F.)
B_SPLINE_CURVE_WITH_KNOTS((3,2,2,2,3),(-37.6991118430775,-28.2743338823081,
-18.8495559215388,-9.42477796076938,0.),.UNSPECIFIED.)
CURVE()
GEOMETRIC_REPRESENTATION_ITEM()
RATIONAL_B_SPLINE_CURVE((1.,0.707106781186548,1.,0.707106781186548,1.,0.707106781186548,
1.,0.707106781186548,1.))
REPRESENTATION_ITEM('')
);
#2911=(
BOUNDED_CURVE()
B_SPLINE_CURVE(1,(#5735,#5736,#5737),.UNSPECIFIED.,.F.,.F.)
B_SPLINE_CURVE_WITH_KNOTS((2,1,2),(5.8,14.,14.2),.UNSPECIFIED.)
CURVE()
GEOMETRIC_REPRESENTATION_ITEM()
RATIONAL_B_SPLINE_CURVE((1.,1.,1.))
REPRESENTATION_ITEM('')
);
#2912=(
BOUNDED_CURVE()
B_SPLINE_CURVE(2,(#5880,#5881,#5882),.UNSPECIFIED.,.F.,.F.)
B_SPLINE_CURVE_WITH_KNOTS((3,3),(-1.,0.),.UNSPECIFIED.)
CURVE()
GEOMETRIC_REPRESENTATION_ITEM()
RATIONAL_B_SPLINE_CURVE((1.,0.707106781186546,1.))
REPRESENTATION_ITEM('')
);
#2913=(
BOUNDED_CURVE()
B_SPLINE_CURVE(2,(#5883,#5884,#5885),.UNSPECIFIED.,.F.,.F.)
B_SPLINE_CURVE_WITH_KNOTS((3,3),(-1.,0.),.UNSPECIFIED.)
CURVE()
GEOMETRIC_REPRESENTATION_ITEM()
RATIONAL_B_SPLINE_CURVE((1.,0.707106781186545,1.))
REPRESENTATION_ITEM('')
);
#2914=(
BOUNDED_CURVE()
B_SPLINE_CURVE(2,(#5904,#5905,#5906),.UNSPECIFIED.,.F.,.F.)
B_SPLINE_CURVE_WITH_KNOTS((3,3),(0.,1.),.UNSPECIFIED.)
CURVE()
GEOMETRIC_REPRESENTATION_ITEM()
RATIONAL_B_SPLINE_CURVE((1.,0.707106781186507,1.))
REPRESENTATION_ITEM('')
);
#2915=(
BOUNDED_CURVE()
B_SPLINE_CURVE(1,(#5907,#5908),.UNSPECIFIED.,.F.,.F.)
B_SPLINE_CURVE_WITH_KNOTS((2,2),(1.65201186064223E-13,4.00000000000013),
 .UNSPECIFIED.)
CURVE()
GEOMETRIC_REPRESENTATION_ITEM()
RATIONAL_B_SPLINE_CURVE((1.,1.))
REPRESENTATION_ITEM('')
);
#2916=(
BOUNDED_CURVE()
B_SPLINE_CURVE(2,(#5909,#5910,#5911),.UNSPECIFIED.,.F.,.F.)
B_SPLINE_CURVE_WITH_KNOTS((3,3),(0.,1.),.UNSPECIFIED.)
CURVE()
GEOMETRIC_REPRESENTATION_ITEM()
RATIONAL_B_SPLINE_CURVE((1.,0.70710678118652,1.))
REPRESENTATION_ITEM('')
);
#2917=(
BOUNDED_CURVE()
B_SPLINE_CURVE(2,(#5930,#5931,#5932),.UNSPECIFIED.,.F.,.F.)
B_SPLINE_CURVE_WITH_KNOTS((3,3),(0.,1.),.UNSPECIFIED.)
CURVE()
GEOMETRIC_REPRESENTATION_ITEM()
RATIONAL_B_SPLINE_CURVE((1.,0.707106781186551,1.))
REPRESENTATION_ITEM('')
);
#2918=(
BOUNDED_CURVE()
B_SPLINE_CURVE(1,(#5933,#5934),.UNSPECIFIED.,.F.,.F.)
B_SPLINE_CURVE_WITH_KNOTS((2,2),(1.83852932877926E-13,4.00000000000012),
 .UNSPECIFIED.)
CURVE()
GEOMETRIC_REPRESENTATION_ITEM()
RATIONAL_B_SPLINE_CURVE((1.,1.))
REPRESENTATION_ITEM('')
);
#2919=(
BOUNDED_CURVE()
B_SPLINE_CURVE(2,(#5935,#5936,#5937),.UNSPECIFIED.,.F.,.F.)
B_SPLINE_CURVE_WITH_KNOTS((3,3),(0.,1.),.UNSPECIFIED.)
CURVE()
GEOMETRIC_REPRESENTATION_ITEM()
RATIONAL_B_SPLINE_CURVE((1.,0.707106781186559,1.))
REPRESENTATION_ITEM('')
);
#2920=(
BOUNDED_CURVE()
B_SPLINE_CURVE(2,(#5958,#5959,#5960),.UNSPECIFIED.,.F.,.F.)
B_SPLINE_CURVE_WITH_KNOTS((3,3),(-1.,0.),.UNSPECIFIED.)
CURVE()
GEOMETRIC_REPRESENTATION_ITEM()
RATIONAL_B_SPLINE_CURVE((1.,0.707106781186554,1.))
REPRESENTATION_ITEM('')
);
#2921=(
BOUNDED_CURVE()
B_SPLINE_CURVE(2,(#5961,#5962,#5963),.UNSPECIFIED.,.F.,.F.)
B_SPLINE_CURVE_WITH_KNOTS((3,3),(-1.,0.),.UNSPECIFIED.)
CURVE()
GEOMETRIC_REPRESENTATION_ITEM()
RATIONAL_B_SPLINE_CURVE((1.,0.707106781186553,1.))
REPRESENTATION_ITEM('')
);
#2922=(
BOUNDED_CURVE()
B_SPLINE_CURVE(1,(#5964,#5965),.UNSPECIFIED.,.F.,.F.)
B_SPLINE_CURVE_WITH_KNOTS((2,2),(-4.44089209850063E-15,4.00000000000008),
 .UNSPECIFIED.)
CURVE()
GEOMETRIC_REPRESENTATION_ITEM()
RATIONAL_B_SPLINE_CURVE((1.,1.))
REPRESENTATION_ITEM('')
);
#2923=(
BOUNDED_CURVE()
B_SPLINE_CURVE(2,(#5978,#5979,#5980),.UNSPECIFIED.,.F.,.F.)
B_SPLINE_CURVE_WITH_KNOTS((3,3),(0.,1.),.UNSPECIFIED.)
CURVE()
GEOMETRIC_REPRESENTATION_ITEM()
RATIONAL_B_SPLINE_CURVE((1.,0.707106781186554,1.))
REPRESENTATION_ITEM('')
);
#2924=(
BOUNDED_CURVE()
B_SPLINE_CURVE(2,(#5981,#5982,#5983),.UNSPECIFIED.,.F.,.F.)
B_SPLINE_CURVE_WITH_KNOTS((3,3),(0.,1.),.UNSPECIFIED.)
CURVE()
GEOMETRIC_REPRESENTATION_ITEM()
RATIONAL_B_SPLINE_CURVE((1.,0.707106781186552,1.))
REPRESENTATION_ITEM('')
);
#2925=(
BOUNDED_CURVE()
B_SPLINE_CURVE(2,(#6004,#6005,#6006),.UNSPECIFIED.,.F.,.F.)
B_SPLINE_CURVE_WITH_KNOTS((3,3),(-1.,0.),.UNSPECIFIED.)
CURVE()
GEOMETRIC_REPRESENTATION_ITEM()
RATIONAL_B_SPLINE_CURVE((1.,0.707106781186588,1.))
REPRESENTATION_ITEM('')
);
#2926=(
BOUNDED_CURVE()
B_SPLINE_CURVE(2,(#6007,#6008,#6009),.UNSPECIFIED.,.F.,.F.)
B_SPLINE_CURVE_WITH_KNOTS((3,3),(-1.,0.),.UNSPECIFIED.)
CURVE()
GEOMETRIC_REPRESENTATION_ITEM()
RATIONAL_B_SPLINE_CURVE((1.,0.707106781186595,1.))
REPRESENTATION_ITEM('')
);
#2927=(
BOUNDED_CURVE()
B_SPLINE_CURVE(1,(#6010,#6011),.UNSPECIFIED.,.F.,.F.)
B_SPLINE_CURVE_WITH_KNOTS((2,2),(-1.95399252334028E-14,4.0000000000001),
 .UNSPECIFIED.)
CURVE()
GEOMETRIC_REPRESENTATION_ITEM()
RATIONAL_B_SPLINE_CURVE((1.,1.))
REPRESENTATION_ITEM('')
);
#2928=(
BOUNDED_CURVE()
B_SPLINE_CURVE(2,(#6465,#6466,#6467),.UNSPECIFIED.,.F.,.F.)
B_SPLINE_CURVE_WITH_KNOTS((3,3),(0.,1.28058242798919),.UNSPECIFIED.)
CURVE()
GEOMETRIC_REPRESENTATION_ITEM()
RATIONAL_B_SPLINE_CURVE((1.,0.986463283331961,1.))
REPRESENTATION_ITEM('')
);
#2929=(
BOUNDED_CURVE()
B_SPLINE_CURVE(1,(#6468,#6469),.UNSPECIFIED.,.F.,.F.)
B_SPLINE_CURVE_WITH_KNOTS((2,2),(0.,33.7349826203974),.UNSPECIFIED.)
CURVE()
GEOMETRIC_REPRESENTATION_ITEM()
RATIONAL_B_SPLINE_CURVE((1.,1.))
REPRESENTATION_ITEM('')
);
#2930=(
BOUNDED_CURVE()
B_SPLINE_CURVE(2,(#6470,#6471,#6472),.UNSPECIFIED.,.F.,.F.)
B_SPLINE_CURVE_WITH_KNOTS((3,3),(0.,1.28058242798919),.UNSPECIFIED.)
CURVE()
GEOMETRIC_REPRESENTATION_ITEM()
RATIONAL_B_SPLINE_CURVE((1.,0.986463283331961,1.))
REPRESENTATION_ITEM('')
);
#2931=(
BOUNDED_CURVE()
B_SPLINE_CURVE(2,(#6473,#6474,#6475,#6476,#6477),.UNSPECIFIED.,.F.,.F.)
B_SPLINE_CURVE_WITH_KNOTS((3,2,3),(12.925210614582,17.4669422817951,23.2892563757268),
 .UNSPECIFIED.)
CURVE()
GEOMETRIC_REPRESENTATION_ITEM()
RATIONAL_B_SPLINE_CURVE((1.,0.813487864473696,1.,0.707106781186548,1.))
REPRESENTATION_ITEM('')
);
#2932=(
BOUNDED_CURVE()
B_SPLINE_CURVE(2,(#6478,#6479,#6480,#6481,#6482),.UNSPECIFIED.,.F.,.F.)
B_SPLINE_CURVE_WITH_KNOTS((3,2,3),(12.925210614582,17.4669422817951,23.2892563757268),
 .UNSPECIFIED.)
CURVE()
GEOMETRIC_REPRESENTATION_ITEM()
RATIONAL_B_SPLINE_CURVE((1.,0.813487864473696,1.,0.707106781186548,1.))
REPRESENTATION_ITEM('')
);
#2933=(
BOUNDED_CURVE()
B_SPLINE_CURVE(2,(#6499,#6500,#6501),.UNSPECIFIED.,.F.,.F.)
B_SPLINE_CURVE_WITH_KNOTS((3,3),(-287.976047691267,-287.743120589472),
 .UNSPECIFIED.)
CURVE()
GEOMETRIC_REPRESENTATION_ITEM()
RATIONAL_B_SPLINE_CURVE((1.,0.999992440503091,1.))
REPRESENTATION_ITEM('')
);
#2934=(
BOUNDED_CURVE()
B_SPLINE_CURVE(2,(#6502,#6503,#6504),.UNSPECIFIED.,.F.,.F.)
B_SPLINE_CURVE_WITH_KNOTS((3,3),(-287.743120589472,-285.89801267049),
 .UNSPECIFIED.)
CURVE()
GEOMETRIC_REPRESENTATION_ITEM()
RATIONAL_B_SPLINE_CURVE((1.,0.953087795391078,1.))
REPRESENTATION_ITEM('')
);
#2935=(
BOUNDED_CURVE()
B_SPLINE_CURVE(2,(#6505,#6506,#6507,#6508,#6509),.UNSPECIFIED.,.F.,.F.)
B_SPLINE_CURVE_WITH_KNOTS((3,2,3),(-285.89801267049,-283.859763100644,-281.821513530797),
 .UNSPECIFIED.)
CURVE()
GEOMETRIC_REPRESENTATION_ITEM()
RATIONAL_B_SPLINE_CURVE((1.,0.960058680860346,1.06075180996998,0.960058680860347,
1.))
REPRESENTATION_ITEM('')
);
#2936=(
BOUNDED_CURVE()
B_SPLINE_CURVE(2,(#6510,#6511,#6512),.UNSPECIFIED.,.F.,.F.)
B_SPLINE_CURVE_WITH_KNOTS((3,3),(-281.821513530797,-279.976405611815),
 .UNSPECIFIED.)
CURVE()
GEOMETRIC_REPRESENTATION_ITEM()
RATIONAL_B_SPLINE_CURVE((1.,0.953087795391077,1.))
REPRESENTATION_ITEM('')
);
#2937=(
BOUNDED_CURVE()
B_SPLINE_CURVE(2,(#6513,#6514,#6515,#6516,#6517),.UNSPECIFIED.,.F.,.F.)
B_SPLINE_CURVE_WITH_KNOTS((3,2,3),(-279.976405611815,-279.105755861723,
-275.966603856275),.UNSPECIFIED.)
CURVE()
GEOMETRIC_REPRESENTATION_ITEM()
RATIONAL_B_SPLINE_CURVE((1.,0.996348927591631,0.992922421623111,0.94737296145303,
1.))
REPRESENTATION_ITEM('')
);
#2938=(
BOUNDED_CURVE()
B_SPLINE_CURVE(2,(#6518,#6519,#6520),.UNSPECIFIED.,.F.,.F.)
B_SPLINE_CURVE_WITH_KNOTS((3,3),(-238.368005151798,-236.522897232815),
 .UNSPECIFIED.)
CURVE()
GEOMETRIC_REPRESENTATION_ITEM()
RATIONAL_B_SPLINE_CURVE((1.,0.953087795391065,1.))
REPRESENTATION_ITEM('')
);
#2939=(
BOUNDED_CURVE()
B_SPLINE_CURVE(2,(#6521,#6522,#6523,#6524,#6525),.UNSPECIFIED.,.F.,.F.)
B_SPLINE_CURVE_WITH_KNOTS((3,2,3),(-236.522897232815,-234.484647662968,
-232.446398093121),.UNSPECIFIED.)
CURVE()
GEOMETRIC_REPRESENTATION_ITEM()
RATIONAL_B_SPLINE_CURVE((1.,0.960058680812572,1.06075180986445,0.960058680812572,
1.))
REPRESENTATION_ITEM('')
);
#2940=(
BOUNDED_CURVE()
B_SPLINE_CURVE(2,(#6526,#6527,#6528),.UNSPECIFIED.,.F.,.F.)
B_SPLINE_CURVE_WITH_KNOTS((3,3),(-232.446398093121,-230.601290174139),
 .UNSPECIFIED.)
CURVE()
GEOMETRIC_REPRESENTATION_ITEM()
RATIONAL_B_SPLINE_CURVE((1.,0.953087795391065,1.))
REPRESENTATION_ITEM('')
);
#2941=(
BOUNDED_CURVE()
B_SPLINE_CURVE(1,(#6529,#6530),.UNSPECIFIED.,.F.,.F.)
B_SPLINE_CURVE_WITH_KNOTS((2,2),(0.,7.),.UNSPECIFIED.)
CURVE()
GEOMETRIC_REPRESENTATION_ITEM()
RATIONAL_B_SPLINE_CURVE((1.,1.))
REPRESENTATION_ITEM('')
);
#2942=(
BOUNDED_CURVE()
B_SPLINE_CURVE(2,(#6531,#6532,#6533,#6534,#6535,#6536,#6537),
 .UNSPECIFIED.,.F.,.F.)
B_SPLINE_CURVE_WITH_KNOTS((3,2,2,3),(-230.601290174139,-230.368363072347,
-226.332642328384,-222.296921584421),.UNSPECIFIED.)
CURVE()
GEOMETRIC_REPRESENTATION_ITEM()
RATIONAL_B_SPLINE_CURVE((1.,0.999992440506707,1.00000000000723,0.919664089445838,
1.00000000000723,0.919664089442513,1.))
REPRESENTATION_ITEM('')
);
#2943=(
BOUNDED_CURVE()
B_SPLINE_CURVE(2,(#6538,#6539,#6540,#6541,#6542),.UNSPECIFIED.,.F.,.F.)
B_SPLINE_CURVE_WITH_KNOTS((3,2,3),(-222.296921584421,-210.855699583666,
-199.414477582911),.UNSPECIFIED.)
CURVE()
GEOMETRIC_REPRESENTATION_ITEM()
RATIONAL_B_SPLINE_CURVE((1.,0.930265925815405,1.10141142711498,0.930265925815405,
1.))
REPRESENTATION_ITEM('')
);
#2944=(
BOUNDED_CURVE()
B_SPLINE_CURVE(1,(#6543,#6544),.UNSPECIFIED.,.F.,.F.)
B_SPLINE_CURVE_WITH_KNOTS((2,2),(0.,7.),.UNSPECIFIED.)
CURVE()
GEOMETRIC_REPRESENTATION_ITEM()
RATIONAL_B_SPLINE_CURVE((1.,1.))
REPRESENTATION_ITEM('')
);
#2945=(
BOUNDED_CURVE()
B_SPLINE_CURVE(2,(#6545,#6546,#6547,#6548,#6549),.UNSPECIFIED.,.F.,.F.)
B_SPLINE_CURVE_WITH_KNOTS((3,2,3),(-222.296921584421,-210.855699583666,
-199.414477582911),.UNSPECIFIED.)
CURVE()
GEOMETRIC_REPRESENTATION_ITEM()
RATIONAL_B_SPLINE_CURVE((1.,0.930265925815405,1.10141142711498,0.930265925815405,
1.))
REPRESENTATION_ITEM('')
);
#2946=(
BOUNDED_CURVE()
B_SPLINE_CURVE(2,(#6550,#6551,#6552,#6553,#6554),.UNSPECIFIED.,.F.,.F.)
B_SPLINE_CURVE_WITH_KNOTS((3,2,3),(-199.414477582911,-195.378756838948,
-194.246250582949),.UNSPECIFIED.)
CURVE()
GEOMETRIC_REPRESENTATION_ITEM()
RATIONAL_B_SPLINE_CURVE((1.,0.919664089442512,1.00000000000723,0.993704457676501,
1.))
REPRESENTATION_ITEM('')
);
#2947=(
BOUNDED_CURVE()
B_SPLINE_CURVE(2,(#6555,#6556,#6557,#6558,#6559,#6560,#6561),
 .UNSPECIFIED.,.F.,.F.)
B_SPLINE_CURVE_WITH_KNOTS((3,2,2,3),(-199.414477582911,-195.378756838948,
-191.343036094985,-191.110108996814),.UNSPECIFIED.)
CURVE()
GEOMETRIC_REPRESENTATION_ITEM()
RATIONAL_B_SPLINE_CURVE((1.,0.919664089442512,1.00000000000723,0.919664089445837,
1.00000000000723,0.999992440506942,1.))
REPRESENTATION_ITEM('')
);
#2948=(
BOUNDED_CURVE()
B_SPLINE_CURVE(2,(#6562,#6563,#6564),.UNSPECIFIED.,.F.,.F.)
B_SPLINE_CURVE_WITH_KNOTS((3,3),(-191.110108996814,-189.265001078266),
 .UNSPECIFIED.)
CURVE()
GEOMETRIC_REPRESENTATION_ITEM()
RATIONAL_B_SPLINE_CURVE((1.,0.953087795412974,1.))
REPRESENTATION_ITEM('')
);
#2949=(
BOUNDED_CURVE()
B_SPLINE_CURVE(2,(#6565,#6566,#6567,#6568,#6569),.UNSPECIFIED.,.F.,.F.)
B_SPLINE_CURVE_WITH_KNOTS((3,2,3),(-189.265001078266,-187.226751509492,
-185.188501940718),.UNSPECIFIED.)
CURVE()
GEOMETRIC_REPRESENTATION_ITEM()
RATIONAL_B_SPLINE_CURVE((1.,0.960058680820216,1.06075180980411,0.960058680820214,
1.))
REPRESENTATION_ITEM('')
);
#2950=(
BOUNDED_CURVE()
B_SPLINE_CURVE(2,(#6570,#6571,#6572),.UNSPECIFIED.,.F.,.F.)
B_SPLINE_CURVE_WITH_KNOTS((3,3),(-185.188501940718,-183.34339402217),
 .UNSPECIFIED.)
CURVE()
GEOMETRIC_REPRESENTATION_ITEM()
RATIONAL_B_SPLINE_CURVE((1.,0.953087795412973,1.))
REPRESENTATION_ITEM('')
);
#2951=(
BOUNDED_CURVE()
B_SPLINE_CURVE(2,(#6573,#6574,#6575,#6576,#6577),.UNSPECIFIED.,.F.,.F.)
B_SPLINE_CURVE_WITH_KNOTS((3,2,3),(-183.34339402217,-182.472744271931,-179.333592266707),
 .UNSPECIFIED.)
CURVE()
GEOMETRIC_REPRESENTATION_ITEM()
RATIONAL_B_SPLINE_CURVE((1.,0.996348927520125,0.992922421480654,0.947372961392053,
1.))
REPRESENTATION_ITEM('')
);
#2952=(
BOUNDED_CURVE()
B_SPLINE_CURVE(2,(#6578,#6579,#6580),.UNSPECIFIED.,.F.,.F.)
B_SPLINE_CURVE_WITH_KNOTS((3,3),(-141.734993556064,-139.889885637082),
 .UNSPECIFIED.)
CURVE()
GEOMETRIC_REPRESENTATION_ITEM()
RATIONAL_B_SPLINE_CURVE((1.,0.953087795391104,1.))
REPRESENTATION_ITEM('')
);
#2953=(
BOUNDED_CURVE()
B_SPLINE_CURVE(2,(#6581,#6582,#6583,#6584,#6585),.UNSPECIFIED.,.F.,.F.)
B_SPLINE_CURVE_WITH_KNOTS((3,2,3),(-139.889885637082,-137.851636067237,
-135.813386497392),.UNSPECIFIED.)
CURVE()
GEOMETRIC_REPRESENTATION_ITEM()
RATIONAL_B_SPLINE_CURVE((1.,0.960058680808829,1.06075180985605,0.960058680808831,
1.))
REPRESENTATION_ITEM('')
);
#2954=(
BOUNDED_CURVE()
B_SPLINE_CURVE(2,(#6586,#6587,#6588),.UNSPECIFIED.,.F.,.F.)
B_SPLINE_CURVE_WITH_KNOTS((3,3),(-135.813386497392,-133.96827857841),
 .UNSPECIFIED.)
CURVE()
GEOMETRIC_REPRESENTATION_ITEM()
RATIONAL_B_SPLINE_CURVE((1.,0.953087795391105,1.))
REPRESENTATION_ITEM('')
);
#2955=(
BOUNDED_CURVE()
B_SPLINE_CURVE(1,(#6589,#6590),.UNSPECIFIED.,.F.,.F.)
B_SPLINE_CURVE_WITH_KNOTS((2,2),(0.,7.),.UNSPECIFIED.)
CURVE()
GEOMETRIC_REPRESENTATION_ITEM()
RATIONAL_B_SPLINE_CURVE((1.,1.))
REPRESENTATION_ITEM('')
);
#2956=(
BOUNDED_CURVE()
B_SPLINE_CURVE(2,(#6591,#6592,#6593,#6594,#6595,#6596,#6597),
 .UNSPECIFIED.,.F.,.F.)
B_SPLINE_CURVE_WITH_KNOTS((3,2,2,3),(-133.96827857841,-133.735351476699,
-129.699630732736,-125.663909988773),.UNSPECIFIED.)
CURVE()
GEOMETRIC_REPRESENTATION_ITEM()
RATIONAL_B_SPLINE_CURVE((1.,0.999992440503096,1.,0.919664089439186,1.,0.919664089439186,
1.))
REPRESENTATION_ITEM('')
);
#2957=(
BOUNDED_CURVE()
B_SPLINE_CURVE(2,(#6598,#6599,#6600,#6601,#6602),.UNSPECIFIED.,.F.,.F.)
B_SPLINE_CURVE_WITH_KNOTS((3,2,3),(-125.663909988773,-114.222687988018,
-102.781465987263),.UNSPECIFIED.)
CURVE()
GEOMETRIC_REPRESENTATION_ITEM()
RATIONAL_B_SPLINE_CURVE((1.,0.930265925812041,1.10141142710701,0.930265925812041,
1.))
REPRESENTATION_ITEM('')
);
#2958=(
BOUNDED_CURVE()
B_SPLINE_CURVE(1,(#6603,#6604),.UNSPECIFIED.,.F.,.F.)
B_SPLINE_CURVE_WITH_KNOTS((2,2),(0.,7.),.UNSPECIFIED.)
CURVE()
GEOMETRIC_REPRESENTATION_ITEM()
RATIONAL_B_SPLINE_CURVE((1.,1.))
REPRESENTATION_ITEM('')
);
#2959=(
BOUNDED_CURVE()
B_SPLINE_CURVE(2,(#6605,#6606,#6607,#6608,#6609),.UNSPECIFIED.,.F.,.F.)
B_SPLINE_CURVE_WITH_KNOTS((3,2,3),(-125.663909988773,-114.222687988018,
-102.781465987263),.UNSPECIFIED.)
CURVE()
GEOMETRIC_REPRESENTATION_ITEM()
RATIONAL_B_SPLINE_CURVE((1.,0.930265925812041,1.10141142710701,0.930265925812041,
1.))
REPRESENTATION_ITEM('')
);
#2960=(
BOUNDED_CURVE()
B_SPLINE_CURVE(2,(#6610,#6611,#6612,#6613,#6614),.UNSPECIFIED.,.F.,.F.)
B_SPLINE_CURVE_WITH_KNOTS((3,2,3),(-102.781465987263,-98.7457452432996,
-97.6132389872172),.UNSPECIFIED.)
CURVE()
GEOMETRIC_REPRESENTATION_ITEM()
RATIONAL_B_SPLINE_CURVE((1.,0.919664089439187,1.,0.993704457671966,1.))
REPRESENTATION_ITEM('')
);
#2961=(
BOUNDED_CURVE()
B_SPLINE_CURVE(2,(#6615,#6616,#6617,#6618,#6619),.UNSPECIFIED.,.F.,.F.)
B_SPLINE_CURVE_WITH_KNOTS((3,2,3),(-102.781465987263,-98.7457452432996,
-94.7100244993363),.UNSPECIFIED.)
CURVE()
GEOMETRIC_REPRESENTATION_ITEM()
RATIONAL_B_SPLINE_CURVE((1.,0.919664089439187,1.,0.919664089439187,1.))
REPRESENTATION_ITEM('')
);
#2962=(
BOUNDED_CURVE()
B_SPLINE_CURVE(2,(#6620,#6621,#6622,#6623,#6624,#6625,#6626,#6627,#6628),
 .UNSPECIFIED.,.T.,.F.)
B_SPLINE_CURVE_WITH_KNOTS((3,2,2,2,3),(-94.7100244993363,-92.2360202846343,
-89.7620160699324,-87.2880118552304,-84.8140076405284),.UNSPECIFIED.)
CURVE()
GEOMETRIC_REPRESENTATION_ITEM()
RATIONAL_B_SPLINE_CURVE((1.,0.707106781186548,1.,0.707106781186548,1.,0.707106781186548,
1.,0.707106781186548,1.))
REPRESENTATION_ITEM('')
);
#2963=(
BOUNDED_CURVE()
B_SPLINE_CURVE(2,(#6629,#6630,#6631,#6632,#6633,#6634,#6635,#6636,#6637),
 .UNSPECIFIED.,.T.,.F.)
B_SPLINE_CURVE_WITH_KNOTS((3,2,2,2,3),(-84.8140076405284,-82.3400034258265,
-79.8659992111245,-77.3919949964226,-74.9179907817206),.UNSPECIFIED.)
CURVE()
GEOMETRIC_REPRESENTATION_ITEM()
RATIONAL_B_SPLINE_CURVE((1.,0.707106781186548,1.,0.707106781186548,1.,0.707106781186548,
1.,0.707106781186548,1.))
REPRESENTATION_ITEM('')
);
#2964=(
BOUNDED_CURVE()
B_SPLINE_CURVE(2,(#6638,#6639,#6640,#6641,#6642,#6643,#6644,#6645,#6646),
 .UNSPECIFIED.,.T.,.F.)
B_SPLINE_CURVE_WITH_KNOTS((3,2,2,2,3),(-74.9179907817206,-72.4439865670186,
-69.9699823523167,-67.4959781376147,-65.0219739229127),.UNSPECIFIED.)
CURVE()
GEOMETRIC_REPRESENTATION_ITEM()
RATIONAL_B_SPLINE_CURVE((1.,0.707106781186548,1.,0.707106781186548,1.,0.707106781186548,
1.,0.707106781186548,1.))
REPRESENTATION_ITEM('')
);
#2965=(
BOUNDED_CURVE()
B_SPLINE_CURVE(2,(#6647,#6648,#6649,#6650,#6651,#6652,#6653,#6654,#6655),
 .UNSPECIFIED.,.T.,.F.)
B_SPLINE_CURVE_WITH_KNOTS((3,2,2,2,3),(-65.0219739229127,-62.5479697082108,
-60.0739654935088,-57.5999612788069,-55.1259570641049),.UNSPECIFIED.)
CURVE()
GEOMETRIC_REPRESENTATION_ITEM()
RATIONAL_B_SPLINE_CURVE((1.,0.707106781186548,1.,0.707106781186548,1.,0.707106781186548,
1.,0.707106781186548,1.))
REPRESENTATION_ITEM('')
);
#2966=(
BOUNDED_CURVE()
B_SPLINE_CURVE(2,(#6664,#6665,#6666,#6667,#6668),.UNSPECIFIED.,.F.,.F.)
B_SPLINE_CURVE_WITH_KNOTS((3,2,3),(5.89316882790615,8.69078625967546,10.6849563480206),
 .UNSPECIFIED.)
CURVE()
GEOMETRIC_REPRESENTATION_ITEM()
RATIONAL_B_SPLINE_CURVE((1.,0.872119832864745,1.,0.936362046161925,1.))
REPRESENTATION_ITEM('')
);
#2967=(
BOUNDED_CURVE()
B_SPLINE_CURVE(2,(#6669,#6670,#6671),.UNSPECIFIED.,.F.,.F.)
B_SPLINE_CURVE_WITH_KNOTS((3,3),(236.522897232815,238.368005151798),
 .UNSPECIFIED.)
CURVE()
GEOMETRIC_REPRESENTATION_ITEM()
RATIONAL_B_SPLINE_CURVE((1.,0.95308779539105,1.))
REPRESENTATION_ITEM('')
);
#2968=(
BOUNDED_CURVE()
B_SPLINE_CURVE(2,(#6672,#6673,#6674),.UNSPECIFIED.,.F.,.F.)
B_SPLINE_CURVE_WITH_KNOTS((3,3),(232.446398093121,236.522897232815),
 .UNSPECIFIED.)
CURVE()
GEOMETRIC_REPRESENTATION_ITEM()
RATIONAL_B_SPLINE_CURVE((1.,0.737847933950479,1.))
REPRESENTATION_ITEM('')
);
#2969=(
BOUNDED_CURVE()
B_SPLINE_CURVE(2,(#6675,#6676,#6677),.UNSPECIFIED.,.F.,.F.)
B_SPLINE_CURVE_WITH_KNOTS((3,3),(230.601290174139,232.446398093121),
 .UNSPECIFIED.)
CURVE()
GEOMETRIC_REPRESENTATION_ITEM()
RATIONAL_B_SPLINE_CURVE((1.,0.953087795391049,1.))
REPRESENTATION_ITEM('')
);
#2970=(
BOUNDED_CURVE()
B_SPLINE_CURVE(2,(#6678,#6679,#6680,#6681,#6682,#6683,#6684,#6685,#6686),
 .UNSPECIFIED.,.T.,.F.)
B_SPLINE_CURVE_WITH_KNOTS((3,2,2,2,3),(55.1259570641049,57.5999612788069,
60.0739654935088,62.5479697082108,65.0219739229127),.UNSPECIFIED.)
CURVE()
GEOMETRIC_REPRESENTATION_ITEM()
RATIONAL_B_SPLINE_CURVE((1.,0.707106781186548,1.,0.707106781186548,1.,0.707106781186548,
1.,0.707106781186548,1.))
REPRESENTATION_ITEM('')
);
#2971=(
BOUNDED_CURVE()
B_SPLINE_CURVE(2,(#6693,#6694,#6695,#6696,#6697),.UNSPECIFIED.,.F.,.F.)
B_SPLINE_CURVE_WITH_KNOTS((3,2,3),(5.89316882790617,8.2890625879634,10.6849563480206),
 .UNSPECIFIED.)
CURVE()
GEOMETRIC_REPRESENTATION_ITEM()
RATIONAL_B_SPLINE_CURVE((1.,0.906879482644959,1.,0.906879482644959,1.))
REPRESENTATION_ITEM('')
);
#2972=(
BOUNDED_CURVE()
B_SPLINE_CURVE(1,(#6698,#6699),.UNSPECIFIED.,.F.,.F.)
B_SPLINE_CURVE_WITH_KNOTS((2,2),(2.96690003866004,7.),.UNSPECIFIED.)
CURVE()
GEOMETRIC_REPRESENTATION_ITEM()
RATIONAL_B_SPLINE_CURVE((1.,1.))
REPRESENTATION_ITEM('')
);
#2973=(
BOUNDED_CURVE()
B_SPLINE_CURVE(1,(#6700,#6701),.UNSPECIFIED.,.F.,.F.)
B_SPLINE_CURVE_WITH_KNOTS((2,2),(2.96690003866004,7.),.UNSPECIFIED.)
CURVE()
GEOMETRIC_REPRESENTATION_ITEM()
RATIONAL_B_SPLINE_CURVE((1.,1.))
REPRESENTATION_ITEM('')
);
#2974=(
BOUNDED_CURVE()
B_SPLINE_CURVE(1,(#6702,#6703),.UNSPECIFIED.,.F.,.F.)
B_SPLINE_CURVE_WITH_KNOTS((2,2),(2.96690003866004,7.),.UNSPECIFIED.)
CURVE()
GEOMETRIC_REPRESENTATION_ITEM()
RATIONAL_B_SPLINE_CURVE((1.,1.))
REPRESENTATION_ITEM('')
);
#2975=(
BOUNDED_CURVE()
B_SPLINE_CURVE(1,(#6704,#6705),.UNSPECIFIED.,.F.,.F.)
B_SPLINE_CURVE_WITH_KNOTS((2,2),(2.96690003866004,7.),.UNSPECIFIED.)
CURVE()
GEOMETRIC_REPRESENTATION_ITEM()
RATIONAL_B_SPLINE_CURVE((1.,1.))
REPRESENTATION_ITEM('')
);
#2976=(
BOUNDED_CURVE()
B_SPLINE_CURVE(1,(#6706,#6707),.UNSPECIFIED.,.F.,.F.)
B_SPLINE_CURVE_WITH_KNOTS((2,2),(2.96690003866004,7.),.UNSPECIFIED.)
CURVE()
GEOMETRIC_REPRESENTATION_ITEM()
RATIONAL_B_SPLINE_CURVE((1.,1.))
REPRESENTATION_ITEM('')
);
#2977=(
BOUNDED_CURVE()
B_SPLINE_CURVE(2,(#6722,#6723,#6724,#6725,#6726),.UNSPECIFIED.,.F.,.F.)
B_SPLINE_CURVE_WITH_KNOTS((3,2,3),(5.89316882790615,8.69078625967546,10.6849563480206),
 .UNSPECIFIED.)
CURVE()
GEOMETRIC_REPRESENTATION_ITEM()
RATIONAL_B_SPLINE_CURVE((1.,0.872119832864745,1.,0.936362046161925,1.))
REPRESENTATION_ITEM('')
);
#2978=(
BOUNDED_CURVE()
B_SPLINE_CURVE(2,(#6727,#6728,#6729),.UNSPECIFIED.,.F.,.F.)
B_SPLINE_CURVE_WITH_KNOTS((3,3),(-191.110108996814,-189.265001078266),
 .UNSPECIFIED.)
CURVE()
GEOMETRIC_REPRESENTATION_ITEM()
RATIONAL_B_SPLINE_CURVE((1.,0.953087795412968,1.))
REPRESENTATION_ITEM('')
);
#2979=(
BOUNDED_CURVE()
B_SPLINE_CURVE(2,(#6730,#6731,#6732),.UNSPECIFIED.,.F.,.F.)
B_SPLINE_CURVE_WITH_KNOTS((3,3),(-189.265001078266,-185.188501940718),
 .UNSPECIFIED.)
CURVE()
GEOMETRIC_REPRESENTATION_ITEM()
RATIONAL_B_SPLINE_CURVE((1.,0.737847934076982,1.))
REPRESENTATION_ITEM('')
);
#2980=(
BOUNDED_CURVE()
B_SPLINE_CURVE(2,(#6733,#6734,#6735),.UNSPECIFIED.,.F.,.F.)
B_SPLINE_CURVE_WITH_KNOTS((3,3),(-185.188501940718,-183.34339402217),
 .UNSPECIFIED.)
CURVE()
GEOMETRIC_REPRESENTATION_ITEM()
RATIONAL_B_SPLINE_CURVE((1.,0.953087795412976,1.))
REPRESENTATION_ITEM('')
);
#2981=(
BOUNDED_CURVE()
B_SPLINE_CURVE(2,(#6736,#6737,#6738,#6739,#6740,#6741,#6742,#6743,#6744),
 .UNSPECIFIED.,.T.,.F.)
B_SPLINE_CURVE_WITH_KNOTS((3,2,2,2,3),(-94.7100244993363,-92.2360202846343,
-89.7620160699324,-87.2880118552304,-84.8140076405284),.UNSPECIFIED.)
CURVE()
GEOMETRIC_REPRESENTATION_ITEM()
RATIONAL_B_SPLINE_CURVE((1.,0.707106781186548,1.,0.707106781186548,1.,0.707106781186548,
1.,0.707106781186548,1.))
REPRESENTATION_ITEM('')
);
#2982=(
BOUNDED_CURVE()
B_SPLINE_CURVE(2,(#6751,#6752,#6753,#6754,#6755),.UNSPECIFIED.,.F.,.F.)
B_SPLINE_CURVE_WITH_KNOTS((3,2,3),(5.89316882790617,8.2890625879634,10.6849563480206),
 .UNSPECIFIED.)
CURVE()
GEOMETRIC_REPRESENTATION_ITEM()
RATIONAL_B_SPLINE_CURVE((1.,0.906879482644959,1.,0.906879482644959,1.))
REPRESENTATION_ITEM('')
);
#2983=(
BOUNDED_CURVE()
B_SPLINE_CURVE(1,(#6756,#6757),.UNSPECIFIED.,.F.,.F.)
B_SPLINE_CURVE_WITH_KNOTS((2,2),(2.96690003866004,7.),.UNSPECIFIED.)
CURVE()
GEOMETRIC_REPRESENTATION_ITEM()
RATIONAL_B_SPLINE_CURVE((1.,1.))
REPRESENTATION_ITEM('')
);
#2984=(
BOUNDED_CURVE()
B_SPLINE_CURVE(1,(#6758,#6759),.UNSPECIFIED.,.F.,.F.)
B_SPLINE_CURVE_WITH_KNOTS((2,2),(2.96690003866004,7.),.UNSPECIFIED.)
CURVE()
GEOMETRIC_REPRESENTATION_ITEM()
RATIONAL_B_SPLINE_CURVE((1.,1.))
REPRESENTATION_ITEM('')
);
#2985=(
BOUNDED_CURVE()
B_SPLINE_CURVE(1,(#6760,#6761),.UNSPECIFIED.,.F.,.F.)
B_SPLINE_CURVE_WITH_KNOTS((2,2),(2.96690003866004,7.),.UNSPECIFIED.)
CURVE()
GEOMETRIC_REPRESENTATION_ITEM()
RATIONAL_B_SPLINE_CURVE((1.,1.))
REPRESENTATION_ITEM('')
);
#2986=(
BOUNDED_CURVE()
B_SPLINE_CURVE(1,(#6762,#6763),.UNSPECIFIED.,.F.,.F.)
B_SPLINE_CURVE_WITH_KNOTS((2,2),(2.96690003866004,7.),.UNSPECIFIED.)
CURVE()
GEOMETRIC_REPRESENTATION_ITEM()
RATIONAL_B_SPLINE_CURVE((1.,1.))
REPRESENTATION_ITEM('')
);
#2987=(
BOUNDED_CURVE()
B_SPLINE_CURVE(1,(#6764,#6765),.UNSPECIFIED.,.F.,.F.)
B_SPLINE_CURVE_WITH_KNOTS((2,2),(2.96690003866004,7.),.UNSPECIFIED.)
CURVE()
GEOMETRIC_REPRESENTATION_ITEM()
RATIONAL_B_SPLINE_CURVE((1.,1.))
REPRESENTATION_ITEM('')
);
#2988=(
BOUNDED_CURVE()
B_SPLINE_CURVE(2,(#6780,#6781,#6782,#6783,#6784),.UNSPECIFIED.,.F.,.F.)
B_SPLINE_CURVE_WITH_KNOTS((3,2,3),(5.89316882790615,8.69078625967546,10.6849563480206),
 .UNSPECIFIED.)
CURVE()
GEOMETRIC_REPRESENTATION_ITEM()
RATIONAL_B_SPLINE_CURVE((1.,0.872119832864745,1.,0.936362046161925,1.))
REPRESENTATION_ITEM('')
);
#2989=(
BOUNDED_CURVE()
B_SPLINE_CURVE(2,(#6785,#6786,#6787),.UNSPECIFIED.,.F.,.F.)
B_SPLINE_CURVE_WITH_KNOTS((3,3),(139.889885637082,141.734993556064),
 .UNSPECIFIED.)
CURVE()
GEOMETRIC_REPRESENTATION_ITEM()
RATIONAL_B_SPLINE_CURVE((1.,0.953087795391106,1.))
REPRESENTATION_ITEM('')
);
#2990=(
BOUNDED_CURVE()
B_SPLINE_CURVE(2,(#6788,#6789,#6790),.UNSPECIFIED.,.F.,.F.)
B_SPLINE_CURVE_WITH_KNOTS((3,3),(135.813386497392,139.889885637082),
 .UNSPECIFIED.)
CURVE()
GEOMETRIC_REPRESENTATION_ITEM()
RATIONAL_B_SPLINE_CURVE((1.,0.737847933950688,1.))
REPRESENTATION_ITEM('')
);
#2991=(
BOUNDED_CURVE()
B_SPLINE_CURVE(2,(#6791,#6792,#6793),.UNSPECIFIED.,.F.,.F.)
B_SPLINE_CURVE_WITH_KNOTS((3,3),(133.96827857841,135.813386497392),
 .UNSPECIFIED.)
CURVE()
GEOMETRIC_REPRESENTATION_ITEM()
RATIONAL_B_SPLINE_CURVE((1.,0.953087795391082,1.))
REPRESENTATION_ITEM('')
);
#2992=(
BOUNDED_CURVE()
B_SPLINE_CURVE(2,(#6794,#6795,#6796,#6797,#6798,#6799,#6800,#6801,#6802),
 .UNSPECIFIED.,.T.,.F.)
B_SPLINE_CURVE_WITH_KNOTS((3,2,2,2,3),(74.9179907817206,77.3919949964226,
79.8659992111245,82.3400034258265,84.8140076405284),.UNSPECIFIED.)
CURVE()
GEOMETRIC_REPRESENTATION_ITEM()
RATIONAL_B_SPLINE_CURVE((1.,0.707106781186548,1.,0.707106781186548,1.,0.707106781186548,
1.,0.707106781186548,1.))
REPRESENTATION_ITEM('')
);
#2993=(
BOUNDED_CURVE()
B_SPLINE_CURVE(2,(#6809,#6810,#6811,#6812,#6813),.UNSPECIFIED.,.F.,.F.)
B_SPLINE_CURVE_WITH_KNOTS((3,2,3),(5.89316882790611,8.28906258796337,10.6849563480206),
 .UNSPECIFIED.)
CURVE()
GEOMETRIC_REPRESENTATION_ITEM()
RATIONAL_B_SPLINE_CURVE((1.,0.906879482644957,1.,0.906879482644957,1.))
REPRESENTATION_ITEM('')
);
#2994=(
BOUNDED_CURVE()
B_SPLINE_CURVE(1,(#6814,#6815),.UNSPECIFIED.,.F.,.F.)
B_SPLINE_CURVE_WITH_KNOTS((2,2),(2.96690003866004,7.),.UNSPECIFIED.)
CURVE()
GEOMETRIC_REPRESENTATION_ITEM()
RATIONAL_B_SPLINE_CURVE((1.,1.))
REPRESENTATION_ITEM('')
);
#2995=(
BOUNDED_CURVE()
B_SPLINE_CURVE(1,(#6816,#6817),.UNSPECIFIED.,.F.,.F.)
B_SPLINE_CURVE_WITH_KNOTS((2,2),(2.96690003866004,7.),.UNSPECIFIED.)
CURVE()
GEOMETRIC_REPRESENTATION_ITEM()
RATIONAL_B_SPLINE_CURVE((1.,1.))
REPRESENTATION_ITEM('')
);
#2996=(
BOUNDED_CURVE()
B_SPLINE_CURVE(1,(#6818,#6819),.UNSPECIFIED.,.F.,.F.)
B_SPLINE_CURVE_WITH_KNOTS((2,2),(2.96690003866004,7.),.UNSPECIFIED.)
CURVE()
GEOMETRIC_REPRESENTATION_ITEM()
RATIONAL_B_SPLINE_CURVE((1.,1.))
REPRESENTATION_ITEM('')
);
#2997=(
BOUNDED_CURVE()
B_SPLINE_CURVE(1,(#6820,#6821),.UNSPECIFIED.,.F.,.F.)
B_SPLINE_CURVE_WITH_KNOTS((2,2),(2.96690003866004,7.),.UNSPECIFIED.)
CURVE()
GEOMETRIC_REPRESENTATION_ITEM()
RATIONAL_B_SPLINE_CURVE((1.,1.))
REPRESENTATION_ITEM('')
);
#2998=(
BOUNDED_CURVE()
B_SPLINE_CURVE(1,(#6822,#6823),.UNSPECIFIED.,.F.,.F.)
B_SPLINE_CURVE_WITH_KNOTS((2,2),(2.96690003866004,7.),.UNSPECIFIED.)
CURVE()
GEOMETRIC_REPRESENTATION_ITEM()
RATIONAL_B_SPLINE_CURVE((1.,1.))
REPRESENTATION_ITEM('')
);
#2999=(
BOUNDED_CURVE()
B_SPLINE_CURVE(2,(#6838,#6839,#6840,#6841,#6842),.UNSPECIFIED.,.F.,.F.)
B_SPLINE_CURVE_WITH_KNOTS((3,2,3),(5.89316882790615,8.69078625967546,10.6849563480206),
 .UNSPECIFIED.)
CURVE()
GEOMETRIC_REPRESENTATION_ITEM()
RATIONAL_B_SPLINE_CURVE((1.,0.872119832864745,1.,0.936362046161925,1.))
REPRESENTATION_ITEM('')
);
#3000=(
BOUNDED_CURVE()
B_SPLINE_CURVE(2,(#6843,#6844,#6845),.UNSPECIFIED.,.F.,.F.)
B_SPLINE_CURVE_WITH_KNOTS((3,3),(-287.976047691267,-287.743120589472),
 .UNSPECIFIED.)
CURVE()
GEOMETRIC_REPRESENTATION_ITEM()
RATIONAL_B_SPLINE_CURVE((1.,0.99999244050309,1.))
REPRESENTATION_ITEM('')
);
#3001=(
BOUNDED_CURVE()
B_SPLINE_CURVE(2,(#6846,#6847,#6848),.UNSPECIFIED.,.F.,.F.)
B_SPLINE_CURVE_WITH_KNOTS((3,3),(-287.743120589472,-285.89801267049),
 .UNSPECIFIED.)
CURVE()
GEOMETRIC_REPRESENTATION_ITEM()
RATIONAL_B_SPLINE_CURVE((1.,0.953087795391093,1.))
REPRESENTATION_ITEM('')
);
#3002=(
BOUNDED_CURVE()
B_SPLINE_CURVE(2,(#6849,#6850,#6851),.UNSPECIFIED.,.F.,.F.)
B_SPLINE_CURVE_WITH_KNOTS((3,3),(-285.89801267049,-281.821513530797),
 .UNSPECIFIED.)
CURVE()
GEOMETRIC_REPRESENTATION_ITEM()
RATIONAL_B_SPLINE_CURVE((1.,0.737847933950511,1.))
REPRESENTATION_ITEM('')
);
#3003=(
BOUNDED_CURVE()
B_SPLINE_CURVE(2,(#6852,#6853,#6854),.UNSPECIFIED.,.F.,.F.)
B_SPLINE_CURVE_WITH_KNOTS((3,3),(-281.821513530797,-279.976405611815),
 .UNSPECIFIED.)
CURVE()
GEOMETRIC_REPRESENTATION_ITEM()
RATIONAL_B_SPLINE_CURVE((1.,0.953087795391072,1.))
REPRESENTATION_ITEM('')
);
#3004=(
BOUNDED_CURVE()
B_SPLINE_CURVE(2,(#6855,#6856,#6857,#6858,#6859,#6860,#6861,#6862,#6863),
 .UNSPECIFIED.,.T.,.F.)
B_SPLINE_CURVE_WITH_KNOTS((3,2,2,2,3),(-74.9179907817206,-72.4439865670186,
-69.9699823523167,-67.4959781376147,-65.0219739229127),.UNSPECIFIED.)
CURVE()
GEOMETRIC_REPRESENTATION_ITEM()
RATIONAL_B_SPLINE_CURVE((1.,0.707106781186548,1.,0.707106781186548,1.,0.707106781186548,
1.,0.707106781186548,1.))
REPRESENTATION_ITEM('')
);
#3005=(
BOUNDED_CURVE()
B_SPLINE_CURVE(2,(#6870,#6871,#6872,#6873,#6874),.UNSPECIFIED.,.F.,.F.)
B_SPLINE_CURVE_WITH_KNOTS((3,2,3),(5.89316882790611,8.28906258796337,10.6849563480206),
 .UNSPECIFIED.)
CURVE()
GEOMETRIC_REPRESENTATION_ITEM()
RATIONAL_B_SPLINE_CURVE((1.,0.906879482644957,1.,0.906879482644957,1.))
REPRESENTATION_ITEM('')
);
#3006=(
BOUNDED_CURVE()
B_SPLINE_CURVE(1,(#6875,#6876),.UNSPECIFIED.,.F.,.F.)
B_SPLINE_CURVE_WITH_KNOTS((2,2),(2.96690003866004,7.),.UNSPECIFIED.)
CURVE()
GEOMETRIC_REPRESENTATION_ITEM()
RATIONAL_B_SPLINE_CURVE((1.,1.))
REPRESENTATION_ITEM('')
);
#3007=(
BOUNDED_CURVE()
B_SPLINE_CURVE(1,(#6877,#6878),.UNSPECIFIED.,.F.,.F.)
B_SPLINE_CURVE_WITH_KNOTS((2,2),(2.96690003866004,7.),.UNSPECIFIED.)
CURVE()
GEOMETRIC_REPRESENTATION_ITEM()
RATIONAL_B_SPLINE_CURVE((1.,1.))
REPRESENTATION_ITEM('')
);
#3008=(
BOUNDED_CURVE()
B_SPLINE_CURVE(1,(#6879,#6880),.UNSPECIFIED.,.F.,.F.)
B_SPLINE_CURVE_WITH_KNOTS((2,2),(2.96690003866004,7.),.UNSPECIFIED.)
CURVE()
GEOMETRIC_REPRESENTATION_ITEM()
RATIONAL_B_SPLINE_CURVE((1.,1.))
REPRESENTATION_ITEM('')
);
#3009=(
BOUNDED_CURVE()
B_SPLINE_CURVE(1,(#6881,#6882),.UNSPECIFIED.,.F.,.F.)
B_SPLINE_CURVE_WITH_KNOTS((2,2),(2.96690003866004,7.),.UNSPECIFIED.)
CURVE()
GEOMETRIC_REPRESENTATION_ITEM()
RATIONAL_B_SPLINE_CURVE((1.,1.))
REPRESENTATION_ITEM('')
);
#3010=(
BOUNDED_CURVE()
B_SPLINE_CURVE(1,(#6883,#6884),.UNSPECIFIED.,.F.,.F.)
B_SPLINE_CURVE_WITH_KNOTS((2,2),(2.96690003866004,7.),.UNSPECIFIED.)
CURVE()
GEOMETRIC_REPRESENTATION_ITEM()
RATIONAL_B_SPLINE_CURVE((1.,1.))
REPRESENTATION_ITEM('')
);
#3011=(
BOUNDED_CURVE()
B_SPLINE_CURVE(1,(#6885,#6886),.UNSPECIFIED.,.F.,.F.)
B_SPLINE_CURVE_WITH_KNOTS((2,2),(2.96690003866004,7.),.UNSPECIFIED.)
CURVE()
GEOMETRIC_REPRESENTATION_ITEM()
RATIONAL_B_SPLINE_CURVE((1.,1.))
REPRESENTATION_ITEM('')
);
#3012=(
BOUNDED_CURVE()
B_SPLINE_CURVE(2,(#6895,#6896,#6897,#6898,#6899),.UNSPECIFIED.,.F.,.F.)
B_SPLINE_CURVE_WITH_KNOTS((3,2,3),(-227.465148584466,-226.332642328384,
-222.296921584421),.UNSPECIFIED.)
CURVE()
GEOMETRIC_REPRESENTATION_ITEM()
RATIONAL_B_SPLINE_CURVE((1.,0.993704457675558,1.00000000000723,0.919664089442513,
1.))
REPRESENTATION_ITEM('')
);
#3013=(
BOUNDED_CURVE()
B_SPLINE_CURVE(1,(#6904,#6905),.UNSPECIFIED.,.F.,.F.)
B_SPLINE_CURVE_WITH_KNOTS((2,2),(1.77635683940017E-15,2.96690003866004),
 .UNSPECIFIED.)
CURVE()
GEOMETRIC_REPRESENTATION_ITEM()
RATIONAL_B_SPLINE_CURVE((1.,1.))
REPRESENTATION_ITEM('')
);
#3014=(
BOUNDED_CURVE()
B_SPLINE_CURVE(1,(#6906,#6907),.UNSPECIFIED.,.F.,.F.)
B_SPLINE_CURVE_WITH_KNOTS((2,2),(0.,2.96690003866005),.UNSPECIFIED.)
CURVE()
GEOMETRIC_REPRESENTATION_ITEM()
RATIONAL_B_SPLINE_CURVE((1.,1.))
REPRESENTATION_ITEM('')
);
#3015=(
BOUNDED_CURVE()
B_SPLINE_CURVE(2,(#6910,#6911,#6912),.UNSPECIFIED.,.F.,.F.)
B_SPLINE_CURVE_WITH_KNOTS((3,3),(0.,1.),.UNSPECIFIED.)
CURVE()
GEOMETRIC_REPRESENTATION_ITEM()
RATIONAL_B_SPLINE_CURVE((1.,0.764092937519181,1.))
REPRESENTATION_ITEM('')
);
#3016=(
BOUNDED_CURVE()
B_SPLINE_CURVE(2,(#6913,#6914,#6915),.UNSPECIFIED.,.F.,.F.)
B_SPLINE_CURVE_WITH_KNOTS((3,3),(0.,1.),.UNSPECIFIED.)
CURVE()
GEOMETRIC_REPRESENTATION_ITEM()
RATIONAL_B_SPLINE_CURVE((1.,0.764092937519181,1.))
REPRESENTATION_ITEM('')
);
#3017=(
BOUNDED_CURVE()
B_SPLINE_CURVE(2,(#6916,#6917,#6918),.UNSPECIFIED.,.F.,.F.)
B_SPLINE_CURVE_WITH_KNOTS((3,3),(-1.50166501836105,0.),.UNSPECIFIED.)
CURVE()
GEOMETRIC_REPRESENTATION_ITEM()
RATIONAL_B_SPLINE_CURVE((1.,0.731121145421186,1.))
REPRESENTATION_ITEM('')
);
#3018=(
BOUNDED_CURVE()
B_SPLINE_CURVE(2,(#6919,#6920,#6921),.UNSPECIFIED.,.F.,.F.)
B_SPLINE_CURVE_WITH_KNOTS((3,3),(-1.50166501836105,0.),.UNSPECIFIED.)
CURVE()
GEOMETRIC_REPRESENTATION_ITEM()
RATIONAL_B_SPLINE_CURVE((1.,0.731121145421179,1.))
REPRESENTATION_ITEM('')
);
#3019=(
BOUNDED_CURVE()
B_SPLINE_CURVE(2,(#6924,#6925,#6926),.UNSPECIFIED.,.F.,.F.)
B_SPLINE_CURVE_WITH_KNOTS((3,3),(-180.165180683506,-179.333592266707),
 .UNSPECIFIED.)
CURVE()
GEOMETRIC_REPRESENTATION_ITEM()
RATIONAL_B_SPLINE_CURVE((1.,0.996454251698713,1.))
REPRESENTATION_ITEM('')
);
#3020=(
BOUNDED_CURVE()
B_SPLINE_CURVE(1,(#6929,#6930),.UNSPECIFIED.,.F.,.F.)
B_SPLINE_CURVE_WITH_KNOTS((2,2),(0.,2.96690003866003),.UNSPECIFIED.)
CURVE()
GEOMETRIC_REPRESENTATION_ITEM()
RATIONAL_B_SPLINE_CURVE((1.,1.))
REPRESENTATION_ITEM('')
);
#3021=(
BOUNDED_CURVE()
B_SPLINE_CURVE(1,(#6931,#6932),.UNSPECIFIED.,.F.,.F.)
B_SPLINE_CURVE_WITH_KNOTS((2,2),(8.71300735637897E-17,2.96690003866004),
 .UNSPECIFIED.)
CURVE()
GEOMETRIC_REPRESENTATION_ITEM()
RATIONAL_B_SPLINE_CURVE((1.,1.))
REPRESENTATION_ITEM('')
);
#3022=(
BOUNDED_CURVE()
B_SPLINE_CURVE(2,(#6937,#6938,#6939),.UNSPECIFIED.,.F.,.F.)
B_SPLINE_CURVE_WITH_KNOTS((3,3),(0.,1.50166501837517),.UNSPECIFIED.)
CURVE()
GEOMETRIC_REPRESENTATION_ITEM()
RATIONAL_B_SPLINE_CURVE((1.,0.731121145416455,1.))
REPRESENTATION_ITEM('')
);
#3023=(
BOUNDED_CURVE()
B_SPLINE_CURVE(2,(#6940,#6941,#6942),.UNSPECIFIED.,.F.,.F.)
B_SPLINE_CURVE_WITH_KNOTS((3,3),(-1.50166501837517,0.),.UNSPECIFIED.)
CURVE()
GEOMETRIC_REPRESENTATION_ITEM()
RATIONAL_B_SPLINE_CURVE((1.,0.731121145416457,1.))
REPRESENTATION_ITEM('')
);
#3024=(
BOUNDED_CURVE()
B_SPLINE_CURVE(2,(#6943,#6944,#6945),.UNSPECIFIED.,.F.,.F.)
B_SPLINE_CURVE_WITH_KNOTS((3,3),(0.,1.),.UNSPECIFIED.)
CURVE()
GEOMETRIC_REPRESENTATION_ITEM()
RATIONAL_B_SPLINE_CURVE((1.,0.764092937519083,1.))
REPRESENTATION_ITEM('')
);
#3025=(
BOUNDED_CURVE()
B_SPLINE_CURVE(2,(#6946,#6947,#6948),.UNSPECIFIED.,.F.,.F.)
B_SPLINE_CURVE_WITH_KNOTS((3,3),(-1.,0.),.UNSPECIFIED.)
CURVE()
GEOMETRIC_REPRESENTATION_ITEM()
RATIONAL_B_SPLINE_CURVE((1.,0.764092937519082,1.))
REPRESENTATION_ITEM('')
);
#3026=(
BOUNDED_CURVE()
B_SPLINE_CURVE(2,(#6951,#6952,#6953,#6954,#6955),.UNSPECIFIED.,.F.,.F.)
B_SPLINE_CURVE_WITH_KNOTS((3,2,3),(-130.832136988735,-129.699630732736,
-125.663909988773),.UNSPECIFIED.)
CURVE()
GEOMETRIC_REPRESENTATION_ITEM()
RATIONAL_B_SPLINE_CURVE((1.,0.993704457672907,1.,0.919664089439186,1.))
REPRESENTATION_ITEM('')
);
#3027=(
BOUNDED_CURVE()
B_SPLINE_CURVE(1,(#6960,#6961),.UNSPECIFIED.,.F.,.F.)
B_SPLINE_CURVE_WITH_KNOTS((2,2),(1.11177786335395E-15,2.96690003866004),
 .UNSPECIFIED.)
CURVE()
GEOMETRIC_REPRESENTATION_ITEM()
RATIONAL_B_SPLINE_CURVE((1.,1.))
REPRESENTATION_ITEM('')
);
#3028=(
BOUNDED_CURVE()
B_SPLINE_CURVE(1,(#6962,#6963),.UNSPECIFIED.,.F.,.F.)
B_SPLINE_CURVE_WITH_KNOTS((2,2),(0.,2.96690003866004),.UNSPECIFIED.)
CURVE()
GEOMETRIC_REPRESENTATION_ITEM()
RATIONAL_B_SPLINE_CURVE((1.,1.))
REPRESENTATION_ITEM('')
);
#3029=(
BOUNDED_CURVE()
B_SPLINE_CURVE(2,(#6966,#6967,#6968),.UNSPECIFIED.,.F.,.F.)
B_SPLINE_CURVE_WITH_KNOTS((3,3),(0.,1.),.UNSPECIFIED.)
CURVE()
GEOMETRIC_REPRESENTATION_ITEM()
RATIONAL_B_SPLINE_CURVE((1.,0.764092937821865,1.))
REPRESENTATION_ITEM('')
);
#3030=(
BOUNDED_CURVE()
B_SPLINE_CURVE(2,(#6969,#6970,#6971),.UNSPECIFIED.,.F.,.F.)
B_SPLINE_CURVE_WITH_KNOTS((3,3),(0.,1.),.UNSPECIFIED.)
CURVE()
GEOMETRIC_REPRESENTATION_ITEM()
RATIONAL_B_SPLINE_CURVE((1.,0.764092937821862,1.))
REPRESENTATION_ITEM('')
);
#3031=(
BOUNDED_CURVE()
B_SPLINE_CURVE(2,(#6972,#6973,#6974),.UNSPECIFIED.,.F.,.F.)
B_SPLINE_CURVE_WITH_KNOTS((3,3),(-1.50166501837517,0.),.UNSPECIFIED.)
CURVE()
GEOMETRIC_REPRESENTATION_ITEM()
RATIONAL_B_SPLINE_CURVE((1.,0.731121145416467,1.))
REPRESENTATION_ITEM('')
);
#3032=(
BOUNDED_CURVE()
B_SPLINE_CURVE(2,(#6975,#6976,#6977),.UNSPECIFIED.,.F.,.F.)
B_SPLINE_CURVE_WITH_KNOTS((3,3),(-1.50166501837517,0.),.UNSPECIFIED.)
CURVE()
GEOMETRIC_REPRESENTATION_ITEM()
RATIONAL_B_SPLINE_CURVE((1.,0.731121145416464,1.))
REPRESENTATION_ITEM('')
);
#3033=(
BOUNDED_CURVE()
B_SPLINE_CURVE(2,(#6978,#6979,#6980),.UNSPECIFIED.,.F.,.F.)
B_SPLINE_CURVE_WITH_KNOTS((3,3),(-276.798192278899,-275.966603856275),
 .UNSPECIFIED.)
CURVE()
GEOMETRIC_REPRESENTATION_ITEM()
RATIONAL_B_SPLINE_CURVE((1.,0.996454251648923,1.))
REPRESENTATION_ITEM('')
);
#3034=(
BOUNDED_CURVE()
B_SPLINE_CURVE(1,(#6983,#6984),.UNSPECIFIED.,.F.,.F.)
B_SPLINE_CURVE_WITH_KNOTS((2,2),(6.21724893790051E-15,2.96690003866004),
 .UNSPECIFIED.)
CURVE()
GEOMETRIC_REPRESENTATION_ITEM()
RATIONAL_B_SPLINE_CURVE((1.,1.))
REPRESENTATION_ITEM('')
);
#3035=(
BOUNDED_CURVE()
B_SPLINE_CURVE(2,(#6987,#6988,#6989),.UNSPECIFIED.,.F.,.F.)
B_SPLINE_CURVE_WITH_KNOTS((3,3),(0.,1.),.UNSPECIFIED.)
CURVE()
GEOMETRIC_REPRESENTATION_ITEM()
RATIONAL_B_SPLINE_CURVE((1.,0.764092937821965,1.))
REPRESENTATION_ITEM('')
);
#3036=(
BOUNDED_CURVE()
B_SPLINE_CURVE(2,(#6990,#6991,#6992),.UNSPECIFIED.,.F.,.F.)
B_SPLINE_CURVE_WITH_KNOTS((3,3),(-1.,0.),.UNSPECIFIED.)
CURVE()
GEOMETRIC_REPRESENTATION_ITEM()
RATIONAL_B_SPLINE_CURVE((1.,0.764092937821967,1.))
REPRESENTATION_ITEM('')
);
#3037=(
BOUNDED_CURVE()
B_SPLINE_CURVE(1,(#6995,#6996),.UNSPECIFIED.,.F.,.F.)
B_SPLINE_CURVE_WITH_KNOTS((2,2),(0.,2.96690003866004),.UNSPECIFIED.)
CURVE()
GEOMETRIC_REPRESENTATION_ITEM()
RATIONAL_B_SPLINE_CURVE((1.,1.))
REPRESENTATION_ITEM('')
);
#3038=(
BOUNDED_CURVE()
B_SPLINE_CURVE(2,(#6999,#7000,#7001),.UNSPECIFIED.,.F.,.F.)
B_SPLINE_CURVE_WITH_KNOTS((3,3),(0.,1.50166501836101),.UNSPECIFIED.)
CURVE()
GEOMETRIC_REPRESENTATION_ITEM()
RATIONAL_B_SPLINE_CURVE((1.,0.731121145421169,1.))
REPRESENTATION_ITEM('')
);
#3039=(
BOUNDED_CURVE()
B_SPLINE_CURVE(2,(#7002,#7003,#7004),.UNSPECIFIED.,.F.,.F.)
B_SPLINE_CURVE_WITH_KNOTS((3,3),(-1.50166501836101,0.),.UNSPECIFIED.)
CURVE()
GEOMETRIC_REPRESENTATION_ITEM()
RATIONAL_B_SPLINE_CURVE((1.,0.731121145421158,1.))
REPRESENTATION_ITEM('')
);
#3040=(
BOUNDED_CURVE()
B_SPLINE_CURVE(2,(#7005,#7006,#7007,#7008,#7009,#7010,#7011),
 .UNSPECIFIED.,.F.,.F.)
B_SPLINE_CURVE_WITH_KNOTS((3,2,2,3),(238.368005151798,239.238654895972,
240.697636690177,241.595437577976),.UNSPECIFIED.)
CURVE()
GEOMETRIC_REPRESENTATION_ITEM()
RATIONAL_B_SPLINE_CURVE((1.,0.996348927575881,0.992922421588835,0.961582529897768,
0.951039902653004,0.971599343056073,1.))
REPRESENTATION_ITEM('')
);
#3041=(
BOUNDED_CURVE()
B_SPLINE_CURVE(2,(#7012,#7013,#7014,#7015,#7016,#7017,#7018),
 .UNSPECIFIED.,.F.,.F.)
B_SPLINE_CURVE_WITH_KNOTS((3,2,2,3),(-3.30743678568273,-2.32195989027619,
-0.353183542142716,-0.120256440351483),.UNSPECIFIED.)
CURVE()
GEOMETRIC_REPRESENTATION_ITEM()
RATIONAL_B_SPLINE_CURVE((1.,0.975351617319166,0.959855811915483,0.960809121685032,
1.00000000000723,0.999992440506707,1.))
REPRESENTATION_ITEM('')
);
#3042=(
BOUNDED_CURVE()
B_SPLINE_CURVE(2,(#7019,#7020,#7021,#7022,#7023,#7024,#7025),
 .UNSPECIFIED.,.F.,.F.)
B_SPLINE_CURVE_WITH_KNOTS((3,2,2,3),(5.45051414565013,6.43599104111834,
8.40476738932284,8.63769448749338),.UNSPECIFIED.)
CURVE()
GEOMETRIC_REPRESENTATION_ITEM()
RATIONAL_B_SPLINE_CURVE((1.,0.975351617319018,0.959855811915414,0.960809121683619,
1.00000000000723,0.999992440506942,1.))
REPRESENTATION_ITEM('')
);
#3043=(
BOUNDED_CURVE()
B_SPLINE_CURVE(2,(#7026,#7027,#7028,#7029,#7030,#7031,#7032),
 .UNSPECIFIED.,.F.,.F.)
B_SPLINE_CURVE_WITH_KNOTS((3,2,2,3),(-183.34339402217,-182.472744271931,
-181.013762477724,-180.115961589988),.UNSPECIFIED.)
CURVE()
GEOMETRIC_REPRESENTATION_ITEM()
RATIONAL_B_SPLINE_CURVE((1.,0.996348927520125,0.992922421480654,0.961582529792961,
0.951039902549352,0.971599343003125,1.))
REPRESENTATION_ITEM('')
);
#3044=(
BOUNDED_CURVE()
B_SPLINE_CURVE(2,(#7033,#7034,#7035,#7036,#7037,#7038,#7039),
 .UNSPECIFIED.,.F.,.F.)
B_SPLINE_CURVE_WITH_KNOTS((3,2,2,3),(141.734993556064,142.605643306173,
144.064625095508,144.962425982477),.UNSPECIFIED.)
CURVE()
GEOMETRIC_REPRESENTATION_ITEM()
RATIONAL_B_SPLINE_CURVE((1.,0.996348927537353,0.992922421514929,0.961582529930799,
0.951039902652586,0.971599343062284,1.))
REPRESENTATION_ITEM('')
);
#3045=(
BOUNDED_CURVE()
B_SPLINE_CURVE(2,(#7040,#7041,#7042,#7043,#7044,#7045,#7046),
 .UNSPECIFIED.,.F.,.F.)
B_SPLINE_CURVE_WITH_KNOTS((3,2,2,3),(-3.30743678568901,-2.32195989026832,
-0.353183542063846,-0.120256440352676),.UNSPECIFIED.)
CURVE()
GEOMETRIC_REPRESENTATION_ITEM()
RATIONAL_B_SPLINE_CURVE((1.,0.975351617315491,0.959855811908472,0.960809121676671,
1.,0.999992440503096,1.))
REPRESENTATION_ITEM('')
);
#3046=(
BOUNDED_CURVE()
B_SPLINE_CURVE(2,(#7047,#7048,#7049,#7050,#7051,#7052,#7053),
 .UNSPECIFIED.,.F.,.F.)
B_SPLINE_CURVE_WITH_KNOTS((3,2,2,3),(-279.976405611815,-279.105755861723,
-277.646774072389,-276.748973185419),.UNSPECIFIED.)
CURVE()
GEOMETRIC_REPRESENTATION_ITEM()
RATIONAL_B_SPLINE_CURVE((1.,0.996348927591631,0.992922421623111,0.961582530035604,
0.951039902756236,0.971599343115231,1.))
REPRESENTATION_ITEM('')
);
#3047=(
BOUNDED_CURVE()
B_SPLINE_CURVE(2,(#7054,#7055,#7056,#7057,#7058),.UNSPECIFIED.,.F.,.F.)
B_SPLINE_CURVE_WITH_KNOTS((3,2,3),(-97.6132389872172,-96.6788008474698,
-94.7100244993363),.UNSPECIFIED.)
CURVE()
GEOMETRIC_REPRESENTATION_ITEM()
RATIONAL_B_SPLINE_CURVE((1.,0.975351617315639,0.959855811908542,0.960809121678079,
1.))
REPRESENTATION_ITEM('')
);
#3048=(
BOUNDED_CURVE()
B_SPLINE_CURVE(2,(#7059,#7060,#7061),.UNSPECIFIED.,.F.,.F.)
B_SPLINE_CURVE_WITH_KNOTS((3,3),(-242.377806901139,-241.546218484394),
 .UNSPECIFIED.)
CURVE()
GEOMETRIC_REPRESENTATION_ITEM()
RATIONAL_B_SPLINE_CURVE((1.,0.996454251699177,1.))
REPRESENTATION_ITEM('')
);
#3049=(
BOUNDED_CURVE()
B_SPLINE_CURVE(2,(#7062,#7063,#7064,#7065,#7066),.UNSPECIFIED.,.F.,.F.)
B_SPLINE_CURVE_WITH_KNOTS((3,2,3),(-242.377806901139,-239.238654895972,
-238.368005151798),.UNSPECIFIED.)
CURVE()
GEOMETRIC_REPRESENTATION_ITEM()
RATIONAL_B_SPLINE_CURVE((1.,0.947372961445423,0.992922421588835,0.996348927575881,
1.))
REPRESENTATION_ITEM('')
);
#3050=(
BOUNDED_CURVE()
B_SPLINE_CURVE(2,(#7067,#7068,#7069),.UNSPECIFIED.,.F.,.F.)
B_SPLINE_CURVE_WITH_KNOTS((3,3),(-145.744795311568,-144.913206888999),
 .UNSPECIFIED.)
CURVE()
GEOMETRIC_REPRESENTATION_ITEM()
RATIONAL_B_SPLINE_CURVE((1.,0.996454251649391,1.))
REPRESENTATION_ITEM('')
);
#3051=(
BOUNDED_CURVE()
B_SPLINE_CURVE(2,(#7070,#7071,#7072,#7073,#7074),.UNSPECIFIED.,.F.,.F.)
B_SPLINE_CURVE_WITH_KNOTS((3,2,3),(-145.744795311568,-142.605643306173,
-141.734993556064),.UNSPECIFIED.)
CURVE()
GEOMETRIC_REPRESENTATION_ITEM()
RATIONAL_B_SPLINE_CURVE((1.,0.947372961403087,0.992922421514929,0.996348927537353,
1.))
REPRESENTATION_ITEM('')
);
#3052=(
BOUNDED_CURVE()
B_SPLINE_CURVE(1,(#7075,#7076),.UNSPECIFIED.,.F.,.F.)
B_SPLINE_CURVE_WITH_KNOTS((2,2),(0.,7.),.UNSPECIFIED.)
CURVE()
GEOMETRIC_REPRESENTATION_ITEM()
RATIONAL_B_SPLINE_CURVE((1.,1.))
REPRESENTATION_ITEM('')
);
#3053=(
BOUNDED_CURVE()
B_SPLINE_CURVE(2,(#7079,#7080,#7081),.UNSPECIFIED.,.F.,.F.)
B_SPLINE_CURVE_WITH_KNOTS((3,3),(0.,5.47204678707202),.UNSPECIFIED.)
CURVE()
GEOMETRIC_REPRESENTATION_ITEM()
RATIONAL_B_SPLINE_CURVE((1.,0.85398226816236,1.))
REPRESENTATION_ITEM('')
);
#3054=(
BOUNDED_CURVE()
B_SPLINE_CURVE(2,(#7082,#7083,#7084),.UNSPECIFIED.,.F.,.F.)
B_SPLINE_CURVE_WITH_KNOTS((3,3),(0.,5.47204678707202),.UNSPECIFIED.)
CURVE()
GEOMETRIC_REPRESENTATION_ITEM()
RATIONAL_B_SPLINE_CURVE((1.,0.85398226816236,1.))
REPRESENTATION_ITEM('')
);
#3055=(
BOUNDED_CURVE()
B_SPLINE_CURVE(1,(#7085,#7086),.UNSPECIFIED.,.F.,.F.)
B_SPLINE_CURVE_WITH_KNOTS((2,2),(0.,7.),.UNSPECIFIED.)
CURVE()
GEOMETRIC_REPRESENTATION_ITEM()
RATIONAL_B_SPLINE_CURVE((1.,1.))
REPRESENTATION_ITEM('')
);
#3056=(
BOUNDED_CURVE()
B_SPLINE_CURVE(2,(#7089,#7090,#7091),.UNSPECIFIED.,.F.,.F.)
B_SPLINE_CURVE_WITH_KNOTS((3,3),(-5.47204678707203,0.),.UNSPECIFIED.)
CURVE()
GEOMETRIC_REPRESENTATION_ITEM()
RATIONAL_B_SPLINE_CURVE((1.,0.853982268162378,1.))
REPRESENTATION_ITEM('')
);
#3057=(
BOUNDED_CURVE()
B_SPLINE_CURVE(2,(#7092,#7093,#7094),.UNSPECIFIED.,.F.,.F.)
B_SPLINE_CURVE_WITH_KNOTS((3,3),(-5.47204678707203,0.),.UNSPECIFIED.)
CURVE()
GEOMETRIC_REPRESENTATION_ITEM()
RATIONAL_B_SPLINE_CURVE((1.,0.853982268162377,1.))
REPRESENTATION_ITEM('')
);
#3058=(
BOUNDED_CURVE()
B_SPLINE_CURVE(2,(#7095,#7096,#7097,#7098,#7099),.UNSPECIFIED.,.F.,.F.)
B_SPLINE_CURVE_WITH_KNOTS((3,2,3),(99.7887932596039,105.718715661571,119.639878419473),
 .UNSPECIFIED.)
CURVE()
GEOMETRIC_REPRESENTATION_ITEM()
RATIONAL_B_SPLINE_CURVE((1.,0.947961083915009,1.,0.717644184993328,1.))
REPRESENTATION_ITEM('')
);
#3059=(
BOUNDED_CURVE()
B_SPLINE_CURVE(2,(#7100,#7101,#7102,#7103,#7104),.UNSPECIFIED.,.F.,.F.)
B_SPLINE_CURVE_WITH_KNOTS((3,2,3),(99.7887932596039,105.718715661571,119.639878419473),
 .UNSPECIFIED.)
CURVE()
GEOMETRIC_REPRESENTATION_ITEM()
RATIONAL_B_SPLINE_CURVE((1.,0.947961083915009,1.,0.717644184993327,1.))
REPRESENTATION_ITEM('')
);
#3060=(
BOUNDED_CURVE()
B_SPLINE_CURVE(1,(#7111,#7112),.UNSPECIFIED.,.F.,.F.)
B_SPLINE_CURVE_WITH_KNOTS((2,2),(0.,7.00000000000001),.UNSPECIFIED.)
CURVE()
GEOMETRIC_REPRESENTATION_ITEM()
RATIONAL_B_SPLINE_CURVE((1.,1.))
REPRESENTATION_ITEM('')
);
#3061=(
BOUNDED_CURVE()
B_SPLINE_CURVE(2,(#7113,#7114,#7115),.UNSPECIFIED.,.F.,.F.)
B_SPLINE_CURVE_WITH_KNOTS((3,3),(-5.47204678819029,0.),.UNSPECIFIED.)
CURVE()
GEOMETRIC_REPRESENTATION_ITEM()
RATIONAL_B_SPLINE_CURVE((1.,0.853982268105893,1.))
REPRESENTATION_ITEM('')
);
#3062=(
BOUNDED_CURVE()
B_SPLINE_CURVE(2,(#7116,#7117,#7118),.UNSPECIFIED.,.F.,.F.)
B_SPLINE_CURVE_WITH_KNOTS((3,3),(-5.47204678819029,0.),.UNSPECIFIED.)
CURVE()
GEOMETRIC_REPRESENTATION_ITEM()
RATIONAL_B_SPLINE_CURVE((1.,0.853982268105891,1.))
REPRESENTATION_ITEM('')
);
#3063=(
BOUNDED_CURVE()
B_SPLINE_CURVE(2,(#7119,#7120,#7121),.UNSPECIFIED.,.F.,.F.)
B_SPLINE_CURVE_WITH_KNOTS((3,3),(99.7887932596039,103.91978469625),
 .UNSPECIFIED.)
CURVE()
GEOMETRIC_REPRESENTATION_ITEM()
RATIONAL_B_SPLINE_CURVE((1.,0.973044602566795,1.))
REPRESENTATION_ITEM('')
);
#3064=(
BOUNDED_CURVE()
B_SPLINE_CURVE(2,(#7122,#7123,#7124),.UNSPECIFIED.,.F.,.F.)
B_SPLINE_CURVE_WITH_KNOTS((3,3),(99.7887932596039,103.91978469625),
 .UNSPECIFIED.)
CURVE()
GEOMETRIC_REPRESENTATION_ITEM()
RATIONAL_B_SPLINE_CURVE((1.,0.973044602566794,1.))
REPRESENTATION_ITEM('')
);
#3065=(
BOUNDED_CURVE()
B_SPLINE_CURVE(1,(#7131,#7132),.UNSPECIFIED.,.F.,.F.)
B_SPLINE_CURVE_WITH_KNOTS((2,2),(0.,7.),.UNSPECIFIED.)
CURVE()
GEOMETRIC_REPRESENTATION_ITEM()
RATIONAL_B_SPLINE_CURVE((1.,1.))
REPRESENTATION_ITEM('')
);
#3066=(
BOUNDED_CURVE()
B_SPLINE_CURVE(2,(#7133,#7134,#7135),.UNSPECIFIED.,.F.,.F.)
B_SPLINE_CURVE_WITH_KNOTS((3,3),(0.,5.47204678819026),.UNSPECIFIED.)
CURVE()
GEOMETRIC_REPRESENTATION_ITEM()
RATIONAL_B_SPLINE_CURVE((1.,0.853982268105888,1.))
REPRESENTATION_ITEM('')
);
#3067=(
BOUNDED_CURVE()
B_SPLINE_CURVE(2,(#7136,#7137,#7138),.UNSPECIFIED.,.F.,.F.)
B_SPLINE_CURVE_WITH_KNOTS((3,3),(0.,5.47204678819026),.UNSPECIFIED.)
CURVE()
GEOMETRIC_REPRESENTATION_ITEM()
RATIONAL_B_SPLINE_CURVE((1.,0.853982268105888,1.))
REPRESENTATION_ITEM('')
);
#3068=(
BOUNDED_CURVE()
B_SPLINE_CURVE(2,(#7139,#7140,#7141,#7142,#7143,#7144,#7145,#7146,#7147),
 .UNSPECIFIED.,.T.,.F.)
B_SPLINE_CURVE_WITH_KNOTS((3,2,2,2,3),(-37.6991118430775,-28.2743338823081,
-18.8495559215388,-9.42477796076938,0.),.UNSPECIFIED.)
CURVE()
GEOMETRIC_REPRESENTATION_ITEM()
RATIONAL_B_SPLINE_CURVE((1.,0.707106781186548,1.,0.707106781186548,1.,0.707106781186548,
1.,0.707106781186548,1.))
REPRESENTATION_ITEM('')
);
#3069=(
BOUNDED_CURVE()
B_SPLINE_CURVE(2,(#7148,#7149,#7150,#7151,#7152,#7153,#7154,#7155,#7156),
 .UNSPECIFIED.,.T.,.F.)
B_SPLINE_CURVE_WITH_KNOTS((3,2,2,2,3),(-37.6991118430775,-28.2743338823081,
-18.8495559215388,-9.42477796076938,0.),.UNSPECIFIED.)
CURVE()
GEOMETRIC_REPRESENTATION_ITEM()
RATIONAL_B_SPLINE_CURVE((1.,0.707106781186548,1.,0.707106781186548,1.,0.707106781186548,
1.,0.707106781186548,1.))
REPRESENTATION_ITEM('')
);
#3070=(
BOUNDED_CURVE()
B_SPLINE_CURVE(1,(#7157,#7158,#7159),.UNSPECIFIED.,.F.,.F.)
B_SPLINE_CURVE_WITH_KNOTS((2,1,2),(5.8,14.,14.2),.UNSPECIFIED.)
CURVE()
GEOMETRIC_REPRESENTATION_ITEM()
RATIONAL_B_SPLINE_CURVE((1.,1.,1.))
REPRESENTATION_ITEM('')
);
#3071=(
BOUNDED_CURVE()
B_SPLINE_CURVE(1,(#7162,#7163),.UNSPECIFIED.,.F.,.F.)
B_SPLINE_CURVE_WITH_KNOTS((2,2),(0.,7.),.UNSPECIFIED.)
CURVE()
GEOMETRIC_REPRESENTATION_ITEM()
RATIONAL_B_SPLINE_CURVE((1.,1.))
REPRESENTATION_ITEM('')
);
#3072=(
BOUNDED_CURVE()
B_SPLINE_CURVE(2,(#7164,#7165,#7166),.UNSPECIFIED.,.F.,.F.)
B_SPLINE_CURVE_WITH_KNOTS((3,3),(0.,2.19978222602605),.UNSPECIFIED.)
CURVE()
GEOMETRIC_REPRESENTATION_ITEM()
RATIONAL_B_SPLINE_CURVE((1.,0.453693159620633,1.))
REPRESENTATION_ITEM('')
);
#3073=(
BOUNDED_CURVE()
B_SPLINE_CURVE(2,(#7167,#7168,#7169),.UNSPECIFIED.,.F.,.F.)
B_SPLINE_CURVE_WITH_KNOTS((3,3),(-2.19978222602605,0.),.UNSPECIFIED.)
CURVE()
GEOMETRIC_REPRESENTATION_ITEM()
RATIONAL_B_SPLINE_CURVE((1.,0.453693159620642,1.))
REPRESENTATION_ITEM('')
);
#3074=(
BOUNDED_CURVE()
B_SPLINE_CURVE(2,(#7174,#7175,#7176),.UNSPECIFIED.,.F.,.F.)
B_SPLINE_CURVE_WITH_KNOTS((3,3),(115.243648797125,119.522427914842),
 .UNSPECIFIED.)
CURVE()
GEOMETRIC_REPRESENTATION_ITEM()
RATIONAL_B_SPLINE_CURVE((1.,0.973044602630568,1.))
REPRESENTATION_ITEM('')
);
#3075=(
BOUNDED_CURVE()
B_SPLINE_CURVE(2,(#7177,#7178,#7179),.UNSPECIFIED.,.F.,.F.)
B_SPLINE_CURVE_WITH_KNOTS((3,3),(115.243648797125,119.522427914842),
 .UNSPECIFIED.)
CURVE()
GEOMETRIC_REPRESENTATION_ITEM()
RATIONAL_B_SPLINE_CURVE((1.,0.973044602630569,1.))
REPRESENTATION_ITEM('')
);
#3076=(
BOUNDED_CURVE()
B_SPLINE_CURVE(1,(#7182,#7183),.UNSPECIFIED.,.F.,.F.)
B_SPLINE_CURVE_WITH_KNOTS((2,2),(0.,7.),.UNSPECIFIED.)
CURVE()
GEOMETRIC_REPRESENTATION_ITEM()
RATIONAL_B_SPLINE_CURVE((1.,1.))
REPRESENTATION_ITEM('')
);
#3077=(
BOUNDED_CURVE()
B_SPLINE_CURVE(2,(#7184,#7185,#7186),.UNSPECIFIED.,.F.,.F.)
B_SPLINE_CURVE_WITH_KNOTS((3,3),(-2.19978222679583,0.),.UNSPECIFIED.)
CURVE()
GEOMETRIC_REPRESENTATION_ITEM()
RATIONAL_B_SPLINE_CURVE((1.,0.453693159277719,1.))
REPRESENTATION_ITEM('')
);
#3078=(
BOUNDED_CURVE()
B_SPLINE_CURVE(2,(#7187,#7188,#7189),.UNSPECIFIED.,.F.,.F.)
B_SPLINE_CURVE_WITH_KNOTS((3,3),(0.,2.19978222679583),.UNSPECIFIED.)
CURVE()
GEOMETRIC_REPRESENTATION_ITEM()
RATIONAL_B_SPLINE_CURVE((1.,0.453693159277719,1.))
REPRESENTATION_ITEM('')
);
#3079=(
BOUNDED_CURVE()
B_SPLINE_CURVE(2,(#7190,#7191,#7192,#7193,#7194,#7195,#7196,#7197,#7198),
 .UNSPECIFIED.,.T.,.F.)
B_SPLINE_CURVE_WITH_KNOTS((3,2,2,2,3),(-9.89602313379934,-7.4220173503495,
-4.94801156689967,-2.47400578344983,0.),.UNSPECIFIED.)
CURVE()
GEOMETRIC_REPRESENTATION_ITEM()
RATIONAL_B_SPLINE_CURVE((1.,0.707106781186548,1.,0.707106781186548,1.,0.707106781186548,
1.,0.707106781186548,1.))
REPRESENTATION_ITEM('')
);
#3080=(
BOUNDED_CURVE()
B_SPLINE_CURVE(2,(#7199,#7200,#7201,#7202,#7203,#7204,#7205,#7206,#7207),
 .UNSPECIFIED.,.T.,.F.)
B_SPLINE_CURVE_WITH_KNOTS((3,2,2,2,3),(0.,2.47400578344983,4.94801156689967,
7.4220173503495,9.89602313379934),.UNSPECIFIED.)
CURVE()
GEOMETRIC_REPRESENTATION_ITEM()
RATIONAL_B_SPLINE_CURVE((1.,0.707106781186548,1.,0.707106781186548,1.,0.707106781186548,
1.,0.707106781186548,1.))
REPRESENTATION_ITEM('')
);
#3081=(
BOUNDED_CURVE()
B_SPLINE_CURVE(1,(#7208,#7209),.UNSPECIFIED.,.F.,.F.)
B_SPLINE_CURVE_WITH_KNOTS((2,2),(13.6301218985983,20.6301218985983),
 .UNSPECIFIED.)
CURVE()
GEOMETRIC_REPRESENTATION_ITEM()
RATIONAL_B_SPLINE_CURVE((1.,1.))
REPRESENTATION_ITEM('')
);
#3082=(
BOUNDED_CURVE()
B_SPLINE_CURVE(2,(#7210,#7211,#7212,#7213,#7214,#7215,#7216,#7217,#7218),
 .UNSPECIFIED.,.T.,.F.)
B_SPLINE_CURVE_WITH_KNOTS((3,2,2,2,3),(-9.89602731859312,-7.42202048894484,
-4.94801365929656,-2.47400682964828,0.),.UNSPECIFIED.)
CURVE()
GEOMETRIC_REPRESENTATION_ITEM()
RATIONAL_B_SPLINE_CURVE((1.,0.707106781186548,1.,0.707106781186548,1.,0.707106781186548,
1.,0.707106781186548,1.))
REPRESENTATION_ITEM('')
);
#3083=(
BOUNDED_CURVE()
B_SPLINE_CURVE(2,(#7219,#7220,#7221,#7222,#7223,#7224,#7225,#7226,#7227),
 .UNSPECIFIED.,.T.,.F.)
B_SPLINE_CURVE_WITH_KNOTS((3,2,2,2,3),(0.,2.47400682964828,4.94801365929656,
7.42202048894484,9.89602731859312),.UNSPECIFIED.)
CURVE()
GEOMETRIC_REPRESENTATION_ITEM()
RATIONAL_B_SPLINE_CURVE((1.,0.707106781186548,1.,0.707106781186548,1.,0.707106781186548,
1.,0.707106781186548,1.))
REPRESENTATION_ITEM('')
);
#3084=(
BOUNDED_CURVE()
B_SPLINE_CURVE(1,(#7228,#7229),.UNSPECIFIED.,.F.,.F.)
B_SPLINE_CURVE_WITH_KNOTS((2,2),(11.2650173863101,18.2650173863101),
 .UNSPECIFIED.)
CURVE()
GEOMETRIC_REPRESENTATION_ITEM()
RATIONAL_B_SPLINE_CURVE((1.,1.))
REPRESENTATION_ITEM('')
);
#3085=(
BOUNDED_CURVE()
B_SPLINE_CURVE(1,(#7230,#7231),.UNSPECIFIED.,.F.,.F.)
B_SPLINE_CURVE_WITH_KNOTS((2,2),(11.2650173796026,18.2650173796026),
 .UNSPECIFIED.)
CURVE()
GEOMETRIC_REPRESENTATION_ITEM()
RATIONAL_B_SPLINE_CURVE((1.,1.))
REPRESENTATION_ITEM('')
);
#3086=(
BOUNDED_CURVE()
B_SPLINE_CURVE(2,(#7232,#7233,#7234,#7235,#7236,#7237,#7238,#7239,#7240,
#7241,#7242),.UNSPECIFIED.,.T.,.F.)
B_SPLINE_CURVE_WITH_KNOTS((3,2,2,2,2,3),(25.2191184240406,27.6931226877991,
30.1671269017953,32.6411311157916,33.185273234395,35.1151352827087),
 .UNSPECIFIED.)
CURVE()
GEOMETRIC_REPRESENTATION_ITEM()
RATIONAL_B_SPLINE_CURVE((1.,0.70710677016452,1.,0.707106781329294,1.,0.707106781329294,
1.,1.04011403315927,1.11173188432435,0.857731014742993,1.))
REPRESENTATION_ITEM('')
);
#3087=(
BOUNDED_CURVE()
B_SPLINE_CURVE(2,(#7243,#7244,#7245,#7246,#7247,#7248,#7249,#7250,#7251,
#7252,#7253),.UNSPECIFIED.,.T.,.F.)
B_SPLINE_CURVE_WITH_KNOTS((3,2,2,2,2,3),(25.2191184240406,27.6931226877991,
30.1671269017953,32.6411311157916,33.185273234395,35.1151352827087),
 .UNSPECIFIED.)
CURVE()
GEOMETRIC_REPRESENTATION_ITEM()
RATIONAL_B_SPLINE_CURVE((1.,0.707106770164529,1.,0.707106781329289,1.,0.707106781329289,
1.,1.04011403315927,1.11173188432435,0.857731014742992,1.))
REPRESENTATION_ITEM('')
);
#3088=(
BOUNDED_CURVE()
B_SPLINE_CURVE(2,(#7422,#7423,#7424),.UNSPECIFIED.,.F.,.F.)
B_SPLINE_CURVE_WITH_KNOTS((3,3),(0.,1.),.UNSPECIFIED.)
CURVE()
GEOMETRIC_REPRESENTATION_ITEM()
RATIONAL_B_SPLINE_CURVE((1.,0.707106781186599,1.))
REPRESENTATION_ITEM('')
);
#3089=(
BOUNDED_CURVE()
B_SPLINE_CURVE(2,(#7425,#7426,#7427),.UNSPECIFIED.,.F.,.F.)
B_SPLINE_CURVE_WITH_KNOTS((3,3),(0.,1.),.UNSPECIFIED.)
CURVE()
GEOMETRIC_REPRESENTATION_ITEM()
RATIONAL_B_SPLINE_CURVE((1.,0.707106781186604,1.))
REPRESENTATION_ITEM('')
);
#3090=(
BOUNDED_CURVE()
B_SPLINE_CURVE(1,(#7428,#7429),.UNSPECIFIED.,.F.,.F.)
B_SPLINE_CURVE_WITH_KNOTS((2,2),(-5.71366305547742E-15,3.99999999999997),
 .UNSPECIFIED.)
CURVE()
GEOMETRIC_REPRESENTATION_ITEM()
RATIONAL_B_SPLINE_CURVE((1.,1.))
REPRESENTATION_ITEM('')
);
#3091=(
BOUNDED_CURVE()
B_SPLINE_CURVE(2,(#7430,#7431,#7432),.UNSPECIFIED.,.F.,.F.)
B_SPLINE_CURVE_WITH_KNOTS((3,3),(0.,1.),.UNSPECIFIED.)
CURVE()
GEOMETRIC_REPRESENTATION_ITEM()
RATIONAL_B_SPLINE_CURVE((1.,0.707106781186613,1.))
REPRESENTATION_ITEM('')
);
#3092=(
BOUNDED_CURVE()
B_SPLINE_CURVE(2,(#7433,#7434,#7435),.UNSPECIFIED.,.F.,.F.)
B_SPLINE_CURVE_WITH_KNOTS((3,3),(0.,1.),.UNSPECIFIED.)
CURVE()
GEOMETRIC_REPRESENTATION_ITEM()
RATIONAL_B_SPLINE_CURVE((1.,0.707106781186624,1.))
REPRESENTATION_ITEM('')
);
#3093=(
BOUNDED_CURVE()
B_SPLINE_CURVE(1,(#7436,#7437),.UNSPECIFIED.,.F.,.F.)
B_SPLINE_CURVE_WITH_KNOTS((2,2),(-3.5527136788005E-15,3.99999999999996),
 .UNSPECIFIED.)
CURVE()
GEOMETRIC_REPRESENTATION_ITEM()
RATIONAL_B_SPLINE_CURVE((1.,1.))
REPRESENTATION_ITEM('')
);
#3094=(
BOUNDED_CURVE()
B_SPLINE_CURVE(2,(#7496,#7497,#7498),.UNSPECIFIED.,.F.,.F.)
B_SPLINE_CURVE_WITH_KNOTS((3,3),(0.,1.),.UNSPECIFIED.)
CURVE()
GEOMETRIC_REPRESENTATION_ITEM()
RATIONAL_B_SPLINE_CURVE((1.,0.707106781186558,1.))
REPRESENTATION_ITEM('')
);
#3095=(
BOUNDED_CURVE()
B_SPLINE_CURVE(2,(#7499,#7500,#7501),.UNSPECIFIED.,.F.,.F.)
B_SPLINE_CURVE_WITH_KNOTS((3,3),(0.,1.),.UNSPECIFIED.)
CURVE()
GEOMETRIC_REPRESENTATION_ITEM()
RATIONAL_B_SPLINE_CURVE((1.,0.70710678118656,1.))
REPRESENTATION_ITEM('')
);
#3096=(
BOUNDED_CURVE()
B_SPLINE_CURVE(1,(#7502,#7503),.UNSPECIFIED.,.F.,.F.)
B_SPLINE_CURVE_WITH_KNOTS((2,2),(3.5527136788005E-14,3.99999999999999),
 .UNSPECIFIED.)
CURVE()
GEOMETRIC_REPRESENTATION_ITEM()
RATIONAL_B_SPLINE_CURVE((1.,1.))
REPRESENTATION_ITEM('')
);
#3097=(
BOUNDED_CURVE()
B_SPLINE_CURVE(2,(#7504,#7505,#7506),.UNSPECIFIED.,.F.,.F.)
B_SPLINE_CURVE_WITH_KNOTS((3,3),(-1.,0.),.UNSPECIFIED.)
CURVE()
GEOMETRIC_REPRESENTATION_ITEM()
RATIONAL_B_SPLINE_CURVE((1.,0.707106781186523,1.))
REPRESENTATION_ITEM('')
);
#3098=(
BOUNDED_CURVE()
B_SPLINE_CURVE(1,(#7507,#7508),.UNSPECIFIED.,.F.,.F.)
B_SPLINE_CURVE_WITH_KNOTS((2,2),(-2.17603712826531E-14,4.00000000000007),
 .UNSPECIFIED.)
CURVE()
GEOMETRIC_REPRESENTATION_ITEM()
RATIONAL_B_SPLINE_CURVE((1.,1.))
REPRESENTATION_ITEM('')
);
#3099=(
BOUNDED_CURVE()
B_SPLINE_CURVE(2,(#7509,#7510,#7511),.UNSPECIFIED.,.F.,.F.)
B_SPLINE_CURVE_WITH_KNOTS((3,3),(-1.,0.),.UNSPECIFIED.)
CURVE()
GEOMETRIC_REPRESENTATION_ITEM()
RATIONAL_B_SPLINE_CURVE((1.,0.70710678118653,1.))
REPRESENTATION_ITEM('')
);
#3100=(
BOUNDED_CURVE()
B_SPLINE_CURVE(2,(#7512,#7513,#7514),.UNSPECIFIED.,.F.,.F.)
B_SPLINE_CURVE_WITH_KNOTS((3,3),(-1.,0.),.UNSPECIFIED.)
CURVE()
GEOMETRIC_REPRESENTATION_ITEM()
RATIONAL_B_SPLINE_CURVE((1.,0.707106781186559,1.))
REPRESENTATION_ITEM('')
);
#3101=(
BOUNDED_CURVE()
B_SPLINE_CURVE(1,(#7515,#7516),.UNSPECIFIED.,.F.,.F.)
B_SPLINE_CURVE_WITH_KNOTS((2,2),(-1.17353353000578E-14,4.00000000000008),
 .UNSPECIFIED.)
CURVE()
GEOMETRIC_REPRESENTATION_ITEM()
RATIONAL_B_SPLINE_CURVE((1.,1.))
REPRESENTATION_ITEM('')
);
#3102=(
BOUNDED_CURVE()
B_SPLINE_CURVE(2,(#7517,#7518,#7519),.UNSPECIFIED.,.F.,.F.)
B_SPLINE_CURVE_WITH_KNOTS((3,3),(-1.,0.),.UNSPECIFIED.)
CURVE()
GEOMETRIC_REPRESENTATION_ITEM()
RATIONAL_B_SPLINE_CURVE((1.,0.707106781186548,1.))
REPRESENTATION_ITEM('')
);
#3103=(
BOUNDED_CURVE()
B_SPLINE_CURVE(2,(#7540,#7541,#7542),.UNSPECIFIED.,.F.,.F.)
B_SPLINE_CURVE_WITH_KNOTS((3,3),(-1.,0.),.UNSPECIFIED.)
CURVE()
GEOMETRIC_REPRESENTATION_ITEM()
RATIONAL_B_SPLINE_CURVE((1.,0.707106781186542,1.))
REPRESENTATION_ITEM('')
);
#3104=(
BOUNDED_CURVE()
B_SPLINE_CURVE(1,(#7543,#7544),.UNSPECIFIED.,.F.,.F.)
B_SPLINE_CURVE_WITH_KNOTS((2,2),(4.88498130835069E-15,4.00000000000009),
 .UNSPECIFIED.)
CURVE()
GEOMETRIC_REPRESENTATION_ITEM()
RATIONAL_B_SPLINE_CURVE((1.,1.))
REPRESENTATION_ITEM('')
);
#3105=(
BOUNDED_CURVE()
B_SPLINE_CURVE(2,(#7545,#7546,#7547),.UNSPECIFIED.,.F.,.F.)
B_SPLINE_CURVE_WITH_KNOTS((3,3),(-1.,0.),.UNSPECIFIED.)
CURVE()
GEOMETRIC_REPRESENTATION_ITEM()
RATIONAL_B_SPLINE_CURVE((1.,0.707106781186565,1.))
REPRESENTATION_ITEM('')
);
#3106=B_SPLINE_CURVE_WITH_KNOTS('',1,(#5057,#5058),.UNSPECIFIED.,.F.,.F.,
(2,2),(0.,7.),.UNSPECIFIED.);
#3107=B_SPLINE_CURVE_WITH_KNOTS('',1,(#5059,#5060),.UNSPECIFIED.,.F.,.F.,
(2,2),(0.,7.),.UNSPECIFIED.);
#3108=B_SPLINE_CURVE_WITH_KNOTS('',1,(#5061,#5062),.UNSPECIFIED.,.F.,.F.,
(2,2),(8.18639620197305,9.30187148367708),.UNSPECIFIED.);
#3109=B_SPLINE_CURVE_WITH_KNOTS('',1,(#5063,#5064),.UNSPECIFIED.,.F.,.F.,
(2,2),(8.18639620197305,9.30187148367707),.UNSPECIFIED.);
#3110=B_SPLINE_CURVE_WITH_KNOTS('',1,(#5065,#5066),.UNSPECIFIED.,.F.,.F.,
(2,2),(0.,7.),.UNSPECIFIED.);
#3111=B_SPLINE_CURVE_WITH_KNOTS('',1,(#5067,#5068),.UNSPECIFIED.,.F.,.F.,
(2,2),(0.,7.),.UNSPECIFIED.);
#3112=B_SPLINE_CURVE_WITH_KNOTS('',1,(#5069,#5070),.UNSPECIFIED.,.F.,.F.,
(2,2),(8.18639620197305,9.30187148367702),.UNSPECIFIED.);
#3113=B_SPLINE_CURVE_WITH_KNOTS('',1,(#5071,#5072),.UNSPECIFIED.,.F.,.F.,
(2,2),(8.18639620197305,9.30187148367706),.UNSPECIFIED.);
#3114=B_SPLINE_CURVE_WITH_KNOTS('',1,(#5230,#5231),.UNSPECIFIED.,.F.,.F.,
(2,2),(0.,0.00988370746345387),.UNSPECIFIED.);
#3115=B_SPLINE_CURVE_WITH_KNOTS('',1,(#5232,#5233),.UNSPECIFIED.,.F.,.F.,
(2,2),(0.,3.00139075688358),.UNSPECIFIED.);
#3116=B_SPLINE_CURVE_WITH_KNOTS('',1,(#5234,#5235),.UNSPECIFIED.,.F.,.F.,
(2,2),(-34.,-31.4739543664984),.UNSPECIFIED.);
#3117=B_SPLINE_CURVE_WITH_KNOTS('',1,(#5236,#5237),.UNSPECIFIED.,.F.,.F.,
(2,2),(5.52284266286648,5.5327263703299),.UNSPECIFIED.);
#3118=B_SPLINE_CURVE_WITH_KNOTS('',1,(#5261,#5262),.UNSPECIFIED.,.F.,.F.,
(2,2),(-0.00993312600076022,0.),.UNSPECIFIED.);
#3119=B_SPLINE_CURVE_WITH_KNOTS('',1,(#5263,#5264),.UNSPECIFIED.,.F.,.F.,
(2,2),(37.4892860422521,41.2616983042333),.UNSPECIFIED.);
#3120=B_SPLINE_CURVE_WITH_KNOTS('',1,(#5265,#5266),.UNSPECIFIED.,.F.,.F.,
(2,2),(33.9657154471944,33.9773821374255),.UNSPECIFIED.);
#3121=B_SPLINE_CURVE_WITH_KNOTS('',1,(#5282,#5283),.UNSPECIFIED.,.F.,.F.,
(2,2),(31.4739543664984,34.),.UNSPECIFIED.);
#3122=B_SPLINE_CURVE_WITH_KNOTS('',1,(#5284,#5285),.UNSPECIFIED.,.F.,.F.,
(2,2),(31.4739543664984,34.),.UNSPECIFIED.);
#3123=B_SPLINE_CURVE_WITH_KNOTS('',1,(#5286,#5287),.UNSPECIFIED.,.F.,.F.,
(2,2),(31.4739543664984,34.),.UNSPECIFIED.);
#3124=B_SPLINE_CURVE_WITH_KNOTS('',1,(#5288,#5289),.UNSPECIFIED.,.F.,.F.,
(2,2),(0.,0.00988370746345387),.UNSPECIFIED.);
#3125=B_SPLINE_CURVE_WITH_KNOTS('',1,(#5290,#5291),.UNSPECIFIED.,.F.,.F.,
(2,2),(0.,3.00139075685293),.UNSPECIFIED.);
#3126=B_SPLINE_CURVE_WITH_KNOTS('',1,(#5292,#5293),.UNSPECIFIED.,.F.,.F.,
(2,2),(-34.,-31.4739543664984),.UNSPECIFIED.);
#3127=B_SPLINE_CURVE_WITH_KNOTS('',1,(#5294,#5295),.UNSPECIFIED.,.F.,.F.,
(2,2),(5.52284266286648,5.5327263703299),.UNSPECIFIED.);
#3128=B_SPLINE_CURVE_WITH_KNOTS('',1,(#5319,#5320),.UNSPECIFIED.,.F.,.F.,
(2,2),(1.92427786377203,1.93594455400314),.UNSPECIFIED.);
#3129=B_SPLINE_CURVE_WITH_KNOTS('',1,(#5321,#5322),.UNSPECIFIED.,.F.,.F.,
(2,2),(0.0126266423746504,3.7850389043586),.UNSPECIFIED.);
#3130=B_SPLINE_CURVE_WITH_KNOTS('',1,(#5323,#5324),.UNSPECIFIED.,.F.,.F.,
(2,2),(-3.510943952683,-3.49927726245194),.UNSPECIFIED.);
#3131=B_SPLINE_CURVE_WITH_KNOTS('',1,(#5340,#5341),.UNSPECIFIED.,.F.,.F.,
(2,2),(31.4739543664984,34.),.UNSPECIFIED.);
#3132=B_SPLINE_CURVE_WITH_KNOTS('',1,(#5342,#5343),.UNSPECIFIED.,.F.,.F.,
(2,2),(31.4739543664984,34.),.UNSPECIFIED.);
#3133=B_SPLINE_CURVE_WITH_KNOTS('',1,(#5344,#5345),.UNSPECIFIED.,.F.,.F.,
(2,2),(31.4739543664984,34.),.UNSPECIFIED.);
#3134=B_SPLINE_CURVE_WITH_KNOTS('',1,(#5346,#5347),.UNSPECIFIED.,.F.,.F.,
(2,2),(0.,0.00988370746345387),.UNSPECIFIED.);
#3135=B_SPLINE_CURVE_WITH_KNOTS('',1,(#5348,#5349),.UNSPECIFIED.,.F.,.F.,
(2,2),(0.,3.00139075685292),.UNSPECIFIED.);
#3136=B_SPLINE_CURVE_WITH_KNOTS('',1,(#5350,#5351),.UNSPECIFIED.,.F.,.F.,
(2,2),(-34.,-31.4739543664984),.UNSPECIFIED.);
#3137=B_SPLINE_CURVE_WITH_KNOTS('',1,(#5352,#5353),.UNSPECIFIED.,.F.,.F.,
(2,2),(5.52284266286648,5.5327263703299),.UNSPECIFIED.);
#3138=B_SPLINE_CURVE_WITH_KNOTS('',1,(#5377,#5378),.UNSPECIFIED.,.F.,.F.,
(2,2),(-32.4023815421317,-32.3907148519006),.UNSPECIFIED.);
#3139=B_SPLINE_CURVE_WITH_KNOTS('',1,(#5379,#5380),.UNSPECIFIED.,.F.,.F.,
(2,2),(-5.5327263703299,-2.32086031376785),.UNSPECIFIED.);
#3140=B_SPLINE_CURVE_WITH_KNOTS('',1,(#5381,#5382),.UNSPECIFIED.,.F.,.F.,
(2,2),(-5.5327263703299,-5.52279324432916),.UNSPECIFIED.);
#3141=B_SPLINE_CURVE_WITH_KNOTS('',1,(#5398,#5399),.UNSPECIFIED.,.F.,.F.,
(2,2),(31.4739543664984,34.),.UNSPECIFIED.);
#3142=B_SPLINE_CURVE_WITH_KNOTS('',1,(#5400,#5401),.UNSPECIFIED.,.F.,.F.,
(2,2),(31.4739543664984,34.),.UNSPECIFIED.);
#3143=B_SPLINE_CURVE_WITH_KNOTS('',1,(#5402,#5403),.UNSPECIFIED.,.F.,.F.,
(2,2),(31.4739543664984,34.),.UNSPECIFIED.);
#3144=B_SPLINE_CURVE_WITH_KNOTS('',1,(#5404,#5405),.UNSPECIFIED.,.F.,.F.,
(2,2),(0.,0.00988370746345387),.UNSPECIFIED.);
#3145=B_SPLINE_CURVE_WITH_KNOTS('',1,(#5406,#5407),.UNSPECIFIED.,.F.,.F.,
(2,2),(0.,3.00139075688362),.UNSPECIFIED.);
#3146=B_SPLINE_CURVE_WITH_KNOTS('',1,(#5408,#5409),.UNSPECIFIED.,.F.,.F.,
(2,2),(-34.,-31.4739543664984),.UNSPECIFIED.);
#3147=B_SPLINE_CURVE_WITH_KNOTS('',1,(#5410,#5411),.UNSPECIFIED.,.F.,.F.,
(2,2),(5.52284266286648,5.5327263703299),.UNSPECIFIED.);
#3148=B_SPLINE_CURVE_WITH_KNOTS('',1,(#5438,#5439),.UNSPECIFIED.,.F.,.F.,
(2,2),(-0.00993312600076324,0.),.UNSPECIFIED.);
#3149=B_SPLINE_CURVE_WITH_KNOTS('',1,(#5440,#5441),.UNSPECIFIED.,.F.,.F.,
(2,2),(-5.5327263703299,-2.32086031377013),.UNSPECIFIED.);
#3150=B_SPLINE_CURVE_WITH_KNOTS('',1,(#5442,#5443),.UNSPECIFIED.,.F.,.F.,
(2,2),(-5.5327263703299,-5.52279324432916),.UNSPECIFIED.);
#3151=B_SPLINE_CURVE_WITH_KNOTS('',1,(#5461,#5462),.UNSPECIFIED.,.F.,.F.,
(2,2),(31.4739543664984,34.),.UNSPECIFIED.);
#3152=B_SPLINE_CURVE_WITH_KNOTS('',1,(#5463,#5464),.UNSPECIFIED.,.F.,.F.,
(2,2),(31.4739543664984,34.),.UNSPECIFIED.);
#3153=B_SPLINE_CURVE_WITH_KNOTS('',1,(#5465,#5466),.UNSPECIFIED.,.F.,.F.,
(2,2),(31.4739543664984,34.),.UNSPECIFIED.);
#3154=B_SPLINE_CURVE_WITH_KNOTS('',1,(#5467,#5468),.UNSPECIFIED.,.F.,.F.,
(2,2),(-3.00139075688362,0.),.UNSPECIFIED.);
#3155=B_SPLINE_CURVE_WITH_KNOTS('',1,(#5474,#5475),.UNSPECIFIED.,.F.,.F.,
(2,2),(2.32086031553548,5.5327263703299),.UNSPECIFIED.);
#3156=B_SPLINE_CURVE_WITH_KNOTS('',1,(#5476,#5477),.UNSPECIFIED.,.F.,.F.,
(2,2),(0.,2.96690003866004),.UNSPECIFIED.);
#3157=B_SPLINE_CURVE_WITH_KNOTS('',1,(#5482,#5483),.UNSPECIFIED.,.F.,.F.,
(2,2),(0.,2.96690003866004),.UNSPECIFIED.);
#3158=B_SPLINE_CURVE_WITH_KNOTS('',1,(#5496,#5497),.UNSPECIFIED.,.F.,.F.,
(2,2),(-5.11283011276271,-1.58762604105451),.UNSPECIFIED.);
#3159=B_SPLINE_CURVE_WITH_KNOTS('',1,(#5501,#5502),.UNSPECIFIED.,.F.,.F.,
(2,2),(2.3208603155331,5.5327263703299),.UNSPECIFIED.);
#3160=B_SPLINE_CURVE_WITH_KNOTS('',1,(#5507,#5508),.UNSPECIFIED.,.F.,.F.,
(2,2),(0.,2.96690003866004),.UNSPECIFIED.);
#3161=B_SPLINE_CURVE_WITH_KNOTS('',1,(#5509,#5510),.UNSPECIFIED.,.F.,.F.,
(2,2),(0.,2.96690003866004),.UNSPECIFIED.);
#3162=B_SPLINE_CURVE_WITH_KNOTS('',1,(#5523,#5524),.UNSPECIFIED.,.F.,.F.,
(2,2),(-39.4394895186666,-35.9142854469583),.UNSPECIFIED.);
#3163=B_SPLINE_CURVE_WITH_KNOTS('',1,(#5530,#5531),.UNSPECIFIED.,.F.,.F.,
(2,2),(2.32086031376956,5.5327263703299),.UNSPECIFIED.);
#3164=B_SPLINE_CURVE_WITH_KNOTS('',1,(#5532,#5533),.UNSPECIFIED.,.F.,.F.,
(2,2),(0.,2.96690003866004),.UNSPECIFIED.);
#3165=B_SPLINE_CURVE_WITH_KNOTS('',1,(#5538,#5539),.UNSPECIFIED.,.F.,.F.,
(2,2),(0.,2.96690003866004),.UNSPECIFIED.);
#3166=B_SPLINE_CURVE_WITH_KNOTS('',1,(#5555,#5556),.UNSPECIFIED.,.F.,.F.,
(2,2),(2.32086031377185,5.5327263703299),.UNSPECIFIED.);
#3167=B_SPLINE_CURVE_WITH_KNOTS('',1,(#5559,#5560),.UNSPECIFIED.,.F.,.F.,
(2,2),(0.,2.96690003866004),.UNSPECIFIED.);
#3168=B_SPLINE_CURVE_WITH_KNOTS('',1,(#5567,#5568),.UNSPECIFIED.,.F.,.F.,
(2,2),(-3.00139075688357,0.),.UNSPECIFIED.);
#3169=B_SPLINE_CURVE_WITH_KNOTS('',1,(#5571,#5572),.UNSPECIFIED.,.F.,.F.,
(2,2),(0.,2.96690003866004),.UNSPECIFIED.);
#3170=B_SPLINE_CURVE_WITH_KNOTS('',1,(#5651,#5652),.UNSPECIFIED.,.F.,.F.,
(2,2),(0.,6.99999999999999),.UNSPECIFIED.);
#3171=B_SPLINE_CURVE_WITH_KNOTS('',1,(#5661,#5662),.UNSPECIFIED.,.F.,.F.,
(2,2),(1.37016049547854E-15,7.),.UNSPECIFIED.);
#3172=B_SPLINE_CURVE_WITH_KNOTS('',1,(#5679,#5680),.UNSPECIFIED.,.F.,.F.,
(2,2),(24.6850355145732,25.8005107948835),.UNSPECIFIED.);
#3173=B_SPLINE_CURVE_WITH_KNOTS('',1,(#5681,#5682),.UNSPECIFIED.,.F.,.F.,
(2,2),(24.6850355145733,25.8005107948835),.UNSPECIFIED.);
#3174=B_SPLINE_CURVE_WITH_KNOTS('',1,(#5683,#5684),.UNSPECIFIED.,.F.,.F.,
(2,2),(0.,7.00000000000001),.UNSPECIFIED.);
#3175=B_SPLINE_CURVE_WITH_KNOTS('',1,(#5703,#5704),.UNSPECIFIED.,.F.,.F.,
(2,2),(24.6850355145733,25.8005107948835),.UNSPECIFIED.);
#3176=B_SPLINE_CURVE_WITH_KNOTS('',1,(#5705,#5706),.UNSPECIFIED.,.F.,.F.,
(2,2),(24.6850355145733,25.8005107948835),.UNSPECIFIED.);
#3177=B_SPLINE_CURVE_WITH_KNOTS('',1,(#5707,#5708),.UNSPECIFIED.,.F.,.F.,
(2,2),(0.,7.),.UNSPECIFIED.);
#3178=B_SPLINE_CURVE_WITH_KNOTS('',1,(#5738,#5739),.UNSPECIFIED.,.F.,.F.,
(2,2),(0.,5.99999999999986),.UNSPECIFIED.);
#3179=B_SPLINE_CURVE_WITH_KNOTS('',1,(#5740,#5741),.UNSPECIFIED.,.F.,.F.,
(2,2),(0.,2.),.UNSPECIFIED.);
#3180=B_SPLINE_CURVE_WITH_KNOTS('',1,(#5742,#5743),.UNSPECIFIED.,.F.,.F.,
(2,2),(5.99999999999986,6.99999999999978),.UNSPECIFIED.);
#3181=B_SPLINE_CURVE_WITH_KNOTS('',1,(#5744,#5745),.UNSPECIFIED.,.F.,.F.,
(2,2),(0.,6.00000000000021),.UNSPECIFIED.);
#3182=B_SPLINE_CURVE_WITH_KNOTS('',1,(#5746,#5747),.UNSPECIFIED.,.F.,.F.,
(2,2),(6.00000000000021,8.00000000000037),.UNSPECIFIED.);
#3183=B_SPLINE_CURVE_WITH_KNOTS('',1,(#5748,#5749),.UNSPECIFIED.,.F.,.F.,
(2,2),(17.866068747319,23.7321374946375),.UNSPECIFIED.);
#3184=B_SPLINE_CURVE_WITH_KNOTS('',1,(#5750,#5751),.UNSPECIFIED.,.F.,.F.,
(2,2),(0.,4.84466906805768),.UNSPECIFIED.);
#3185=B_SPLINE_CURVE_WITH_KNOTS('',1,(#5752,#5753),.UNSPECIFIED.,.F.,.F.,
(2,2),(0.,8.53927883751126),.UNSPECIFIED.);
#3186=B_SPLINE_CURVE_WITH_KNOTS('',1,(#5754,#5755),.UNSPECIFIED.,.F.,.F.,
(2,2),(14.9999999999996,15.9999999999996),.UNSPECIFIED.);
#3187=B_SPLINE_CURVE_WITH_KNOTS('',1,(#5756,#5757),.UNSPECIFIED.,.F.,.F.,
(2,2),(4.4335317233443,9.27820079140198),.UNSPECIFIED.);
#3188=B_SPLINE_CURVE_WITH_KNOTS('',1,(#5758,#5759),.UNSPECIFIED.,.F.,.F.,
(2,2),(0.,6.00000000000004),.UNSPECIFIED.);
#3189=B_SPLINE_CURVE_WITH_KNOTS('',1,(#5760,#5761),.UNSPECIFIED.,.F.,.F.,
(2,2),(0.,6.00000000000004),.UNSPECIFIED.);
#3190=B_SPLINE_CURVE_WITH_KNOTS('',1,(#5762,#5763),.UNSPECIFIED.,.F.,.F.,
(2,2),(-1.,0.),.UNSPECIFIED.);
#3191=B_SPLINE_CURVE_WITH_KNOTS('',1,(#5764,#5765),.UNSPECIFIED.,.F.,.F.,
(2,2),(0.,1.),.UNSPECIFIED.);
#3192=B_SPLINE_CURVE_WITH_KNOTS('',1,(#5766,#5767),.UNSPECIFIED.,.F.,.F.,
(2,2),(-6.00000000000021,-4.00000000000012),.UNSPECIFIED.);
#3193=B_SPLINE_CURVE_WITH_KNOTS('',1,(#5768,#5769),.UNSPECIFIED.,.F.,.F.,
(2,2),(-0.933034373659229,1.61492205215403),.UNSPECIFIED.);
#3194=B_SPLINE_CURVE_WITH_KNOTS('',1,(#5770,#5771),.UNSPECIFIED.,.F.,.F.,
(2,2),(13.8660687473189,17.866068747319),.UNSPECIFIED.);
#3195=B_SPLINE_CURVE_WITH_KNOTS('',1,(#5772,#5773),.UNSPECIFIED.,.F.,.F.,
(2,2),(1.,7.27820079140198),.UNSPECIFIED.);
#3196=B_SPLINE_CURVE_WITH_KNOTS('',1,(#5774,#5775),.UNSPECIFIED.,.F.,.F.,
(2,2),(0.,5.99999999999986),.UNSPECIFIED.);
#3197=B_SPLINE_CURVE_WITH_KNOTS('',1,(#5776,#5777),.UNSPECIFIED.,.F.,.F.,
(2,2),(0.,7.86606874731847),.UNSPECIFIED.);
#3198=B_SPLINE_CURVE_WITH_KNOTS('',1,(#5778,#5779),.UNSPECIFIED.,.F.,.F.,
(2,2),(-1.00000000000004,1.00000000000004),.UNSPECIFIED.);
#3199=B_SPLINE_CURVE_WITH_KNOTS('',1,(#5780,#5781),.UNSPECIFIED.,.F.,.F.,
(2,2),(-0.933034373659229,1.61492205215403),.UNSPECIFIED.);
#3200=B_SPLINE_CURVE_WITH_KNOTS('',1,(#5782,#5783),.UNSPECIFIED.,.F.,.F.,
(2,2),(0.,5.99999999999986),.UNSPECIFIED.);
#3201=B_SPLINE_CURVE_WITH_KNOTS('',1,(#5784,#5785),.UNSPECIFIED.,.F.,.F.,
(2,2),(0.,5.99999999999986),.UNSPECIFIED.);
#3202=B_SPLINE_CURVE_WITH_KNOTS('',1,(#5786,#5787),.UNSPECIFIED.,.F.,.F.,
(2,2),(0.,2.),.UNSPECIFIED.);
#3203=B_SPLINE_CURVE_WITH_KNOTS('',1,(#5788,#5789),.UNSPECIFIED.,.F.,.F.,
(2,2),(5.99999999999986,6.99999999999978),.UNSPECIFIED.);
#3204=B_SPLINE_CURVE_WITH_KNOTS('',1,(#5790,#5791),.UNSPECIFIED.,.F.,.F.,
(2,2),(0.,6.00000000000021),.UNSPECIFIED.);
#3205=B_SPLINE_CURVE_WITH_KNOTS('',1,(#5792,#5793),.UNSPECIFIED.,.F.,.F.,
(2,2),(6.00000000000021,8.00000000000037),.UNSPECIFIED.);
#3206=B_SPLINE_CURVE_WITH_KNOTS('',1,(#5794,#5795),.UNSPECIFIED.,.F.,.F.,
(2,2),(17.866068747319,23.7321374946375),.UNSPECIFIED.);
#3207=B_SPLINE_CURVE_WITH_KNOTS('',1,(#5796,#5797),.UNSPECIFIED.,.F.,.F.,
(2,2),(0.,4.84466906805768),.UNSPECIFIED.);
#3208=B_SPLINE_CURVE_WITH_KNOTS('',1,(#5798,#5799),.UNSPECIFIED.,.F.,.F.,
(2,2),(0.,8.53927883751126),.UNSPECIFIED.);
#3209=B_SPLINE_CURVE_WITH_KNOTS('',1,(#5800,#5801),.UNSPECIFIED.,.F.,.F.,
(2,2),(0.,7.86606874731847),.UNSPECIFIED.);
#3210=B_SPLINE_CURVE_WITH_KNOTS('',1,(#5802,#5803),.UNSPECIFIED.,.F.,.F.,
(2,2),(14.9999999999996,15.9999999999996),.UNSPECIFIED.);
#3211=B_SPLINE_CURVE_WITH_KNOTS('',1,(#5804,#5805),.UNSPECIFIED.,.F.,.F.,
(2,2),(4.4335317233443,9.27820079140198),.UNSPECIFIED.);
#3212=B_SPLINE_CURVE_WITH_KNOTS('',1,(#5806,#5807),.UNSPECIFIED.,.F.,.F.,
(2,2),(0.,6.00000000000004),.UNSPECIFIED.);
#3213=B_SPLINE_CURVE_WITH_KNOTS('',1,(#5808,#5809),.UNSPECIFIED.,.F.,.F.,
(2,2),(0.,6.00000000000004),.UNSPECIFIED.);
#3214=B_SPLINE_CURVE_WITH_KNOTS('',1,(#5810,#5811),.UNSPECIFIED.,.F.,.F.,
(2,2),(-1.,0.),.UNSPECIFIED.);
#3215=B_SPLINE_CURVE_WITH_KNOTS('',1,(#5812,#5813),.UNSPECIFIED.,.F.,.F.,
(2,2),(0.,1.),.UNSPECIFIED.);
#3216=B_SPLINE_CURVE_WITH_KNOTS('',1,(#5814,#5815),.UNSPECIFIED.,.F.,.F.,
(2,2),(-6.00000000000021,-4.00000000000012),.UNSPECIFIED.);
#3217=B_SPLINE_CURVE_WITH_KNOTS('',1,(#5816,#5817),.UNSPECIFIED.,.F.,.F.,
(2,2),(-0.933034373659229,1.61492205215403),.UNSPECIFIED.);
#3218=B_SPLINE_CURVE_WITH_KNOTS('',1,(#5818,#5819),.UNSPECIFIED.,.F.,.F.,
(2,2),(-1.00000000000004,1.00000000000004),.UNSPECIFIED.);
#3219=B_SPLINE_CURVE_WITH_KNOTS('',1,(#5820,#5821),.UNSPECIFIED.,.F.,.F.,
(2,2),(-0.933034373659229,1.61492205215403),.UNSPECIFIED.);
#3220=B_SPLINE_CURVE_WITH_KNOTS('',1,(#5822,#5823),.UNSPECIFIED.,.F.,.F.,
(2,2),(13.8660687473189,17.866068747319),.UNSPECIFIED.);
#3221=B_SPLINE_CURVE_WITH_KNOTS('',1,(#5824,#5825),.UNSPECIFIED.,.F.,.F.,
(2,2),(1.,7.27820079140198),.UNSPECIFIED.);
#3222=B_SPLINE_CURVE_WITH_KNOTS('',1,(#5826,#5827),.UNSPECIFIED.,.F.,.F.,
(2,2),(0.,5.99999999999986),.UNSPECIFIED.);
#3223=B_SPLINE_CURVE_WITH_KNOTS('',1,(#5828,#5829),.UNSPECIFIED.,.F.,.F.,
(2,2),(0.,5.99999999999986),.UNSPECIFIED.);
#3224=B_SPLINE_CURVE_WITH_KNOTS('',1,(#5830,#5831),.UNSPECIFIED.,.F.,.F.,
(2,2),(0.,2.),.UNSPECIFIED.);
#3225=B_SPLINE_CURVE_WITH_KNOTS('',1,(#5832,#5833),.UNSPECIFIED.,.F.,.F.,
(2,2),(5.99999999999986,6.99999999999978),.UNSPECIFIED.);
#3226=B_SPLINE_CURVE_WITH_KNOTS('',1,(#5834,#5835),.UNSPECIFIED.,.F.,.F.,
(2,2),(0.,6.00000000000021),.UNSPECIFIED.);
#3227=B_SPLINE_CURVE_WITH_KNOTS('',1,(#5836,#5837),.UNSPECIFIED.,.F.,.F.,
(2,2),(6.00000000000021,8.00000000000037),.UNSPECIFIED.);
#3228=B_SPLINE_CURVE_WITH_KNOTS('',1,(#5838,#5839),.UNSPECIFIED.,.F.,.F.,
(2,2),(17.866068747319,23.7321374946375),.UNSPECIFIED.);
#3229=B_SPLINE_CURVE_WITH_KNOTS('',1,(#5840,#5841),.UNSPECIFIED.,.F.,.F.,
(2,2),(0.,4.84466906805768),.UNSPECIFIED.);
#3230=B_SPLINE_CURVE_WITH_KNOTS('',1,(#5842,#5843),.UNSPECIFIED.,.F.,.F.,
(2,2),(0.,8.53927883751126),.UNSPECIFIED.);
#3231=B_SPLINE_CURVE_WITH_KNOTS('',1,(#5844,#5845),.UNSPECIFIED.,.F.,.F.,
(2,2),(0.,7.86606874731847),.UNSPECIFIED.);
#3232=B_SPLINE_CURVE_WITH_KNOTS('',1,(#5846,#5847),.UNSPECIFIED.,.F.,.F.,
(2,2),(14.9999999999996,15.9999999999996),.UNSPECIFIED.);
#3233=B_SPLINE_CURVE_WITH_KNOTS('',1,(#5848,#5849),.UNSPECIFIED.,.F.,.F.,
(2,2),(4.4335317233443,9.27820079140198),.UNSPECIFIED.);
#3234=B_SPLINE_CURVE_WITH_KNOTS('',1,(#5850,#5851),.UNSPECIFIED.,.F.,.F.,
(2,2),(0.,6.00000000000004),.UNSPECIFIED.);
#3235=B_SPLINE_CURVE_WITH_KNOTS('',1,(#5852,#5853),.UNSPECIFIED.,.F.,.F.,
(2,2),(0.,6.00000000000004),.UNSPECIFIED.);
#3236=B_SPLINE_CURVE_WITH_KNOTS('',1,(#5854,#5855),.UNSPECIFIED.,.F.,.F.,
(2,2),(-1.,0.),.UNSPECIFIED.);
#3237=B_SPLINE_CURVE_WITH_KNOTS('',1,(#5856,#5857),.UNSPECIFIED.,.F.,.F.,
(2,2),(0.,1.),.UNSPECIFIED.);
#3238=B_SPLINE_CURVE_WITH_KNOTS('',1,(#5858,#5859),.UNSPECIFIED.,.F.,.F.,
(2,2),(-6.00000000000021,-4.00000000000012),.UNSPECIFIED.);
#3239=B_SPLINE_CURVE_WITH_KNOTS('',1,(#5860,#5861),.UNSPECIFIED.,.F.,.F.,
(2,2),(-0.933034373659229,1.61492205215403),.UNSPECIFIED.);
#3240=B_SPLINE_CURVE_WITH_KNOTS('',1,(#5862,#5863),.UNSPECIFIED.,.F.,.F.,
(2,2),(-1.00000000000004,1.00000000000004),.UNSPECIFIED.);
#3241=B_SPLINE_CURVE_WITH_KNOTS('',1,(#5864,#5865),.UNSPECIFIED.,.F.,.F.,
(2,2),(-0.933034373659229,1.61492205215403),.UNSPECIFIED.);
#3242=B_SPLINE_CURVE_WITH_KNOTS('',1,(#5866,#5867),.UNSPECIFIED.,.F.,.F.,
(2,2),(13.8660687473189,17.866068747319),.UNSPECIFIED.);
#3243=B_SPLINE_CURVE_WITH_KNOTS('',1,(#5868,#5869),.UNSPECIFIED.,.F.,.F.,
(2,2),(1.,7.27820079140198),.UNSPECIFIED.);
#3244=B_SPLINE_CURVE_WITH_KNOTS('',1,(#5870,#5871),.UNSPECIFIED.,.F.,.F.,
(2,2),(-3.5,2.27820079140198),.UNSPECIFIED.);
#3245=B_SPLINE_CURVE_WITH_KNOTS('',1,(#5872,#5873),.UNSPECIFIED.,.F.,.F.,
(2,2),(-1.94445013253033,-1.61492205215403),.UNSPECIFIED.);
#3246=B_SPLINE_CURVE_WITH_KNOTS('',1,(#5874,#5875),.UNSPECIFIED.,.F.,.F.,
(2,2),(-44.1620687489236,-43.6620687489236),.UNSPECIFIED.);
#3247=B_SPLINE_CURVE_WITH_KNOTS('',1,(#5876,#5877),.UNSPECIFIED.,.F.,.F.,
(2,2),(-4.39648317751562E-14,3.99999999999996),.UNSPECIFIED.);
#3248=B_SPLINE_CURVE_WITH_KNOTS('',1,(#5878,#5879),.UNSPECIFIED.,.F.,.F.,
(2,2),(2.22044604925031E-16,4.0000000000001),.UNSPECIFIED.);
#3249=B_SPLINE_CURVE_WITH_KNOTS('',1,(#5886,#5887),.UNSPECIFIED.,.F.,.F.,
(2,2),(-3.5,2.27820079140198),.UNSPECIFIED.);
#3250=B_SPLINE_CURVE_WITH_KNOTS('',1,(#5888,#5889),.UNSPECIFIED.,.F.,.F.,
(2,2),(-1.94445013253033,-1.61492205215403),.UNSPECIFIED.);
#3251=B_SPLINE_CURVE_WITH_KNOTS('',3,(#5890,#5891,#5892,#5893,#5894,#5895,
#5896,#5897,#5898,#5899,#5900,#5901),.UNSPECIFIED.,.F.,.F.,(4,1,1,1,1,1,
1,1,1,4),(0.,0.055555555555555,0.11111111111112,0.166666666666661,0.222222222222203,
0.27777777777777,0.333333333333335,0.388888888888889,0.444444444444442,
0.499999999999996),.UNSPECIFIED.);
#3252=B_SPLINE_CURVE_WITH_KNOTS('',1,(#5902,#5903),.UNSPECIFIED.,.F.,.F.,
(2,2),(0.,4.0000000000001),.UNSPECIFIED.);
#3253=B_SPLINE_CURVE_WITH_KNOTS('',1,(#5912,#5913),.UNSPECIFIED.,.F.,.F.,
(2,2),(-3.5,2.27820079140198),.UNSPECIFIED.);
#3254=B_SPLINE_CURVE_WITH_KNOTS('',1,(#5914,#5915),.UNSPECIFIED.,.F.,.F.,
(2,2),(-1.94445013253034,-1.61492205215403),.UNSPECIFIED.);
#3255=B_SPLINE_CURVE_WITH_KNOTS('',3,(#5916,#5917,#5918,#5919,#5920,#5921,
#5922,#5923,#5924,#5925,#5926,#5927),.UNSPECIFIED.,.F.,.F.,(4,1,1,1,1,1,
1,1,1,4),(0.,0.0555555555555552,0.111111111111124,0.16666666666667,0.222222222222241,
0.277777777777785,0.333333333333355,0.388888888888902,0.444444444444457,
0.500000000000014),.UNSPECIFIED.);
#3256=B_SPLINE_CURVE_WITH_KNOTS('',1,(#5928,#5929),.UNSPECIFIED.,.F.,.F.,
(2,2),(0.,4.0000000000001),.UNSPECIFIED.);
#3257=B_SPLINE_CURVE_WITH_KNOTS('',1,(#5938,#5939),.UNSPECIFIED.,.F.,.F.,
(2,2),(0.5,2.),.UNSPECIFIED.);
#3258=B_SPLINE_CURVE_WITH_KNOTS('',1,(#5940,#5941),.UNSPECIFIED.,.F.,.F.,
(2,2),(-3.5,2.27820079140198),.UNSPECIFIED.);
#3259=B_SPLINE_CURVE_WITH_KNOTS('',3,(#5942,#5943,#5944,#5945,#5946,#5947,
#5948,#5949,#5950,#5951,#5952,#5953),.UNSPECIFIED.,.F.,.F.,(4,1,1,1,1,1,
1,1,1,4),(-0.500000000000008,-0.444444444444452,-0.388888888888885,-0.333333333333332,
-0.277777777777779,-0.222222222222219,-0.166666666666656,-0.111111111111113,
-0.055555555555553,0.),.UNSPECIFIED.);
#3260=B_SPLINE_CURVE_WITH_KNOTS('',1,(#5954,#5955),.UNSPECIFIED.,.F.,.F.,
(2,2),(1.00000000000004,1.50000000000006),.UNSPECIFIED.);
#3261=B_SPLINE_CURVE_WITH_KNOTS('',1,(#5956,#5957),.UNSPECIFIED.,.F.,.F.,
(2,2),(0.,4.00000000000007),.UNSPECIFIED.);
#3262=B_SPLINE_CURVE_WITH_KNOTS('',1,(#5966,#5967),.UNSPECIFIED.,.F.,.F.,
(2,2),(0.5,2.),.UNSPECIFIED.);
#3263=B_SPLINE_CURVE_WITH_KNOTS('',1,(#5968,#5969),.UNSPECIFIED.,.F.,.F.,
(2,2),(-3.5,2.27820079140198),.UNSPECIFIED.);
#3264=B_SPLINE_CURVE_WITH_KNOTS('',1,(#5970,#5971),.UNSPECIFIED.,.F.,.F.,
(2,2),(-23.9428571429274,-23.4428571429275),.UNSPECIFIED.);
#3265=B_SPLINE_CURVE_WITH_KNOTS('',1,(#5972,#5973),.UNSPECIFIED.,.F.,.F.,
(2,2),(1.00000000000004,1.50000000000002),.UNSPECIFIED.);
#3266=B_SPLINE_CURVE_WITH_KNOTS('',1,(#5974,#5975),.UNSPECIFIED.,.F.,.F.,
(2,2),(6.13689528696557E-15,4.00000000000009),.UNSPECIFIED.);
#3267=B_SPLINE_CURVE_WITH_KNOTS('',1,(#5976,#5977),.UNSPECIFIED.,.F.,.F.,
(2,2),(7.105427357601E-15,4.00000000000009),.UNSPECIFIED.);
#3268=B_SPLINE_CURVE_WITH_KNOTS('',1,(#5984,#5985),.UNSPECIFIED.,.F.,.F.,
(2,2),(0.5,2.),.UNSPECIFIED.);
#3269=B_SPLINE_CURVE_WITH_KNOTS('',1,(#5986,#5987),.UNSPECIFIED.,.F.,.F.,
(2,2),(-3.5,2.27820079140198),.UNSPECIFIED.);
#3270=B_SPLINE_CURVE_WITH_KNOTS('',3,(#5988,#5989,#5990,#5991,#5992,#5993,
#5994,#5995,#5996,#5997,#5998,#5999),.UNSPECIFIED.,.F.,.F.,(4,1,1,1,1,1,
1,1,1,4),(-0.500000000000021,-0.444444444444456,-0.388888888888915,-0.333333333333357,
-0.277777777777796,-0.222222222222243,-0.166666666666676,-0.111111111111121,
-0.0555555555555681,0.),.UNSPECIFIED.);
#3271=B_SPLINE_CURVE_WITH_KNOTS('',1,(#6000,#6001),.UNSPECIFIED.,.F.,.F.,
(2,2),(1.00000000000004,1.50000000000008),.UNSPECIFIED.);
#3272=B_SPLINE_CURVE_WITH_KNOTS('',1,(#6002,#6003),.UNSPECIFIED.,.F.,.F.,
(2,2),(0.,4.00000000000008),.UNSPECIFIED.);
#3273=B_SPLINE_CURVE_WITH_KNOTS('',1,(#6457,#6458),.UNSPECIFIED.,.F.,.F.,
(2,2),(0.,7.),.UNSPECIFIED.);
#3274=B_SPLINE_CURVE_WITH_KNOTS('',1,(#6459,#6460),.UNSPECIFIED.,.F.,.F.,
(2,2),(0.,7.),.UNSPECIFIED.);
#3275=B_SPLINE_CURVE_WITH_KNOTS('',1,(#6461,#6462),.UNSPECIFIED.,.F.,.F.,
(2,2),(23.7066002724954,24.4689963577105),.UNSPECIFIED.);
#3276=B_SPLINE_CURVE_WITH_KNOTS('',1,(#6463,#6464),.UNSPECIFIED.,.F.,.F.,
(2,2),(23.7066002724954,24.4689963577105),.UNSPECIFIED.);
#3277=B_SPLINE_CURVE_WITH_KNOTS('',1,(#6483,#6484),.UNSPECIFIED.,.F.,.F.,
(2,2),(0.,7.),.UNSPECIFIED.);
#3278=B_SPLINE_CURVE_WITH_KNOTS('',1,(#6485,#6486),.UNSPECIFIED.,.F.,.F.,
(2,2),(0.,7.),.UNSPECIFIED.);
#3279=B_SPLINE_CURVE_WITH_KNOTS('',1,(#6487,#6488),.UNSPECIFIED.,.F.,.F.,
(2,2),(8.18639620197305,9.30187148367708),.UNSPECIFIED.);
#3280=B_SPLINE_CURVE_WITH_KNOTS('',1,(#6489,#6490),.UNSPECIFIED.,.F.,.F.,
(2,2),(8.18639620197305,9.30187148367707),.UNSPECIFIED.);
#3281=B_SPLINE_CURVE_WITH_KNOTS('',1,(#6491,#6492),.UNSPECIFIED.,.F.,.F.,
(2,2),(0.,7.),.UNSPECIFIED.);
#3282=B_SPLINE_CURVE_WITH_KNOTS('',1,(#6493,#6494),.UNSPECIFIED.,.F.,.F.,
(2,2),(0.,7.),.UNSPECIFIED.);
#3283=B_SPLINE_CURVE_WITH_KNOTS('',1,(#6495,#6496),.UNSPECIFIED.,.F.,.F.,
(2,2),(8.18639620197305,9.30187148367702),.UNSPECIFIED.);
#3284=B_SPLINE_CURVE_WITH_KNOTS('',1,(#6497,#6498),.UNSPECIFIED.,.F.,.F.,
(2,2),(8.18639620197305,9.30187148367706),.UNSPECIFIED.);
#3285=B_SPLINE_CURVE_WITH_KNOTS('',1,(#6656,#6657),.UNSPECIFIED.,.F.,.F.,
(2,2),(0.,0.00988370746345387),.UNSPECIFIED.);
#3286=B_SPLINE_CURVE_WITH_KNOTS('',1,(#6658,#6659),.UNSPECIFIED.,.F.,.F.,
(2,2),(0.,3.00139075688358),.UNSPECIFIED.);
#3287=B_SPLINE_CURVE_WITH_KNOTS('',1,(#6660,#6661),.UNSPECIFIED.,.F.,.F.,
(2,2),(-34.,-31.4739543664984),.UNSPECIFIED.);
#3288=B_SPLINE_CURVE_WITH_KNOTS('',1,(#6662,#6663),.UNSPECIFIED.,.F.,.F.,
(2,2),(5.52284266286648,5.5327263703299),.UNSPECIFIED.);
#3289=B_SPLINE_CURVE_WITH_KNOTS('',1,(#6687,#6688),.UNSPECIFIED.,.F.,.F.,
(2,2),(-0.00993312600076022,0.),.UNSPECIFIED.);
#3290=B_SPLINE_CURVE_WITH_KNOTS('',1,(#6689,#6690),.UNSPECIFIED.,.F.,.F.,
(2,2),(37.4892860422521,41.2616983042333),.UNSPECIFIED.);
#3291=B_SPLINE_CURVE_WITH_KNOTS('',1,(#6691,#6692),.UNSPECIFIED.,.F.,.F.,
(2,2),(33.9657154471944,33.9773821374255),.UNSPECIFIED.);
#3292=B_SPLINE_CURVE_WITH_KNOTS('',1,(#6708,#6709),.UNSPECIFIED.,.F.,.F.,
(2,2),(31.4739543664984,34.),.UNSPECIFIED.);
#3293=B_SPLINE_CURVE_WITH_KNOTS('',1,(#6710,#6711),.UNSPECIFIED.,.F.,.F.,
(2,2),(31.4739543664984,34.),.UNSPECIFIED.);
#3294=B_SPLINE_CURVE_WITH_KNOTS('',1,(#6712,#6713),.UNSPECIFIED.,.F.,.F.,
(2,2),(31.4739543664984,34.),.UNSPECIFIED.);
#3295=B_SPLINE_CURVE_WITH_KNOTS('',1,(#6714,#6715),.UNSPECIFIED.,.F.,.F.,
(2,2),(0.,0.00988370746345387),.UNSPECIFIED.);
#3296=B_SPLINE_CURVE_WITH_KNOTS('',1,(#6716,#6717),.UNSPECIFIED.,.F.,.F.,
(2,2),(0.,3.00139075685293),.UNSPECIFIED.);
#3297=B_SPLINE_CURVE_WITH_KNOTS('',1,(#6718,#6719),.UNSPECIFIED.,.F.,.F.,
(2,2),(-34.,-31.4739543664984),.UNSPECIFIED.);
#3298=B_SPLINE_CURVE_WITH_KNOTS('',1,(#6720,#6721),.UNSPECIFIED.,.F.,.F.,
(2,2),(5.52284266286648,5.5327263703299),.UNSPECIFIED.);
#3299=B_SPLINE_CURVE_WITH_KNOTS('',1,(#6745,#6746),.UNSPECIFIED.,.F.,.F.,
(2,2),(1.92427786377203,1.93594455400314),.UNSPECIFIED.);
#3300=B_SPLINE_CURVE_WITH_KNOTS('',1,(#6747,#6748),.UNSPECIFIED.,.F.,.F.,
(2,2),(0.0126266423746504,3.7850389043586),.UNSPECIFIED.);
#3301=B_SPLINE_CURVE_WITH_KNOTS('',1,(#6749,#6750),.UNSPECIFIED.,.F.,.F.,
(2,2),(-3.510943952683,-3.49927726245194),.UNSPECIFIED.);
#3302=B_SPLINE_CURVE_WITH_KNOTS('',1,(#6766,#6767),.UNSPECIFIED.,.F.,.F.,
(2,2),(31.4739543664984,34.),.UNSPECIFIED.);
#3303=B_SPLINE_CURVE_WITH_KNOTS('',1,(#6768,#6769),.UNSPECIFIED.,.F.,.F.,
(2,2),(31.4739543664984,34.),.UNSPECIFIED.);
#3304=B_SPLINE_CURVE_WITH_KNOTS('',1,(#6770,#6771),.UNSPECIFIED.,.F.,.F.,
(2,2),(31.4739543664984,34.),.UNSPECIFIED.);
#3305=B_SPLINE_CURVE_WITH_KNOTS('',1,(#6772,#6773),.UNSPECIFIED.,.F.,.F.,
(2,2),(0.,0.00988370746345387),.UNSPECIFIED.);
#3306=B_SPLINE_CURVE_WITH_KNOTS('',1,(#6774,#6775),.UNSPECIFIED.,.F.,.F.,
(2,2),(0.,3.00139075685292),.UNSPECIFIED.);
#3307=B_SPLINE_CURVE_WITH_KNOTS('',1,(#6776,#6777),.UNSPECIFIED.,.F.,.F.,
(2,2),(-34.,-31.4739543664984),.UNSPECIFIED.);
#3308=B_SPLINE_CURVE_WITH_KNOTS('',1,(#6778,#6779),.UNSPECIFIED.,.F.,.F.,
(2,2),(5.52284266286648,5.5327263703299),.UNSPECIFIED.);
#3309=B_SPLINE_CURVE_WITH_KNOTS('',1,(#6803,#6804),.UNSPECIFIED.,.F.,.F.,
(2,2),(-32.4023815421317,-32.3907148519006),.UNSPECIFIED.);
#3310=B_SPLINE_CURVE_WITH_KNOTS('',1,(#6805,#6806),.UNSPECIFIED.,.F.,.F.,
(2,2),(-5.5327263703299,-2.32086031376785),.UNSPECIFIED.);
#3311=B_SPLINE_CURVE_WITH_KNOTS('',1,(#6807,#6808),.UNSPECIFIED.,.F.,.F.,
(2,2),(-5.5327263703299,-5.52279324432916),.UNSPECIFIED.);
#3312=B_SPLINE_CURVE_WITH_KNOTS('',1,(#6824,#6825),.UNSPECIFIED.,.F.,.F.,
(2,2),(31.4739543664984,34.),.UNSPECIFIED.);
#3313=B_SPLINE_CURVE_WITH_KNOTS('',1,(#6826,#6827),.UNSPECIFIED.,.F.,.F.,
(2,2),(31.4739543664984,34.),.UNSPECIFIED.);
#3314=B_SPLINE_CURVE_WITH_KNOTS('',1,(#6828,#6829),.UNSPECIFIED.,.F.,.F.,
(2,2),(31.4739543664984,34.),.UNSPECIFIED.);
#3315=B_SPLINE_CURVE_WITH_KNOTS('',1,(#6830,#6831),.UNSPECIFIED.,.F.,.F.,
(2,2),(0.,0.00988370746345387),.UNSPECIFIED.);
#3316=B_SPLINE_CURVE_WITH_KNOTS('',1,(#6832,#6833),.UNSPECIFIED.,.F.,.F.,
(2,2),(0.,3.00139075688362),.UNSPECIFIED.);
#3317=B_SPLINE_CURVE_WITH_KNOTS('',1,(#6834,#6835),.UNSPECIFIED.,.F.,.F.,
(2,2),(-34.,-31.4739543664984),.UNSPECIFIED.);
#3318=B_SPLINE_CURVE_WITH_KNOTS('',1,(#6836,#6837),.UNSPECIFIED.,.F.,.F.,
(2,2),(5.52284266286648,5.5327263703299),.UNSPECIFIED.);
#3319=B_SPLINE_CURVE_WITH_KNOTS('',1,(#6864,#6865),.UNSPECIFIED.,.F.,.F.,
(2,2),(-0.00993312600076324,0.),.UNSPECIFIED.);
#3320=B_SPLINE_CURVE_WITH_KNOTS('',1,(#6866,#6867),.UNSPECIFIED.,.F.,.F.,
(2,2),(-5.5327263703299,-2.32086031377013),.UNSPECIFIED.);
#3321=B_SPLINE_CURVE_WITH_KNOTS('',1,(#6868,#6869),.UNSPECIFIED.,.F.,.F.,
(2,2),(-5.5327263703299,-5.52279324432916),.UNSPECIFIED.);
#3322=B_SPLINE_CURVE_WITH_KNOTS('',1,(#6887,#6888),.UNSPECIFIED.,.F.,.F.,
(2,2),(31.4739543664984,34.),.UNSPECIFIED.);
#3323=B_SPLINE_CURVE_WITH_KNOTS('',1,(#6889,#6890),.UNSPECIFIED.,.F.,.F.,
(2,2),(31.4739543664984,34.),.UNSPECIFIED.);
#3324=B_SPLINE_CURVE_WITH_KNOTS('',1,(#6891,#6892),.UNSPECIFIED.,.F.,.F.,
(2,2),(31.4739543664984,34.),.UNSPECIFIED.);
#3325=B_SPLINE_CURVE_WITH_KNOTS('',1,(#6893,#6894),.UNSPECIFIED.,.F.,.F.,
(2,2),(-3.00139075688362,0.),.UNSPECIFIED.);
#3326=B_SPLINE_CURVE_WITH_KNOTS('',1,(#6900,#6901),.UNSPECIFIED.,.F.,.F.,
(2,2),(2.32086031553548,5.5327263703299),.UNSPECIFIED.);
#3327=B_SPLINE_CURVE_WITH_KNOTS('',1,(#6902,#6903),.UNSPECIFIED.,.F.,.F.,
(2,2),(0.,2.96690003866004),.UNSPECIFIED.);
#3328=B_SPLINE_CURVE_WITH_KNOTS('',1,(#6908,#6909),.UNSPECIFIED.,.F.,.F.,
(2,2),(0.,2.96690003866004),.UNSPECIFIED.);
#3329=B_SPLINE_CURVE_WITH_KNOTS('',1,(#6922,#6923),.UNSPECIFIED.,.F.,.F.,
(2,2),(-5.11283011276271,-1.58762604105451),.UNSPECIFIED.);
#3330=B_SPLINE_CURVE_WITH_KNOTS('',1,(#6927,#6928),.UNSPECIFIED.,.F.,.F.,
(2,2),(2.3208603155331,5.5327263703299),.UNSPECIFIED.);
#3331=B_SPLINE_CURVE_WITH_KNOTS('',1,(#6933,#6934),.UNSPECIFIED.,.F.,.F.,
(2,2),(0.,2.96690003866004),.UNSPECIFIED.);
#3332=B_SPLINE_CURVE_WITH_KNOTS('',1,(#6935,#6936),.UNSPECIFIED.,.F.,.F.,
(2,2),(0.,2.96690003866004),.UNSPECIFIED.);
#3333=B_SPLINE_CURVE_WITH_KNOTS('',1,(#6949,#6950),.UNSPECIFIED.,.F.,.F.,
(2,2),(-39.4394895186666,-35.9142854469583),.UNSPECIFIED.);
#3334=B_SPLINE_CURVE_WITH_KNOTS('',1,(#6956,#6957),.UNSPECIFIED.,.F.,.F.,
(2,2),(2.32086031376956,5.5327263703299),.UNSPECIFIED.);
#3335=B_SPLINE_CURVE_WITH_KNOTS('',1,(#6958,#6959),.UNSPECIFIED.,.F.,.F.,
(2,2),(0.,2.96690003866004),.UNSPECIFIED.);
#3336=B_SPLINE_CURVE_WITH_KNOTS('',1,(#6964,#6965),.UNSPECIFIED.,.F.,.F.,
(2,2),(0.,2.96690003866004),.UNSPECIFIED.);
#3337=B_SPLINE_CURVE_WITH_KNOTS('',1,(#6981,#6982),.UNSPECIFIED.,.F.,.F.,
(2,2),(2.32086031377185,5.5327263703299),.UNSPECIFIED.);
#3338=B_SPLINE_CURVE_WITH_KNOTS('',1,(#6985,#6986),.UNSPECIFIED.,.F.,.F.,
(2,2),(0.,2.96690003866004),.UNSPECIFIED.);
#3339=B_SPLINE_CURVE_WITH_KNOTS('',1,(#6993,#6994),.UNSPECIFIED.,.F.,.F.,
(2,2),(-3.00139075688357,0.),.UNSPECIFIED.);
#3340=B_SPLINE_CURVE_WITH_KNOTS('',1,(#6997,#6998),.UNSPECIFIED.,.F.,.F.,
(2,2),(0.,2.96690003866004),.UNSPECIFIED.);
#3341=B_SPLINE_CURVE_WITH_KNOTS('',1,(#7077,#7078),.UNSPECIFIED.,.F.,.F.,
(2,2),(0.,6.99999999999999),.UNSPECIFIED.);
#3342=B_SPLINE_CURVE_WITH_KNOTS('',1,(#7087,#7088),.UNSPECIFIED.,.F.,.F.,
(2,2),(1.37016049547854E-15,7.),.UNSPECIFIED.);
#3343=B_SPLINE_CURVE_WITH_KNOTS('',1,(#7105,#7106),.UNSPECIFIED.,.F.,.F.,
(2,2),(24.6850355145732,25.8005107948835),.UNSPECIFIED.);
#3344=B_SPLINE_CURVE_WITH_KNOTS('',1,(#7107,#7108),.UNSPECIFIED.,.F.,.F.,
(2,2),(24.6850355145733,25.8005107948835),.UNSPECIFIED.);
#3345=B_SPLINE_CURVE_WITH_KNOTS('',1,(#7109,#7110),.UNSPECIFIED.,.F.,.F.,
(2,2),(0.,7.00000000000001),.UNSPECIFIED.);
#3346=B_SPLINE_CURVE_WITH_KNOTS('',1,(#7125,#7126),.UNSPECIFIED.,.F.,.F.,
(2,2),(24.6850355145733,25.8005107948835),.UNSPECIFIED.);
#3347=B_SPLINE_CURVE_WITH_KNOTS('',1,(#7127,#7128),.UNSPECIFIED.,.F.,.F.,
(2,2),(24.6850355145733,25.8005107948835),.UNSPECIFIED.);
#3348=B_SPLINE_CURVE_WITH_KNOTS('',1,(#7129,#7130),.UNSPECIFIED.,.F.,.F.,
(2,2),(0.,7.),.UNSPECIFIED.);
#3349=B_SPLINE_CURVE_WITH_KNOTS('',1,(#7160,#7161),.UNSPECIFIED.,.F.,.F.,
(2,2),(0.,7.),.UNSPECIFIED.);
#3350=B_SPLINE_CURVE_WITH_KNOTS('',1,(#7170,#7171),.UNSPECIFIED.,.F.,.F.,
(2,2),(13.2376039177712,13.9999999993641),.UNSPECIFIED.);
#3351=B_SPLINE_CURVE_WITH_KNOTS('',1,(#7172,#7173),.UNSPECIFIED.,.F.,.F.,
(2,2),(13.2376039177712,13.9999999993641),.UNSPECIFIED.);
#3352=B_SPLINE_CURVE_WITH_KNOTS('',1,(#7180,#7181),.UNSPECIFIED.,.F.,.F.,
(2,2),(0.,7.),.UNSPECIFIED.);
#3353=B_SPLINE_CURVE_WITH_KNOTS('',1,(#7254,#7255),.UNSPECIFIED.,.F.,.F.,
(2,2),(0.,5.99999999999986),.UNSPECIFIED.);
#3354=B_SPLINE_CURVE_WITH_KNOTS('',1,(#7256,#7257),.UNSPECIFIED.,.F.,.F.,
(2,2),(0.,5.99999999999986),.UNSPECIFIED.);
#3355=B_SPLINE_CURVE_WITH_KNOTS('',1,(#7258,#7259),.UNSPECIFIED.,.F.,.F.,
(2,2),(0.,2.),.UNSPECIFIED.);
#3356=B_SPLINE_CURVE_WITH_KNOTS('',1,(#7260,#7261),.UNSPECIFIED.,.F.,.F.,
(2,2),(5.99999999999986,6.99999999999978),.UNSPECIFIED.);
#3357=B_SPLINE_CURVE_WITH_KNOTS('',1,(#7262,#7263),.UNSPECIFIED.,.F.,.F.,
(2,2),(0.,6.00000000000021),.UNSPECIFIED.);
#3358=B_SPLINE_CURVE_WITH_KNOTS('',1,(#7264,#7265),.UNSPECIFIED.,.F.,.F.,
(2,2),(6.00000000000021,8.00000000000037),.UNSPECIFIED.);
#3359=B_SPLINE_CURVE_WITH_KNOTS('',1,(#7266,#7267),.UNSPECIFIED.,.F.,.F.,
(2,2),(17.866068747319,23.7321374946375),.UNSPECIFIED.);
#3360=B_SPLINE_CURVE_WITH_KNOTS('',1,(#7268,#7269),.UNSPECIFIED.,.F.,.F.,
(2,2),(0.,4.84466906805768),.UNSPECIFIED.);
#3361=B_SPLINE_CURVE_WITH_KNOTS('',1,(#7270,#7271),.UNSPECIFIED.,.F.,.F.,
(2,2),(0.,8.53927883751126),.UNSPECIFIED.);
#3362=B_SPLINE_CURVE_WITH_KNOTS('',1,(#7272,#7273),.UNSPECIFIED.,.F.,.F.,
(2,2),(0.,7.86606874731847),.UNSPECIFIED.);
#3363=B_SPLINE_CURVE_WITH_KNOTS('',1,(#7274,#7275),.UNSPECIFIED.,.F.,.F.,
(2,2),(14.9999999999996,15.9999999999996),.UNSPECIFIED.);
#3364=B_SPLINE_CURVE_WITH_KNOTS('',1,(#7276,#7277),.UNSPECIFIED.,.F.,.F.,
(2,2),(4.4335317233443,9.27820079140198),.UNSPECIFIED.);
#3365=B_SPLINE_CURVE_WITH_KNOTS('',1,(#7278,#7279),.UNSPECIFIED.,.F.,.F.,
(2,2),(0.,6.00000000000004),.UNSPECIFIED.);
#3366=B_SPLINE_CURVE_WITH_KNOTS('',1,(#7280,#7281),.UNSPECIFIED.,.F.,.F.,
(2,2),(0.,6.00000000000004),.UNSPECIFIED.);
#3367=B_SPLINE_CURVE_WITH_KNOTS('',1,(#7282,#7283),.UNSPECIFIED.,.F.,.F.,
(2,2),(-1.,0.),.UNSPECIFIED.);
#3368=B_SPLINE_CURVE_WITH_KNOTS('',1,(#7284,#7285),.UNSPECIFIED.,.F.,.F.,
(2,2),(0.,1.),.UNSPECIFIED.);
#3369=B_SPLINE_CURVE_WITH_KNOTS('',1,(#7286,#7287),.UNSPECIFIED.,.F.,.F.,
(2,2),(-6.00000000000021,-4.00000000000012),.UNSPECIFIED.);
#3370=B_SPLINE_CURVE_WITH_KNOTS('',1,(#7288,#7289),.UNSPECIFIED.,.F.,.F.,
(2,2),(-0.933034373659229,1.61492205215403),.UNSPECIFIED.);
#3371=B_SPLINE_CURVE_WITH_KNOTS('',1,(#7290,#7291),.UNSPECIFIED.,.F.,.F.,
(2,2),(-1.00000000000004,1.00000000000004),.UNSPECIFIED.);
#3372=B_SPLINE_CURVE_WITH_KNOTS('',1,(#7292,#7293),.UNSPECIFIED.,.F.,.F.,
(2,2),(-0.933034373659229,1.61492205215403),.UNSPECIFIED.);
#3373=B_SPLINE_CURVE_WITH_KNOTS('',1,(#7294,#7295),.UNSPECIFIED.,.F.,.F.,
(2,2),(13.8660687473189,17.866068747319),.UNSPECIFIED.);
#3374=B_SPLINE_CURVE_WITH_KNOTS('',1,(#7296,#7297),.UNSPECIFIED.,.F.,.F.,
(2,2),(1.,7.27820079140198),.UNSPECIFIED.);
#3375=B_SPLINE_CURVE_WITH_KNOTS('',1,(#7298,#7299),.UNSPECIFIED.,.F.,.F.,
(2,2),(0.,5.99999999999986),.UNSPECIFIED.);
#3376=B_SPLINE_CURVE_WITH_KNOTS('',1,(#7300,#7301),.UNSPECIFIED.,.F.,.F.,
(2,2),(0.,5.99999999999986),.UNSPECIFIED.);
#3377=B_SPLINE_CURVE_WITH_KNOTS('',1,(#7302,#7303),.UNSPECIFIED.,.F.,.F.,
(2,2),(0.,2.),.UNSPECIFIED.);
#3378=B_SPLINE_CURVE_WITH_KNOTS('',1,(#7304,#7305),.UNSPECIFIED.,.F.,.F.,
(2,2),(5.99999999999986,6.99999999999978),.UNSPECIFIED.);
#3379=B_SPLINE_CURVE_WITH_KNOTS('',1,(#7306,#7307),.UNSPECIFIED.,.F.,.F.,
(2,2),(0.,6.00000000000021),.UNSPECIFIED.);
#3380=B_SPLINE_CURVE_WITH_KNOTS('',1,(#7308,#7309),.UNSPECIFIED.,.F.,.F.,
(2,2),(6.00000000000021,8.00000000000037),.UNSPECIFIED.);
#3381=B_SPLINE_CURVE_WITH_KNOTS('',1,(#7310,#7311),.UNSPECIFIED.,.F.,.F.,
(2,2),(17.866068747319,23.7321374946375),.UNSPECIFIED.);
#3382=B_SPLINE_CURVE_WITH_KNOTS('',1,(#7312,#7313),.UNSPECIFIED.,.F.,.F.,
(2,2),(0.,4.84466906805768),.UNSPECIFIED.);
#3383=B_SPLINE_CURVE_WITH_KNOTS('',1,(#7314,#7315),.UNSPECIFIED.,.F.,.F.,
(2,2),(0.,8.53927883751126),.UNSPECIFIED.);
#3384=B_SPLINE_CURVE_WITH_KNOTS('',1,(#7316,#7317),.UNSPECIFIED.,.F.,.F.,
(2,2),(0.,7.86606874731847),.UNSPECIFIED.);
#3385=B_SPLINE_CURVE_WITH_KNOTS('',1,(#7318,#7319),.UNSPECIFIED.,.F.,.F.,
(2,2),(14.9999999999996,15.9999999999996),.UNSPECIFIED.);
#3386=B_SPLINE_CURVE_WITH_KNOTS('',1,(#7320,#7321),.UNSPECIFIED.,.F.,.F.,
(2,2),(4.4335317233443,9.27820079140198),.UNSPECIFIED.);
#3387=B_SPLINE_CURVE_WITH_KNOTS('',1,(#7322,#7323),.UNSPECIFIED.,.F.,.F.,
(2,2),(0.,6.00000000000004),.UNSPECIFIED.);
#3388=B_SPLINE_CURVE_WITH_KNOTS('',1,(#7324,#7325),.UNSPECIFIED.,.F.,.F.,
(2,2),(0.,6.00000000000004),.UNSPECIFIED.);
#3389=B_SPLINE_CURVE_WITH_KNOTS('',1,(#7326,#7327),.UNSPECIFIED.,.F.,.F.,
(2,2),(-1.,0.),.UNSPECIFIED.);
#3390=B_SPLINE_CURVE_WITH_KNOTS('',1,(#7328,#7329),.UNSPECIFIED.,.F.,.F.,
(2,2),(0.,1.),.UNSPECIFIED.);
#3391=B_SPLINE_CURVE_WITH_KNOTS('',1,(#7330,#7331),.UNSPECIFIED.,.F.,.F.,
(2,2),(-6.00000000000021,-4.00000000000012),.UNSPECIFIED.);
#3392=B_SPLINE_CURVE_WITH_KNOTS('',1,(#7332,#7333),.UNSPECIFIED.,.F.,.F.,
(2,2),(-0.933034373659229,1.61492205215403),.UNSPECIFIED.);
#3393=B_SPLINE_CURVE_WITH_KNOTS('',1,(#7334,#7335),.UNSPECIFIED.,.F.,.F.,
(2,2),(-1.00000000000004,1.00000000000004),.UNSPECIFIED.);
#3394=B_SPLINE_CURVE_WITH_KNOTS('',1,(#7336,#7337),.UNSPECIFIED.,.F.,.F.,
(2,2),(-0.933034373659229,1.61492205215403),.UNSPECIFIED.);
#3395=B_SPLINE_CURVE_WITH_KNOTS('',1,(#7338,#7339),.UNSPECIFIED.,.F.,.F.,
(2,2),(13.8660687473189,17.866068747319),.UNSPECIFIED.);
#3396=B_SPLINE_CURVE_WITH_KNOTS('',1,(#7340,#7341),.UNSPECIFIED.,.F.,.F.,
(2,2),(1.,7.27820079140198),.UNSPECIFIED.);
#3397=B_SPLINE_CURVE_WITH_KNOTS('',1,(#7342,#7343),.UNSPECIFIED.,.F.,.F.,
(2,2),(0.,5.99999999999986),.UNSPECIFIED.);
#3398=B_SPLINE_CURVE_WITH_KNOTS('',1,(#7344,#7345),.UNSPECIFIED.,.F.,.F.,
(2,2),(0.,5.99999999999986),.UNSPECIFIED.);
#3399=B_SPLINE_CURVE_WITH_KNOTS('',1,(#7346,#7347),.UNSPECIFIED.,.F.,.F.,
(2,2),(0.,2.),.UNSPECIFIED.);
#3400=B_SPLINE_CURVE_WITH_KNOTS('',1,(#7348,#7349),.UNSPECIFIED.,.F.,.F.,
(2,2),(5.99999999999986,6.99999999999978),.UNSPECIFIED.);
#3401=B_SPLINE_CURVE_WITH_KNOTS('',1,(#7350,#7351),.UNSPECIFIED.,.F.,.F.,
(2,2),(0.,6.00000000000021),.UNSPECIFIED.);
#3402=B_SPLINE_CURVE_WITH_KNOTS('',1,(#7352,#7353),.UNSPECIFIED.,.F.,.F.,
(2,2),(6.00000000000021,8.00000000000037),.UNSPECIFIED.);
#3403=B_SPLINE_CURVE_WITH_KNOTS('',1,(#7354,#7355),.UNSPECIFIED.,.F.,.F.,
(2,2),(17.866068747319,23.7321374946375),.UNSPECIFIED.);
#3404=B_SPLINE_CURVE_WITH_KNOTS('',1,(#7356,#7357),.UNSPECIFIED.,.F.,.F.,
(2,2),(0.,4.84466906805768),.UNSPECIFIED.);
#3405=B_SPLINE_CURVE_WITH_KNOTS('',1,(#7358,#7359),.UNSPECIFIED.,.F.,.F.,
(2,2),(0.,8.53927883751126),.UNSPECIFIED.);
#3406=B_SPLINE_CURVE_WITH_KNOTS('',1,(#7360,#7361),.UNSPECIFIED.,.F.,.F.,
(2,2),(0.,7.86606874731847),.UNSPECIFIED.);
#3407=B_SPLINE_CURVE_WITH_KNOTS('',1,(#7362,#7363),.UNSPECIFIED.,.F.,.F.,
(2,2),(14.9999999999996,15.9999999999996),.UNSPECIFIED.);
#3408=B_SPLINE_CURVE_WITH_KNOTS('',1,(#7364,#7365),.UNSPECIFIED.,.F.,.F.,
(2,2),(4.4335317233443,9.27820079140198),.UNSPECIFIED.);
#3409=B_SPLINE_CURVE_WITH_KNOTS('',1,(#7366,#7367),.UNSPECIFIED.,.F.,.F.,
(2,2),(0.,6.00000000000004),.UNSPECIFIED.);
#3410=B_SPLINE_CURVE_WITH_KNOTS('',1,(#7368,#7369),.UNSPECIFIED.,.F.,.F.,
(2,2),(0.,6.00000000000004),.UNSPECIFIED.);
#3411=B_SPLINE_CURVE_WITH_KNOTS('',1,(#7370,#7371),.UNSPECIFIED.,.F.,.F.,
(2,2),(-1.,0.),.UNSPECIFIED.);
#3412=B_SPLINE_CURVE_WITH_KNOTS('',1,(#7372,#7373),.UNSPECIFIED.,.F.,.F.,
(2,2),(0.,1.),.UNSPECIFIED.);
#3413=B_SPLINE_CURVE_WITH_KNOTS('',1,(#7374,#7375),.UNSPECIFIED.,.F.,.F.,
(2,2),(-6.00000000000021,-4.00000000000012),.UNSPECIFIED.);
#3414=B_SPLINE_CURVE_WITH_KNOTS('',1,(#7376,#7377),.UNSPECIFIED.,.F.,.F.,
(2,2),(-0.933034373659229,1.61492205215403),.UNSPECIFIED.);
#3415=B_SPLINE_CURVE_WITH_KNOTS('',1,(#7378,#7379),.UNSPECIFIED.,.F.,.F.,
(2,2),(-1.00000000000004,1.00000000000004),.UNSPECIFIED.);
#3416=B_SPLINE_CURVE_WITH_KNOTS('',1,(#7380,#7381),.UNSPECIFIED.,.F.,.F.,
(2,2),(-0.933034373659229,1.61492205215403),.UNSPECIFIED.);
#3417=B_SPLINE_CURVE_WITH_KNOTS('',1,(#7382,#7383),.UNSPECIFIED.,.F.,.F.,
(2,2),(13.8660687473189,17.866068747319),.UNSPECIFIED.);
#3418=B_SPLINE_CURVE_WITH_KNOTS('',1,(#7384,#7385),.UNSPECIFIED.,.F.,.F.,
(2,2),(1.,7.27820079140198),.UNSPECIFIED.);
#3419=B_SPLINE_CURVE_WITH_KNOTS('',1,(#7386,#7387),.UNSPECIFIED.,.F.,.F.,
(2,2),(-3.5,2.27820079140198),.UNSPECIFIED.);
#3420=B_SPLINE_CURVE_WITH_KNOTS('',1,(#7388,#7389),.UNSPECIFIED.,.F.,.F.,
(2,2),(-3.5,2.27820079140198),.UNSPECIFIED.);
#3421=B_SPLINE_CURVE_WITH_KNOTS('',1,(#7390,#7391),.UNSPECIFIED.,.F.,.F.,
(2,2),(-1.94445013253033,-1.61492205215403),.UNSPECIFIED.);
#3422=B_SPLINE_CURVE_WITH_KNOTS('',3,(#7392,#7393,#7394,#7395,#7396,#7397,
#7398,#7399,#7400,#7401,#7402,#7403),.UNSPECIFIED.,.F.,.F.,(4,1,1,1,1,1,
1,1,1,4),(0.,0.0555555555555878,0.111111111111157,0.166666666666704,0.222222222222247,
0.277777777777819,0.333333333333364,0.388888888888936,0.44444444444448,
0.500000000000047),.UNSPECIFIED.);
#3423=B_SPLINE_CURVE_WITH_KNOTS('',1,(#7404,#7405),.UNSPECIFIED.,.F.,.F.,
(2,2),(-1.94445013253037,-1.61492205215403),.UNSPECIFIED.);
#3424=B_SPLINE_CURVE_WITH_KNOTS('',3,(#7406,#7407,#7408,#7409,#7410,#7411,
#7412,#7413,#7414,#7415,#7416,#7417),.UNSPECIFIED.,.F.,.F.,(4,1,1,1,1,1,
1,1,1,4),(0.,0.055555555555573,0.11111111111115,0.166666666666705,0.222222222222256,
0.277777777777833,0.333333333333386,0.388888888888939,0.444444444444516,
0.500000000000044),.UNSPECIFIED.);
#3425=B_SPLINE_CURVE_WITH_KNOTS('',1,(#7418,#7419),.UNSPECIFIED.,.F.,.F.,
(2,2),(3.59712259978551E-14,4.00000000000014),.UNSPECIFIED.);
#3426=B_SPLINE_CURVE_WITH_KNOTS('',1,(#7420,#7421),.UNSPECIFIED.,.F.,.F.,
(2,2),(3.19744231092045E-14,4.00000000000013),.UNSPECIFIED.);
#3427=B_SPLINE_CURVE_WITH_KNOTS('',1,(#7438,#7439),.UNSPECIFIED.,.F.,.F.,
(2,2),(-3.5,2.27820079140198),.UNSPECIFIED.);
#3428=B_SPLINE_CURVE_WITH_KNOTS('',1,(#7440,#7441),.UNSPECIFIED.,.F.,.F.,
(2,2),(0.5,2.),.UNSPECIFIED.);
#3429=B_SPLINE_CURVE_WITH_KNOTS('',1,(#7442,#7443),.UNSPECIFIED.,.F.,.F.,
(2,2),(-3.5,2.27820079140198),.UNSPECIFIED.);
#3430=B_SPLINE_CURVE_WITH_KNOTS('',1,(#7444,#7445),.UNSPECIFIED.,.F.,.F.,
(2,2),(0.5,2.),.UNSPECIFIED.);
#3431=B_SPLINE_CURVE_WITH_KNOTS('',1,(#7446,#7447),.UNSPECIFIED.,.F.,.F.,
(2,2),(-3.5,2.27820079140198),.UNSPECIFIED.);
#3432=B_SPLINE_CURVE_WITH_KNOTS('',1,(#7448,#7449),.UNSPECIFIED.,.F.,.F.,
(2,2),(-1.94445013253033,-1.61492205215403),.UNSPECIFIED.);
#3433=B_SPLINE_CURVE_WITH_KNOTS('',3,(#7450,#7451,#7452,#7453,#7454,#7455,
#7456,#7457,#7458,#7459,#7460,#7461),.UNSPECIFIED.,.F.,.F.,(4,1,1,1,1,1,
1,1,1,4),(0.,0.0555555555555554,0.111111111111112,0.166666666666668,0.222222222222227,
0.277777777777784,0.333333333333341,0.388888888888895,0.444444444444454,
0.500000000000005),.UNSPECIFIED.);
#3434=B_SPLINE_CURVE_WITH_KNOTS('',3,(#7462,#7463,#7464,#7465,#7466,#7467,
#7468,#7469,#7470,#7471,#7472,#7473),.UNSPECIFIED.,.F.,.F.,(4,1,1,1,1,1,
1,1,1,4),(-0.499999999999973,-0.44444444444441,-0.388888888888856,-0.333333333333305,
-0.277777777777752,-0.2222222222222,-0.166666666666647,-0.111111111111097,
-0.0555555555555298,0.),.UNSPECIFIED.);
#3435=B_SPLINE_CURVE_WITH_KNOTS('',1,(#7474,#7475),.UNSPECIFIED.,.F.,.F.,
(2,2),(1.00000000000004,1.50000000000002),.UNSPECIFIED.);
#3436=B_SPLINE_CURVE_WITH_KNOTS('',3,(#7476,#7477,#7478,#7479,#7480,#7481,
#7482,#7483,#7484,#7485,#7486,#7487),.UNSPECIFIED.,.F.,.F.,(4,1,1,1,1,1,
1,1,1,4),(-0.500000000000003,-0.444444444444446,-0.388888888888886,-0.333333333333341,
-0.277777777777795,-0.222222222222229,-0.166666666666674,-0.111111111111125,
-0.0555555555555583,0.),.UNSPECIFIED.);
#3437=B_SPLINE_CURVE_WITH_KNOTS('',1,(#7488,#7489),.UNSPECIFIED.,.F.,.F.,
(2,2),(1.00000000000004,1.50000000000003),.UNSPECIFIED.);
#3438=B_SPLINE_CURVE_WITH_KNOTS('',1,(#7490,#7491),.UNSPECIFIED.,.F.,.F.,
(2,2),(7.1276318180935E-14,4.00000000000017),.UNSPECIFIED.);
#3439=B_SPLINE_CURVE_WITH_KNOTS('',1,(#7492,#7493),.UNSPECIFIED.,.F.,.F.,
(2,2),(-1.59872115546023E-14,4.00000000000005),.UNSPECIFIED.);
#3440=B_SPLINE_CURVE_WITH_KNOTS('',1,(#7494,#7495),.UNSPECIFIED.,.F.,.F.,
(2,2),(-1.55431223447522E-15,4.0000000000001),.UNSPECIFIED.);
#3441=B_SPLINE_CURVE_WITH_KNOTS('',1,(#7520,#7521),.UNSPECIFIED.,.F.,.F.,
(2,2),(0.5,2.),.UNSPECIFIED.);
#3442=B_SPLINE_CURVE_WITH_KNOTS('',1,(#7522,#7523),.UNSPECIFIED.,.F.,.F.,
(2,2),(-3.5,2.27820079140198),.UNSPECIFIED.);
#3443=B_SPLINE_CURVE_WITH_KNOTS('',3,(#7524,#7525,#7526,#7527,#7528,#7529,
#7530,#7531,#7532,#7533,#7534,#7535),.UNSPECIFIED.,.F.,.F.,(4,1,1,1,1,1,
1,1,1,4),(-0.5,-0.444444444444457,-0.388888888888886,-0.333333333333343,
-0.277777777777771,-0.222222222222229,-0.166666666666686,-0.111111111111114,
-0.0555555555555429,0.),.UNSPECIFIED.);
#3444=B_SPLINE_CURVE_WITH_KNOTS('',1,(#7536,#7537),.UNSPECIFIED.,.F.,.F.,
(2,2),(1.00000000000004,1.50000000000009),.UNSPECIFIED.);
#3445=B_SPLINE_CURVE_WITH_KNOTS('',1,(#7538,#7539),.UNSPECIFIED.,.F.,.F.,
(2,2),(1.55431223447522E-15,4.00000000000008),.UNSPECIFIED.);
#3446=VERTEX_POINT('',#4839);
#3447=VERTEX_POINT('',#4840);
#3448=VERTEX_POINT('',#4841);
#3449=VERTEX_POINT('',#4842);
#3450=VERTEX_POINT('',#4843);
#3451=VERTEX_POINT('',#4844);
#3452=VERTEX_POINT('',#4845);
#3453=VERTEX_POINT('',#4846);
#3454=VERTEX_POINT('',#4847);
#3455=VERTEX_POINT('',#4848);
#3456=VERTEX_POINT('',#4849);
#3457=VERTEX_POINT('',#4850);
#3458=VERTEX_POINT('',#4851);
#3459=VERTEX_POINT('',#4852);
#3460=VERTEX_POINT('',#4853);
#3461=VERTEX_POINT('',#4854);
#3462=VERTEX_POINT('',#4855);
#3463=VERTEX_POINT('',#4856);
#3464=VERTEX_POINT('',#4857);
#3465=VERTEX_POINT('',#4858);
#3466=VERTEX_POINT('',#4859);
#3467=VERTEX_POINT('',#4860);
#3468=VERTEX_POINT('',#4861);
#3469=VERTEX_POINT('',#4862);
#3470=VERTEX_POINT('',#4863);
#3471=VERTEX_POINT('',#4864);
#3472=VERTEX_POINT('',#4865);
#3473=VERTEX_POINT('',#4866);
#3474=VERTEX_POINT('',#4867);
#3475=VERTEX_POINT('',#4868);
#3476=VERTEX_POINT('',#4869);
#3477=VERTEX_POINT('',#4870);
#3478=VERTEX_POINT('',#4871);
#3479=VERTEX_POINT('',#4872);
#3480=VERTEX_POINT('',#4873);
#3481=VERTEX_POINT('',#4874);
#3482=VERTEX_POINT('',#4875);
#3483=VERTEX_POINT('',#4876);
#3484=VERTEX_POINT('',#4877);
#3485=VERTEX_POINT('',#4878);
#3486=VERTEX_POINT('',#4879);
#3487=VERTEX_POINT('',#4880);
#3488=VERTEX_POINT('',#4881);
#3489=VERTEX_POINT('',#4882);
#3490=VERTEX_POINT('',#4883);
#3491=VERTEX_POINT('',#4884);
#3492=VERTEX_POINT('',#4885);
#3493=VERTEX_POINT('',#4886);
#3494=VERTEX_POINT('',#4887);
#3495=VERTEX_POINT('',#4888);
#3496=VERTEX_POINT('',#4889);
#3497=VERTEX_POINT('',#4890);
#3498=VERTEX_POINT('',#4891);
#3499=VERTEX_POINT('',#4892);
#3500=VERTEX_POINT('',#4893);
#3501=VERTEX_POINT('',#4894);
#3502=VERTEX_POINT('',#4895);
#3503=VERTEX_POINT('',#4896);
#3504=VERTEX_POINT('',#4897);
#3505=VERTEX_POINT('',#4898);
#3506=VERTEX_POINT('',#4899);
#3507=VERTEX_POINT('',#4900);
#3508=VERTEX_POINT('',#4901);
#3509=VERTEX_POINT('',#4902);
#3510=VERTEX_POINT('',#4903);
#3511=VERTEX_POINT('',#4904);
#3512=VERTEX_POINT('',#4905);
#3513=VERTEX_POINT('',#4906);
#3514=VERTEX_POINT('',#4907);
#3515=VERTEX_POINT('',#4908);
#3516=VERTEX_POINT('',#4909);
#3517=VERTEX_POINT('',#4910);
#3518=VERTEX_POINT('',#4911);
#3519=VERTEX_POINT('',#4912);
#3520=VERTEX_POINT('',#4913);
#3521=VERTEX_POINT('',#4914);
#3522=VERTEX_POINT('',#4915);
#3523=VERTEX_POINT('',#4916);
#3524=VERTEX_POINT('',#4917);
#3525=VERTEX_POINT('',#4918);
#3526=VERTEX_POINT('',#4919);
#3527=VERTEX_POINT('',#4920);
#3528=VERTEX_POINT('',#4921);
#3529=VERTEX_POINT('',#4922);
#3530=VERTEX_POINT('',#4923);
#3531=VERTEX_POINT('',#4924);
#3532=VERTEX_POINT('',#4925);
#3533=VERTEX_POINT('',#4926);
#3534=VERTEX_POINT('',#4927);
#3535=VERTEX_POINT('',#4928);
#3536=VERTEX_POINT('',#4929);
#3537=VERTEX_POINT('',#4930);
#3538=VERTEX_POINT('',#4931);
#3539=VERTEX_POINT('',#4932);
#3540=VERTEX_POINT('',#4933);
#3541=VERTEX_POINT('',#4934);
#3542=VERTEX_POINT('',#4935);
#3543=VERTEX_POINT('',#4936);
#3544=VERTEX_POINT('',#4937);
#3545=VERTEX_POINT('',#4938);
#3546=VERTEX_POINT('',#4939);
#3547=VERTEX_POINT('',#4940);
#3548=VERTEX_POINT('',#4941);
#3549=VERTEX_POINT('',#4942);
#3550=VERTEX_POINT('',#4943);
#3551=VERTEX_POINT('',#4944);
#3552=VERTEX_POINT('',#4945);
#3553=VERTEX_POINT('',#4946);
#3554=VERTEX_POINT('',#4947);
#3555=VERTEX_POINT('',#4948);
#3556=VERTEX_POINT('',#4949);
#3557=VERTEX_POINT('',#4950);
#3558=VERTEX_POINT('',#4951);
#3559=VERTEX_POINT('',#4952);
#3560=VERTEX_POINT('',#4953);
#3561=VERTEX_POINT('',#4954);
#3562=VERTEX_POINT('',#4955);
#3563=VERTEX_POINT('',#4956);
#3564=VERTEX_POINT('',#4957);
#3565=VERTEX_POINT('',#4958);
#3566=VERTEX_POINT('',#4959);
#3567=VERTEX_POINT('',#4960);
#3568=VERTEX_POINT('',#4961);
#3569=VERTEX_POINT('',#4962);
#3570=VERTEX_POINT('',#4963);
#3571=VERTEX_POINT('',#4964);
#3572=VERTEX_POINT('',#4965);
#3573=VERTEX_POINT('',#4966);
#3574=VERTEX_POINT('',#4967);
#3575=VERTEX_POINT('',#4968);
#3576=VERTEX_POINT('',#4969);
#3577=VERTEX_POINT('',#4970);
#3578=VERTEX_POINT('',#4971);
#3579=VERTEX_POINT('',#4972);
#3580=VERTEX_POINT('',#4973);
#3581=VERTEX_POINT('',#4974);
#3582=VERTEX_POINT('',#4975);
#3583=VERTEX_POINT('',#4976);
#3584=VERTEX_POINT('',#4977);
#3585=VERTEX_POINT('',#4978);
#3586=VERTEX_POINT('',#4979);
#3587=VERTEX_POINT('',#4980);
#3588=VERTEX_POINT('',#4981);
#3589=VERTEX_POINT('',#4982);
#3590=VERTEX_POINT('',#4983);
#3591=VERTEX_POINT('',#4984);
#3592=VERTEX_POINT('',#4985);
#3593=VERTEX_POINT('',#4986);
#3594=VERTEX_POINT('',#4987);
#3595=VERTEX_POINT('',#4988);
#3596=VERTEX_POINT('',#4989);
#3597=VERTEX_POINT('',#4990);
#3598=VERTEX_POINT('',#4991);
#3599=VERTEX_POINT('',#4992);
#3600=VERTEX_POINT('',#4993);
#3601=VERTEX_POINT('',#4994);
#3602=VERTEX_POINT('',#4995);
#3603=VERTEX_POINT('',#4996);
#3604=VERTEX_POINT('',#4997);
#3605=VERTEX_POINT('',#4998);
#3606=VERTEX_POINT('',#4999);
#3607=VERTEX_POINT('',#5000);
#3608=VERTEX_POINT('',#5001);
#3609=VERTEX_POINT('',#5002);
#3610=VERTEX_POINT('',#5003);
#3611=VERTEX_POINT('',#5004);
#3612=VERTEX_POINT('',#5005);
#3613=VERTEX_POINT('',#5006);
#3614=VERTEX_POINT('',#5007);
#3615=VERTEX_POINT('',#5008);
#3616=VERTEX_POINT('',#5009);
#3617=VERTEX_POINT('',#5010);
#3618=VERTEX_POINT('',#5011);
#3619=VERTEX_POINT('',#5012);
#3620=VERTEX_POINT('',#5013);
#3621=VERTEX_POINT('',#5014);
#3622=VERTEX_POINT('',#5015);
#3623=VERTEX_POINT('',#5016);
#3624=VERTEX_POINT('',#5017);
#3625=VERTEX_POINT('',#5018);
#3626=VERTEX_POINT('',#5019);
#3627=VERTEX_POINT('',#5020);
#3628=VERTEX_POINT('',#5021);
#3629=VERTEX_POINT('',#5022);
#3630=VERTEX_POINT('',#5023);
#3631=VERTEX_POINT('',#5024);
#3632=VERTEX_POINT('',#5025);
#3633=VERTEX_POINT('',#5026);
#3634=VERTEX_POINT('',#5027);
#3635=VERTEX_POINT('',#5028);
#3636=VERTEX_POINT('',#5029);
#3637=VERTEX_POINT('',#5030);
#3638=VERTEX_POINT('',#5031);
#3639=VERTEX_POINT('',#5032);
#3640=VERTEX_POINT('',#5033);
#3641=VERTEX_POINT('',#5034);
#3642=VERTEX_POINT('',#5035);
#3643=VERTEX_POINT('',#5036);
#3644=VERTEX_POINT('',#5037);
#3645=VERTEX_POINT('',#5038);
#3646=VERTEX_POINT('',#5039);
#3647=VERTEX_POINT('',#5040);
#3648=VERTEX_POINT('',#5041);
#3649=VERTEX_POINT('',#5042);
#3650=VERTEX_POINT('',#5043);
#3651=VERTEX_POINT('',#5044);
#3652=VERTEX_POINT('',#5045);
#3653=VERTEX_POINT('',#5046);
#3654=VERTEX_POINT('',#5047);
#3655=VERTEX_POINT('',#5048);
#3656=VERTEX_POINT('',#5049);
#3657=VERTEX_POINT('',#5050);
#3658=VERTEX_POINT('',#5051);
#3659=VERTEX_POINT('',#5052);
#3660=VERTEX_POINT('',#5053);
#3661=VERTEX_POINT('',#5054);
#3662=VERTEX_POINT('',#5055);
#3663=VERTEX_POINT('',#5056);
#3664=VERTEX_POINT('',#6219);
#3665=VERTEX_POINT('',#6220);
#3666=VERTEX_POINT('',#6221);
#3667=VERTEX_POINT('',#6222);
#3668=VERTEX_POINT('',#6223);
#3669=VERTEX_POINT('',#6224);
#3670=VERTEX_POINT('',#6225);
#3671=VERTEX_POINT('',#6226);
#3672=VERTEX_POINT('',#6227);
#3673=VERTEX_POINT('',#6228);
#3674=VERTEX_POINT('',#6229);
#3675=VERTEX_POINT('',#6230);
#3676=VERTEX_POINT('',#6231);
#3677=VERTEX_POINT('',#6232);
#3678=VERTEX_POINT('',#6233);
#3679=VERTEX_POINT('',#6234);
#3680=VERTEX_POINT('',#6235);
#3681=VERTEX_POINT('',#6236);
#3682=VERTEX_POINT('',#6237);
#3683=VERTEX_POINT('',#6238);
#3684=VERTEX_POINT('',#6239);
#3685=VERTEX_POINT('',#6240);
#3686=VERTEX_POINT('',#6241);
#3687=VERTEX_POINT('',#6242);
#3688=VERTEX_POINT('',#6243);
#3689=VERTEX_POINT('',#6244);
#3690=VERTEX_POINT('',#6245);
#3691=VERTEX_POINT('',#6246);
#3692=VERTEX_POINT('',#6247);
#3693=VERTEX_POINT('',#6248);
#3694=VERTEX_POINT('',#6249);
#3695=VERTEX_POINT('',#6250);
#3696=VERTEX_POINT('',#6251);
#3697=VERTEX_POINT('',#6252);
#3698=VERTEX_POINT('',#6253);
#3699=VERTEX_POINT('',#6254);
#3700=VERTEX_POINT('',#6255);
#3701=VERTEX_POINT('',#6256);
#3702=VERTEX_POINT('',#6257);
#3703=VERTEX_POINT('',#6258);
#3704=VERTEX_POINT('',#6259);
#3705=VERTEX_POINT('',#6260);
#3706=VERTEX_POINT('',#6261);
#3707=VERTEX_POINT('',#6262);
#3708=VERTEX_POINT('',#6263);
#3709=VERTEX_POINT('',#6264);
#3710=VERTEX_POINT('',#6265);
#3711=VERTEX_POINT('',#6266);
#3712=VERTEX_POINT('',#6267);
#3713=VERTEX_POINT('',#6268);
#3714=VERTEX_POINT('',#6269);
#3715=VERTEX_POINT('',#6270);
#3716=VERTEX_POINT('',#6271);
#3717=VERTEX_POINT('',#6272);
#3718=VERTEX_POINT('',#6273);
#3719=VERTEX_POINT('',#6274);
#3720=VERTEX_POINT('',#6275);
#3721=VERTEX_POINT('',#6276);
#3722=VERTEX_POINT('',#6277);
#3723=VERTEX_POINT('',#6278);
#3724=VERTEX_POINT('',#6279);
#3725=VERTEX_POINT('',#6280);
#3726=VERTEX_POINT('',#6281);
#3727=VERTEX_POINT('',#6282);
#3728=VERTEX_POINT('',#6283);
#3729=VERTEX_POINT('',#6284);
#3730=VERTEX_POINT('',#6285);
#3731=VERTEX_POINT('',#6286);
#3732=VERTEX_POINT('',#6287);
#3733=VERTEX_POINT('',#6288);
#3734=VERTEX_POINT('',#6289);
#3735=VERTEX_POINT('',#6290);
#3736=VERTEX_POINT('',#6291);
#3737=VERTEX_POINT('',#6292);
#3738=VERTEX_POINT('',#6293);
#3739=VERTEX_POINT('',#6294);
#3740=VERTEX_POINT('',#6295);
#3741=VERTEX_POINT('',#6296);
#3742=VERTEX_POINT('',#6297);
#3743=VERTEX_POINT('',#6298);
#3744=VERTEX_POINT('',#6299);
#3745=VERTEX_POINT('',#6300);
#3746=VERTEX_POINT('',#6301);
#3747=VERTEX_POINT('',#6302);
#3748=VERTEX_POINT('',#6303);
#3749=VERTEX_POINT('',#6304);
#3750=VERTEX_POINT('',#6305);
#3751=VERTEX_POINT('',#6306);
#3752=VERTEX_POINT('',#6307);
#3753=VERTEX_POINT('',#6308);
#3754=VERTEX_POINT('',#6309);
#3755=VERTEX_POINT('',#6310);
#3756=VERTEX_POINT('',#6311);
#3757=VERTEX_POINT('',#6312);
#3758=VERTEX_POINT('',#6313);
#3759=VERTEX_POINT('',#6314);
#3760=VERTEX_POINT('',#6315);
#3761=VERTEX_POINT('',#6316);
#3762=VERTEX_POINT('',#6317);
#3763=VERTEX_POINT('',#6318);
#3764=VERTEX_POINT('',#6319);
#3765=VERTEX_POINT('',#6320);
#3766=VERTEX_POINT('',#6321);
#3767=VERTEX_POINT('',#6322);
#3768=VERTEX_POINT('',#6323);
#3769=VERTEX_POINT('',#6324);
#3770=VERTEX_POINT('',#6325);
#3771=VERTEX_POINT('',#6326);
#3772=VERTEX_POINT('',#6327);
#3773=VERTEX_POINT('',#6328);
#3774=VERTEX_POINT('',#6329);
#3775=VERTEX_POINT('',#6330);
#3776=VERTEX_POINT('',#6331);
#3777=VERTEX_POINT('',#6332);
#3778=VERTEX_POINT('',#6333);
#3779=VERTEX_POINT('',#6334);
#3780=VERTEX_POINT('',#6335);
#3781=VERTEX_POINT('',#6336);
#3782=VERTEX_POINT('',#6337);
#3783=VERTEX_POINT('',#6338);
#3784=VERTEX_POINT('',#6339);
#3785=VERTEX_POINT('',#6340);
#3786=VERTEX_POINT('',#6341);
#3787=VERTEX_POINT('',#6342);
#3788=VERTEX_POINT('',#6343);
#3789=VERTEX_POINT('',#6344);
#3790=VERTEX_POINT('',#6345);
#3791=VERTEX_POINT('',#6346);
#3792=VERTEX_POINT('',#6347);
#3793=VERTEX_POINT('',#6348);
#3794=VERTEX_POINT('',#6349);
#3795=VERTEX_POINT('',#6350);
#3796=VERTEX_POINT('',#6351);
#3797=VERTEX_POINT('',#6352);
#3798=VERTEX_POINT('',#6353);
#3799=VERTEX_POINT('',#6354);
#3800=VERTEX_POINT('',#6355);
#3801=VERTEX_POINT('',#6356);
#3802=VERTEX_POINT('',#6357);
#3803=VERTEX_POINT('',#6358);
#3804=VERTEX_POINT('',#6359);
#3805=VERTEX_POINT('',#6360);
#3806=VERTEX_POINT('',#6361);
#3807=VERTEX_POINT('',#6362);
#3808=VERTEX_POINT('',#6363);
#3809=VERTEX_POINT('',#6364);
#3810=VERTEX_POINT('',#6365);
#3811=VERTEX_POINT('',#6366);
#3812=VERTEX_POINT('',#6367);
#3813=VERTEX_POINT('',#6368);
#3814=VERTEX_POINT('',#6369);
#3815=VERTEX_POINT('',#6370);
#3816=VERTEX_POINT('',#6371);
#3817=VERTEX_POINT('',#6372);
#3818=VERTEX_POINT('',#6373);
#3819=VERTEX_POINT('',#6374);
#3820=VERTEX_POINT('',#6375);
#3821=VERTEX_POINT('',#6376);
#3822=VERTEX_POINT('',#6377);
#3823=VERTEX_POINT('',#6378);
#3824=VERTEX_POINT('',#6379);
#3825=VERTEX_POINT('',#6380);
#3826=VERTEX_POINT('',#6381);
#3827=VERTEX_POINT('',#6382);
#3828=VERTEX_POINT('',#6383);
#3829=VERTEX_POINT('',#6384);
#3830=VERTEX_POINT('',#6385);
#3831=VERTEX_POINT('',#6386);
#3832=VERTEX_POINT('',#6387);
#3833=VERTEX_POINT('',#6388);
#3834=VERTEX_POINT('',#6389);
#3835=VERTEX_POINT('',#6390);
#3836=VERTEX_POINT('',#6391);
#3837=VERTEX_POINT('',#6392);
#3838=VERTEX_POINT('',#6393);
#3839=VERTEX_POINT('',#6394);
#3840=VERTEX_POINT('',#6395);
#3841=VERTEX_POINT('',#6396);
#3842=VERTEX_POINT('',#6397);
#3843=VERTEX_POINT('',#6398);
#3844=VERTEX_POINT('',#6399);
#3845=VERTEX_POINT('',#6400);
#3846=VERTEX_POINT('',#6401);
#3847=VERTEX_POINT('',#6402);
#3848=VERTEX_POINT('',#6403);
#3849=VERTEX_POINT('',#6404);
#3850=VERTEX_POINT('',#6405);
#3851=VERTEX_POINT('',#6406);
#3852=VERTEX_POINT('',#6407);
#3853=VERTEX_POINT('',#6408);
#3854=VERTEX_POINT('',#6409);
#3855=VERTEX_POINT('',#6410);
#3856=VERTEX_POINT('',#6411);
#3857=VERTEX_POINT('',#6412);
#3858=VERTEX_POINT('',#6413);
#3859=VERTEX_POINT('',#6414);
#3860=VERTEX_POINT('',#6415);
#3861=VERTEX_POINT('',#6416);
#3862=VERTEX_POINT('',#6417);
#3863=VERTEX_POINT('',#6418);
#3864=VERTEX_POINT('',#6419);
#3865=VERTEX_POINT('',#6420);
#3866=VERTEX_POINT('',#6421);
#3867=VERTEX_POINT('',#6422);
#3868=VERTEX_POINT('',#6423);
#3869=VERTEX_POINT('',#6424);
#3870=VERTEX_POINT('',#6425);
#3871=VERTEX_POINT('',#6426);
#3872=VERTEX_POINT('',#6427);
#3873=VERTEX_POINT('',#6428);
#3874=VERTEX_POINT('',#6429);
#3875=VERTEX_POINT('',#6430);
#3876=VERTEX_POINT('',#6431);
#3877=VERTEX_POINT('',#6432);
#3878=VERTEX_POINT('',#6433);
#3879=VERTEX_POINT('',#6434);
#3880=VERTEX_POINT('',#6435);
#3881=VERTEX_POINT('',#6436);
#3882=VERTEX_POINT('',#6437);
#3883=VERTEX_POINT('',#6438);
#3884=VERTEX_POINT('',#6439);
#3885=VERTEX_POINT('',#6440);
#3886=VERTEX_POINT('',#6441);
#3887=VERTEX_POINT('',#6442);
#3888=VERTEX_POINT('',#6443);
#3889=VERTEX_POINT('',#6444);
#3890=VERTEX_POINT('',#6445);
#3891=VERTEX_POINT('',#6446);
#3892=VERTEX_POINT('',#6447);
#3893=VERTEX_POINT('',#6448);
#3894=VERTEX_POINT('',#6449);
#3895=VERTEX_POINT('',#6450);
#3896=VERTEX_POINT('',#6451);
#3897=VERTEX_POINT('',#6452);
#3898=VERTEX_POINT('',#6453);
#3899=VERTEX_POINT('',#6454);
#3900=VERTEX_POINT('',#6455);
#3901=VERTEX_POINT('',#6456);
#3902=(
BOUNDED_SURFACE()
B_SPLINE_SURFACE(2,1,((#4647,#4648),(#4649,#4650),(#4651,#4652),(#4653,
#4654),(#4655,#4656),(#4657,#4658),(#4659,#4660)),.UNSPECIFIED.,.F.,.F.,
 .F.)
B_SPLINE_SURFACE_WITH_KNOTS((3,2,2,3),(2,2),(-199.414477582911,-195.378756838948,
-191.343036094985,-191.110108996814),(0.,7.),.UNSPECIFIED.)
GEOMETRIC_REPRESENTATION_ITEM()
RATIONAL_B_SPLINE_SURFACE(((1.,1.),(0.919664089442512,0.919664089442512),
(1.00000000000723,1.00000000000723),(0.919664089445837,0.919664089445837),
(1.00000000000723,1.00000000000723),(0.999992440506942,0.999992440506942),
(1.,1.)))
REPRESENTATION_ITEM('')
SURFACE()
);
#3903=(
BOUNDED_SURFACE()
B_SPLINE_SURFACE(2,1,((#4670,#4671),(#4672,#4673),(#4674,#4675),(#4676,
#4677),(#4678,#4679),(#4680,#4681),(#4682,#4683)),.UNSPECIFIED.,.F.,.F.,
 .F.)
B_SPLINE_SURFACE_WITH_KNOTS((3,2,2,3),(2,2),(-248.032952151301,-243.635803523636,
-239.238654895972,-238.368005151798),(0.,7.),.UNSPECIFIED.)
GEOMETRIC_REPRESENTATION_ITEM()
RATIONAL_B_SPLINE_SURFACE(((1.,1.),(0.901665236544445,0.901665236544445),
(0.992922421588835,0.992922421588835),(0.898468767480262,0.898468767480262),
(0.992922421588835,0.992922421588835),(0.996348927575881,0.996348927575881),
(1.,1.)))
REPRESENTATION_ITEM('')
SURFACE()
);
#3904=(
BOUNDED_SURFACE()
B_SPLINE_SURFACE(2,1,((#4700,#4701),(#4702,#4703),(#4704,#4705),(#4706,
#4707),(#4708,#4709),(#4710,#4711),(#4712,#4713)),.UNSPECIFIED.,.F.,.F.,
 .F.)
B_SPLINE_SURFACE_WITH_KNOTS((3,2,2,3),(2,2),(-151.399940561505,-147.002791933839,
-142.605643306173,-141.734993556064),(0.,7.),.UNSPECIFIED.)
GEOMETRIC_REPRESENTATION_ITEM()
RATIONAL_B_SPLINE_SURFACE(((1.,1.),(0.90166523651086,0.90166523651086),
(0.992922421514929,0.992922421514929),(0.898468767413359,0.898468767413359),
(0.992922421514929,0.992922421514929),(0.996348927537353,0.996348927537353),
(1.,1.)))
REPRESENTATION_ITEM('')
SURFACE()
);
#3905=(
BOUNDED_SURFACE()
B_SPLINE_SURFACE(2,1,((#4728,#4729),(#4730,#4731),(#4732,#4733),(#4734,
#4735),(#4736,#4737),(#4738,#4739),(#4740,#4741)),.UNSPECIFIED.,.F.,.F.,
 .F.)
B_SPLINE_SURFACE_WITH_KNOTS((3,2,2,3),(2,2),(-230.601290174139,-230.368363072347,
-226.332642328384,-222.296921584421),(0.,7.),.UNSPECIFIED.)
GEOMETRIC_REPRESENTATION_ITEM()
RATIONAL_B_SPLINE_SURFACE(((1.,1.),(0.999992440506707,0.999992440506707),
(1.00000000000723,1.00000000000723),(0.919664089445838,0.919664089445838),
(1.00000000000723,1.00000000000723),(0.919664089442513,0.919664089442513),
(1.,1.)))
REPRESENTATION_ITEM('')
SURFACE()
);
#3906=(
BOUNDED_SURFACE()
B_SPLINE_SURFACE(2,1,((#4746,#4747),(#4748,#4749),(#4750,#4751),(#4752,
#4753),(#4754,#4755),(#4756,#4757),(#4758,#4759)),.UNSPECIFIED.,.F.,.F.,
 .F.)
B_SPLINE_SURFACE_WITH_KNOTS((3,2,2,3),(2,2),(-133.96827857841,-133.735351476699,
-129.699630732736,-125.663909988773),(0.,7.),.UNSPECIFIED.)
GEOMETRIC_REPRESENTATION_ITEM()
RATIONAL_B_SPLINE_SURFACE(((1.,1.),(0.999992440503096,0.999992440503096),
(1.,1.),(0.919664089439186,0.919664089439186),(1.,1.),(0.919664089439186,
0.919664089439186),(1.,1.)))
REPRESENTATION_ITEM('')
SURFACE()
);
#3907=(
BOUNDED_SURFACE()
B_SPLINE_SURFACE(2,1,((#4764,#4765),(#4766,#4767),(#4768,#4769),(#4770,
#4771),(#4772,#4773),(#4774,#4775),(#4776,#4777)),.UNSPECIFIED.,.F.,.F.,
 .F.)
B_SPLINE_SURFACE_WITH_KNOTS((3,2,2,3),(2,2),(-279.976405611815,-279.105755861723,
-274.708607234058,-270.311458606393),(0.,7.),.UNSPECIFIED.)
GEOMETRIC_REPRESENTATION_ITEM()
RATIONAL_B_SPLINE_SURFACE(((1.,1.),(0.996348927591631,0.996348927591631),
(0.992922421623111,0.992922421623111),(0.898468767511275,0.898468767511275),
(0.992922421623111,0.992922421623111),(0.901665236560005,0.901665236560005),
(1.,1.)))
REPRESENTATION_ITEM('')
SURFACE()
);
#3908=(
BOUNDED_SURFACE()
B_SPLINE_SURFACE(2,1,((#4778,#4779),(#4780,#4781),(#4782,#4783),(#4784,
#4785),(#4786,#4787),(#4788,#4789),(#4790,#4791)),.UNSPECIFIED.,.F.,.F.,
 .F.)
B_SPLINE_SURFACE_WITH_KNOTS((3,2,2,3),(2,2),(-183.34339402217,-182.472744271931,
-178.075595644265,-173.6784470166),(0.,7.),.UNSPECIFIED.)
GEOMETRIC_REPRESENTATION_ITEM()
RATIONAL_B_SPLINE_SURFACE(((1.,1.),(0.996348927520125,0.996348927520125),
(0.992922421480654,0.992922421480654),(0.898468767382344,0.898468767382344),
(0.992922421480654,0.992922421480654),(0.901665236495298,0.901665236495298),
(1.,1.)))
REPRESENTATION_ITEM('')
SURFACE()
);
#3909=(
BOUNDED_SURFACE()
B_SPLINE_SURFACE(2,1,((#6022,#6023),(#6024,#6025),(#6026,#6027),(#6028,
#6029),(#6030,#6031),(#6032,#6033),(#6034,#6035)),.UNSPECIFIED.,.F.,.F.,
 .F.)
B_SPLINE_SURFACE_WITH_KNOTS((3,2,2,3),(2,2),(-199.414477582911,-195.378756838948,
-191.343036094985,-191.110108996814),(0.,7.),.UNSPECIFIED.)
GEOMETRIC_REPRESENTATION_ITEM()
RATIONAL_B_SPLINE_SURFACE(((1.,1.),(0.919664089442512,0.919664089442512),
(1.00000000000723,1.00000000000723),(0.919664089445837,0.919664089445837),
(1.00000000000723,1.00000000000723),(0.999992440506942,0.999992440506942),
(1.,1.)))
REPRESENTATION_ITEM('')
SURFACE()
);
#3910=(
BOUNDED_SURFACE()
B_SPLINE_SURFACE(2,1,((#6045,#6046),(#6047,#6048),(#6049,#6050),(#6051,
#6052),(#6053,#6054),(#6055,#6056),(#6057,#6058)),.UNSPECIFIED.,.F.,.F.,
 .F.)
B_SPLINE_SURFACE_WITH_KNOTS((3,2,2,3),(2,2),(-248.032952151301,-243.635803523636,
-239.238654895972,-238.368005151798),(0.,7.),.UNSPECIFIED.)
GEOMETRIC_REPRESENTATION_ITEM()
RATIONAL_B_SPLINE_SURFACE(((1.,1.),(0.901665236544445,0.901665236544445),
(0.992922421588835,0.992922421588835),(0.898468767480262,0.898468767480262),
(0.992922421588835,0.992922421588835),(0.996348927575881,0.996348927575881),
(1.,1.)))
REPRESENTATION_ITEM('')
SURFACE()
);
#3911=(
BOUNDED_SURFACE()
B_SPLINE_SURFACE(2,1,((#6075,#6076),(#6077,#6078),(#6079,#6080),(#6081,
#6082),(#6083,#6084),(#6085,#6086),(#6087,#6088)),.UNSPECIFIED.,.F.,.F.,
 .F.)
B_SPLINE_SURFACE_WITH_KNOTS((3,2,2,3),(2,2),(-151.399940561505,-147.002791933839,
-142.605643306173,-141.734993556064),(0.,7.),.UNSPECIFIED.)
GEOMETRIC_REPRESENTATION_ITEM()
RATIONAL_B_SPLINE_SURFACE(((1.,1.),(0.90166523651086,0.90166523651086),
(0.992922421514929,0.992922421514929),(0.898468767413359,0.898468767413359),
(0.992922421514929,0.992922421514929),(0.996348927537353,0.996348927537353),
(1.,1.)))
REPRESENTATION_ITEM('')
SURFACE()
);
#3912=(
BOUNDED_SURFACE()
B_SPLINE_SURFACE(2,1,((#6103,#6104),(#6105,#6106),(#6107,#6108),(#6109,
#6110),(#6111,#6112),(#6113,#6114),(#6115,#6116)),.UNSPECIFIED.,.F.,.F.,
 .F.)
B_SPLINE_SURFACE_WITH_KNOTS((3,2,2,3),(2,2),(-230.601290174139,-230.368363072347,
-226.332642328384,-222.296921584421),(0.,7.),.UNSPECIFIED.)
GEOMETRIC_REPRESENTATION_ITEM()
RATIONAL_B_SPLINE_SURFACE(((1.,1.),(0.999992440506707,0.999992440506707),
(1.00000000000723,1.00000000000723),(0.919664089445838,0.919664089445838),
(1.00000000000723,1.00000000000723),(0.919664089442513,0.919664089442513),
(1.,1.)))
REPRESENTATION_ITEM('')
SURFACE()
);
#3913=(
BOUNDED_SURFACE()
B_SPLINE_SURFACE(2,1,((#6121,#6122),(#6123,#6124),(#6125,#6126),(#6127,
#6128),(#6129,#6130),(#6131,#6132),(#6133,#6134)),.UNSPECIFIED.,.F.,.F.,
 .F.)
B_SPLINE_SURFACE_WITH_KNOTS((3,2,2,3),(2,2),(-133.96827857841,-133.735351476699,
-129.699630732736,-125.663909988773),(0.,7.),.UNSPECIFIED.)
GEOMETRIC_REPRESENTATION_ITEM()
RATIONAL_B_SPLINE_SURFACE(((1.,1.),(0.999992440503096,0.999992440503096),
(1.,1.),(0.919664089439186,0.919664089439186),(1.,1.),(0.919664089439186,
0.919664089439186),(1.,1.)))
REPRESENTATION_ITEM('')
SURFACE()
);
#3914=(
BOUNDED_SURFACE()
B_SPLINE_SURFACE(2,1,((#6139,#6140),(#6141,#6142),(#6143,#6144),(#6145,
#6146),(#6147,#6148),(#6149,#6150),(#6151,#6152)),.UNSPECIFIED.,.F.,.F.,
 .F.)
B_SPLINE_SURFACE_WITH_KNOTS((3,2,2,3),(2,2),(-279.976405611815,-279.105755861723,
-274.708607234058,-270.311458606393),(0.,7.),.UNSPECIFIED.)
GEOMETRIC_REPRESENTATION_ITEM()
RATIONAL_B_SPLINE_SURFACE(((1.,1.),(0.996348927591631,0.996348927591631),
(0.992922421623111,0.992922421623111),(0.898468767511275,0.898468767511275),
(0.992922421623111,0.992922421623111),(0.901665236560005,0.901665236560005),
(1.,1.)))
REPRESENTATION_ITEM('')
SURFACE()
);
#3915=(
BOUNDED_SURFACE()
B_SPLINE_SURFACE(2,1,((#6153,#6154),(#6155,#6156),(#6157,#6158),(#6159,
#6160),(#6161,#6162),(#6163,#6164),(#6165,#6166)),.UNSPECIFIED.,.F.,.F.,
 .F.)
B_SPLINE_SURFACE_WITH_KNOTS((3,2,2,3),(2,2),(-183.34339402217,-182.472744271931,
-178.075595644265,-173.6784470166),(0.,7.),.UNSPECIFIED.)
GEOMETRIC_REPRESENTATION_ITEM()
RATIONAL_B_SPLINE_SURFACE(((1.,1.),(0.996348927520125,0.996348927520125),
(0.992922421480654,0.992922421480654),(0.898468767382344,0.898468767382344),
(0.992922421480654,0.992922421480654),(0.901665236495298,0.901665236495298),
(1.,1.)))
REPRESENTATION_ITEM('')
SURFACE()
);
#3916=CYLINDRICAL_SURFACE('',#4216,27.9999999988053);
#3917=CYLINDRICAL_SURFACE('',#4217,3.0000000000001);
#3918=CYLINDRICAL_SURFACE('',#4218,2.76636318516432);
#3919=CYLINDRICAL_SURFACE('',#4219,2.9999999999997);
#3920=CYLINDRICAL_SURFACE('',#4220,12.000000000008);
#3921=CYLINDRICAL_SURFACE('',#4221,2.99999999999967);
#3922=CYLINDRICAL_SURFACE('',#4222,2.76636318440122);
#3923=CYLINDRICAL_SURFACE('',#4223,3.00000000000016);
#3924=CYLINDRICAL_SURFACE('',#4224,12.000000000008);
#3925=CYLINDRICAL_SURFACE('',#4225,5.00000000000001);
#3926=CYLINDRICAL_SURFACE('',#4226,1.575);
#3927=CYLINDRICAL_SURFACE('',#4227,1.57500000000002);
#3928=CYLINDRICAL_SURFACE('',#4230,3.0000000000001);
#3929=CYLINDRICAL_SURFACE('',#4231,2.76636318516511);
#3930=CYLINDRICAL_SURFACE('',#4232,2.99999999999971);
#3931=CYLINDRICAL_SURFACE('',#4233,1.57500000000001);
#3932=CYLINDRICAL_SURFACE('',#4237,3.24915865816575);
#3933=CYLINDRICAL_SURFACE('',#4243,3.24915865816575);
#3934=CYLINDRICAL_SURFACE('',#4246,3.);
#3935=CYLINDRICAL_SURFACE('',#4247,2.76636318516359);
#3936=CYLINDRICAL_SURFACE('',#4248,3.00000000000018);
#3937=CYLINDRICAL_SURFACE('',#4249,1.57500000000002);
#3938=CYLINDRICAL_SURFACE('',#4253,3.24915865816576);
#3939=CYLINDRICAL_SURFACE('',#4259,3.24915865816574);
#3940=CYLINDRICAL_SURFACE('',#4260,0.999999999999979);
#3941=CYLINDRICAL_SURFACE('',#4261,0.999999999999999);
#3942=CYLINDRICAL_SURFACE('',#4262,1.00000000000005);
#3943=CYLINDRICAL_SURFACE('',#4263,0.999999999999974);
#3944=CYLINDRICAL_SURFACE('',#4264,1.00000000000002);
#3945=CYLINDRICAL_SURFACE('',#4265,1.00000000000005);
#3946=CYLINDRICAL_SURFACE('',#4266,0.999999999999998);
#3947=CYLINDRICAL_SURFACE('',#4267,0.999999999999967);
#3948=CYLINDRICAL_SURFACE('',#4270,4.99999999999999);
#3949=CYLINDRICAL_SURFACE('',#4272,5.00000000000018);
#3950=CYLINDRICAL_SURFACE('',#4273,9.0000000000477);
#3951=CYLINDRICAL_SURFACE('',#4274,5.00000000000001);
#3952=CYLINDRICAL_SURFACE('',#4275,9.00000000004769);
#3953=CYLINDRICAL_SURFACE('',#4277,5.00000000000012);
#3954=CYLINDRICAL_SURFACE('',#4278,5.);
#3955=CYLINDRICAL_SURFACE('',#4308,0.500000000000002);
#3956=CYLINDRICAL_SURFACE('',#4309,0.499999999999985);
#3957=CYLINDRICAL_SURFACE('',#4310,0.500000000000004);
#3958=CYLINDRICAL_SURFACE('',#4311,0.500000000000002);
#3959=CYLINDRICAL_SURFACE('',#4313,0.5);
#3960=CYLINDRICAL_SURFACE('',#4314,0.500000000000037);
#3961=CYLINDRICAL_SURFACE('',#4317,3.70660027313136);
#3962=CYLINDRICAL_SURFACE('',#4320,27.9999999988074);
#3963=CYLINDRICAL_SURFACE('',#4321,2.99999999999982);
#3964=CYLINDRICAL_SURFACE('',#4322,2.76636318516426);
#3965=CYLINDRICAL_SURFACE('',#4323,2.99999999999973);
#3966=CYLINDRICAL_SURFACE('',#4324,12.0000000000081);
#3967=CYLINDRICAL_SURFACE('',#4325,3.00000000000009);
#3968=CYLINDRICAL_SURFACE('',#4326,2.76636318440124);
#3969=CYLINDRICAL_SURFACE('',#4327,3.00000000000002);
#3970=CYLINDRICAL_SURFACE('',#4328,12.000000000008);
#3971=CYLINDRICAL_SURFACE('',#4329,5.00000000000001);
#3972=CYLINDRICAL_SURFACE('',#4330,1.57499999999999);
#3973=CYLINDRICAL_SURFACE('',#4331,1.57499999999999);
#3974=CYLINDRICAL_SURFACE('',#4334,3.00000000000015);
#3975=CYLINDRICAL_SURFACE('',#4335,2.76636318516515);
#3976=CYLINDRICAL_SURFACE('',#4336,2.99999999999997);
#3977=CYLINDRICAL_SURFACE('',#4337,1.57499999999999);
#3978=CYLINDRICAL_SURFACE('',#4341,3.24915865816575);
#3979=CYLINDRICAL_SURFACE('',#4347,3.24915865816575);
#3980=CYLINDRICAL_SURFACE('',#4350,3.00000000000003);
#3981=CYLINDRICAL_SURFACE('',#4351,2.76636318516356);
#3982=CYLINDRICAL_SURFACE('',#4352,2.99999999999999);
#3983=CYLINDRICAL_SURFACE('',#4353,1.57499999999999);
#3984=CYLINDRICAL_SURFACE('',#4357,3.24915865816575);
#3985=CYLINDRICAL_SURFACE('',#4363,3.24915865816575);
#3986=CYLINDRICAL_SURFACE('',#4364,1.00000000000004);
#3987=CYLINDRICAL_SURFACE('',#4365,1.00000000000003);
#3988=CYLINDRICAL_SURFACE('',#4366,1.00000000000009);
#3989=CYLINDRICAL_SURFACE('',#4367,0.999999999999931);
#3990=CYLINDRICAL_SURFACE('',#4368,1.00000000000001);
#3991=CYLINDRICAL_SURFACE('',#4369,1.00000000000003);
#3992=CYLINDRICAL_SURFACE('',#4370,1.00000000000001);
#3993=CYLINDRICAL_SURFACE('',#4371,0.999999999999944);
#3994=CYLINDRICAL_SURFACE('',#4372,4.99999999999995);
#3995=CYLINDRICAL_SURFACE('',#4374,5.00000000000019);
#3996=CYLINDRICAL_SURFACE('',#4375,9.00000000004771);
#3997=CYLINDRICAL_SURFACE('',#4376,4.99999999999998);
#3998=CYLINDRICAL_SURFACE('',#4377,9.0000000000477);
#3999=CYLINDRICAL_SURFACE('',#4379,5.0000000000001);
#4000=CYLINDRICAL_SURFACE('',#4380,4.99999999999999);
#4001=CYLINDRICAL_SURFACE('',#4383,1.);
#4002=CYLINDRICAL_SURFACE('',#4384,1.00000000000001);
#4003=CYLINDRICAL_SURFACE('',#4385,1.57500099869591);
#4004=CYLINDRICAL_SURFACE('',#4386,1.57500166472652);
#4005=CYLINDRICAL_SURFACE('',#4387,1.57500000000036);
#4006=CYLINDRICAL_SURFACE('',#4411,0.50000000000005);
#4007=CYLINDRICAL_SURFACE('',#4412,0.500000000000073);
#4008=CYLINDRICAL_SURFACE('',#4416,0.500000000000011);
#4009=CYLINDRICAL_SURFACE('',#4417,0.499999999999976);
#4010=CYLINDRICAL_SURFACE('',#4418,0.500000000000004);
#4011=CYLINDRICAL_SURFACE('',#4420,0.499999999999993);
#4012=PLANE('',#4214);
#4013=PLANE('',#4215);
#4014=PLANE('',#4228);
#4015=PLANE('',#4229);
#4016=PLANE('',#4234);
#4017=PLANE('',#4235);
#4018=PLANE('',#4236);
#4019=PLANE('',#4238);
#4020=PLANE('',#4239);
#4021=PLANE('',#4240);
#4022=PLANE('',#4241);
#4023=PLANE('',#4242);
#4024=PLANE('',#4244);
#4025=PLANE('',#4245);
#4026=PLANE('',#4250);
#4027=PLANE('',#4251);
#4028=PLANE('',#4252);
#4029=PLANE('',#4254);
#4030=PLANE('',#4255);
#4031=PLANE('',#4256);
#4032=PLANE('',#4257);
#4033=PLANE('',#4258);
#4034=PLANE('',#4268);
#4035=PLANE('',#4269);
#4036=PLANE('',#4271);
#4037=PLANE('',#4276);
#4038=PLANE('',#4279);
#4039=PLANE('',#4280);
#4040=PLANE('',#4281);
#4041=PLANE('',#4282);
#4042=PLANE('',#4283);
#4043=PLANE('',#4284);
#4044=PLANE('',#4285);
#4045=PLANE('',#4286);
#4046=PLANE('',#4287);
#4047=PLANE('',#4288);
#4048=PLANE('',#4289);
#4049=PLANE('',#4290);
#4050=PLANE('',#4291);
#4051=PLANE('',#4292);
#4052=PLANE('',#4293);
#4053=PLANE('',#4294);
#4054=PLANE('',#4295);
#4055=PLANE('',#4296);
#4056=PLANE('',#4297);
#4057=PLANE('',#4298);
#4058=PLANE('',#4299);
#4059=PLANE('',#4300);
#4060=PLANE('',#4301);
#4061=PLANE('',#4302);
#4062=PLANE('',#4303);
#4063=PLANE('',#4304);
#4064=PLANE('',#4305);
#4065=PLANE('',#4306);
#4066=PLANE('',#4307);
#4067=PLANE('',#4312);
#4068=PLANE('',#4315);
#4069=PLANE('',#4316);
#4070=PLANE('',#4318);
#4071=PLANE('',#4319);
#4072=PLANE('',#4332);
#4073=PLANE('',#4333);
#4074=PLANE('',#4338);
#4075=PLANE('',#4339);
#4076=PLANE('',#4340);
#4077=PLANE('',#4342);
#4078=PLANE('',#4343);
#4079=PLANE('',#4344);
#4080=PLANE('',#4345);
#4081=PLANE('',#4346);
#4082=PLANE('',#4348);
#4083=PLANE('',#4349);
#4084=PLANE('',#4354);
#4085=PLANE('',#4355);
#4086=PLANE('',#4356);
#4087=PLANE('',#4358);
#4088=PLANE('',#4359);
#4089=PLANE('',#4360);
#4090=PLANE('',#4361);
#4091=PLANE('',#4362);
#4092=PLANE('',#4373);
#4093=PLANE('',#4378);
#4094=PLANE('',#4381);
#4095=PLANE('',#4382);
#4096=PLANE('',#4388);
#4097=PLANE('',#4389);
#4098=PLANE('',#4390);
#4099=PLANE('',#4391);
#4100=PLANE('',#4392);
#4101=PLANE('',#4393);
#4102=PLANE('',#4394);
#4103=PLANE('',#4395);
#4104=PLANE('',#4396);
#4105=PLANE('',#4397);
#4106=PLANE('',#4398);
#4107=PLANE('',#4399);
#4108=PLANE('',#4400);
#4109=PLANE('',#4401);
#4110=PLANE('',#4402);
#4111=PLANE('',#4403);
#4112=PLANE('',#4404);
#4113=PLANE('',#4405);
#4114=PLANE('',#4406);
#4115=PLANE('',#4407);
#4116=PLANE('',#4408);
#4117=PLANE('',#4409);
#4118=PLANE('',#4410);
#4119=PLANE('',#4413);
#4120=PLANE('',#4414);
#4121=PLANE('',#4415);
#4122=PLANE('',#4419);
#4123=PLANE('',#4421);
#4124=PLANE('',#4422);
#4125=PLANE('',#4423);
#4126=SHAPE_DEFINITION_REPRESENTATION(#4127,#4212);
#4127=PRODUCT_DEFINITION_SHAPE('Document','',#4129);
#4128=PRODUCT_DEFINITION_CONTEXT('3D Mechanical Parts',#4201,'design');
#4129=PRODUCT_DEFINITION('A','First version',#4171,#4128);
#4130=DATE_TIME_ROLE('classification_date');
#4131=DATE_TIME_ROLE('creation_date');
#4132=APPLIED_DATE_AND_TIME_ASSIGNMENT(#4156,#4130,(#4135));
#4133=APPLIED_DATE_AND_TIME_ASSIGNMENT(#4158,#4131,(#4129));
#4134=SECURITY_CLASSIFICATION_LEVEL('unclassified');
#4135=SECURITY_CLASSIFICATION('A','Security for version',#4134);
#4136=APPLIED_SECURITY_CLASSIFICATION_ASSIGNMENT(#4135,(#4171));
#4137=APPROVAL_ROLE('Version approval');
#4138=APPROVAL_ROLE('Version Security approval');
#4139=APPROVAL_ROLE('Definition approval');
#4140=APPROVAL_PERSON_ORGANIZATION(#4189,#4165,#4137);
#4141=APPROVAL_PERSON_ORGANIZATION(#4190,#4166,#4138);
#4142=APPROVAL_PERSON_ORGANIZATION(#4193,#4167,#4139);
#4143=COORDINATED_UNIVERSAL_TIME_OFFSET(5,0,.BEHIND.);
#4144=LOCAL_TIME(0,0,0.,#4143);
#4145=LOCAL_TIME(0,0,0.,#4143);
#4146=LOCAL_TIME(0,0,0.,#4143);
#4147=LOCAL_TIME(0,0,0.,#4143);
#4148=LOCAL_TIME(0,0,0.,#4143);
#4149=CALENDAR_DATE(1999,1,1);
#4150=CALENDAR_DATE(1999,1,1);
#4151=CALENDAR_DATE(1999,1,1);
#4152=CALENDAR_DATE(1999,1,1);
#4153=CALENDAR_DATE(1999,1,1);
#4154=DATE_AND_TIME(#4149,#4144);
#4155=DATE_AND_TIME(#4150,#4145);
#4156=DATE_AND_TIME(#4151,#4146);
#4157=DATE_AND_TIME(#4152,#4147);
#4158=DATE_AND_TIME(#4153,#4148);
#4159=APPROVAL_DATE_TIME(#4154,#4165);
#4160=APPROVAL_DATE_TIME(#4155,#4166);
#4161=APPROVAL_DATE_TIME(#4157,#4167);
#4162=APPROVAL_STATUS('not_yet_approved');
#4163=APPROVAL_STATUS('not_yet_approved');
#4164=APPROVAL_STATUS('approved');
#4165=APPROVAL(#4162,'Version approval');
#4166=APPROVAL(#4163,'Version Security approval');
#4167=APPROVAL(#4164,'Definition approval');
#4168=APPLIED_APPROVAL_ASSIGNMENT(#4165,(#4171));
#4169=APPLIED_APPROVAL_ASSIGNMENT(#4166,(#4135));
#4170=APPLIED_APPROVAL_ASSIGNMENT(#4167,(#4129));
#4171=PRODUCT_DEFINITION_FORMATION_WITH_SPECIFIED_SOURCE('A',
'First version',#4203,.MADE.);
#4172=PERSON_AND_ORGANIZATION_ROLE('design_owner');
#4173=PERSON_AND_ORGANIZATION_ROLE('creator');
#4174=PERSON_AND_ORGANIZATION_ROLE('design_supplier');
#4175=PERSON_AND_ORGANIZATION_ROLE('classification_officer');
#4176=PERSON_AND_ORGANIZATION_ROLE('creator');
#4177=ORGANIZATION('STI','lab','lab');
#4178=ORGANIZATION('STI','unknown','unknown');
#4179=ORGANIZATION('STI','unknown','unknown');
#4180=ORGANIZATION('STI','unknown','unknown');
#4181=ORGANIZATION('STI','unknown','unknown');
#4182=ORGANIZATION('STI','unknown','unknown');
#4183=ORGANIZATION('STI','unknown','unknown');
#4184=PERSON('1','Box','vc60',$,$,$);
#4185=PERSON('2','last','first',$,$,$);
#4186=PERSON('3','President','Mr.',$,$,$);
#4187=PERSON_AND_ORGANIZATION(#4184,#4177);
#4188=PERSON_AND_ORGANIZATION(#4185,#4178);
#4189=PERSON_AND_ORGANIZATION(#4186,#4179);
#4190=PERSON_AND_ORGANIZATION(#4186,#4180);
#4191=PERSON_AND_ORGANIZATION(#4186,#4181);
#4192=PERSON_AND_ORGANIZATION(#4185,#4182);
#4193=PERSON_AND_ORGANIZATION(#4186,#4183);
#4194=APPLIED_PERSON_AND_ORGANIZATION_ASSIGNMENT(#4187,#4172,(#4203));
#4195=APPLIED_PERSON_AND_ORGANIZATION_ASSIGNMENT(#4188,#4173,(#4171));
#4196=APPLIED_PERSON_AND_ORGANIZATION_ASSIGNMENT(#4188,#4174,(#4171));
#4197=APPLIED_PERSON_AND_ORGANIZATION_ASSIGNMENT(#4191,#4175,(#4135));
#4198=APPLIED_PERSON_AND_ORGANIZATION_ASSIGNMENT(#4192,#4176,(#4129));
#4199=PRODUCT_RELATED_PRODUCT_CATEGORY('detail','detail',(#4203));
#4200=APPLICATION_PROTOCOL_DEFINITION('International Standard',
'config_control_design',1994,#4201);
#4201=APPLICATION_CONTEXT(
'configuration controlled 3d designs of mechanical parts and assemblie
s');
#4202=PRODUCT_CONTEXT('3D Mechanical Parts',#4201,'mechanical');
#4203=PRODUCT('Document','Document','',(#4202));
#4204=(
LENGTH_UNIT()
NAMED_UNIT(*)
SI_UNIT(.MILLI.,.METRE.)
);
#4205=(
NAMED_UNIT(*)
PLANE_ANGLE_UNIT()
SI_UNIT($,.RADIAN.)
);
#4206=DIMENSIONAL_EXPONENTS(0.,0.,0.,0.,0.,0.,0.);
#4207=PLANE_ANGLE_MEASURE_WITH_UNIT(PLANE_ANGLE_MEASURE(0.01745329252),
#4205);
#4208=(
CONVERSION_BASED_UNIT('DEGREES',#4207)
NAMED_UNIT(#4206)
PLANE_ANGLE_UNIT()
);
#4209=(
NAMED_UNIT(*)
SI_UNIT($,.STERADIAN.)
SOLID_ANGLE_UNIT()
);
#4210=UNCERTAINTY_MEASURE_WITH_UNIT(LENGTH_MEASURE(0.001),#4204,
'DISTANCE_ACCURACY_VALUE',
'Maximum model space distance between geometric entities at asserted c
onnectivities');
#4211=(
GEOMETRIC_REPRESENTATION_CONTEXT(3)
GLOBAL_UNCERTAINTY_ASSIGNED_CONTEXT((#4210))
GLOBAL_UNIT_ASSIGNED_CONTEXT((#4209,#4208,#4204))
REPRESENTATION_CONTEXT('ID1','3D')
);
#4212=SHAPE_REPRESENTATION('Document',(#4213,#4424),#4211);
#4213=AXIS2_PLACEMENT_3D('',#4639,#4425,#4426);
#4214=AXIS2_PLACEMENT_3D('',#4640,#4427,$);
#4215=AXIS2_PLACEMENT_3D('',#4641,#4428,$);
#4216=AXIS2_PLACEMENT_3D('',#4642,#4429,$);
#4217=AXIS2_PLACEMENT_3D('',#4643,#4430,$);
#4218=AXIS2_PLACEMENT_3D('',#4644,#4431,$);
#4219=AXIS2_PLACEMENT_3D('',#4645,#4432,$);
#4220=AXIS2_PLACEMENT_3D('',#4646,#4433,$);
#4221=AXIS2_PLACEMENT_3D('',#4661,#4434,$);
#4222=AXIS2_PLACEMENT_3D('',#4662,#4435,$);
#4223=AXIS2_PLACEMENT_3D('',#4663,#4436,$);
#4224=AXIS2_PLACEMENT_3D('',#4664,#4437,$);
#4225=AXIS2_PLACEMENT_3D('',#4665,#4438,$);
#4226=AXIS2_PLACEMENT_3D('',#4666,#4439,$);
#4227=AXIS2_PLACEMENT_3D('',#4667,#4440,$);
#4228=AXIS2_PLACEMENT_3D('',#4668,#4441,$);
#4229=AXIS2_PLACEMENT_3D('',#4669,#4442,$);
#4230=AXIS2_PLACEMENT_3D('',#4684,#4443,$);
#4231=AXIS2_PLACEMENT_3D('',#4685,#4444,$);
#4232=AXIS2_PLACEMENT_3D('',#4686,#4445,$);
#4233=AXIS2_PLACEMENT_3D('',#4687,#4446,$);
#4234=AXIS2_PLACEMENT_3D('',#4688,#4447,$);
#4235=AXIS2_PLACEMENT_3D('',#4689,#4448,$);
#4236=AXIS2_PLACEMENT_3D('',#4690,#4449,$);
#4237=AXIS2_PLACEMENT_3D('',#4691,#4450,$);
#4238=AXIS2_PLACEMENT_3D('',#4692,#4451,$);
#4239=AXIS2_PLACEMENT_3D('',#4693,#4452,$);
#4240=AXIS2_PLACEMENT_3D('',#4694,#4453,$);
#4241=AXIS2_PLACEMENT_3D('',#4695,#4454,$);
#4242=AXIS2_PLACEMENT_3D('',#4696,#4455,$);
#4243=AXIS2_PLACEMENT_3D('',#4697,#4456,$);
#4244=AXIS2_PLACEMENT_3D('',#4698,#4457,$);
#4245=AXIS2_PLACEMENT_3D('',#4699,#4458,$);
#4246=AXIS2_PLACEMENT_3D('',#4714,#4459,$);
#4247=AXIS2_PLACEMENT_3D('',#4715,#4460,$);
#4248=AXIS2_PLACEMENT_3D('',#4716,#4461,$);
#4249=AXIS2_PLACEMENT_3D('',#4717,#4462,$);
#4250=AXIS2_PLACEMENT_3D('',#4718,#4463,$);
#4251=AXIS2_PLACEMENT_3D('',#4719,#4464,$);
#4252=AXIS2_PLACEMENT_3D('',#4720,#4465,$);
#4253=AXIS2_PLACEMENT_3D('',#4721,#4466,$);
#4254=AXIS2_PLACEMENT_3D('',#4722,#4467,$);
#4255=AXIS2_PLACEMENT_3D('',#4723,#4468,$);
#4256=AXIS2_PLACEMENT_3D('',#4724,#4469,$);
#4257=AXIS2_PLACEMENT_3D('',#4725,#4470,$);
#4258=AXIS2_PLACEMENT_3D('',#4726,#4471,$);
#4259=AXIS2_PLACEMENT_3D('',#4727,#4472,$);
#4260=AXIS2_PLACEMENT_3D('',#4742,#4473,$);
#4261=AXIS2_PLACEMENT_3D('',#4743,#4474,$);
#4262=AXIS2_PLACEMENT_3D('',#4744,#4475,$);
#4263=AXIS2_PLACEMENT_3D('',#4745,#4476,$);
#4264=AXIS2_PLACEMENT_3D('',#4760,#4477,$);
#4265=AXIS2_PLACEMENT_3D('',#4761,#4478,$);
#4266=AXIS2_PLACEMENT_3D('',#4762,#4479,$);
#4267=AXIS2_PLACEMENT_3D('',#4763,#4480,$);
#4268=AXIS2_PLACEMENT_3D('',#4792,#4481,$);
#4269=AXIS2_PLACEMENT_3D('',#4793,#4482,$);
#4270=AXIS2_PLACEMENT_3D('',#4794,#4483,$);
#4271=AXIS2_PLACEMENT_3D('',#4795,#4484,$);
#4272=AXIS2_PLACEMENT_3D('',#4796,#4485,$);
#4273=AXIS2_PLACEMENT_3D('',#4797,#4486,$);
#4274=AXIS2_PLACEMENT_3D('',#4798,#4487,$);
#4275=AXIS2_PLACEMENT_3D('',#4799,#4488,$);
#4276=AXIS2_PLACEMENT_3D('',#4800,#4489,$);
#4277=AXIS2_PLACEMENT_3D('',#4801,#4490,$);
#4278=AXIS2_PLACEMENT_3D('',#4802,#4491,$);
#4279=AXIS2_PLACEMENT_3D('',#4803,#4492,$);
#4280=AXIS2_PLACEMENT_3D('',#4804,#4493,$);
#4281=AXIS2_PLACEMENT_3D('',#4805,#4494,$);
#4282=AXIS2_PLACEMENT_3D('',#4806,#4495,$);
#4283=AXIS2_PLACEMENT_3D('',#4807,#4496,$);
#4284=AXIS2_PLACEMENT_3D('',#4808,#4497,$);
#4285=AXIS2_PLACEMENT_3D('',#4809,#4498,$);
#4286=AXIS2_PLACEMENT_3D('',#4810,#4499,$);
#4287=AXIS2_PLACEMENT_3D('',#4811,#4500,$);
#4288=AXIS2_PLACEMENT_3D('',#4812,#4501,$);
#4289=AXIS2_PLACEMENT_3D('',#4813,#4502,$);
#4290=AXIS2_PLACEMENT_3D('',#4814,#4503,$);
#4291=AXIS2_PLACEMENT_3D('',#4815,#4504,$);
#4292=AXIS2_PLACEMENT_3D('',#4816,#4505,$);
#4293=AXIS2_PLACEMENT_3D('',#4817,#4506,$);
#4294=AXIS2_PLACEMENT_3D('',#4818,#4507,$);
#4295=AXIS2_PLACEMENT_3D('',#4819,#4508,$);
#4296=AXIS2_PLACEMENT_3D('',#4820,#4509,$);
#4297=AXIS2_PLACEMENT_3D('',#4821,#4510,$);
#4298=AXIS2_PLACEMENT_3D('',#4822,#4511,$);
#4299=AXIS2_PLACEMENT_3D('',#4823,#4512,$);
#4300=AXIS2_PLACEMENT_3D('',#4824,#4513,$);
#4301=AXIS2_PLACEMENT_3D('',#4825,#4514,$);
#4302=AXIS2_PLACEMENT_3D('',#4826,#4515,$);
#4303=AXIS2_PLACEMENT_3D('',#4827,#4516,$);
#4304=AXIS2_PLACEMENT_3D('',#4828,#4517,$);
#4305=AXIS2_PLACEMENT_3D('',#4829,#4518,$);
#4306=AXIS2_PLACEMENT_3D('',#4830,#4519,$);
#4307=AXIS2_PLACEMENT_3D('',#4831,#4520,$);
#4308=AXIS2_PLACEMENT_3D('',#4832,#4521,$);
#4309=AXIS2_PLACEMENT_3D('',#4833,#4522,$);
#4310=AXIS2_PLACEMENT_3D('',#4834,#4523,$);
#4311=AXIS2_PLACEMENT_3D('',#4835,#4524,$);
#4312=AXIS2_PLACEMENT_3D('',#4836,#4525,$);
#4313=AXIS2_PLACEMENT_3D('',#4837,#4526,$);
#4314=AXIS2_PLACEMENT_3D('',#4838,#4527,$);
#4315=AXIS2_PLACEMENT_3D('',#6012,#4528,$);
#4316=AXIS2_PLACEMENT_3D('',#6013,#4529,$);
#4317=AXIS2_PLACEMENT_3D('',#6014,#4530,$);
#4318=AXIS2_PLACEMENT_3D('',#6015,#4531,$);
#4319=AXIS2_PLACEMENT_3D('',#6016,#4532,$);
#4320=AXIS2_PLACEMENT_3D('',#6017,#4533,$);
#4321=AXIS2_PLACEMENT_3D('',#6018,#4534,$);
#4322=AXIS2_PLACEMENT_3D('',#6019,#4535,$);
#4323=AXIS2_PLACEMENT_3D('',#6020,#4536,$);
#4324=AXIS2_PLACEMENT_3D('',#6021,#4537,$);
#4325=AXIS2_PLACEMENT_3D('',#6036,#4538,$);
#4326=AXIS2_PLACEMENT_3D('',#6037,#4539,$);
#4327=AXIS2_PLACEMENT_3D('',#6038,#4540,$);
#4328=AXIS2_PLACEMENT_3D('',#6039,#4541,$);
#4329=AXIS2_PLACEMENT_3D('',#6040,#4542,$);
#4330=AXIS2_PLACEMENT_3D('',#6041,#4543,$);
#4331=AXIS2_PLACEMENT_3D('',#6042,#4544,$);
#4332=AXIS2_PLACEMENT_3D('',#6043,#4545,$);
#4333=AXIS2_PLACEMENT_3D('',#6044,#4546,$);
#4334=AXIS2_PLACEMENT_3D('',#6059,#4547,$);
#4335=AXIS2_PLACEMENT_3D('',#6060,#4548,$);
#4336=AXIS2_PLACEMENT_3D('',#6061,#4549,$);
#4337=AXIS2_PLACEMENT_3D('',#6062,#4550,$);
#4338=AXIS2_PLACEMENT_3D('',#6063,#4551,$);
#4339=AXIS2_PLACEMENT_3D('',#6064,#4552,$);
#4340=AXIS2_PLACEMENT_3D('',#6065,#4553,$);
#4341=AXIS2_PLACEMENT_3D('',#6066,#4554,$);
#4342=AXIS2_PLACEMENT_3D('',#6067,#4555,$);
#4343=AXIS2_PLACEMENT_3D('',#6068,#4556,$);
#4344=AXIS2_PLACEMENT_3D('',#6069,#4557,$);
#4345=AXIS2_PLACEMENT_3D('',#6070,#4558,$);
#4346=AXIS2_PLACEMENT_3D('',#6071,#4559,$);
#4347=AXIS2_PLACEMENT_3D('',#6072,#4560,$);
#4348=AXIS2_PLACEMENT_3D('',#6073,#4561,$);
#4349=AXIS2_PLACEMENT_3D('',#6074,#4562,$);
#4350=AXIS2_PLACEMENT_3D('',#6089,#4563,$);
#4351=AXIS2_PLACEMENT_3D('',#6090,#4564,$);
#4352=AXIS2_PLACEMENT_3D('',#6091,#4565,$);
#4353=AXIS2_PLACEMENT_3D('',#6092,#4566,$);
#4354=AXIS2_PLACEMENT_3D('',#6093,#4567,$);
#4355=AXIS2_PLACEMENT_3D('',#6094,#4568,$);
#4356=AXIS2_PLACEMENT_3D('',#6095,#4569,$);
#4357=AXIS2_PLACEMENT_3D('',#6096,#4570,$);
#4358=AXIS2_PLACEMENT_3D('',#6097,#4571,$);
#4359=AXIS2_PLACEMENT_3D('',#6098,#4572,$);
#4360=AXIS2_PLACEMENT_3D('',#6099,#4573,$);
#4361=AXIS2_PLACEMENT_3D('',#6100,#4574,$);
#4362=AXIS2_PLACEMENT_3D('',#6101,#4575,$);
#4363=AXIS2_PLACEMENT_3D('',#6102,#4576,$);
#4364=AXIS2_PLACEMENT_3D('',#6117,#4577,$);
#4365=AXIS2_PLACEMENT_3D('',#6118,#4578,$);
#4366=AXIS2_PLACEMENT_3D('',#6119,#4579,$);
#4367=AXIS2_PLACEMENT_3D('',#6120,#4580,$);
#4368=AXIS2_PLACEMENT_3D('',#6135,#4581,$);
#4369=AXIS2_PLACEMENT_3D('',#6136,#4582,$);
#4370=AXIS2_PLACEMENT_3D('',#6137,#4583,$);
#4371=AXIS2_PLACEMENT_3D('',#6138,#4584,$);
#4372=AXIS2_PLACEMENT_3D('',#6167,#4585,$);
#4373=AXIS2_PLACEMENT_3D('',#6168,#4586,$);
#4374=AXIS2_PLACEMENT_3D('',#6169,#4587,$);
#4375=AXIS2_PLACEMENT_3D('',#6170,#4588,$);
#4376=AXIS2_PLACEMENT_3D('',#6171,#4589,$);
#4377=AXIS2_PLACEMENT_3D('',#6172,#4590,$);
#4378=AXIS2_PLACEMENT_3D('',#6173,#4591,$);
#4379=AXIS2_PLACEMENT_3D('',#6174,#4592,$);
#4380=AXIS2_PLACEMENT_3D('',#6175,#4593,$);
#4381=AXIS2_PLACEMENT_3D('',#6176,#4594,$);
#4382=AXIS2_PLACEMENT_3D('',#6177,#4595,$);
#4383=AXIS2_PLACEMENT_3D('',#6178,#4596,$);
#4384=AXIS2_PLACEMENT_3D('',#6179,#4597,$);
#4385=AXIS2_PLACEMENT_3D('',#6180,#4598,$);
#4386=AXIS2_PLACEMENT_3D('',#6181,#4599,$);
#4387=AXIS2_PLACEMENT_3D('',#6182,#4600,$);
#4388=AXIS2_PLACEMENT_3D('',#6183,#4601,$);
#4389=AXIS2_PLACEMENT_3D('',#6184,#4602,$);
#4390=AXIS2_PLACEMENT_3D('',#6185,#4603,$);
#4391=AXIS2_PLACEMENT_3D('',#6186,#4604,$);
#4392=AXIS2_PLACEMENT_3D('',#6187,#4605,$);
#4393=AXIS2_PLACEMENT_3D('',#6188,#4606,$);
#4394=AXIS2_PLACEMENT_3D('',#6189,#4607,$);
#4395=AXIS2_PLACEMENT_3D('',#6190,#4608,$);
#4396=AXIS2_PLACEMENT_3D('',#6191,#4609,$);
#4397=AXIS2_PLACEMENT_3D('',#6192,#4610,$);
#4398=AXIS2_PLACEMENT_3D('',#6193,#4611,$);
#4399=AXIS2_PLACEMENT_3D('',#6194,#4612,$);
#4400=AXIS2_PLACEMENT_3D('',#6195,#4613,$);
#4401=AXIS2_PLACEMENT_3D('',#6196,#4614,$);
#4402=AXIS2_PLACEMENT_3D('',#6197,#4615,$);
#4403=AXIS2_PLACEMENT_3D('',#6198,#4616,$);
#4404=AXIS2_PLACEMENT_3D('',#6199,#4617,$);
#4405=AXIS2_PLACEMENT_3D('',#6200,#4618,$);
#4406=AXIS2_PLACEMENT_3D('',#6201,#4619,$);
#4407=AXIS2_PLACEMENT_3D('',#6202,#4620,$);
#4408=AXIS2_PLACEMENT_3D('',#6203,#4621,$);
#4409=AXIS2_PLACEMENT_3D('',#6204,#4622,$);
#4410=AXIS2_PLACEMENT_3D('',#6205,#4623,$);
#4411=AXIS2_PLACEMENT_3D('',#6206,#4624,$);
#4412=AXIS2_PLACEMENT_3D('',#6207,#4625,$);
#4413=AXIS2_PLACEMENT_3D('',#6208,#4626,$);
#4414=AXIS2_PLACEMENT_3D('',#6209,#4627,$);
#4415=AXIS2_PLACEMENT_3D('',#6210,#4628,$);
#4416=AXIS2_PLACEMENT_3D('',#6211,#4629,$);
#4417=AXIS2_PLACEMENT_3D('',#6212,#4630,$);
#4418=AXIS2_PLACEMENT_3D('',#6213,#4631,$);
#4419=AXIS2_PLACEMENT_3D('',#6214,#4632,$);
#4420=AXIS2_PLACEMENT_3D('',#6215,#4633,$);
#4421=AXIS2_PLACEMENT_3D('',#6216,#4634,$);
#4422=AXIS2_PLACEMENT_3D('',#6217,#4635,$);
#4423=AXIS2_PLACEMENT_3D('',#6218,#4636,$);
#4424=AXIS2_PLACEMENT_3D('',#7548,#4637,#4638);
#4425=DIRECTION('',(0.,0.,1.));
#4426=DIRECTION('',(1.,0.,0.));
#4427=DIRECTION('',(0.,-1.,0.));
#4428=DIRECTION('',(0.,1.,0.));
#4429=DIRECTION('',(-1.66306724966922E-12,-1.27909784831184E-12,1.));
#4430=DIRECTION('',(0.,0.,-1.));
#4431=DIRECTION('',(-8.66009662696466E-16,-8.66009662835782E-16,1.));
#4432=DIRECTION('',(0.,0.,-1.));
#4433=DIRECTION('',(1.72701359386017E-16,2.46723759536211E-28,-1.));
#4434=DIRECTION('',(-5.92398052232829E-15,-2.17583261231027E-15,-1.));
#4435=DIRECTION('',(1.29901449523875E-15,1.29901449502973E-15,1.));
#4436=DIRECTION('',(-1.08791630663181E-15,-2.96199026098957E-15,-1.));
#4437=DIRECTION('',(0.,0.,-1.));
#4438=DIRECTION('',(0.,0.,1.));
#4439=DIRECTION('',(0.,0.,-1.));
#4440=DIRECTION('',(0.,0.,-1.));
#4441=DIRECTION('',(0.,1.,0.));
#4442=DIRECTION('',(0.,0.,-1.));
#4443=DIRECTION('',(2.17583261061256E-15,-5.92398051981296E-15,-1.));
#4444=DIRECTION('',(0.,0.,1.));
#4445=DIRECTION('',(-2.96199025973116E-15,1.08791630578273E-15,-1.));
#4446=DIRECTION('',(0.,0.,-1.));
#4447=DIRECTION('',(0.,1.,0.));
#4448=DIRECTION('',(-1.,0.,0.));
#4449=DIRECTION('',(-1.,0.,0.));
#4450=DIRECTION('',(0.,0.,1.));
#4451=DIRECTION('',(0.,-1.,0.));
#4452=DIRECTION('',(0.,0.,-1.));
#4453=DIRECTION('',(0.,-1.,0.));
#4454=DIRECTION('',(-1.,0.,0.));
#4455=DIRECTION('',(-1.,0.,0.));
#4456=DIRECTION('',(0.,0.,-1.));
#4457=DIRECTION('',(0.,-1.,0.));
#4458=DIRECTION('',(0.,0.,-1.));
#4459=DIRECTION('',(0.,0.,-1.));
#4460=DIRECTION('',(0.,0.,1.));
#4461=DIRECTION('',(-2.96199025973378E-15,1.08791630578453E-15,-1.));
#4462=DIRECTION('',(0.,0.,-1.));
#4463=DIRECTION('',(0.,-1.,0.));
#4464=DIRECTION('',(1.,0.,0.));
#4465=DIRECTION('',(1.,0.,0.));
#4466=DIRECTION('',(0.,0.,1.));
#4467=DIRECTION('',(0.,1.,0.));
#4468=DIRECTION('',(0.,0.,-1.));
#4469=DIRECTION('',(0.,1.,0.));
#4470=DIRECTION('',(1.,0.,0.));
#4471=DIRECTION('',(1.,0.,0.));
#4472=DIRECTION('',(0.,0.,-1.));
#4473=DIRECTION('',(-1.73038841141808E-14,2.18167429481891E-14,1.));
#4474=DIRECTION('',(1.42718103443715E-13,-1.54850021444246E-13,-1.));
#4475=DIRECTION('',(4.70256745986399E-14,5.32566539032396E-14,1.));
#4476=DIRECTION('',(-2.53407413493879E-14,-1.95927405474605E-14,-1.));
#4477=DIRECTION('',(-6.08563036082072E-14,5.04786505785102E-14,1.));
#4478=DIRECTION('',(-5.47384153748944E-14,5.96137386845235E-14,-1.));
#4479=DIRECTION('',(-3.31889977409579E-14,-3.07235122843408E-14,-1.));
#4480=DIRECTION('',(2.42380478324247E-13,2.53303583574367E-13,1.));
#4481=DIRECTION('',(0.,0.,1.));
#4482=DIRECTION('',(0.,0.,-1.));
#4483=DIRECTION('',(3.62331336789998E-15,1.35379854603933E-15,1.));
#4484=DIRECTION('',(0.,-1.,0.));
#4485=DIRECTION('',(-3.230240173798E-14,4.94096214104744E-14,-1.));
#4486=DIRECTION('',(-3.67459913255642E-17,-3.93238296941611E-16,-1.));
#4487=DIRECTION('',(-7.47934370246678E-14,-1.29649792637747E-13,-1.));
#4488=DIRECTION('',(8.63567236867371E-18,1.10180459231926E-16,1.));
#4489=DIRECTION('',(0.,1.,0.));
#4490=DIRECTION('',(-2.04218312433144E-14,2.95817162191884E-14,1.));
#4491=DIRECTION('',(0.,0.,1.));
#4492=DIRECTION('',(0.,1.,0.));
#4493=DIRECTION('',(0.,0.,-1.));
#4494=DIRECTION('',(1.,0.,0.));
#4495=DIRECTION('',(0.,0.,-1.));
#4496=DIRECTION('',(0.,1.,0.));
#4497=DIRECTION('',(-7.8504622934189E-17,0.707106781186548,-0.707106781186547));
#4498=DIRECTION('',(0.,-1.,0.));
#4499=DIRECTION('',(-1.,0.,0.));
#4500=DIRECTION('',(0.866025403784439,-0.5,0.));
#4501=DIRECTION('',(0.,0.,-1.));
#4502=DIRECTION('',(-0.866025403784438,0.500000000000001,0.));
#4503=DIRECTION('',(0.5,0.866025403784439,9.61481343191782E-17));
#4504=DIRECTION('',(-0.5,-0.866025403784439,2.40370335797945E-17));
#4505=DIRECTION('',(0.,0.,-1.));
#4506=DIRECTION('',(0.866025403784437,-0.500000000000002,0.));
#4507=DIRECTION('',(0.612372435695796,-0.353553390593277,-0.707106781186544));
#4508=DIRECTION('',(-0.86602540378444,0.499999999999998,0.));
#4509=DIRECTION('',(0.500000000000001,0.866025403784438,0.));
#4510=DIRECTION('',(-0.86602540378444,-0.499999999999997,-1.56265627777053E-15));
#4511=DIRECTION('',(0.,0.,-1.));
#4512=DIRECTION('',(0.866025403784441,0.499999999999996,0.));
#4513=DIRECTION('',(0.499999999999999,-0.866025403784439,-2.22044604925031E-16));
#4514=DIRECTION('',(-0.500000000000001,0.866025403784438,4.80740671595891E-17));
#4515=DIRECTION('',(0.,0.,-1.));
#4516=DIRECTION('',(-0.866025403784438,-0.500000000000001,0.));
#4517=DIRECTION('',(-0.612372435695799,-0.353553390593277,-0.707106781186542));
#4518=DIRECTION('',(0.866025403784437,0.500000000000003,0.));
#4519=DIRECTION('',(0.499999999999999,-0.866025403784439,0.));
#4520=DIRECTION('',(0.,-1.,0.));
#4521=DIRECTION('',(-1.,-1.15410903497941E-13,1.24867889388767E-14));
#4522=DIRECTION('',(-0.500000000001197,-0.866025403783747,-1.34900278274949E-12));
#4523=DIRECTION('',(-0.499999999999255,0.866025403784868,-8.51502725103737E-13));
#4524=DIRECTION('',(0.866025403784421,0.500000000000031,6.2350838930475E-14));
#4525=DIRECTION('',(-1.,0.,0.));
#4526=DIRECTION('',(-1.77605052544483E-13,1.,-1.74052338865673E-13));
#4527=DIRECTION('',(-0.866025403784029,0.50000000000071,-7.05258011545668E-13));
#4528=DIRECTION('',(1.,0.,0.));
#4529=DIRECTION('',(-1.,0.,0.));
#4530=DIRECTION('',(0.,0.,-1.));
#4531=DIRECTION('',(0.,-1.,0.));
#4532=DIRECTION('',(0.,1.,0.));
#4533=DIRECTION('',(-1.66306724966922E-12,-1.27909784831184E-12,1.));
#4534=DIRECTION('',(0.,0.,-1.));
#4535=DIRECTION('',(-8.66009662696448E-16,-8.66009662835763E-16,1.));
#4536=DIRECTION('',(0.,0.,-1.));
#4537=DIRECTION('',(1.72701359386017E-16,2.47222191373659E-28,-1.));
#4538=DIRECTION('',(-5.92398052232915E-15,-2.17583261231059E-15,-1.));
#4539=DIRECTION('',(1.29901449523874E-15,1.29901449502973E-15,1.));
#4540=DIRECTION('',(-1.08791630663185E-15,-2.96199026098957E-15,-1.));
#4541=DIRECTION('',(0.,0.,-1.));
#4542=DIRECTION('',(0.,0.,1.));
#4543=DIRECTION('',(0.,0.,-1.));
#4544=DIRECTION('',(0.,0.,-1.));
#4545=DIRECTION('',(0.,1.,0.));
#4546=DIRECTION('',(0.,0.,-1.));
#4547=DIRECTION('',(2.17583261061263E-15,-5.92398051981316E-15,-1.));
#4548=DIRECTION('',(0.,0.,1.));
#4549=DIRECTION('',(-2.96199025973138E-15,1.08791630578286E-15,-1.));
#4550=DIRECTION('',(0.,0.,-1.));
#4551=DIRECTION('',(0.,1.,0.));
#4552=DIRECTION('',(-1.,0.,0.));
#4553=DIRECTION('',(-1.,0.,0.));
#4554=DIRECTION('',(0.,0.,1.));
#4555=DIRECTION('',(0.,-1.,0.));
#4556=DIRECTION('',(0.,0.,-1.));
#4557=DIRECTION('',(0.,-1.,0.));
#4558=DIRECTION('',(-1.,0.,0.));
#4559=DIRECTION('',(-1.,0.,0.));
#4560=DIRECTION('',(0.,0.,-1.));
#4561=DIRECTION('',(0.,-1.,0.));
#4562=DIRECTION('',(0.,0.,-1.));
#4563=DIRECTION('',(0.,0.,-1.));
#4564=DIRECTION('',(0.,0.,1.));
#4565=DIRECTION('',(-2.96199025973362E-15,1.08791630578446E-15,-1.));
#4566=DIRECTION('',(0.,0.,-1.));
#4567=DIRECTION('',(0.,-1.,0.));
#4568=DIRECTION('',(1.,0.,0.));
#4569=DIRECTION('',(1.,0.,0.));
#4570=DIRECTION('',(0.,0.,1.));
#4571=DIRECTION('',(0.,1.,0.));
#4572=DIRECTION('',(0.,0.,-1.));
#4573=DIRECTION('',(0.,1.,0.));
#4574=DIRECTION('',(1.,0.,0.));
#4575=DIRECTION('',(1.,0.,0.));
#4576=DIRECTION('',(0.,0.,-1.));
#4577=DIRECTION('',(-1.73038841141804E-14,2.18167429481898E-14,1.));
#4578=DIRECTION('',(1.42718103443713E-13,-1.54850021444246E-13,-1.));
#4579=DIRECTION('',(4.70256745986406E-14,5.32566539032403E-14,1.));
#4580=DIRECTION('',(-2.53407413493875E-14,-1.95927405474598E-14,-1.));
#4581=DIRECTION('',(-6.08563036082068E-14,5.04786505785096E-14,1.));
#4582=DIRECTION('',(-5.47384153748922E-14,5.96137386845211E-14,-1.));
#4583=DIRECTION('',(-3.31889977409585E-14,-3.07235122843412E-14,-1.));
#4584=DIRECTION('',(2.42380478324238E-13,2.53303583574357E-13,1.));
#4585=DIRECTION('',(3.62331336790001E-15,1.35379854603934E-15,1.));
#4586=DIRECTION('',(0.,-1.,0.));
#4587=DIRECTION('',(-3.23024017379799E-14,4.94096214104743E-14,-1.));
#4588=DIRECTION('',(-3.6745991325564E-17,-3.93238296941611E-16,-1.));
#4589=DIRECTION('',(-7.47934370246678E-14,-1.29649792637747E-13,-1.));
#4590=DIRECTION('',(8.63567236867369E-18,1.10180459231926E-16,1.));
#4591=DIRECTION('',(0.,1.,0.));
#4592=DIRECTION('',(-2.04218312433143E-14,2.95817162191883E-14,1.));
#4593=DIRECTION('',(0.,0.,1.));
#4594=DIRECTION('',(0.,0.,1.));
#4595=DIRECTION('',(0.,0.,-1.));
#4596=DIRECTION('',(-5.0270293679931E-14,9.7094873978076E-14,-1.));
#4597=DIRECTION('',(7.37608324111916E-16,1.44883280490048E-15,1.));
#4598=DIRECTION('',(0.,0.,1.));
#4599=DIRECTION('',(0.,0.,1.));
#4600=DIRECTION('',(0.,0.,1.));
#4601=DIRECTION('',(0.,0.,-1.));
#4602=DIRECTION('',(0.,-1.,0.));
#4603=DIRECTION('',(-1.,0.,0.));
#4604=DIRECTION('',(0.,1.,0.));
#4605=DIRECTION('',(-7.85046229341888E-17,0.707106781186548,-0.707106781186547));
#4606=DIRECTION('',(0.,-1.,0.));
#4607=DIRECTION('',(-1.,0.,0.));
#4608=DIRECTION('',(0.,0.,-1.));
#4609=DIRECTION('',(0.866025403784438,0.5,0.));
#4610=DIRECTION('',(0.499999999999999,-0.866025403784439,0.));
#4611=DIRECTION('',(-0.866025403784438,-0.500000000000001,0.));
#4612=DIRECTION('',(-0.612372435695799,-0.353553390593276,-0.707106781186542));
#4613=DIRECTION('',(0.866025403784437,0.500000000000002,0.));
#4614=DIRECTION('',(0.499999999999996,-0.866025403784441,0.));
#4615=DIRECTION('',(0.,0.,-1.));
#4616=DIRECTION('',(-0.866025403784438,0.5,0.));
#4617=DIRECTION('',(0.5,0.866025403784439,9.61481343191782E-17));
#4618=DIRECTION('',(0.866025403784437,-0.500000000000002,0.));
#4619=DIRECTION('',(0.612372435695795,-0.353553390593275,-0.707106781186547));
#4620=DIRECTION('',(-0.866025403784438,0.500000000000001,0.));
#4621=DIRECTION('',(0.500000000000001,0.866025403784438,0.));
#4622=DIRECTION('',(-0.500000000000002,0.866025403784438,3.96015142690475E-16));
#4623=DIRECTION('',(-0.500000000000001,-0.866025403784438,0.));
#4624=DIRECTION('',(-0.499999999999431,0.866025403784767,-5.53217115754859E-13));
#4625=DIRECTION('',(-0.500000000000917,-0.866025403783909,-1.134845575633E-12));
#4626=DIRECTION('',(1.,0.,0.));
#4627=DIRECTION('',(-0.866025403784441,-0.499999999999996,-1.73472347597679E-17));
#4628=DIRECTION('',(0.866025403784438,-0.5,-1.64939245156937E-15));
#4629=DIRECTION('',(1.,-4.60806956982541E-14,-1.59767533419871E-13));
#4630=DIRECTION('',(0.866025403784854,0.49999999999928,-7.35713096224786E-13));
#4631=DIRECTION('',(-0.866025403784998,0.499999999999031,1.14757707417873E-12));
#4632=DIRECTION('',(0.,1.,0.));
#4633=DIRECTION('',(-2.35720604312302E-12,-1.,-2.34299518840768E-12));
#4634=DIRECTION('',(0.,0.,-1.));
#4635=DIRECTION('',(0.,0.,-1.));
#4636=DIRECTION('',(0.,0.,-1.));
#4637=DIRECTION('',(0.,0.,1.));
#4638=DIRECTION('',(1.,0.,0.));
#4639=CARTESIAN_POINT('',(0.,0.,0.));
#4640=CARTESIAN_POINT('',(58.8732032714983,-23.5800000013328,7.7));
#4641=CARTESIAN_POINT('',(36.4433189871365,23.5799999986843,-0.700000000000002));
#4642=CARTESIAN_POINT('',(50.0000000009504,7.85583154083724E-10,3.49999999994125));
#4643=CARTESIAN_POINT('',(74.4989899946044,18.994722668326,3.5));
#4644=CARTESIAN_POINT('',(68.7383296999371,18.7383297030097,3.5));
#4645=CARTESIAN_POINT('',(68.9947226643265,24.4989899977178,3.5));
#4646=CARTESIAN_POINT('',(21.9999999999978,1.75184311501653E-11,3.5));
#4647=CARTESIAN_POINT('',(28.8571428571592,-9.84782167975882,0.));
#4648=CARTESIAN_POINT('',(28.8571428571592,-9.84782167975882,7.));
#4649=CARTESIAN_POINT('',(27.1050093855224,-11.0678508304187,1.56936641169452E-15));
#4650=CARTESIAN_POINT('',(27.1050093855224,-11.0678508304187,7.));
#4651=CARTESIAN_POINT('',(26.7745423228201,-13.1771716574526,-2.22044604923426E-16));
#4652=CARTESIAN_POINT('',(26.7745423228201,-13.1771716574526,7.));
#4653=CARTESIAN_POINT('',(26.4440752601177,-15.2864924844865,1.44864591848201E-15));
#4654=CARTESIAN_POINT('',(26.4440752601177,-15.2864924844865,7.));
#4655=CARTESIAN_POINT('',(27.73913043481,-16.9839243462685,-2.22044604923426E-16));
#4656=CARTESIAN_POINT('',(27.73913043481,-16.9839243462685,7.));
#4657=CARTESIAN_POINT('',(27.8051696566036,-17.0704821095131,-5.55115708705924E-16));
#4658=CARTESIAN_POINT('',(27.8051696566036,-17.0704821095131,7.));
#4659=CARTESIAN_POINT('',(27.8718800028451,-17.1565236976979,0.));
#4660=CARTESIAN_POINT('',(27.8718800028451,-17.1565236976979,7.));
#4661=CARTESIAN_POINT('',(25.5010100031505,-18.9947226653143,3.50000000000002));
#4662=CARTESIAN_POINT('',(31.2616702970482,-18.7383296998796,3.5));
#4663=CARTESIAN_POINT('',(31.0052773306865,-24.4989899937365,3.50000000000001));
#4664=CARTESIAN_POINT('',(78.0000000000024,1.75148784364865E-11,3.5));
#4665=CARTESIAN_POINT('',(68.2857142857322,13.951080713059,3.5));
#4666=CARTESIAN_POINT('',(31.2616702970482,-18.7383296998795,3.5));
#4667=CARTESIAN_POINT('',(68.738329699937,18.7383297030096,3.5));
#4668=CARTESIAN_POINT('',(31.2490442559937,15.227385747315,-36.96690003866));
#4669=CARTESIAN_POINT('',(39.731830216868,12.9159890054256,2.96690003866004));
#4670=CARTESIAN_POINT('',(40.9622126580862,20.7199999991359,0.));
#4671=CARTESIAN_POINT('',(40.9622126580862,20.7199999991359,7.));
#4672=CARTESIAN_POINT('',(39.9554876630003,22.8458332731846,-1.47756348537511E-15));
#4673=CARTESIAN_POINT('',(39.9554876630003,22.8458332731846,7.));
#4674=CARTESIAN_POINT('',(37.6759196319792,23.4256883557096,-1.34176406996465E-15));
#4675=CARTESIAN_POINT('',(37.6759196319792,23.4256883557096,7.));
#4676=CARTESIAN_POINT('',(35.3963516009581,24.0055434382347,-6.17841746318436E-16));
#4677=CARTESIAN_POINT('',(35.3963516009581,24.0055434382347,7.));
#4678=CARTESIAN_POINT('',(33.496214420616,22.6191304331511,-1.34176406996465E-15));
#4679=CARTESIAN_POINT('',(33.496214420616,22.6191304331511,7.));
#4680=CARTESIAN_POINT('',(33.1662641225608,22.3783860337681,8.91433106533336E-16));
#4681=CARTESIAN_POINT('',(33.1662641225608,22.3783860337681,7.));
#4682=CARTESIAN_POINT('',(32.8434763031896,22.1281199979451,0.));
#4683=CARTESIAN_POINT('',(32.8434763031896,22.1281199979451,7.));
#4684=CARTESIAN_POINT('',(31.0052773356743,24.4989899977187,3.49999999999998));
#4685=CARTESIAN_POINT('',(31.2616703000633,18.7383297030094,3.5));
#4686=CARTESIAN_POINT('',(25.5010100053956,18.9947226683252,3.50000000000001));
#4687=CARTESIAN_POINT('',(31.2616703000632,18.7383297030096,3.5));
#4688=CARTESIAN_POINT('',(34.7726148510514,18.7509563423726,-36.96690003866));
#4689=CARTESIAN_POINT('',(34.7726148510514,25.2492736587041,-36.96690003866));
#4690=CARTESIAN_POINT('',(31.2490442559937,21.7257030636465,-36.96690003866));
#4691=CARTESIAN_POINT('',(31.5234561928856,18.4765444054807,-17.));
#4692=CARTESIAN_POINT('',(31.2490442559937,-15.2273857471965,-36.96690003866));
#4693=CARTESIAN_POINT('',(39.731830216868,-12.9159890053071,2.96690003866004));
#4694=CARTESIAN_POINT('',(34.7726148510514,-18.7509563422541,-36.96690003866));
#4695=CARTESIAN_POINT('',(34.7726148510514,-25.2492736585856,-36.96690003866));
#4696=CARTESIAN_POINT('',(31.2490442559937,-21.725703063528,-36.96690003866));
#4697=CARTESIAN_POINT('',(31.5234561928856,-18.4765444053622,-17.));
#4698=CARTESIAN_POINT('',(68.7509557440065,-15.2273857471965,-36.96690003866));
#4699=CARTESIAN_POINT('',(60.2681697831322,-12.9159890053071,2.96690003866004));
#4700=CARTESIAN_POINT('',(59.0377873377866,-20.7200000008197,0.));
#4701=CARTESIAN_POINT('',(59.0377873377866,-20.7200000008197,7.));
#4702=CARTESIAN_POINT('',(60.0445123324488,-22.8458332750696,-2.46260580905025E-16));
#4703=CARTESIAN_POINT('',(60.0445123324488,-22.8458332750696,7.));
#4704=CARTESIAN_POINT('',(62.3240803633547,-23.425688358049,6.70882035032259E-16));
#4705=CARTESIAN_POINT('',(62.3240803633547,-23.425688358049,7.));
#4706=CARTESIAN_POINT('',(64.6036483942606,-24.0055434410285,-1.23568349272889E-16));
#4707=CARTESIAN_POINT('',(64.6036483942606,-24.0055434410285,7.));
#4708=CARTESIAN_POINT('',(66.5037855748791,-22.6191304363231,6.70882035032259E-16));
#4709=CARTESIAN_POINT('',(66.5037855748791,-22.6191304363231,7.));
#4710=CARTESIAN_POINT('',(66.8337358752361,-22.3783860353612,-1.11429138320976E-16));
#4711=CARTESIAN_POINT('',(66.8337358752361,-22.3783860353612,7.));
#4712=CARTESIAN_POINT('',(67.1565236968123,-22.1281199978287,0.));
#4713=CARTESIAN_POINT('',(67.1565236968123,-22.1281199978287,7.));
#4714=CARTESIAN_POINT('',(68.9947226643277,-24.498989997602,3.5));
#4715=CARTESIAN_POINT('',(68.738329699937,-18.7383297028944,3.5));
#4716=CARTESIAN_POINT('',(74.4989899946035,-18.9947226682123,3.49999999999999));
#4717=CARTESIAN_POINT('',(68.738329699937,-18.7383297028944,3.5));
#4718=CARTESIAN_POINT('',(65.2273851489489,-18.7509563422541,-36.96690003866));
#4719=CARTESIAN_POINT('',(65.2273851489489,-25.2492736585856,-36.96690003866));
#4720=CARTESIAN_POINT('',(68.7509557440065,-21.725703063528,-36.96690003866));
#4721=CARTESIAN_POINT('',(68.4765438071146,-18.4765444053622,-17.));
#4722=CARTESIAN_POINT('',(68.7509557440065,15.227385747315,-36.96690003866));
#4723=CARTESIAN_POINT('',(60.2681697831322,12.9159890054256,2.96690003866004));
#4724=CARTESIAN_POINT('',(65.2273851489489,18.7509563423726,-36.96690003866));
#4725=CARTESIAN_POINT('',(65.2273851489489,25.2492736587041,-36.96690003866));
#4726=CARTESIAN_POINT('',(68.7509557440065,21.7257030636465,-36.96690003866));
#4727=CARTESIAN_POINT('',(68.4765438071146,18.4765444054807,-17.));
#4728=CARTESIAN_POINT('',(27.8718800048731,17.1565237004286,0.));
#4729=CARTESIAN_POINT('',(27.8718800048731,17.1565237004286,7.));
#4730=CARTESIAN_POINT('',(27.8051696575828,17.0704821109122,-1.33227770089453E-15));
#4731=CARTESIAN_POINT('',(27.8051696575828,17.0704821109122,7.));
#4732=CARTESIAN_POINT('',(27.7391304347614,16.9839243463199,0.));
#4733=CARTESIAN_POINT('',(27.7391304347614,16.9839243463199,7.));
#4734=CARTESIAN_POINT('',(26.444075260074,15.2864924845341,1.20720493206834E-16));
#4735=CARTESIAN_POINT('',(26.444075260074,15.2864924845341,7.));
#4736=CARTESIAN_POINT('',(26.7745423227824,13.1771716575012,0.));
#4737=CARTESIAN_POINT('',(26.7745423227824,13.1771716575012,7.));
#4738=CARTESIAN_POINT('',(27.1050093854907,11.0678508304683,0.));
#4739=CARTESIAN_POINT('',(27.1050093854907,11.0678508304683,7.));
#4740=CARTESIAN_POINT('',(28.857142857131,9.84782167981344,0.));
#4741=CARTESIAN_POINT('',(28.857142857131,9.84782167981344,7.));
#4742=CARTESIAN_POINT('',(35.7726148510514,22.5233686043518,1.48345001933004));
#4743=CARTESIAN_POINT('',(27.7238401842494,14.227385747315,1.48345001933017));
#4744=CARTESIAN_POINT('',(27.7238401842855,-14.2273857471964,1.48345001932997));
#4745=CARTESIAN_POINT('',(35.7726148510513,-22.5233686042361,1.48345001932999));
#4746=CARTESIAN_POINT('',(72.1281199951258,-17.1565237003152,0.));
#4747=CARTESIAN_POINT('',(72.1281199951258,-17.1565237003152,7.));
#4748=CARTESIAN_POINT('',(72.1948303423922,-17.0704821108297,-1.11023141741612E-16));
#4749=CARTESIAN_POINT('',(72.1948303423922,-17.0704821108297,7.));
#4750=CARTESIAN_POINT('',(72.2608695651902,-16.9839243462685,-1.33226762955019E-15));
#4751=CARTESIAN_POINT('',(72.2608695651902,-16.9839243462685,7.));
#4752=CARTESIAN_POINT('',(73.5559247398826,-15.2864924844865,1.5693664117002E-15));
#4753=CARTESIAN_POINT('',(73.5559247398826,-15.2864924844865,7.));
#4754=CARTESIAN_POINT('',(73.2254576771802,-13.1771716574526,-1.33226762955019E-15));
#4755=CARTESIAN_POINT('',(73.2254576771802,-13.1771716574526,7.));
#4756=CARTESIAN_POINT('',(72.8949906144779,-11.0678508304187,-6.03602466038537E-16));
#4757=CARTESIAN_POINT('',(72.8949906144779,-11.0678508304187,7.));
#4758=CARTESIAN_POINT('',(71.1428571428411,-9.84782167975883,0.));
#4759=CARTESIAN_POINT('',(71.1428571428411,-9.84782167975883,7.));
#4760=CARTESIAN_POINT('',(64.2273851489488,-22.5233686063074,1.48345001932996));
#4761=CARTESIAN_POINT('',(72.2761598157147,-14.2273857471964,1.48345001933008));
#4762=CARTESIAN_POINT('',(64.2273851489489,22.5233686064232,1.48345001933006));
#4763=CARTESIAN_POINT('',(72.2761598157508,14.227385747315,1.48345001933027));
#4764=CARTESIAN_POINT('',(67.1565236968113,22.1281199979447,0.));
#4765=CARTESIAN_POINT('',(67.1565236968113,22.1281199979447,7.));
#4766=CARTESIAN_POINT('',(66.8337358752349,22.3783860354773,5.57145691574528E-16));
#4767=CARTESIAN_POINT('',(66.8337358752349,22.3783860354773,7.));
#4768=CARTESIAN_POINT('',(66.5037855748778,22.6191304364393,2.23627344986388E-16));
#4769=CARTESIAN_POINT('',(66.5037855748778,22.6191304364393,7.));
#4770=CARTESIAN_POINT('',(64.6036483942594,24.0055434411444,-1.48282019111306E-15));
#4771=CARTESIAN_POINT('',(64.6036483942594,24.0055434411444,7.));
#4772=CARTESIAN_POINT('',(62.3240803633538,23.4256883581651,2.23627344986388E-16));
#4773=CARTESIAN_POINT('',(62.3240803633538,23.4256883581651,7.));
#4774=CARTESIAN_POINT('',(60.0445123324482,22.8458332751859,0.));
#4775=CARTESIAN_POINT('',(60.0445123324482,22.8458332751859,7.));
#4776=CARTESIAN_POINT('',(59.0377873377858,20.7200000009366,0.));
#4777=CARTESIAN_POINT('',(59.0377873377858,20.7200000009366,7.));
#4778=CARTESIAN_POINT('',(32.8434762986845,-22.1281199943371,0.));
#4779=CARTESIAN_POINT('',(32.8434762986845,-22.1281199943371,7.));
#4780=CARTESIAN_POINT('',(33.1662641202571,-22.378386031972,5.57145691614513E-16));
#4781=CARTESIAN_POINT('',(33.1662641202571,-22.378386031972,7.));
#4782=CARTESIAN_POINT('',(33.4962144206145,-22.619130433035,-5.59068362546181E-16));
#4783=CARTESIAN_POINT('',(33.4962144206145,-22.619130433035,7.));
#4784=CARTESIAN_POINT('',(35.3963516009568,-24.005543438119,-7.41410095662925E-16));
#4785=CARTESIAN_POINT('',(35.3963516009568,-24.005543438119,7.));
#4786=CARTESIAN_POINT('',(37.6759196319782,-23.4256883555937,-5.59068362546181E-16));
#4787=CARTESIAN_POINT('',(37.6759196319782,-23.4256883555937,7.));
#4788=CARTESIAN_POINT('',(39.9554876629997,-22.8458332730684,-6.15651452273189E-16));
#4789=CARTESIAN_POINT('',(39.9554876629997,-22.8458332730684,7.));
#4790=CARTESIAN_POINT('',(40.9622126580854,-20.7199999990191,0.));
#4791=CARTESIAN_POINT('',(40.9622126580854,-20.7199999990191,7.));
#4792=CARTESIAN_POINT('',(22.0571428569887,28.2960000016509,7.));
#4793=CARTESIAN_POINT('',(77.9428571430115,-28.2960000015348,0.));
#4794=CARTESIAN_POINT('',(37.5587942688405,18.5799999986844,3.50000000000002));
#4795=CARTESIAN_POINT('',(36.4433189871918,-23.5799999986843,-0.700000000000002));
#4796=CARTESIAN_POINT('',(37.558794268884,-18.5799999986815,3.50000000000026));
#4797=CARTESIAN_POINT('',(49.9999999975683,-25.0000000000752,3.5));
#4798=CARTESIAN_POINT('',(62.4412057276162,-18.5800000013244,3.49999999999935));
#4799=CARTESIAN_POINT('',(49.9999999975097,25.000000000107,3.5));
#4800=CARTESIAN_POINT('',(58.8732032714429,23.5800000013854,7.7));
#4801=CARTESIAN_POINT('',(62.4412057275727,18.5800000013853,3.50000000000015));
#4802=CARTESIAN_POINT('',(50.0000000000001,5.92414725770893E-11,2.));
#4803=CARTESIAN_POINT('',(48.0000000000001,7.5,0.));
#4804=CARTESIAN_POINT('',(47.9999999999998,9.49999999999992,6.27820079140198));
#4805=CARTESIAN_POINT('',(48.0000000000001,15.8660687473185,0.));
#4806=CARTESIAN_POINT('',(48.0000000000001,7.5,2.));
#4807=CARTESIAN_POINT('',(54.,9.49999999999992,8.88178419700125E-16));
#4808=CARTESIAN_POINT('',(46.9999999999998,8.49999999999992,2.));
#4809=CARTESIAN_POINT('',(51.9999999999999,11.5000000000001,-1.));
#4810=CARTESIAN_POINT('',(51.9999999999999,17.3660687473185,-1.));
#4811=CARTESIAN_POINT('',(57.4951905283833,-2.01794919243121,0.));
#4812=CARTESIAN_POINT('',(59.2272413359522,-3.01794919243088,6.27820079140198));
#4813=CARTESIAN_POINT('',(64.3074058914761,-5.95098356609015,8.88178419700125E-16));
#4814=CARTESIAN_POINT('',(54.4951905283833,-7.21410161513773,0.));
#4815=CARTESIAN_POINT('',(64.7404185933681,-6.20098356609046,0.));
#4816=CARTESIAN_POINT('',(57.4951905283833,-2.01794919243121,2.));
#4817=CARTESIAN_POINT('',(56.2272413359521,-8.21410161513769,8.88178419700125E-16));
#4818=CARTESIAN_POINT('',(58.8612159321678,-1.65192378864644,2.));
#4819=CARTESIAN_POINT('',(58.9592921435212,-7.48205080756882,-1.));
#4820=CARTESIAN_POINT('',(64.0394566990448,-10.415085181228,-1.));
#4821=CARTESIAN_POINT('',(44.5048094716167,-5.48205080756878,0.));
#4822=CARTESIAN_POINT('',(42.772758664048,-6.48205080756904,6.27820079140198));
#4823=CARTESIAN_POINT('',(37.6925941085242,-9.41508518122832,8.88178419700125E-16));
#4824=CARTESIAN_POINT('',(41.5048094716167,-0.285898384862264,0.));
#4825=CARTESIAN_POINT('',(37.2595814066318,-9.66508518122802,0.));
#4826=CARTESIAN_POINT('',(44.5048094716167,-5.48205080756878,2.));
#4827=CARTESIAN_POINT('',(39.7727586640479,-1.28589838486222,8.88178419700125E-16));
#4828=CARTESIAN_POINT('',(44.1387840678325,-6.84807621135349,2.));
#4829=CARTESIAN_POINT('',(39.0407078564789,-4.01794919243126,-1.));
#4830=CARTESIAN_POINT('',(33.9605433009553,-6.95098356609044,-1.));
#4831=CARTESIAN_POINT('',(47.9999999999998,15.3660687473185,8.88178419700125E-16));
#4832=CARTESIAN_POINT('',(49.9999999999998,15.8660687473185,0.500000000000002));
#4833=CARTESIAN_POINT('',(63.7404185933679,-7.93303437365968,0.499999999999982));
#4834=CARTESIAN_POINT('',(36.2595814066317,-7.93303437365902,0.500000000000011));
#4835=CARTESIAN_POINT('',(39.5227586640478,-0.852885682970063,0.500000000000001));
#4836=CARTESIAN_POINT('',(54.,7.5,0.));
#4837=CARTESIAN_POINT('',(54.5,9.50000000000013,0.5));
#4838=CARTESIAN_POINT('',(55.9772413359519,-8.6471143170298,0.500000000000039));
#4839=CARTESIAN_POINT('',(36.4433189871918,-23.5800000013854,7.));
#4840=CARTESIAN_POINT('',(36.4433189871918,-23.5800000013854,0.));
#4841=CARTESIAN_POINT('',(63.5566810079381,-23.5800000013218,7.));
#4842=CARTESIAN_POINT('',(63.5566810079381,-23.5800000013218,0.));
#4843=CARTESIAN_POINT('',(36.4433189871365,23.5800000013854,7.));
#4844=CARTESIAN_POINT('',(36.4433189871365,23.5800000013854,0.));
#4845=CARTESIAN_POINT('',(63.5566810078828,23.5800000013854,7.));
#4846=CARTESIAN_POINT('',(63.5566810078828,23.5800000013854,0.));
#4847=CARTESIAN_POINT('',(72.1281199951267,17.1565237004292,7.));
#4848=CARTESIAN_POINT('',(72.2608695652388,16.9839243463199,7.));
#4849=CARTESIAN_POINT('',(71.5019569723929,18.8613320248216,7.));
#4850=CARTESIAN_POINT('',(68.8613320213044,21.5019569754853,7.));
#4851=CARTESIAN_POINT('',(67.1565236968113,22.1281199979447,7.));
#4852=CARTESIAN_POINT('',(32.8434763031896,22.1281199979451,7.));
#4853=CARTESIAN_POINT('',(31.1386679786961,21.5019569754857,7.));
#4854=CARTESIAN_POINT('',(28.4980430276067,18.8613320248213,7.));
#4855=CARTESIAN_POINT('',(27.8718800048731,17.1565237004286,7.));
#4856=CARTESIAN_POINT('',(28.857142857131,9.84782167981344,0.));
#4857=CARTESIAN_POINT('',(28.857142857131,9.84782167981344,7.));
#4858=CARTESIAN_POINT('',(28.8571428571592,-9.84782167975882,0.));
#4859=CARTESIAN_POINT('',(28.8571428571592,-9.84782167975882,7.));
#4860=CARTESIAN_POINT('',(27.8718800028451,-17.1565236976979,7.));
#4861=CARTESIAN_POINT('',(28.498043025358,-18.8613320217307,7.));
#4862=CARTESIAN_POINT('',(31.1386679747523,-21.5019569715499,7.));
#4863=CARTESIAN_POINT('',(32.8434762986845,-22.1281199943371,7.));
#4864=CARTESIAN_POINT('',(67.1565236968123,-22.1281199978287,7.));
#4865=CARTESIAN_POINT('',(68.8613320213049,-21.5019569753692,7.));
#4866=CARTESIAN_POINT('',(71.501956972392,-18.8613320247071,7.));
#4867=CARTESIAN_POINT('',(72.1281199951258,-17.1565237003152,7.));
#4868=CARTESIAN_POINT('',(71.1428571428411,-9.84782167975883,0.));
#4869=CARTESIAN_POINT('',(71.1428571428411,-9.84782167975883,7.));
#4870=CARTESIAN_POINT('',(71.1428571428692,9.84782167981346,0.));
#4871=CARTESIAN_POINT('',(71.1428571428692,9.84782167981346,7.));
#4872=CARTESIAN_POINT('',(32.8366702970482,-18.7383296998795,7.));
#4873=CARTESIAN_POINT('',(70.313329699937,-18.7383297028944,7.));
#4874=CARTESIAN_POINT('',(70.313329699937,18.7383297030095,7.));
#4875=CARTESIAN_POINT('',(32.8366703000632,18.7383297030095,7.));
#4876=CARTESIAN_POINT('',(34.7726148510514,18.7509563423726,2.96690003866004));
#4877=CARTESIAN_POINT('',(31.2490442559937,15.227385747315,2.96690003866004));
#4878=CARTESIAN_POINT('',(31.2490442559937,15.2389943943111,2.96690003866004));
#4879=CARTESIAN_POINT('',(34.7610062040553,18.7509563423726,2.96690003866004));
#4880=CARTESIAN_POINT('',(32.8434763031896,22.1281199979451,2.96690003866004));
#4881=CARTESIAN_POINT('',(31.1386679786961,21.5019569754857,2.96690003866004));
#4882=CARTESIAN_POINT('',(28.4980430276068,18.8613320248213,2.96690003866004));
#4883=CARTESIAN_POINT('',(27.8718800048731,17.1565237004286,2.96690003866004));
#4884=CARTESIAN_POINT('',(32.8366703000632,18.7383297030095,2.96690003866004));
#4885=CARTESIAN_POINT('',(34.7610062040553,18.7509563423726,-3.5527136788005E-15));
#4886=CARTESIAN_POINT('',(34.7726148510514,18.7509563423726,-3.5527136788005E-15));
#4887=CARTESIAN_POINT('',(31.2490442559937,15.227385747315,-3.5527136788005E-15));
#4888=CARTESIAN_POINT('',(31.2490442559937,15.2389943943111,-3.5527136788005E-15));
#4889=CARTESIAN_POINT('',(34.7726148510514,-18.7509563422541,2.96690003866004));
#4890=CARTESIAN_POINT('',(31.2490442559937,-15.2273857471965,2.96690003866004));
#4891=CARTESIAN_POINT('',(31.2490442559937,-15.2389943941926,2.96690003866004));
#4892=CARTESIAN_POINT('',(34.7610062040553,-18.7509563422541,2.96690003866004));
#4893=CARTESIAN_POINT('',(27.8718800028451,-17.1565236976979,2.96690003866004));
#4894=CARTESIAN_POINT('',(28.498043025358,-18.8613320217307,2.96690003866004));
#4895=CARTESIAN_POINT('',(31.1386679747523,-21.5019569715499,2.96690003866004));
#4896=CARTESIAN_POINT('',(32.8434762986845,-22.1281199943371,2.96690003866004));
#4897=CARTESIAN_POINT('',(32.8366702970482,-18.7383296998795,2.96690003866004));
#4898=CARTESIAN_POINT('',(34.7610062040553,-18.7509563422541,-3.5527136788005E-15));
#4899=CARTESIAN_POINT('',(34.7726148510514,-18.7509563422541,-3.5527136788005E-15));
#4900=CARTESIAN_POINT('',(31.2490442559937,-15.2273857471965,-3.5527136788005E-15));
#4901=CARTESIAN_POINT('',(31.2490442559937,-15.2389943941926,-3.5527136788005E-15));
#4902=CARTESIAN_POINT('',(65.2273851489489,-18.7509563422541,2.96690003866004));
#4903=CARTESIAN_POINT('',(68.7509557440065,-15.2273857471965,2.96690003866004));
#4904=CARTESIAN_POINT('',(68.7509557440065,-15.2389943941926,2.96690003866004));
#4905=CARTESIAN_POINT('',(65.238993795945,-18.7509563422541,2.96690003866004));
#4906=CARTESIAN_POINT('',(67.1565236968123,-22.1281199978287,2.96690003866004));
#4907=CARTESIAN_POINT('',(68.8613320213049,-21.5019569753692,2.96690003866004));
#4908=CARTESIAN_POINT('',(71.501956972392,-18.8613320247071,2.96690003866004));
#4909=CARTESIAN_POINT('',(72.1281199951258,-17.1565237003152,2.96690003866004));
#4910=CARTESIAN_POINT('',(70.313329699937,-18.7383297028944,2.96690003866004));
#4911=CARTESIAN_POINT('',(65.238993795945,-18.7509563422541,-3.5527136788005E-15));
#4912=CARTESIAN_POINT('',(65.2273851489489,-18.7509563422541,-3.5527136788005E-15));
#4913=CARTESIAN_POINT('',(68.7509557440065,-15.2273857471965,-3.5527136788005E-15));
#4914=CARTESIAN_POINT('',(68.7509557440065,-15.2389943941926,-3.5527136788005E-15));
#4915=CARTESIAN_POINT('',(65.2273851489489,18.7509563423726,2.96690003866004));
#4916=CARTESIAN_POINT('',(68.7509557440065,15.227385747315,2.96690003866004));
#4917=CARTESIAN_POINT('',(68.7509557440065,15.2389943943111,2.96690003866004));
#4918=CARTESIAN_POINT('',(65.238993795945,18.7509563423726,2.96690003866004));
#4919=CARTESIAN_POINT('',(72.2608695652388,16.9839243463199,2.96690003866004));
#4920=CARTESIAN_POINT('',(72.1281199951267,17.1565237004292,2.96690003866004));
#4921=CARTESIAN_POINT('',(71.5019569723929,18.8613320248216,2.96690003866004));
#4922=CARTESIAN_POINT('',(68.8613320213045,21.5019569754853,2.96690003866004));
#4923=CARTESIAN_POINT('',(67.1565236968113,22.1281199979447,2.96690003866004));
#4924=CARTESIAN_POINT('',(70.313329699937,18.7383297030095,2.96690003866004));
#4925=CARTESIAN_POINT('',(65.238993795945,18.7509563423726,-3.5527136788005E-15));
#4926=CARTESIAN_POINT('',(65.2273851489489,18.7509563423726,-3.5527136788005E-15));
#4927=CARTESIAN_POINT('',(68.7509557440065,15.227385747315,-3.5527136788005E-15));
#4928=CARTESIAN_POINT('',(68.7509557440065,15.2389943943111,-3.5527136788005E-15));
#4929=CARTESIAN_POINT('',(35.604938816718,23.5092107557686,-5.32907051820075E-15));
#4930=CARTESIAN_POINT('',(27.7238401842495,15.227385747315,2.96690003866004));
#4931=CARTESIAN_POINT('',(34.7726148510514,22.5233686043518,0.));
#4932=CARTESIAN_POINT('',(27.7238401842494,15.227385747315,-5.32907051820075E-15));
#4933=CARTESIAN_POINT('',(26.7262288017448,14.296462005879,0.));
#4934=CARTESIAN_POINT('',(34.7726148510514,22.5233686043518,2.96690003866004));
#4935=CARTESIAN_POINT('',(35.604938816718,23.5092107557687,2.96690003866004));
#4936=CARTESIAN_POINT('',(26.7262288017448,14.296462005879,2.96690003866004));
#4937=CARTESIAN_POINT('',(26.7262288017799,-14.2964620057465,-1.77635683940025E-15));
#4938=CARTESIAN_POINT('',(27.7238401842855,-15.2273857471965,2.96690003866004));
#4939=CARTESIAN_POINT('',(34.7726148510514,-22.5233686042361,0.));
#4940=CARTESIAN_POINT('',(27.7238401842855,-15.2273857471965,0.));
#4941=CARTESIAN_POINT('',(35.6049388167183,-23.509210755653,0.));
#4942=CARTESIAN_POINT('',(34.7726148510514,-22.5233686042361,2.96690003866004));
#4943=CARTESIAN_POINT('',(26.7262288017799,-14.2964620057465,2.96690003866004));
#4944=CARTESIAN_POINT('',(35.6049388167183,-23.509210755653,2.96690003866004));
#4945=CARTESIAN_POINT('',(64.3950611842073,-23.5092107575669,0.));
#4946=CARTESIAN_POINT('',(72.2761598157148,-15.2273857471965,2.96690003866004));
#4947=CARTESIAN_POINT('',(65.2273851489488,-22.5233686063074,0.));
#4948=CARTESIAN_POINT('',(72.2761598157148,-15.2273857471965,0.));
#4949=CARTESIAN_POINT('',(73.2737711982205,-14.2964620057466,0.));
#4950=CARTESIAN_POINT('',(65.2273851489488,-22.5233686063074,2.96690003866004));
#4951=CARTESIAN_POINT('',(64.3950611842074,-23.5092107575669,2.96690003866004));
#4952=CARTESIAN_POINT('',(73.2737711982204,-14.2964620057465,2.96690003866004));
#4953=CARTESIAN_POINT('',(65.2273851489489,22.5233686064232,3.5527136788005E-15));
#4954=CARTESIAN_POINT('',(64.3950611842077,23.5092107576827,7.105427357601E-15));
#4955=CARTESIAN_POINT('',(65.2273851489488,22.5233686064232,2.96690003866004));
#4956=CARTESIAN_POINT('',(64.3950611842077,23.5092107576827,2.96690003866004));
#4957=CARTESIAN_POINT('',(73.2737711982554,14.2964620058789,3.5527136788005E-15));
#4958=CARTESIAN_POINT('',(72.2761598157508,15.227385747315,2.96690003866004));
#4959=CARTESIAN_POINT('',(72.2761598157508,15.227385747315,0.));
#4960=CARTESIAN_POINT('',(73.2737711982554,14.296462005879,2.96690003866004));
#4961=CARTESIAN_POINT('',(42.0020820290644,20.8728571420418,7.));
#4962=CARTESIAN_POINT('',(42.0020820290644,20.8728571420418,-1.02110452782682E-16));
#4963=CARTESIAN_POINT('',(37.5587942688405,23.580000000305,7.));
#4964=CARTESIAN_POINT('',(37.5587942688405,23.580000000305,7.105427357601E-16));
#4965=CARTESIAN_POINT('',(42.0020820291134,-20.8728571420287,7.));
#4966=CARTESIAN_POINT('',(42.0020820291134,-20.8728571420287,-5.64434379171146E-15));
#4967=CARTESIAN_POINT('',(37.5587942688959,-23.5800000003023,7.));
#4968=CARTESIAN_POINT('',(37.5587942688958,-23.5800000003023,-7.105427357601E-16));
#4969=CARTESIAN_POINT('',(62.4412057276279,-23.5800000008204,7.));
#4970=CARTESIAN_POINT('',(62.4412057276279,-23.5800000008204,2.50407047848181E-15));
#4971=CARTESIAN_POINT('',(57.9979179668999,-20.8728571437276,6.99999999999999));
#4972=CARTESIAN_POINT('',(57.9979179668999,-20.8728571437276,-8.16985796021634E-15));
#4973=CARTESIAN_POINT('',(62.4412057275726,23.5800000008814,7.));
#4974=CARTESIAN_POINT('',(62.4412057275726,23.5800000008814,1.94195246903356E-16));
#4975=CARTESIAN_POINT('',(57.997917966851,20.8728571437781,7.));
#4976=CARTESIAN_POINT('',(57.997917966851,20.8728571437781,-8.33730525644408E-16));
#4977=CARTESIAN_POINT('',(55.0000000000001,5.92508264674052E-11,-1.11022302462516E-15));
#4978=CARTESIAN_POINT('',(55.0000000000001,5.9248606021356E-11,7.));
#4979=CARTESIAN_POINT('',(54.,7.5,2.));
#4980=CARTESIAN_POINT('',(48.0000000000001,7.5,2.));
#4981=CARTESIAN_POINT('',(47.9999999999998,9.49999999999992,6.27820079140198));
#4982=CARTESIAN_POINT('',(54.,9.49999999999992,6.27820079140198));
#4983=CARTESIAN_POINT('',(47.9999999999998,15.3660687473185,6.27820079140198));
#4984=CARTESIAN_POINT('',(54.,8.49999999999992,2.));
#4985=CARTESIAN_POINT('',(48.,8.49999999999992,2.));
#4986=CARTESIAN_POINT('',(54.,9.49999999999992,3.));
#4987=CARTESIAN_POINT('',(48.,9.49999999999992,3.));
#4988=CARTESIAN_POINT('',(54.,11.5000000000001,6.27820079140198));
#4989=CARTESIAN_POINT('',(51.9999999999999,11.5000000000001,6.27820079140198));
#4990=CARTESIAN_POINT('',(51.9999999999999,15.3660687473185,6.27820079140198));
#4991=CARTESIAN_POINT('',(48.0000000000001,7.5,0.));
#4992=CARTESIAN_POINT('',(54.,7.5,0.));
#4993=CARTESIAN_POINT('',(51.9999999999999,15.3660687473185,9.15933995315754E-16));
#4994=CARTESIAN_POINT('',(47.9999999999998,15.3660687473185,1.33226762955019E-15));
#4995=CARTESIAN_POINT('',(54.,11.5000000000001,5.60782460478196E-16));
#4996=CARTESIAN_POINT('',(51.9999999999999,11.5000000000001,0.));
#4997=CARTESIAN_POINT('',(54.4951905283833,-7.21410161513773,2.));
#4998=CARTESIAN_POINT('',(57.4951905283833,-2.01794919243121,2.));
#4999=CARTESIAN_POINT('',(59.2272413359522,-3.01794919243088,6.27820079140198));
#5000=CARTESIAN_POINT('',(56.2272413359521,-8.21410161513769,6.27820079140198));
#5001=CARTESIAN_POINT('',(64.3074058914761,-5.95098356609015,6.27820079140198));
#5002=CARTESIAN_POINT('',(55.3612159321677,-7.71410161513769,2.));
#5003=CARTESIAN_POINT('',(58.3612159321677,-2.51794919243111,2.));
#5004=CARTESIAN_POINT('',(56.2272413359521,-8.21410161513769,3.));
#5005=CARTESIAN_POINT('',(59.2272413359521,-3.01794919243108,3.));
#5006=CARTESIAN_POINT('',(57.9592921435211,-9.21410161513777,6.27820079140198));
#5007=CARTESIAN_POINT('',(58.9592921435212,-7.48205080756882,6.27820079140198));
#5008=CARTESIAN_POINT('',(62.307405891476,-9.41508518122802,6.27820079140198));
#5009=CARTESIAN_POINT('',(57.4951905283833,-2.01794919243121,0.));
#5010=CARTESIAN_POINT('',(54.4951905283833,-7.21410161513773,0.));
#5011=CARTESIAN_POINT('',(62.307405891476,-9.41508518122802,9.15933995315754E-16));
#5012=CARTESIAN_POINT('',(64.3074058914761,-5.95098356609015,1.33226762955019E-15));
#5013=CARTESIAN_POINT('',(57.9592921435211,-9.21410161513777,5.60782460478196E-16));
#5014=CARTESIAN_POINT('',(58.9592921435212,-7.48205080756882,0.));
#5015=CARTESIAN_POINT('',(41.5048094716167,-0.285898384862264,2.));
#5016=CARTESIAN_POINT('',(44.5048094716167,-5.48205080756878,2.));
#5017=CARTESIAN_POINT('',(42.772758664048,-6.48205080756904,6.27820079140198));
#5018=CARTESIAN_POINT('',(39.7727586640479,-1.28589838486222,6.27820079140198));
#5019=CARTESIAN_POINT('',(37.6925941085242,-9.41508518122832,6.27820079140198));
#5020=CARTESIAN_POINT('',(40.6387840678323,-0.785898384862222,2.));
#5021=CARTESIAN_POINT('',(43.6387840678323,-5.98205080756881,2.));
#5022=CARTESIAN_POINT('',(39.7727586640479,-1.28589838486222,3.));
#5023=CARTESIAN_POINT('',(42.7727586640479,-6.48205080756884,3.));
#5024=CARTESIAN_POINT('',(38.0407078564789,-2.2858983848623,6.27820079140198));
#5025=CARTESIAN_POINT('',(39.0407078564789,-4.01794919243126,6.27820079140198));
#5026=CARTESIAN_POINT('',(35.6925941085241,-5.95098356609046,6.27820079140198));
#5027=CARTESIAN_POINT('',(44.5048094716167,-5.48205080756878,0.));
#5028=CARTESIAN_POINT('',(41.5048094716167,-0.285898384862264,0.));
#5029=CARTESIAN_POINT('',(35.6925941085241,-5.95098356609044,9.15933995315754E-16));
#5030=CARTESIAN_POINT('',(37.6925941085242,-9.41508518122832,1.33226762955019E-15));
#5031=CARTESIAN_POINT('',(38.0407078564789,-2.2858983848623,5.60782460478196E-16));
#5032=CARTESIAN_POINT('',(39.0407078564789,-4.01794919243126,0.));
#5033=CARTESIAN_POINT('',(47.9999999999999,15.3660687473185,0.5));
#5034=CARTESIAN_POINT('',(51.9999999999999,15.3660687473185,0.5));
#5035=CARTESIAN_POINT('',(51.9999999999999,15.8660687473185,0.));
#5036=CARTESIAN_POINT('',(47.9999999999999,15.8660687473185,0.));
#5037=CARTESIAN_POINT('',(64.307405891476,-5.95098356609022,0.5));
#5038=CARTESIAN_POINT('',(62.307405891476,-9.41508518122802,0.5));
#5039=CARTESIAN_POINT('',(62.7404185933682,-9.66508518122803,0.));
#5040=CARTESIAN_POINT('',(64.7404185933682,-6.20098356609031,0.));
#5041=CARTESIAN_POINT('',(37.6925941085242,-9.41508518122826,0.5));
#5042=CARTESIAN_POINT('',(35.6925941085241,-5.95098356609045,0.500000000000001));
#5043=CARTESIAN_POINT('',(35.2595814066319,-6.20098356609045,0.));
#5044=CARTESIAN_POINT('',(37.2595814066319,-9.66508518122816,0.));
#5045=CARTESIAN_POINT('',(41.5048094716167,-0.285898384862259,0.5));
#5046=CARTESIAN_POINT('',(38.0407078564789,-2.2858983848623,0.5));
#5047=CARTESIAN_POINT('',(41.2548094716167,0.147114317029965,0.));
#5048=CARTESIAN_POINT('',(37.7907078564789,-1.85288568297007,0.));
#5049=CARTESIAN_POINT('',(54.,7.5,0.5));
#5050=CARTESIAN_POINT('',(54.,11.5000000000001,0.5));
#5051=CARTESIAN_POINT('',(54.5,7.50000000000035,0.));
#5052=CARTESIAN_POINT('',(54.5,11.5000000000001,0.));
#5053=CARTESIAN_POINT('',(54.4951905283833,-7.21410161513773,0.5));
#5054=CARTESIAN_POINT('',(57.9592921435212,-9.21410161513778,0.5));
#5055=CARTESIAN_POINT('',(54.2451905283833,-7.64711431702995,0.));
#5056=CARTESIAN_POINT('',(57.7092921435211,-9.64711431703001,0.));
#5057=CARTESIAN_POINT('',(36.4433189871918,-23.5800000013854,7.));
#5058=CARTESIAN_POINT('',(36.4433189871918,-23.5800000013854,0.));
#5059=CARTESIAN_POINT('',(63.5566810079381,-23.5800000013218,7.));
#5060=CARTESIAN_POINT('',(63.5566810079381,-23.5800000013218,0.));
#5061=CARTESIAN_POINT('',(36.4433189871918,-23.5800000013854,7.));
#5062=CARTESIAN_POINT('',(37.5587942688959,-23.5800000003023,7.));
#5063=CARTESIAN_POINT('',(36.4433189871918,-23.5800000013854,0.));
#5064=CARTESIAN_POINT('',(37.5587942688958,-23.5800000003023,-7.105427357601E-16));
#5065=CARTESIAN_POINT('',(36.4433189871365,23.5800000013854,7.));
#5066=CARTESIAN_POINT('',(36.4433189871365,23.5800000013854,0.));
#5067=CARTESIAN_POINT('',(63.5566810078828,23.5800000013854,7.));
#5068=CARTESIAN_POINT('',(63.5566810078828,23.5800000013854,0.));
#5069=CARTESIAN_POINT('',(36.4433189871365,23.5800000013854,7.));
#5070=CARTESIAN_POINT('',(37.5587942688405,23.580000000305,7.));
#5071=CARTESIAN_POINT('',(36.4433189871365,23.5800000013854,0.));
#5072=CARTESIAN_POINT('',(37.5587942688405,23.580000000305,7.105427357601E-16));
#5073=CARTESIAN_POINT('',(72.2608695652388,16.9839243463199,7.));
#5074=CARTESIAN_POINT('',(72.1948303424172,17.0704821109125,7.));
#5075=CARTESIAN_POINT('',(72.1281199951267,17.1565237004292,7.));
#5076=CARTESIAN_POINT('',(72.1281199951267,17.1565237004292,7.));
#5077=CARTESIAN_POINT('',(71.5443209045511,17.9094953720169,7.));
#5078=CARTESIAN_POINT('',(71.5019569723929,18.8613320248216,7.));
#5079=CARTESIAN_POINT('',(71.5019569723929,18.8613320248216,7.));
#5080=CARTESIAN_POINT('',(71.4541838017536,19.9347039362244,7.));
#5081=CARTESIAN_POINT('',(70.6944438672343,20.6944438706215,7.));
#5082=CARTESIAN_POINT('',(69.9347039327149,21.4541838050187,7.));
#5083=CARTESIAN_POINT('',(68.8613320213044,21.5019569754853,7.));
#5084=CARTESIAN_POINT('',(68.8613320213044,21.5019569754853,7.));
#5085=CARTESIAN_POINT('',(67.9094953684928,21.5443209074903,7.));
#5086=CARTESIAN_POINT('',(67.1565236968113,22.1281199979447,7.));
#5087=CARTESIAN_POINT('',(67.1565236968113,22.1281199979447,7.));
#5088=CARTESIAN_POINT('',(66.8337358752349,22.3783860354773,7.));
#5089=CARTESIAN_POINT('',(66.5037855748779,22.6191304364393,7.));
#5090=CARTESIAN_POINT('',(65.1868735292596,23.5800000013954,7.));
#5091=CARTESIAN_POINT('',(63.5566810078828,23.5800000013854,7.));
#5092=CARTESIAN_POINT('',(32.8434763031896,22.1281199979451,7.));
#5093=CARTESIAN_POINT('',(32.0905046315078,21.5443209074906,7.));
#5094=CARTESIAN_POINT('',(31.1386679786961,21.5019569754857,7.));
#5095=CARTESIAN_POINT('',(31.1386679786961,21.5019569754857,7.));
#5096=CARTESIAN_POINT('',(30.0652960672853,21.4541838050193,7.00000000000001));
#5097=CARTESIAN_POINT('',(29.3055561327656,20.6944438706218,7.));
#5098=CARTESIAN_POINT('',(28.545816198246,19.9347039362244,7.));
#5099=CARTESIAN_POINT('',(28.4980430276067,18.8613320248213,7.));
#5100=CARTESIAN_POINT('',(28.4980430276067,18.8613320248213,7.));
#5101=CARTESIAN_POINT('',(28.4556790954487,17.9094953720164,7.));
#5102=CARTESIAN_POINT('',(27.8718800048731,17.1565237004286,7.));
#5103=CARTESIAN_POINT('',(28.857142857131,9.84782167981344,0.));
#5104=CARTESIAN_POINT('',(28.857142857131,9.84782167981344,7.));
#5105=CARTESIAN_POINT('',(27.8718800048731,17.1565237004286,7.));
#5106=CARTESIAN_POINT('',(27.8051696575828,17.0704821109122,7.));
#5107=CARTESIAN_POINT('',(27.7391304347614,16.9839243463198,7.));
#5108=CARTESIAN_POINT('',(26.444075260074,15.2864924845341,7.));
#5109=CARTESIAN_POINT('',(26.7745423227824,13.1771716575012,7.));
#5110=CARTESIAN_POINT('',(27.1050093854907,11.0678508304683,7.));
#5111=CARTESIAN_POINT('',(28.857142857131,9.84782167981344,7.));
#5112=CARTESIAN_POINT('',(28.857142857131,9.84782167981344,0.));
#5113=CARTESIAN_POINT('',(33.9999999999968,6.26679561444407,1.551481024899E-15));
#5114=CARTESIAN_POINT('',(34.0000000000058,3.46810559617161E-11,0.));
#5115=CARTESIAN_POINT('',(34.0000000000148,-6.26679561437472,1.19344694223E-16));
#5116=CARTESIAN_POINT('',(28.8571428571592,-9.84782167975882,0.));
#5117=CARTESIAN_POINT('',(28.8571428571592,-9.84782167975882,0.));
#5118=CARTESIAN_POINT('',(28.8571428571592,-9.84782167975882,7.));
#5119=CARTESIAN_POINT('',(28.857142857131,9.84782167981344,7.));
#5120=CARTESIAN_POINT('',(33.9999999999968,6.26679561444407,7.));
#5121=CARTESIAN_POINT('',(34.0000000000058,3.46810559617161E-11,7.));
#5122=CARTESIAN_POINT('',(34.0000000000148,-6.26679561437472,7.));
#5123=CARTESIAN_POINT('',(28.8571428571592,-9.84782167975882,7.));
#5124=CARTESIAN_POINT('',(28.8571428571592,-9.84782167975882,0.));
#5125=CARTESIAN_POINT('',(27.1050093855224,-11.0678508304187,1.33256852822521E-15));
#5126=CARTESIAN_POINT('',(26.77454232282,-13.1771716574526,-2.49595042666776E-15));
#5127=CARTESIAN_POINT('',(26.6872894662152,-13.7340933250756,-2.38372129166313E-15));
#5128=CARTESIAN_POINT('',(26.7262288017799,-14.2964620057465,-1.77635683940025E-15));
#5129=CARTESIAN_POINT('',(28.8571428571592,-9.84782167975882,7.));
#5130=CARTESIAN_POINT('',(27.1050093855224,-11.0678508304187,7.));
#5131=CARTESIAN_POINT('',(26.7745423228201,-13.1771716574526,7.));
#5132=CARTESIAN_POINT('',(26.4440752601177,-15.2864924844865,7.));
#5133=CARTESIAN_POINT('',(27.73913043481,-16.9839243462685,7.));
#5134=CARTESIAN_POINT('',(27.8051696566036,-17.0704821095131,7.));
#5135=CARTESIAN_POINT('',(27.8718800028451,-17.1565236976979,7.));
#5136=CARTESIAN_POINT('',(27.8718800028451,-17.1565236976979,7.));
#5137=CARTESIAN_POINT('',(28.4556790931853,-17.9094953691658,7.));
#5138=CARTESIAN_POINT('',(28.498043025358,-18.8613320217307,7.));
#5139=CARTESIAN_POINT('',(28.498043025358,-18.8613320217307,7.));
#5140=CARTESIAN_POINT('',(28.5458161959992,-19.9347039325382,7.));
#5141=CARTESIAN_POINT('',(29.3055561299759,-20.6944438666371,7.));
#5142=CARTESIAN_POINT('',(30.0652960639526,-21.454183800736,7.));
#5143=CARTESIAN_POINT('',(31.1386679747523,-21.5019569715499,7.));
#5144=CARTESIAN_POINT('',(31.1386679747523,-21.5019569715499,7.));
#5145=CARTESIAN_POINT('',(32.0905046273105,-21.5443209038758,7.));
#5146=CARTESIAN_POINT('',(32.8434762986845,-22.1281199943371,7.));
#5147=CARTESIAN_POINT('',(32.8434762986845,-22.1281199943371,7.));
#5148=CARTESIAN_POINT('',(33.1662641202571,-22.3783860322571,7.));
#5149=CARTESIAN_POINT('',(33.4962144206143,-22.6191304336076,6.99999999999998));
#5150=CARTESIAN_POINT('',(34.8131264659401,-23.5799999998996,7.));
#5151=CARTESIAN_POINT('',(36.4433189871918,-23.5800000013854,7.));
#5152=CARTESIAN_POINT('',(67.1565236968123,-22.1281199978287,7.));
#5153=CARTESIAN_POINT('',(67.9094953684937,-21.5443209073744,7.));
#5154=CARTESIAN_POINT('',(68.8613320213049,-21.5019569753692,7.));
#5155=CARTESIAN_POINT('',(68.8613320213049,-21.5019569753692,7.));
#5156=CARTESIAN_POINT('',(69.9347039327147,-21.4541838049025,7.));
#5157=CARTESIAN_POINT('',(70.6944438672336,-20.6944438705058,7.));
#5158=CARTESIAN_POINT('',(71.4541838017525,-19.9347039361091,7.));
#5159=CARTESIAN_POINT('',(71.501956972392,-18.8613320247071,7.));
#5160=CARTESIAN_POINT('',(71.501956972392,-18.8613320247071,7.));
#5161=CARTESIAN_POINT('',(71.5443209045503,-17.9094953719026,7.));
#5162=CARTESIAN_POINT('',(72.1281199951258,-17.1565237003152,7.));
#5163=CARTESIAN_POINT('',(71.1428571428411,-9.84782167975883,0.));
#5164=CARTESIAN_POINT('',(71.1428571428411,-9.84782167975883,7.));
#5165=CARTESIAN_POINT('',(72.1281199951258,-17.1565237003152,7.));
#5166=CARTESIAN_POINT('',(72.1948303423922,-17.0704821108297,7.));
#5167=CARTESIAN_POINT('',(72.2608695651902,-16.9839243462685,7.));
#5168=CARTESIAN_POINT('',(73.5559247398826,-15.2864924844865,7.));
#5169=CARTESIAN_POINT('',(73.2254576771802,-13.1771716574526,7.));
#5170=CARTESIAN_POINT('',(72.8949906144779,-11.0678508304187,7.));
#5171=CARTESIAN_POINT('',(71.1428571428411,-9.84782167975883,7.));
#5172=CARTESIAN_POINT('',(71.1428571428411,-9.84782167975883,0.));
#5173=CARTESIAN_POINT('',(65.9999999999855,-6.26679561437474,-8.35412859564022E-16));
#5174=CARTESIAN_POINT('',(65.9999999999944,3.46552511548523E-11,6.04800166750379E-16));
#5175=CARTESIAN_POINT('',(66.0000000000034,6.26679561444406,-1.19344694223432E-16));
#5176=CARTESIAN_POINT('',(71.1428571428692,9.84782167981346,0.));
#5177=CARTESIAN_POINT('',(71.1428571428692,9.84782167981346,0.));
#5178=CARTESIAN_POINT('',(71.1428571428692,9.84782167981346,7.));
#5179=CARTESIAN_POINT('',(71.1428571428411,-9.84782167975883,7.));
#5180=CARTESIAN_POINT('',(65.9999999999855,-6.26679561437474,7.));
#5181=CARTESIAN_POINT('',(65.9999999999944,3.46552511548523E-11,7.));
#5182=CARTESIAN_POINT('',(66.0000000000034,6.26679561444406,7.));
#5183=CARTESIAN_POINT('',(71.1428571428692,9.84782167981346,7.));
#5184=CARTESIAN_POINT('',(71.1428571428692,9.84782167981346,0.));
#5185=CARTESIAN_POINT('',(72.8949906145096,11.0678508304684,9.55236457777481E-16));
#5186=CARTESIAN_POINT('',(73.225457677218,13.1771716575014,3.27694136837196E-15));
#5187=CARTESIAN_POINT('',(73.3127105338306,13.7340933251661,6.61462630289813E-15));
#5188=CARTESIAN_POINT('',(73.2737711982554,14.2964620058789,3.5527136788005E-15));
#5189=CARTESIAN_POINT('',(71.1428571428692,9.84782167981346,7.));
#5190=CARTESIAN_POINT('',(72.8949906145095,11.0678508304684,7.));
#5191=CARTESIAN_POINT('',(73.2254576772179,13.1771716575013,7.));
#5192=CARTESIAN_POINT('',(73.5559247399263,15.2864924845342,7.));
#5193=CARTESIAN_POINT('',(72.2608695652388,16.9839243463199,7.));
#5194=CARTESIAN_POINT('',(32.8366702970482,-18.7383296998795,7.));
#5195=CARTESIAN_POINT('',(32.8366702970482,-20.3133296998795,7.));
#5196=CARTESIAN_POINT('',(31.2616702970482,-20.3133296998795,7.));
#5197=CARTESIAN_POINT('',(29.6866702970482,-20.3133296998795,7.));
#5198=CARTESIAN_POINT('',(29.6866702970482,-18.7383296998795,7.));
#5199=CARTESIAN_POINT('',(29.6866702970482,-17.1633296998795,7.));
#5200=CARTESIAN_POINT('',(31.2616702970482,-17.1633296998795,7.));
#5201=CARTESIAN_POINT('',(32.8366702970482,-17.1633296998795,7.));
#5202=CARTESIAN_POINT('',(32.8366702970482,-18.7383296998795,7.));
#5203=CARTESIAN_POINT('',(70.313329699937,-18.7383297028944,7.));
#5204=CARTESIAN_POINT('',(70.313329699937,-20.3133297028945,7.));
#5205=CARTESIAN_POINT('',(68.738329699937,-20.3133297028944,7.));
#5206=CARTESIAN_POINT('',(67.163329699937,-20.3133297028945,7.));
#5207=CARTESIAN_POINT('',(67.163329699937,-18.7383297028944,7.));
#5208=CARTESIAN_POINT('',(67.163329699937,-17.1633297028945,7.));
#5209=CARTESIAN_POINT('',(68.738329699937,-17.1633297028945,7.));
#5210=CARTESIAN_POINT('',(70.313329699937,-17.1633297028945,7.));
#5211=CARTESIAN_POINT('',(70.313329699937,-18.7383297028944,7.));
#5212=CARTESIAN_POINT('',(70.313329699937,18.7383297030095,7.));
#5213=CARTESIAN_POINT('',(70.313329699937,17.1633297030095,7.));
#5214=CARTESIAN_POINT('',(68.738329699937,17.1633297030095,7.));
#5215=CARTESIAN_POINT('',(67.163329699937,17.1633297030095,7.));
#5216=CARTESIAN_POINT('',(67.163329699937,18.7383297030095,7.));
#5217=CARTESIAN_POINT('',(67.163329699937,20.3133297030095,7.));
#5218=CARTESIAN_POINT('',(68.738329699937,20.3133297030096,7.));
#5219=CARTESIAN_POINT('',(70.313329699937,20.3133297030095,7.));
#5220=CARTESIAN_POINT('',(70.313329699937,18.7383297030095,7.));
#5221=CARTESIAN_POINT('',(32.8366703000632,18.7383297030095,7.));
#5222=CARTESIAN_POINT('',(32.8366703000632,17.1633297030095,7.));
#5223=CARTESIAN_POINT('',(31.2616703000632,17.1633297030096,7.));
#5224=CARTESIAN_POINT('',(29.6866703000632,17.1633297030095,7.));
#5225=CARTESIAN_POINT('',(29.6866703000632,18.7383297030095,7.));
#5226=CARTESIAN_POINT('',(29.6866703000632,20.3133297030095,7.));
#5227=CARTESIAN_POINT('',(31.2616703000632,20.3133297030096,7.));
#5228=CARTESIAN_POINT('',(32.8366703000632,20.3133297030095,7.));
#5229=CARTESIAN_POINT('',(32.8366703000632,18.7383297030095,7.));
#5230=CARTESIAN_POINT('',(34.7726148510514,18.7509563423726,2.96690003866004));
#5231=CARTESIAN_POINT('',(34.7610062040553,18.7509563423726,2.96690003866004));
#5232=CARTESIAN_POINT('',(31.2490442559937,15.227385747315,2.96690003866004));
#5233=CARTESIAN_POINT('',(27.7238401842495,15.227385747315,2.96690003866004));
#5234=CARTESIAN_POINT('',(31.2490442559937,15.2389943943111,2.96690003866004));
#5235=CARTESIAN_POINT('',(31.2490442559937,15.2389943943111,-3.5527136788005E-15));
#5236=CARTESIAN_POINT('',(31.2490442559937,15.2389943943111,2.96690003866004));
#5237=CARTESIAN_POINT('',(31.2490442559937,15.227385747315,2.96690003866004));
#5238=CARTESIAN_POINT('',(31.2490442559937,15.2389943943111,2.96690003866004));
#5239=CARTESIAN_POINT('',(33.0654327516221,15.0850388774808,2.96690003866004));
#5240=CARTESIAN_POINT('',(34.1435012921249,16.5549836690259,2.96690003866002));
#5241=CARTESIAN_POINT('',(34.8638813777906,17.5372208043039,2.96690003866004));
#5242=CARTESIAN_POINT('',(34.7610062040553,18.7509563423726,2.96690003866004));
#5243=CARTESIAN_POINT('',(31.1386679786961,21.5019569754857,2.96690003866004));
#5244=CARTESIAN_POINT('',(32.0905046315078,21.5443209074906,2.96690003866005));
#5245=CARTESIAN_POINT('',(32.8434763031896,22.1281199979451,2.96690003866004));
#5246=CARTESIAN_POINT('',(28.4980430276068,18.8613320248213,2.96690003866004));
#5247=CARTESIAN_POINT('',(28.6105628329399,21.3894371705594,2.96690003866003));
#5248=CARTESIAN_POINT('',(31.1386679786961,21.5019569754857,2.96690003866004));
#5249=CARTESIAN_POINT('',(27.8718800048731,17.1565237004286,2.96690003866004));
#5250=CARTESIAN_POINT('',(28.4556790954488,17.9094953720164,2.96690003866005));
#5251=CARTESIAN_POINT('',(28.4980430276068,18.8613320248213,2.96690003866004));
#5252=CARTESIAN_POINT('',(32.8366703000632,18.7383297030095,2.96690003866004));
#5253=CARTESIAN_POINT('',(32.8366703000632,20.3133297030095,2.96690003866004));
#5254=CARTESIAN_POINT('',(31.2616703000632,20.3133297030096,2.96690003866004));
#5255=CARTESIAN_POINT('',(29.6866703000632,20.3133297030095,2.96690003866004));
#5256=CARTESIAN_POINT('',(29.6866703000632,18.7383297030095,2.96690003866004));
#5257=CARTESIAN_POINT('',(29.6866703000632,17.1633297030095,2.96690003866004));
#5258=CARTESIAN_POINT('',(31.2616703000632,17.1633297030096,2.96690003866004));
#5259=CARTESIAN_POINT('',(32.8366703000632,17.1633297030095,2.96690003866004));
#5260=CARTESIAN_POINT('',(32.8366703000632,18.7383297030095,2.96690003866004));
#5261=CARTESIAN_POINT('',(34.7610062040553,18.7509563423726,-3.5527136788005E-15));
#5262=CARTESIAN_POINT('',(34.7726148510514,18.7509563423726,-3.5527136788005E-15));
#5263=CARTESIAN_POINT('',(34.7726148510514,18.7509563423726,-3.5527136788005E-15));
#5264=CARTESIAN_POINT('',(34.7726148510514,22.5233686043518,0.));
#5265=CARTESIAN_POINT('',(31.2490442559937,15.227385747315,-3.5527136788005E-15));
#5266=CARTESIAN_POINT('',(31.2490442559937,15.2389943943111,-3.5527136788005E-15));
#5267=CARTESIAN_POINT('',(31.2490442559937,15.2389943943111,-3.5527136788005E-15));
#5268=CARTESIAN_POINT('',(32.7534023337283,15.1114863056435,-4.77447100623539E-15));
#5269=CARTESIAN_POINT('',(33.8209583132256,16.1790422851408,0.));
#5270=CARTESIAN_POINT('',(34.8885142927229,17.2465982646381,-2.81571367034395E-15));
#5271=CARTESIAN_POINT('',(34.7610062040553,18.7509563423726,-3.5527136788005E-15));
#5272=CARTESIAN_POINT('',(32.8434763031896,22.1281199979451,2.96690003866004));
#5273=CARTESIAN_POINT('',(32.8434763031896,22.1281199979451,7.));
#5274=CARTESIAN_POINT('',(31.1386679786961,21.5019569754857,2.96690003866004));
#5275=CARTESIAN_POINT('',(31.1386679786961,21.5019569754857,7.));
#5276=CARTESIAN_POINT('',(28.4980430276068,18.8613320248213,2.96690003866004));
#5277=CARTESIAN_POINT('',(28.4980430276067,18.8613320248213,7.));
#5278=CARTESIAN_POINT('',(27.8718800048731,17.1565237004286,2.96690003866004));
#5279=CARTESIAN_POINT('',(27.8718800048731,17.1565237004286,7.));
#5280=CARTESIAN_POINT('',(32.8366703000632,18.7383297030095,2.96690003866004));
#5281=CARTESIAN_POINT('',(32.8366703000632,18.7383297030095,7.));
#5282=CARTESIAN_POINT('',(34.7726148510514,18.7509563423726,-3.5527136788005E-15));
#5283=CARTESIAN_POINT('',(34.7726148510514,18.7509563423726,2.96690003866004));
#5284=CARTESIAN_POINT('',(31.2490442559937,15.227385747315,-3.5527136788005E-15));
#5285=CARTESIAN_POINT('',(31.2490442559937,15.227385747315,2.96690003866004));
#5286=CARTESIAN_POINT('',(34.7610062040553,18.7509563423726,-3.5527136788005E-15));
#5287=CARTESIAN_POINT('',(34.7610062040553,18.7509563423726,2.96690003866004));
#5288=CARTESIAN_POINT('',(34.7726148510514,-18.7509563422541,2.96690003866004));
#5289=CARTESIAN_POINT('',(34.7610062040553,-18.7509563422541,2.96690003866004));
#5290=CARTESIAN_POINT('',(31.2490442559937,-15.2273857471965,2.96690003866004));
#5291=CARTESIAN_POINT('',(27.7238401842855,-15.2273857471965,2.96690003866004));
#5292=CARTESIAN_POINT('',(31.2490442559937,-15.2389943941926,2.96690003866004));
#5293=CARTESIAN_POINT('',(31.2490442559937,-15.2389943941926,-3.5527136788005E-15));
#5294=CARTESIAN_POINT('',(31.2490442559937,-15.2389943941926,2.96690003866004));
#5295=CARTESIAN_POINT('',(31.2490442559937,-15.2273857471965,2.96690003866004));
#5296=CARTESIAN_POINT('',(31.2490442559937,-15.2389943941926,2.96690003866004));
#5297=CARTESIAN_POINT('',(33.0654327516221,-15.0850388773623,2.96690003866004));
#5298=CARTESIAN_POINT('',(34.1435012921249,-16.5549836689075,2.96690003866002));
#5299=CARTESIAN_POINT('',(34.8638813777906,-17.5372208041854,2.96690003866004));
#5300=CARTESIAN_POINT('',(34.7610062040553,-18.7509563422541,2.96690003866004));
#5301=CARTESIAN_POINT('',(27.8718800028451,-17.1565236976979,2.96690003866004));
#5302=CARTESIAN_POINT('',(28.4556790931853,-17.9094953691658,2.96690003866004));
#5303=CARTESIAN_POINT('',(28.498043025358,-18.8613320217307,2.96690003866004));
#5304=CARTESIAN_POINT('',(28.498043025358,-18.8613320217307,2.96690003866004));
#5305=CARTESIAN_POINT('',(28.6105628306848,-21.3894371658164,2.96690003866005));
#5306=CARTESIAN_POINT('',(31.1386679747523,-21.5019569715499,2.96690003866004));
#5307=CARTESIAN_POINT('',(31.1386679747523,-21.5019569715499,2.96690003866004));
#5308=CARTESIAN_POINT('',(32.0905046273105,-21.5443209038758,2.96690003866004));
#5309=CARTESIAN_POINT('',(32.8434762986845,-22.1281199943371,2.96690003866004));
#5310=CARTESIAN_POINT('',(32.8366702970482,-18.7383296998795,2.96690003866004));
#5311=CARTESIAN_POINT('',(32.8366702970482,-20.3133296998795,2.96690003866004));
#5312=CARTESIAN_POINT('',(31.2616702970482,-20.3133296998795,2.96690003866004));
#5313=CARTESIAN_POINT('',(29.6866702970482,-20.3133296998795,2.96690003866004));
#5314=CARTESIAN_POINT('',(29.6866702970482,-18.7383296998795,2.96690003866004));
#5315=CARTESIAN_POINT('',(29.6866702970482,-17.1633296998795,2.96690003866004));
#5316=CARTESIAN_POINT('',(31.2616702970482,-17.1633296998795,2.96690003866004));
#5317=CARTESIAN_POINT('',(32.8366702970482,-17.1633296998795,2.96690003866004));
#5318=CARTESIAN_POINT('',(32.8366702970482,-18.7383296998795,2.96690003866004));
#5319=CARTESIAN_POINT('',(34.7610062040553,-18.7509563422541,-3.5527136788005E-15));
#5320=CARTESIAN_POINT('',(34.7726148510514,-18.7509563422541,-3.5527136788005E-15));
#5321=CARTESIAN_POINT('',(34.7726148510514,-18.7509563422541,-3.5527136788005E-15));
#5322=CARTESIAN_POINT('',(34.7726148510514,-22.5233686042361,0.));
#5323=CARTESIAN_POINT('',(31.2490442559937,-15.2273857471965,-3.5527136788005E-15));
#5324=CARTESIAN_POINT('',(31.2490442559937,-15.2389943941926,-3.5527136788005E-15));
#5325=CARTESIAN_POINT('',(31.2490442559937,-15.2389943941926,-3.5527136788005E-15));
#5326=CARTESIAN_POINT('',(32.7534023337283,-15.111486305525,-4.77447100623539E-15));
#5327=CARTESIAN_POINT('',(33.8209583132256,-16.1790422850223,0.));
#5328=CARTESIAN_POINT('',(34.8885142927229,-17.2465982645196,-2.81571367034395E-15));
#5329=CARTESIAN_POINT('',(34.7610062040553,-18.7509563422541,-3.5527136788005E-15));
#5330=CARTESIAN_POINT('',(27.8718800028451,-17.1565236976979,2.96690003866004));
#5331=CARTESIAN_POINT('',(27.8718800028451,-17.1565236976979,7.));
#5332=CARTESIAN_POINT('',(28.498043025358,-18.8613320217307,2.96690003866004));
#5333=CARTESIAN_POINT('',(28.498043025358,-18.8613320217307,7.));
#5334=CARTESIAN_POINT('',(31.1386679747523,-21.5019569715499,2.96690003866004));
#5335=CARTESIAN_POINT('',(31.1386679747523,-21.5019569715499,7.));
#5336=CARTESIAN_POINT('',(32.8434762986845,-22.1281199943371,2.96690003866004));
#5337=CARTESIAN_POINT('',(32.8434762986845,-22.1281199943371,7.));
#5338=CARTESIAN_POINT('',(32.8366702970482,-18.7383296998795,2.96690003866004));
#5339=CARTESIAN_POINT('',(32.8366702970482,-18.7383296998795,7.));
#5340=CARTESIAN_POINT('',(34.7726148510514,-18.7509563422541,-3.5527136788005E-15));
#5341=CARTESIAN_POINT('',(34.7726148510514,-18.7509563422541,2.96690003866004));
#5342=CARTESIAN_POINT('',(31.2490442559937,-15.2273857471965,-3.5527136788005E-15));
#5343=CARTESIAN_POINT('',(31.2490442559937,-15.2273857471965,2.96690003866004));
#5344=CARTESIAN_POINT('',(34.7610062040553,-18.7509563422541,-3.5527136788005E-15));
#5345=CARTESIAN_POINT('',(34.7610062040553,-18.7509563422541,2.96690003866004));
#5346=CARTESIAN_POINT('',(65.2273851489489,-18.7509563422541,2.96690003866004));
#5347=CARTESIAN_POINT('',(65.238993795945,-18.7509563422541,2.96690003866004));
#5348=CARTESIAN_POINT('',(68.7509557440065,-15.2273857471965,2.96690003866004));
#5349=CARTESIAN_POINT('',(72.2761598157148,-15.2273857471965,2.96690003866004));
#5350=CARTESIAN_POINT('',(68.7509557440065,-15.2389943941926,2.96690003866004));
#5351=CARTESIAN_POINT('',(68.7509557440065,-15.2389943941926,-3.5527136788005E-15));
#5352=CARTESIAN_POINT('',(68.7509557440065,-15.2389943941926,2.96690003866004));
#5353=CARTESIAN_POINT('',(68.7509557440065,-15.2273857471965,2.96690003866004));
#5354=CARTESIAN_POINT('',(68.7509557440065,-15.2389943941926,2.96690003866004));
#5355=CARTESIAN_POINT('',(66.9345672483783,-15.0850388773623,2.96690003866004));
#5356=CARTESIAN_POINT('',(65.8564987078747,-16.5549836689075,2.96690003866002));
#5357=CARTESIAN_POINT('',(65.1361186222096,-17.5372208041854,2.96690003866004));
#5358=CARTESIAN_POINT('',(65.238993795945,-18.7509563422541,2.96690003866004));
#5359=CARTESIAN_POINT('',(68.8613320213049,-21.5019569753692,2.96690003866004));
#5360=CARTESIAN_POINT('',(67.9094953684937,-21.5443209073744,2.96690003866005));
#5361=CARTESIAN_POINT('',(67.1565236968123,-22.1281199978287,2.96690003866004));
#5362=CARTESIAN_POINT('',(71.501956972392,-18.8613320247071,2.96690003866004));
#5363=CARTESIAN_POINT('',(71.3894371670582,-21.3894371704422,2.96690003866004));
#5364=CARTESIAN_POINT('',(68.8613320213049,-21.5019569753692,2.96690003866004));
#5365=CARTESIAN_POINT('',(72.1281199951258,-17.1565237003152,2.96690003866004));
#5366=CARTESIAN_POINT('',(71.5443209045503,-17.9094953719026,2.96690003866004));
#5367=CARTESIAN_POINT('',(71.501956972392,-18.8613320247071,2.96690003866004));
#5368=CARTESIAN_POINT('',(70.313329699937,-18.7383297028944,2.96690003866004));
#5369=CARTESIAN_POINT('',(70.313329699937,-17.1633297028945,2.96690003866004));
#5370=CARTESIAN_POINT('',(68.738329699937,-17.1633297028945,2.96690003866004));
#5371=CARTESIAN_POINT('',(67.163329699937,-17.1633297028945,2.96690003866004));
#5372=CARTESIAN_POINT('',(67.163329699937,-18.7383297028944,2.96690003866004));
#5373=CARTESIAN_POINT('',(67.163329699937,-20.3133297028945,2.96690003866004));
#5374=CARTESIAN_POINT('',(68.738329699937,-20.3133297028944,2.96690003866004));
#5375=CARTESIAN_POINT('',(70.313329699937,-20.3133297028945,2.96690003866004));
#5376=CARTESIAN_POINT('',(70.313329699937,-18.7383297028944,2.96690003866004));
#5377=CARTESIAN_POINT('',(65.238993795945,-18.7509563422541,-3.5527136788005E-15));
#5378=CARTESIAN_POINT('',(65.2273851489489,-18.7509563422541,-3.5527136788005E-15));
#5379=CARTESIAN_POINT('',(65.2273851489489,-18.7509563422541,-3.5527136788005E-15));
#5380=CARTESIAN_POINT('',(65.2273851489488,-22.5233686063074,0.));
#5381=CARTESIAN_POINT('',(68.7509557440065,-15.2273857471965,-3.5527136788005E-15));
#5382=CARTESIAN_POINT('',(68.7509557440065,-15.2389943941926,-3.5527136788005E-15));
#5383=CARTESIAN_POINT('',(68.7509557440065,-15.2389943941926,-3.5527136788005E-15));
#5384=CARTESIAN_POINT('',(67.2465976662719,-15.1114863055249,-1.71391266890502E-15));
#5385=CARTESIAN_POINT('',(66.1790416867746,-16.1790422850222,-1.77635683940025E-15));
#5386=CARTESIAN_POINT('',(65.1114857072773,-17.2465982645196,2.20360200287788E-15));
#5387=CARTESIAN_POINT('',(65.238993795945,-18.7509563422541,-3.5527136788005E-15));
#5388=CARTESIAN_POINT('',(67.1565236968123,-22.1281199978287,2.96690003866004));
#5389=CARTESIAN_POINT('',(67.1565236968123,-22.1281199978287,7.));
#5390=CARTESIAN_POINT('',(68.8613320213049,-21.5019569753692,2.96690003866004));
#5391=CARTESIAN_POINT('',(68.8613320213049,-21.5019569753692,7.));
#5392=CARTESIAN_POINT('',(71.501956972392,-18.8613320247071,2.96690003866004));
#5393=CARTESIAN_POINT('',(71.501956972392,-18.8613320247071,7.));
#5394=CARTESIAN_POINT('',(72.1281199951258,-17.1565237003152,2.96690003866004));
#5395=CARTESIAN_POINT('',(72.1281199951258,-17.1565237003152,7.));
#5396=CARTESIAN_POINT('',(70.313329699937,-18.7383297028944,2.96690003866004));
#5397=CARTESIAN_POINT('',(70.313329699937,-18.7383297028944,7.));
#5398=CARTESIAN_POINT('',(65.2273851489489,-18.7509563422541,-3.5527136788005E-15));
#5399=CARTESIAN_POINT('',(65.2273851489489,-18.7509563422541,2.96690003866004));
#5400=CARTESIAN_POINT('',(68.7509557440065,-15.2273857471965,-3.5527136788005E-15));
#5401=CARTESIAN_POINT('',(68.7509557440065,-15.2273857471965,2.96690003866004));
#5402=CARTESIAN_POINT('',(65.238993795945,-18.7509563422541,-3.5527136788005E-15));
#5403=CARTESIAN_POINT('',(65.238993795945,-18.7509563422541,2.96690003866004));
#5404=CARTESIAN_POINT('',(65.2273851489489,18.7509563423726,2.96690003866004));
#5405=CARTESIAN_POINT('',(65.238993795945,18.7509563423726,2.96690003866004));
#5406=CARTESIAN_POINT('',(68.7509557440065,15.227385747315,2.96690003866004));
#5407=CARTESIAN_POINT('',(72.2761598157508,15.227385747315,2.96690003866004));
#5408=CARTESIAN_POINT('',(68.7509557440065,15.2389943943111,2.96690003866004));
#5409=CARTESIAN_POINT('',(68.7509557440065,15.2389943943111,-3.5527136788005E-15));
#5410=CARTESIAN_POINT('',(68.7509557440065,15.2389943943111,2.96690003866004));
#5411=CARTESIAN_POINT('',(68.7509557440065,15.227385747315,2.96690003866004));
#5412=CARTESIAN_POINT('',(68.7509557440065,15.2389943943111,2.96690003866004));
#5413=CARTESIAN_POINT('',(66.9345672483783,15.0850388774808,2.96690003866004));
#5414=CARTESIAN_POINT('',(65.8564987078747,16.5549836690259,2.96690003866002));
#5415=CARTESIAN_POINT('',(65.1361186222096,17.5372208043039,2.96690003866004));
#5416=CARTESIAN_POINT('',(65.238993795945,18.7509563423726,2.96690003866004));
#5417=CARTESIAN_POINT('',(72.2608695652388,16.9839243463199,2.96690003866004));
#5418=CARTESIAN_POINT('',(72.1948303424171,17.0704821109126,2.96690003866004));
#5419=CARTESIAN_POINT('',(72.1281199951267,17.1565237004292,2.96690003866004));
#5420=CARTESIAN_POINT('',(72.1281199951267,17.1565237004292,2.96690003866004));
#5421=CARTESIAN_POINT('',(71.5443209045511,17.9094953720169,2.96690003866004));
#5422=CARTESIAN_POINT('',(71.5019569723929,18.8613320248216,2.96690003866004));
#5423=CARTESIAN_POINT('',(71.5019569723929,18.8613320248216,2.96690003866004));
#5424=CARTESIAN_POINT('',(71.3894371670598,21.3894371705587,2.96690003866005));
#5425=CARTESIAN_POINT('',(68.8613320213045,21.5019569754853,2.96690003866004));
#5426=CARTESIAN_POINT('',(68.8613320213045,21.5019569754853,2.96690003866004));
#5427=CARTESIAN_POINT('',(67.9094953684929,21.5443209074902,2.96690003866004));
#5428=CARTESIAN_POINT('',(67.1565236968113,22.1281199979447,2.96690003866004));
#5429=CARTESIAN_POINT('',(70.313329699937,18.7383297030095,2.96690003866004));
#5430=CARTESIAN_POINT('',(70.313329699937,17.1633297030095,2.96690003866004));
#5431=CARTESIAN_POINT('',(68.738329699937,17.1633297030095,2.96690003866004));
#5432=CARTESIAN_POINT('',(67.163329699937,17.1633297030095,2.96690003866004));
#5433=CARTESIAN_POINT('',(67.163329699937,18.7383297030095,2.96690003866004));
#5434=CARTESIAN_POINT('',(67.163329699937,20.3133297030095,2.96690003866004));
#5435=CARTESIAN_POINT('',(68.738329699937,20.3133297030096,2.96690003866004));
#5436=CARTESIAN_POINT('',(70.313329699937,20.3133297030095,2.96690003866004));
#5437=CARTESIAN_POINT('',(70.313329699937,18.7383297030095,2.96690003866004));
#5438=CARTESIAN_POINT('',(65.238993795945,18.7509563423726,-3.5527136788005E-15));
#5439=CARTESIAN_POINT('',(65.2273851489489,18.7509563423726,-3.5527136788005E-15));
#5440=CARTESIAN_POINT('',(65.2273851489489,18.7509563423726,-3.5527136788005E-15));
#5441=CARTESIAN_POINT('',(65.2273851489489,22.5233686064232,3.5527136788005E-15));
#5442=CARTESIAN_POINT('',(68.7509557440065,15.227385747315,-3.5527136788005E-15));
#5443=CARTESIAN_POINT('',(68.7509557440065,15.2389943943111,-3.5527136788005E-15));
#5444=CARTESIAN_POINT('',(68.7509557440065,15.2389943943111,-3.5527136788005E-15));
#5445=CARTESIAN_POINT('',(67.2465976662719,15.1114863056434,-1.71391266890502E-15));
#5446=CARTESIAN_POINT('',(66.1790416867746,16.1790422851408,-1.77635683940025E-15));
#5447=CARTESIAN_POINT('',(65.1114857072773,17.2465982646381,2.20360200287788E-15));
#5448=CARTESIAN_POINT('',(65.238993795945,18.7509563423726,-3.5527136788005E-15));
#5449=CARTESIAN_POINT('',(72.1281199951267,17.1565237004292,2.96690003866004));
#5450=CARTESIAN_POINT('',(72.1281199951267,17.1565237004292,7.));
#5451=CARTESIAN_POINT('',(72.2608695652388,16.9839243463199,2.96690003866004));
#5452=CARTESIAN_POINT('',(72.2608695652388,16.9839243463199,7.));
#5453=CARTESIAN_POINT('',(71.5019569723929,18.8613320248216,2.96690003866004));
#5454=CARTESIAN_POINT('',(71.5019569723929,18.8613320248216,7.));
#5455=CARTESIAN_POINT('',(68.8613320213045,21.5019569754853,2.96690003866004));
#5456=CARTESIAN_POINT('',(68.8613320213044,21.5019569754853,7.));
#5457=CARTESIAN_POINT('',(67.1565236968113,22.1281199979447,2.96690003866004));
#5458=CARTESIAN_POINT('',(67.1565236968113,22.1281199979447,7.));
#5459=CARTESIAN_POINT('',(70.313329699937,18.7383297030095,2.96690003866004));
#5460=CARTESIAN_POINT('',(70.313329699937,18.7383297030095,7.));
#5461=CARTESIAN_POINT('',(65.2273851489489,18.7509563423726,-3.5527136788005E-15));
#5462=CARTESIAN_POINT('',(65.2273851489489,18.7509563423726,2.96690003866004));
#5463=CARTESIAN_POINT('',(68.7509557440065,15.227385747315,-3.5527136788005E-15));
#5464=CARTESIAN_POINT('',(68.7509557440065,15.227385747315,2.96690003866004));
#5465=CARTESIAN_POINT('',(65.238993795945,18.7509563423726,-3.5527136788005E-15));
#5466=CARTESIAN_POINT('',(65.238993795945,18.7509563423726,2.96690003866004));
#5467=CARTESIAN_POINT('',(27.7238401842494,15.227385747315,-5.32907051820075E-15));
#5468=CARTESIAN_POINT('',(31.2490442559937,15.227385747315,-3.5527136788005E-15));
#5469=CARTESIAN_POINT('',(26.7262288017448,14.296462005879,0.));
#5470=CARTESIAN_POINT('',(26.6872894661689,13.734093325166,-1.90298195054521E-14));
#5471=CARTESIAN_POINT('',(26.7745423227819,13.1771716575012,-1.01134823469951E-14));
#5472=CARTESIAN_POINT('',(27.1050093854907,11.0678508304683,-1.67230914216949E-15));
#5473=CARTESIAN_POINT('',(28.857142857131,9.84782167981344,0.));
#5474=CARTESIAN_POINT('',(34.7726148510514,22.5233686043518,2.96690003866004));
#5475=CARTESIAN_POINT('',(34.7726148510514,18.7509563423726,2.96690003866004));
#5476=CARTESIAN_POINT('',(27.7238401842494,15.227385747315,-5.32907051820075E-15));
#5477=CARTESIAN_POINT('',(27.7238401842495,15.227385747315,2.96690003866004));
#5478=CARTESIAN_POINT('',(35.604938816718,23.5092107557687,2.96690003866004));
#5479=CARTESIAN_POINT('',(35.604938816718,23.5092107557686,-5.32907051820075E-15));
#5480=CARTESIAN_POINT('',(26.7262288017448,14.296462005879,0.));
#5481=CARTESIAN_POINT('',(26.7262288017448,14.296462005879,2.96690003866004));
#5482=CARTESIAN_POINT('',(34.7726148510514,22.5233686043518,2.96690003866004));
#5483=CARTESIAN_POINT('',(34.7726148510514,22.5233686043518,0.));
#5484=CARTESIAN_POINT('',(35.604938816718,23.5092107557687,2.96690003866004));
#5485=CARTESIAN_POINT('',(34.7726148510514,23.3676457175493,2.96690003866002));
#5486=CARTESIAN_POINT('',(34.7726148510514,22.5233686043518,2.96690003866004));
#5487=CARTESIAN_POINT('',(35.604938816718,23.5092107557686,-5.32907051820075E-15));
#5488=CARTESIAN_POINT('',(34.7726148510514,23.3676457175493,-1.48205464219362E-14));
#5489=CARTESIAN_POINT('',(34.7726148510514,22.5233686043518,0.));
#5490=CARTESIAN_POINT('',(27.7238401842494,15.227385747315,-5.32907051820075E-15));
#5491=CARTESIAN_POINT('',(26.7906874979811,15.227385747315,-1.33174317101081E-13));
#5492=CARTESIAN_POINT('',(26.7262288017448,14.296462005879,0.));
#5493=CARTESIAN_POINT('',(27.7238401842495,15.227385747315,2.96690003866004));
#5494=CARTESIAN_POINT('',(26.7906874979812,15.227385747315,2.96690003865992));
#5495=CARTESIAN_POINT('',(26.7262288017448,14.296462005879,2.96690003866004));
#5496=CARTESIAN_POINT('',(27.7238401842855,-15.2273857471965,0.));
#5497=CARTESIAN_POINT('',(31.2490442559937,-15.2273857471965,-3.5527136788005E-15));
#5498=CARTESIAN_POINT('',(35.6049388167183,-23.509210755653,0.));
#5499=CARTESIAN_POINT('',(36.0211403312118,-23.5799999998763,3.93906666153896E-15));
#5500=CARTESIAN_POINT('',(36.4433189871918,-23.5800000013854,0.));
#5501=CARTESIAN_POINT('',(34.7726148510514,-22.5233686042361,2.96690003866004));
#5502=CARTESIAN_POINT('',(34.7726148510514,-18.7509563422541,2.96690003866004));
#5503=CARTESIAN_POINT('',(26.7262288017799,-14.2964620057465,-1.77635683940025E-15));
#5504=CARTESIAN_POINT('',(26.7262288017799,-14.2964620057465,2.96690003866004));
#5505=CARTESIAN_POINT('',(35.6049388167183,-23.509210755653,2.96690003866004));
#5506=CARTESIAN_POINT('',(35.6049388167183,-23.509210755653,0.));
#5507=CARTESIAN_POINT('',(27.7238401842855,-15.2273857471965,0.));
#5508=CARTESIAN_POINT('',(27.7238401842855,-15.2273857471965,2.96690003866004));
#5509=CARTESIAN_POINT('',(34.7726148510514,-22.5233686042361,2.96690003866004));
#5510=CARTESIAN_POINT('',(34.7726148510514,-22.5233686042361,0.));
#5511=CARTESIAN_POINT('',(26.7262288017799,-14.2964620057465,-1.77635683940025E-15));
#5512=CARTESIAN_POINT('',(26.7906874980042,-15.2273857471965,3.79630322411466E-14));
#5513=CARTESIAN_POINT('',(27.7238401842855,-15.2273857471965,0.));
#5514=CARTESIAN_POINT('',(27.7238401842855,-15.2273857471965,2.96690003866004));
#5515=CARTESIAN_POINT('',(26.7906874980042,-15.2273857471965,2.96690003866009));
#5516=CARTESIAN_POINT('',(26.7262288017799,-14.2964620057465,2.96690003866004));
#5517=CARTESIAN_POINT('',(35.6049388167183,-23.509210755653,2.96690003866004));
#5518=CARTESIAN_POINT('',(34.7726148510514,-23.3676457174338,2.96690003866006));
#5519=CARTESIAN_POINT('',(34.7726148510514,-22.5233686042361,2.96690003866004));
#5520=CARTESIAN_POINT('',(34.7726148510514,-22.5233686042361,0.));
#5521=CARTESIAN_POINT('',(34.7726148510514,-23.3676457174338,1.45299474724883E-14));
#5522=CARTESIAN_POINT('',(35.6049388167183,-23.509210755653,0.));
#5523=CARTESIAN_POINT('',(72.2761598157148,-15.2273857471965,0.));
#5524=CARTESIAN_POINT('',(68.7509557440065,-15.2273857471965,-3.5527136788005E-15));
#5525=CARTESIAN_POINT('',(73.2737711982204,-14.2964620057466,0.));
#5526=CARTESIAN_POINT('',(73.3127105337854,-13.7340933250757,-6.14743467488319E-17));
#5527=CARTESIAN_POINT('',(73.225457677181,-13.1771716574527,9.88747899191071E-16));
#5528=CARTESIAN_POINT('',(72.8949906144779,-11.0678508304187,1.58714417443819E-15));
#5529=CARTESIAN_POINT('',(71.1428571428411,-9.84782167975883,0.));
#5530=CARTESIAN_POINT('',(65.2273851489488,-22.5233686063074,2.96690003866004));
#5531=CARTESIAN_POINT('',(65.2273851489489,-18.7509563422541,2.96690003866004));
#5532=CARTESIAN_POINT('',(72.2761598157148,-15.2273857471965,0.));
#5533=CARTESIAN_POINT('',(72.2761598157148,-15.2273857471965,2.96690003866004));
#5534=CARTESIAN_POINT('',(64.3950611842074,-23.5092107575669,2.96690003866004));
#5535=CARTESIAN_POINT('',(64.3950611842073,-23.5092107575669,0.));
#5536=CARTESIAN_POINT('',(73.2737711982205,-14.2964620057466,0.));
#5537=CARTESIAN_POINT('',(73.2737711982204,-14.2964620057465,2.96690003866004));
#5538=CARTESIAN_POINT('',(65.2273851489488,-22.5233686063074,2.96690003866004));
#5539=CARTESIAN_POINT('',(65.2273851489488,-22.5233686063074,0.));
#5540=CARTESIAN_POINT('',(64.3950611842074,-23.5092107575669,2.96690003866004));
#5541=CARTESIAN_POINT('',(65.2273851489488,-23.3676457187012,2.96690003866008));
#5542=CARTESIAN_POINT('',(65.2273851489488,-22.5233686063074,2.96690003866004));
#5543=CARTESIAN_POINT('',(64.3950611842073,-23.5092107575669,0.));
#5544=CARTESIAN_POINT('',(65.2273851489489,-23.3676457187012,4.22821471281863E-14));
#5545=CARTESIAN_POINT('',(65.2273851489488,-22.5233686063074,0.));
#5546=CARTESIAN_POINT('',(72.2761598157148,-15.2273857471965,0.));
#5547=CARTESIAN_POINT('',(73.2093125019962,-15.2273857471964,-4.90482376555606E-14));
#5548=CARTESIAN_POINT('',(73.2737711982205,-14.2964620057466,0.));
#5549=CARTESIAN_POINT('',(72.2761598157148,-15.2273857471965,2.96690003866004));
#5550=CARTESIAN_POINT('',(73.2093125019961,-15.2273857471964,2.96690003866));
#5551=CARTESIAN_POINT('',(73.2737711982204,-14.2964620057465,2.96690003866004));
#5552=CARTESIAN_POINT('',(64.3950611842077,23.5092107576827,7.105427357601E-15));
#5553=CARTESIAN_POINT('',(63.9788596668427,23.580000001388,3.58162259271027E-15));
#5554=CARTESIAN_POINT('',(63.5566810078828,23.5800000013854,0.));
#5555=CARTESIAN_POINT('',(65.2273851489488,22.5233686064232,2.96690003866004));
#5556=CARTESIAN_POINT('',(65.2273851489489,18.7509563423726,2.96690003866004));
#5557=CARTESIAN_POINT('',(64.3950611842077,23.5092107576827,2.96690003866004));
#5558=CARTESIAN_POINT('',(64.3950611842077,23.5092107576827,7.105427357601E-15));
#5559=CARTESIAN_POINT('',(65.2273851489488,22.5233686064232,2.96690003866004));
#5560=CARTESIAN_POINT('',(65.2273851489489,22.5233686064232,3.5527136788005E-15));
#5561=CARTESIAN_POINT('',(64.3950611842077,23.5092107576827,2.96690003866004));
#5562=CARTESIAN_POINT('',(65.2273851489489,23.3676457188168,2.96690003866002));
#5563=CARTESIAN_POINT('',(65.2273851489488,22.5233686064232,2.96690003866004));
#5564=CARTESIAN_POINT('',(65.2273851489489,22.5233686064232,3.5527136788005E-15));
#5565=CARTESIAN_POINT('',(65.2273851489489,23.3676457188168,-1.99060280294183E-14));
#5566=CARTESIAN_POINT('',(64.3950611842077,23.5092107576827,7.105427357601E-15));
#5567=CARTESIAN_POINT('',(72.2761598157508,15.227385747315,0.));
#5568=CARTESIAN_POINT('',(68.7509557440065,15.227385747315,-3.5527136788005E-15));
#5569=CARTESIAN_POINT('',(73.2737711982554,14.2964620058789,3.5527136788005E-15));
#5570=CARTESIAN_POINT('',(73.2737711982554,14.296462005879,2.96690003866004));
#5571=CARTESIAN_POINT('',(72.2761598157508,15.227385747315,0.));
#5572=CARTESIAN_POINT('',(72.2761598157508,15.227385747315,2.96690003866004));
#5573=CARTESIAN_POINT('',(73.2737711982554,14.2964620058789,3.5527136788005E-15));
#5574=CARTESIAN_POINT('',(73.2093125020191,15.227385747315,-2.07430008164288E-13));
#5575=CARTESIAN_POINT('',(72.2761598157508,15.227385747315,0.));
#5576=CARTESIAN_POINT('',(72.2761598157508,15.227385747315,2.96690003866004));
#5577=CARTESIAN_POINT('',(73.2093125020191,15.227385747315,2.96690003865983));
#5578=CARTESIAN_POINT('',(73.2737711982554,14.296462005879,2.96690003866004));
#5579=CARTESIAN_POINT('',(32.8434763031896,22.1281199979451,2.96690003866004));
#5580=CARTESIAN_POINT('',(33.1662641225604,22.3783860337681,2.96690003866002));
#5581=CARTESIAN_POINT('',(33.4962144206158,22.6191304331511,2.96690003866004));
#5582=CARTESIAN_POINT('',(34.0853023222275,23.0489515725829,2.96690003866));
#5583=CARTESIAN_POINT('',(34.7726148510519,23.2926157994363,2.96690003866006));
#5584=CARTESIAN_POINT('',(35.1794281294718,23.4368381710689,2.96690003866008));
#5585=CARTESIAN_POINT('',(35.604938816718,23.5092107557687,2.96690003866004));
#5586=CARTESIAN_POINT('',(26.7262288017448,14.296462005879,2.96690003866004));
#5587=CARTESIAN_POINT('',(26.7589624576499,14.7692071776778,2.96690003866008));
#5588=CARTESIAN_POINT('',(26.8799247989516,15.2273857473149,2.96690003866002));
#5589=CARTESIAN_POINT('',(27.1344085875275,16.1913139996136,2.96690003866004));
#5590=CARTESIAN_POINT('',(27.7391304347613,16.9839243463199,2.96690003866004));
#5591=CARTESIAN_POINT('',(27.8051696575826,17.0704821109122,2.96690003865999));
#5592=CARTESIAN_POINT('',(27.8718800048731,17.1565237004286,2.96690003866004));
#5593=CARTESIAN_POINT('',(26.7262288017799,-14.2964620057465,2.96690003866004));
#5594=CARTESIAN_POINT('',(26.7589624576789,-14.769207177552,2.96690003866004));
#5595=CARTESIAN_POINT('',(26.8799247989773,-15.2273857471965,2.96690003866004));
#5596=CARTESIAN_POINT('',(27.1344085875512,-16.1913139995343,2.96690003866002));
#5597=CARTESIAN_POINT('',(27.73913043481,-16.9839243462685,2.96690003866004));
#5598=CARTESIAN_POINT('',(27.8051696566036,-17.0704821095131,2.96690003866004));
#5599=CARTESIAN_POINT('',(27.8718800028451,-17.1565236976979,2.96690003866004));
#5600=CARTESIAN_POINT('',(32.8434762986845,-22.1281199943371,2.96690003866004));
#5601=CARTESIAN_POINT('',(33.1662641202571,-22.3783860319719,2.96690003866003));
#5602=CARTESIAN_POINT('',(33.4962144206143,-22.619130433035,2.96690003866004));
#5603=CARTESIAN_POINT('',(34.085302322227,-23.0489515724674,2.96690003866005));
#5604=CARTESIAN_POINT('',(34.7726148510515,-23.2926157993208,2.96690003866003));
#5605=CARTESIAN_POINT('',(35.1794281294712,-23.4368381709533,2.96690003866006));
#5606=CARTESIAN_POINT('',(35.6049388167183,-23.509210755653,2.96690003866004));
#5607=CARTESIAN_POINT('',(67.1565236968123,-22.1281199978287,2.96690003866004));
#5608=CARTESIAN_POINT('',(66.8337358752361,-22.3783860353612,2.96690003866005));
#5609=CARTESIAN_POINT('',(66.5037855748789,-22.6191304363231,2.96690003866004));
#5610=CARTESIAN_POINT('',(65.9146976752126,-23.0489515741562,2.96690003866004));
#5611=CARTESIAN_POINT('',(65.2273851489485,-23.2926158007093,2.96690003866004));
#5612=CARTESIAN_POINT('',(64.8205718710062,-23.4368381725324,2.96690003866005));
#5613=CARTESIAN_POINT('',(64.3950611842074,-23.5092107575669,2.96690003866004));
#5614=CARTESIAN_POINT('',(73.2737711982204,-14.2964620057465,2.96690003866004));
#5615=CARTESIAN_POINT('',(73.2410375423219,-14.7692071775521,2.96690003866003));
#5616=CARTESIAN_POINT('',(73.1200752010234,-15.2273857471965,2.96690003866004));
#5617=CARTESIAN_POINT('',(72.8655914124494,-16.1913139995344,2.96690003866004));
#5618=CARTESIAN_POINT('',(72.2608695651902,-16.9839243462685,2.96690003866004));
#5619=CARTESIAN_POINT('',(72.1948303423922,-17.0704821108295,2.96690003866004));
#5620=CARTESIAN_POINT('',(72.1281199951258,-17.1565237003152,2.96690003866004));
#5621=CARTESIAN_POINT('',(67.1565236968113,22.1281199979447,2.96690003866004));
#5622=CARTESIAN_POINT('',(66.8337358752349,22.3783860354773,2.96690003866004));
#5623=CARTESIAN_POINT('',(66.503785574878,22.6191304364393,2.96690003866008));
#5624=CARTESIAN_POINT('',(65.9146976752119,23.0489515742719,2.96690003866008));
#5625=CARTESIAN_POINT('',(65.2273851489488,23.2926158008249,2.96690003866002));
#5626=CARTESIAN_POINT('',(64.8205718710068,23.4368381726481,2.96690003866004));
#5627=CARTESIAN_POINT('',(64.3950611842077,23.5092107576827,2.96690003866004));
#5628=CARTESIAN_POINT('',(73.2737711982554,14.296462005879,2.96690003866004));
#5629=CARTESIAN_POINT('',(73.2410375423501,14.7692071776778,2.96690003866003));
#5630=CARTESIAN_POINT('',(73.1200752010481,15.2273857473149,2.96690003866003));
#5631=CARTESIAN_POINT('',(72.8655914124722,16.1913139996138,2.96690003866003));
#5632=CARTESIAN_POINT('',(72.2608695652388,16.9839243463199,2.96690003866004));
#5633=CARTESIAN_POINT('',(36.4433189871365,23.5800000013854,0.));
#5634=CARTESIAN_POINT('',(36.0211403311842,23.5799999999295,-2.96256790600872E-15));
#5635=CARTESIAN_POINT('',(35.604938816718,23.5092107557686,-5.32907051820075E-15));
#5636=CARTESIAN_POINT('',(36.4433189871365,23.5800000013854,7.));
#5637=CARTESIAN_POINT('',(34.8131264659162,23.5799999999263,7.));
#5638=CARTESIAN_POINT('',(33.496214420616,22.6191304337001,7.));
#5639=CARTESIAN_POINT('',(33.1662641225607,22.3783860340415,7.));
#5640=CARTESIAN_POINT('',(32.8434763031896,22.1281199979451,7.));
#5641=CARTESIAN_POINT('',(63.5566810079381,-23.5800000013218,0.));
#5642=CARTESIAN_POINT('',(63.97885966687,-23.5800000012935,-1.35209436002169E-15));
#5643=CARTESIAN_POINT('',(64.3950611842074,-23.5092107575669,0.));
#5644=CARTESIAN_POINT('',(63.5566810079381,-23.5800000013218,7.));
#5645=CARTESIAN_POINT('',(65.1868735292852,-23.5800000012937,7.));
#5646=CARTESIAN_POINT('',(66.5037855748791,-22.6191304363337,7.));
#5647=CARTESIAN_POINT('',(66.8337358752361,-22.3783860353665,7.));
#5648=CARTESIAN_POINT('',(67.1565236968123,-22.1281199978287,7.));
#5649=CARTESIAN_POINT('',(42.0020820290644,20.8728571420418,-1.02110452782682E-16));
#5650=CARTESIAN_POINT('',(42.0020820290644,20.8728571420418,7.));
#5651=CARTESIAN_POINT('',(37.5587942688405,23.580000000305,7.105427357601E-16));
#5652=CARTESIAN_POINT('',(37.5587942688405,23.580000000305,7.));
#5653=CARTESIAN_POINT('',(42.0020820290644,20.8728571420418,-1.02110452782682E-16));
#5654=CARTESIAN_POINT('',(40.605122801596,23.5799999994946,-2.36031911776114E-15));
#5655=CARTESIAN_POINT('',(37.5587942688405,23.580000000305,7.105427357601E-16));
#5656=CARTESIAN_POINT('',(42.0020820290644,20.8728571420418,7.));
#5657=CARTESIAN_POINT('',(40.605122801596,23.5799999994947,7.));
#5658=CARTESIAN_POINT('',(37.5587942688405,23.580000000305,7.));
#5659=CARTESIAN_POINT('',(42.0020820291134,-20.8728571420287,7.));
#5660=CARTESIAN_POINT('',(42.0020820291134,-20.8728571420287,-5.64434379171147E-15));
#5661=CARTESIAN_POINT('',(37.5587942688959,-23.5800000003023,7.));
#5662=CARTESIAN_POINT('',(37.5587942688958,-23.5800000003023,-7.105427357601E-16));
#5663=CARTESIAN_POINT('',(37.5587942688958,-23.5800000003023,-7.105427357601E-16));
#5664=CARTESIAN_POINT('',(40.6051228016513,-23.5799999994849,-9.65006085283427E-14));
#5665=CARTESIAN_POINT('',(42.0020820291134,-20.8728571420287,-5.64434379171146E-15));
#5666=CARTESIAN_POINT('',(37.5587942688959,-23.5800000003023,7.));
#5667=CARTESIAN_POINT('',(40.6051228016513,-23.5799999994849,6.99999999999991));
#5668=CARTESIAN_POINT('',(42.0020820291134,-20.8728571420287,7.));
#5669=CARTESIAN_POINT('',(42.0020820291134,-20.8728571420287,7.));
#5670=CARTESIAN_POINT('',(43.3882416776795,-18.1866426004597,7.));
#5671=CARTESIAN_POINT('',(46.1148663435777,-16.8817651863063,7.));
#5672=CARTESIAN_POINT('',(53.9928923204891,-13.1115879800498,6.99999999999999));
#5673=CARTESIAN_POINT('',(57.9979179668999,-20.8728571437276,6.99999999999999));
#5674=CARTESIAN_POINT('',(42.0020820291134,-20.8728571420287,-5.64434379171146E-15));
#5675=CARTESIAN_POINT('',(43.3882416776795,-18.1866426004597,-7.23032171854365E-15));
#5676=CARTESIAN_POINT('',(46.1148663435777,-16.8817651863063,-8.32492166700752E-15));
#5677=CARTESIAN_POINT('',(53.9928923204891,-13.1115879800498,-1.1487545014539E-14));
#5678=CARTESIAN_POINT('',(57.9979179668999,-20.8728571437276,-8.16985796021634E-15));
#5679=CARTESIAN_POINT('',(62.4412057276279,-23.5800000008204,7.));
#5680=CARTESIAN_POINT('',(63.5566810079381,-23.5800000013218,7.));
#5681=CARTESIAN_POINT('',(62.4412057276279,-23.5800000008204,2.50407047848181E-15));
#5682=CARTESIAN_POINT('',(63.5566810079381,-23.5800000013218,0.));
#5683=CARTESIAN_POINT('',(62.4412057276279,-23.5800000008204,2.50407047848181E-15));
#5684=CARTESIAN_POINT('',(62.4412057276279,-23.5800000008204,7.));
#5685=CARTESIAN_POINT('',(57.9979179668999,-20.8728571437276,-8.16985796021634E-15));
#5686=CARTESIAN_POINT('',(57.9979179668999,-20.8728571437276,6.99999999999999));
#5687=CARTESIAN_POINT('',(57.9979179668999,-20.8728571437276,6.99999999999999));
#5688=CARTESIAN_POINT('',(59.3948771941282,-23.5800000010795,7.00000000000023));
#5689=CARTESIAN_POINT('',(62.4412057276279,-23.5800000008204,7.));
#5690=CARTESIAN_POINT('',(57.9979179668999,-20.8728571437276,-8.16985796021634E-15));
#5691=CARTESIAN_POINT('',(59.3948771941282,-23.5800000010796,2.2595359218763E-13));
#5692=CARTESIAN_POINT('',(62.4412057276279,-23.5800000008204,2.50407047848181E-15));
#5693=CARTESIAN_POINT('',(42.0020820290644,20.8728571420418,7.));
#5694=CARTESIAN_POINT('',(43.3882416776372,18.1866426004759,7.));
#5695=CARTESIAN_POINT('',(46.1148663435382,16.8817651863289,6.99999999999998));
#5696=CARTESIAN_POINT('',(53.9928923204584,13.111587980091,7.));
#5697=CARTESIAN_POINT('',(57.997917966851,20.8728571437781,7.));
#5698=CARTESIAN_POINT('',(42.0020820290644,20.8728571420418,-1.02110452782682E-16));
#5699=CARTESIAN_POINT('',(43.3882416776373,18.1866426004759,-1.68236956830777E-16));
#5700=CARTESIAN_POINT('',(46.1148663435382,16.8817651863289,-2.94272006585064E-16));
#5701=CARTESIAN_POINT('',(53.9928923204583,13.111587980091,-6.58424582619429E-16));
#5702=CARTESIAN_POINT('',(57.997917966851,20.8728571437781,-8.33730525644408E-16));
#5703=CARTESIAN_POINT('',(62.4412057275726,23.5800000008814,7.));
#5704=CARTESIAN_POINT('',(63.5566810078828,23.5800000013854,7.));
#5705=CARTESIAN_POINT('',(62.4412057275726,23.5800000008814,1.94195246903356E-16));
#5706=CARTESIAN_POINT('',(63.5566810078828,23.5800000013854,0.));
#5707=CARTESIAN_POINT('',(62.4412057275726,23.5800000008814,7.));
#5708=CARTESIAN_POINT('',(62.4412057275726,23.5800000008814,1.94195246903356E-16));
#5709=CARTESIAN_POINT('',(57.997917966851,20.8728571437781,7.));
#5710=CARTESIAN_POINT('',(57.997917966851,20.8728571437781,-8.33730525644408E-16));
#5711=CARTESIAN_POINT('',(62.4412057275726,23.5800000008814,7.));
#5712=CARTESIAN_POINT('',(59.3948771940729,23.5800000011334,6.99999999999994));
#5713=CARTESIAN_POINT('',(57.997917966851,20.8728571437781,7.));
#5714=CARTESIAN_POINT('',(62.4412057275726,23.5800000008814,1.94195246903356E-16));
#5715=CARTESIAN_POINT('',(59.3948771940729,23.5800000011334,-5.62013790243027E-14));
#5716=CARTESIAN_POINT('',(57.997917966851,20.8728571437781,-8.33730525644408E-16));
#5717=CARTESIAN_POINT('',(55.0000000000001,5.92503823781954E-11,-4.44089209850063E-16));
#5718=CARTESIAN_POINT('',(55.0000000000001,-4.99999999994075,-6.2803698347351E-16));
#5719=CARTESIAN_POINT('',(50.0000000000001,-4.99999999994075,-4.44089209850063E-16));
#5720=CARTESIAN_POINT('',(45.0000000000001,-4.99999999994075,-6.2803698347351E-16));
#5721=CARTESIAN_POINT('',(45.0000000000001,5.92510485120101E-11,-4.44089209850063E-16));
#5722=CARTESIAN_POINT('',(45.0000000000001,5.00000000005925,-6.2803698347351E-16));
#5723=CARTESIAN_POINT('',(50.0000000000001,5.00000000005925,-4.44089209850063E-16));
#5724=CARTESIAN_POINT('',(55.0000000000001,5.00000000005925,-6.2803698347351E-16));
#5725=CARTESIAN_POINT('',(55.0000000000001,5.92503823781954E-11,-4.44089209850063E-16));
#5726=CARTESIAN_POINT('',(55.0000000000001,5.92503823781954E-11,7.));
#5727=CARTESIAN_POINT('',(55.0000000000001,-4.99999999994075,7.));
#5728=CARTESIAN_POINT('',(50.0000000000001,-4.99999999994075,7.));
#5729=CARTESIAN_POINT('',(45.0000000000001,-4.99999999994075,7.));
#5730=CARTESIAN_POINT('',(45.0000000000001,5.92510485120101E-11,7.));
#5731=CARTESIAN_POINT('',(45.0000000000001,5.00000000005925,7.));
#5732=CARTESIAN_POINT('',(50.0000000000001,5.00000000005925,7.));
#5733=CARTESIAN_POINT('',(55.0000000000001,5.00000000005925,7.));
#5734=CARTESIAN_POINT('',(55.0000000000001,5.92503823781954E-11,7.));
#5735=CARTESIAN_POINT('',(55.0000000000001,5.92508264674052E-11,-1.11022302462516E-15));
#5736=CARTESIAN_POINT('',(55.0000000000001,5.92503823781954E-11,6.83333333333333));
#5737=CARTESIAN_POINT('',(55.0000000000001,5.9248606021356E-11,7.));
#5738=CARTESIAN_POINT('',(48.0000000000001,7.5,2.));
#5739=CARTESIAN_POINT('',(54.,7.5,2.));
#5740=CARTESIAN_POINT('',(48.0000000000001,7.5,0.));
#5741=CARTESIAN_POINT('',(48.0000000000001,7.5,2.));
#5742=CARTESIAN_POINT('',(54.,7.5,2.));
#5743=CARTESIAN_POINT('',(54.,8.49999999999992,2.));
#5744=CARTESIAN_POINT('',(47.9999999999998,9.49999999999992,6.27820079140198));
#5745=CARTESIAN_POINT('',(54.,9.49999999999992,6.27820079140198));
#5746=CARTESIAN_POINT('',(54.,9.49999999999992,6.27820079140198));
#5747=CARTESIAN_POINT('',(54.,11.5000000000001,6.27820079140198));
#5748=CARTESIAN_POINT('',(47.9999999999998,15.3660687473185,6.27820079140198));
#5749=CARTESIAN_POINT('',(47.9999999999998,9.49999999999992,6.27820079140198));
#5750=CARTESIAN_POINT('',(54.,9.49999999999992,6.27820079140198));
#5751=CARTESIAN_POINT('',(54.,9.49999999999992,3.));
#5752=CARTESIAN_POINT('',(47.9999999999998,15.3660687473185,6.27820079140198));
#5753=CARTESIAN_POINT('',(47.9999999999999,15.3660687473185,0.5));
#5754=CARTESIAN_POINT('',(48.,8.49999999999992,2.));
#5755=CARTESIAN_POINT('',(48.0000000000001,7.5,2.));
#5756=CARTESIAN_POINT('',(48.,9.49999999999992,3.));
#5757=CARTESIAN_POINT('',(47.9999999999998,9.49999999999992,6.27820079140198));
#5758=CARTESIAN_POINT('',(48.,8.49999999999992,2.));
#5759=CARTESIAN_POINT('',(54.,8.49999999999992,2.));
#5760=CARTESIAN_POINT('',(48.,9.49999999999992,3.));
#5761=CARTESIAN_POINT('',(54.,9.49999999999992,3.));
#5762=CARTESIAN_POINT('',(54.,9.49999999999992,3.));
#5763=CARTESIAN_POINT('',(54.,8.49999999999992,2.));
#5764=CARTESIAN_POINT('',(48.,8.49999999999992,2.));
#5765=CARTESIAN_POINT('',(48.,9.49999999999992,3.));
#5766=CARTESIAN_POINT('',(54.,11.5000000000001,6.27820079140198));
#5767=CARTESIAN_POINT('',(51.9999999999999,11.5000000000001,6.27820079140198));
#5768=CARTESIAN_POINT('',(51.9999999999999,11.5000000000001,6.27820079140198));
#5769=CARTESIAN_POINT('',(51.9999999999999,15.3660687473185,6.27820079140198));
#5770=CARTESIAN_POINT('',(51.9999999999999,15.3660687473185,6.27820079140198));
#5771=CARTESIAN_POINT('',(47.9999999999998,15.3660687473185,6.27820079140198));
#5772=CARTESIAN_POINT('',(51.9999999999999,11.5000000000001,0.));
#5773=CARTESIAN_POINT('',(51.9999999999999,11.5000000000001,6.27820079140198));
#5774=CARTESIAN_POINT('',(48.0000000000001,7.5,0.));
#5775=CARTESIAN_POINT('',(54.,7.5,0.));
#5776=CARTESIAN_POINT('',(47.9999999999998,15.3660687473185,1.33226762955019E-15));
#5777=CARTESIAN_POINT('',(48.0000000000001,7.5,0.));
#5778=CARTESIAN_POINT('',(54.,11.5000000000001,5.60782460478196E-16));
#5779=CARTESIAN_POINT('',(51.9999999999999,11.5000000000001,0.));
#5780=CARTESIAN_POINT('',(51.9999999999999,11.5000000000001,0.));
#5781=CARTESIAN_POINT('',(51.9999999999999,15.3660687473185,9.15933995315754E-16));
#5782=CARTESIAN_POINT('',(57.4951905283833,-2.01794919243121,0.));
#5783=CARTESIAN_POINT('',(54.4951905283833,-7.21410161513773,0.));
#5784=CARTESIAN_POINT('',(57.4951905283833,-2.01794919243121,2.));
#5785=CARTESIAN_POINT('',(54.4951905283833,-7.21410161513773,2.));
#5786=CARTESIAN_POINT('',(57.4951905283833,-2.01794919243121,0.));
#5787=CARTESIAN_POINT('',(57.4951905283833,-2.01794919243121,2.));
#5788=CARTESIAN_POINT('',(54.4951905283833,-7.21410161513773,2.));
#5789=CARTESIAN_POINT('',(55.3612159321677,-7.71410161513769,2.));
#5790=CARTESIAN_POINT('',(59.2272413359522,-3.01794919243088,6.27820079140198));
#5791=CARTESIAN_POINT('',(56.2272413359521,-8.21410161513769,6.27820079140198));
#5792=CARTESIAN_POINT('',(56.2272413359521,-8.21410161513769,6.27820079140198));
#5793=CARTESIAN_POINT('',(57.9592921435211,-9.21410161513777,6.27820079140198));
#5794=CARTESIAN_POINT('',(64.3074058914761,-5.95098356609015,6.27820079140198));
#5795=CARTESIAN_POINT('',(59.2272413359522,-3.01794919243088,6.27820079140198));
#5796=CARTESIAN_POINT('',(56.2272413359521,-8.21410161513769,6.27820079140198));
#5797=CARTESIAN_POINT('',(56.2272413359521,-8.21410161513769,3.));
#5798=CARTESIAN_POINT('',(64.3074058914761,-5.95098356609015,6.27820079140198));
#5799=CARTESIAN_POINT('',(64.307405891476,-5.95098356609022,0.5));
#5800=CARTESIAN_POINT('',(64.3074058914761,-5.95098356609015,1.33226762955019E-15));
#5801=CARTESIAN_POINT('',(57.4951905283833,-2.01794919243121,0.));
#5802=CARTESIAN_POINT('',(58.3612159321677,-2.51794919243111,2.));
#5803=CARTESIAN_POINT('',(57.4951905283833,-2.01794919243121,2.));
#5804=CARTESIAN_POINT('',(59.2272413359521,-3.01794919243108,3.));
#5805=CARTESIAN_POINT('',(59.2272413359522,-3.01794919243088,6.27820079140198));
#5806=CARTESIAN_POINT('',(58.3612159321677,-2.51794919243111,2.));
#5807=CARTESIAN_POINT('',(55.3612159321677,-7.71410161513769,2.));
#5808=CARTESIAN_POINT('',(59.2272413359521,-3.01794919243108,3.));
#5809=CARTESIAN_POINT('',(56.2272413359521,-8.21410161513769,3.));
#5810=CARTESIAN_POINT('',(56.2272413359521,-8.21410161513769,3.));
#5811=CARTESIAN_POINT('',(55.3612159321677,-7.71410161513769,2.));
#5812=CARTESIAN_POINT('',(58.3612159321677,-2.51794919243111,2.));
#5813=CARTESIAN_POINT('',(59.2272413359521,-3.01794919243108,3.));
#5814=CARTESIAN_POINT('',(57.9592921435211,-9.21410161513777,6.27820079140198));
#5815=CARTESIAN_POINT('',(58.9592921435212,-7.48205080756882,6.27820079140198));
#5816=CARTESIAN_POINT('',(58.9592921435212,-7.48205080756882,6.27820079140198));
#5817=CARTESIAN_POINT('',(62.307405891476,-9.41508518122802,6.27820079140198));
#5818=CARTESIAN_POINT('',(57.9592921435211,-9.21410161513777,5.60782460478196E-16));
#5819=CARTESIAN_POINT('',(58.9592921435212,-7.48205080756882,0.));
#5820=CARTESIAN_POINT('',(58.9592921435212,-7.48205080756882,0.));
#5821=CARTESIAN_POINT('',(62.307405891476,-9.41508518122802,9.15933995315754E-16));
#5822=CARTESIAN_POINT('',(62.307405891476,-9.41508518122802,6.27820079140198));
#5823=CARTESIAN_POINT('',(64.3074058914761,-5.95098356609015,6.27820079140198));
#5824=CARTESIAN_POINT('',(58.9592921435212,-7.48205080756882,0.));
#5825=CARTESIAN_POINT('',(58.9592921435212,-7.48205080756882,6.27820079140198));
#5826=CARTESIAN_POINT('',(44.5048094716167,-5.48205080756878,0.));
#5827=CARTESIAN_POINT('',(41.5048094716167,-0.285898384862264,0.));
#5828=CARTESIAN_POINT('',(44.5048094716167,-5.48205080756878,2.));
#5829=CARTESIAN_POINT('',(41.5048094716167,-0.285898384862264,2.));
#5830=CARTESIAN_POINT('',(44.5048094716167,-5.48205080756878,0.));
#5831=CARTESIAN_POINT('',(44.5048094716167,-5.48205080756878,2.));
#5832=CARTESIAN_POINT('',(41.5048094716167,-0.285898384862264,2.));
#5833=CARTESIAN_POINT('',(40.6387840678323,-0.785898384862222,2.));
#5834=CARTESIAN_POINT('',(42.772758664048,-6.48205080756904,6.27820079140198));
#5835=CARTESIAN_POINT('',(39.7727586640479,-1.28589838486222,6.27820079140198));
#5836=CARTESIAN_POINT('',(39.7727586640479,-1.28589838486222,6.27820079140198));
#5837=CARTESIAN_POINT('',(38.0407078564789,-2.2858983848623,6.27820079140198));
#5838=CARTESIAN_POINT('',(37.6925941085242,-9.41508518122832,6.27820079140198));
#5839=CARTESIAN_POINT('',(42.772758664048,-6.48205080756904,6.27820079140198));
#5840=CARTESIAN_POINT('',(39.7727586640479,-1.28589838486222,6.27820079140198));
#5841=CARTESIAN_POINT('',(39.7727586640479,-1.28589838486222,3.));
#5842=CARTESIAN_POINT('',(37.6925941085242,-9.41508518122832,6.27820079140198));
#5843=CARTESIAN_POINT('',(37.6925941085242,-9.41508518122826,0.5));
#5844=CARTESIAN_POINT('',(37.6925941085242,-9.41508518122832,1.33226762955019E-15));
#5845=CARTESIAN_POINT('',(44.5048094716167,-5.48205080756878,0.));
#5846=CARTESIAN_POINT('',(43.6387840678323,-5.98205080756881,2.));
#5847=CARTESIAN_POINT('',(44.5048094716167,-5.48205080756878,2.));
#5848=CARTESIAN_POINT('',(42.7727586640479,-6.48205080756884,3.));
#5849=CARTESIAN_POINT('',(42.772758664048,-6.48205080756904,6.27820079140198));
#5850=CARTESIAN_POINT('',(43.6387840678323,-5.98205080756881,2.));
#5851=CARTESIAN_POINT('',(40.6387840678323,-0.785898384862222,2.));
#5852=CARTESIAN_POINT('',(42.7727586640479,-6.48205080756884,3.));
#5853=CARTESIAN_POINT('',(39.7727586640479,-1.28589838486222,3.));
#5854=CARTESIAN_POINT('',(39.7727586640479,-1.28589838486222,3.));
#5855=CARTESIAN_POINT('',(40.6387840678323,-0.785898384862222,2.));
#5856=CARTESIAN_POINT('',(43.6387840678323,-5.98205080756881,2.));
#5857=CARTESIAN_POINT('',(42.7727586640479,-6.48205080756884,3.));
#5858=CARTESIAN_POINT('',(38.0407078564789,-2.2858983848623,6.27820079140198));
#5859=CARTESIAN_POINT('',(39.0407078564789,-4.01794919243126,6.27820079140198));
#5860=CARTESIAN_POINT('',(39.0407078564789,-4.01794919243126,6.27820079140198));
#5861=CARTESIAN_POINT('',(35.6925941085241,-5.95098356609046,6.27820079140198));
#5862=CARTESIAN_POINT('',(38.0407078564789,-2.2858983848623,5.60782460478196E-16));
#5863=CARTESIAN_POINT('',(39.0407078564789,-4.01794919243126,0.));
#5864=CARTESIAN_POINT('',(39.0407078564789,-4.01794919243126,0.));
#5865=CARTESIAN_POINT('',(35.6925941085241,-5.95098356609044,9.15933995315754E-16));
#5866=CARTESIAN_POINT('',(35.6925941085241,-5.95098356609046,6.27820079140198));
#5867=CARTESIAN_POINT('',(37.6925941085242,-9.41508518122832,6.27820079140198));
#5868=CARTESIAN_POINT('',(39.0407078564789,-4.01794919243126,0.));
#5869=CARTESIAN_POINT('',(39.0407078564789,-4.01794919243126,6.27820079140198));
#5870=CARTESIAN_POINT('',(51.9999999999999,15.3660687473185,0.5));
#5871=CARTESIAN_POINT('',(51.9999999999999,15.3660687473185,6.27820079140198));
#5872=CARTESIAN_POINT('',(51.9999999999999,15.8660687473185,0.));
#5873=CARTESIAN_POINT('',(51.9999999999999,15.3660687473185,9.15933995315754E-16));
#5874=CARTESIAN_POINT('',(47.9999999999999,15.8660687473185,0.));
#5875=CARTESIAN_POINT('',(47.9999999999998,15.3660687473185,1.33226762955019E-15));
#5876=CARTESIAN_POINT('',(51.9999999999999,15.8660687473185,0.));
#5877=CARTESIAN_POINT('',(47.9999999999999,15.8660687473185,0.));
#5878=CARTESIAN_POINT('',(51.9999999999999,15.3660687473185,0.5));
#5879=CARTESIAN_POINT('',(47.9999999999999,15.3660687473185,0.5));
#5880=CARTESIAN_POINT('',(51.9999999999999,15.3660687473185,0.5));
#5881=CARTESIAN_POINT('',(51.9999999999999,15.3660687473185,-2.65905523185427E-15));
#5882=CARTESIAN_POINT('',(51.9999999999999,15.8660687473185,0.));
#5883=CARTESIAN_POINT('',(47.9999999999999,15.3660687473185,0.5));
#5884=CARTESIAN_POINT('',(47.9999999999999,15.3660687473185,-2.81803700574871E-15));
#5885=CARTESIAN_POINT('',(47.9999999999999,15.8660687473185,0.));
#5886=CARTESIAN_POINT('',(62.307405891476,-9.41508518122802,0.5));
#5887=CARTESIAN_POINT('',(62.307405891476,-9.41508518122802,6.27820079140198));
#5888=CARTESIAN_POINT('',(62.7404185933682,-9.66508518122803,0.));
#5889=CARTESIAN_POINT('',(62.307405891476,-9.41508518122802,9.15933995315754E-16));
#5890=CARTESIAN_POINT('',(64.7404185933682,-6.20098356609031,0.));
#5891=CARTESIAN_POINT('',(64.7243810858907,-6.19172430683105,0.));
#5892=CARTESIAN_POINT('',(64.6923060709357,-6.17320578831262,8.54990842789526E-17));
#5893=CARTESIAN_POINT('',(64.6441935485032,-6.14542801053481,1.44842414873756E-16));
#5894=CARTESIAN_POINT('',(64.5960810260708,-6.11765023275702,2.23309675926085E-16));
#5895=CARTESIAN_POINT('',(64.5479685036383,-6.08987245497923,2.94186510972096E-16));
#5896=CARTESIAN_POINT('',(64.4998559812058,-6.06209467720144,3.76301119585861E-16));
#5897=CARTESIAN_POINT('',(64.4517434587734,-6.03431689942367,4.21055059934777E-16));
#5898=CARTESIAN_POINT('',(64.4036309363409,-6.00653912164585,6.04013899775348E-16));
#5899=CARTESIAN_POINT('',(64.3555184139084,-5.97876134386816,2.71513809914253E-16));
#5900=CARTESIAN_POINT('',(64.3234433989536,-5.96024282534941,1.33226762955019E-15));
#5901=CARTESIAN_POINT('',(64.3074058914761,-5.95098356609015,1.33226762955019E-15));
#5902=CARTESIAN_POINT('',(64.307405891476,-5.95098356609022,0.5));
#5903=CARTESIAN_POINT('',(62.307405891476,-9.41508518122802,0.5));
#5904=CARTESIAN_POINT('',(62.307405891476,-9.41508518122802,0.5));
#5905=CARTESIAN_POINT('',(62.3074058914763,-9.41508518122745,1.03386175725075E-16));
#5906=CARTESIAN_POINT('',(62.7404185933682,-9.66508518122803,0.));
#5907=CARTESIAN_POINT('',(64.7404185933682,-6.20098356609031,0.));
#5908=CARTESIAN_POINT('',(62.7404185933682,-9.66508518122803,0.));
#5909=CARTESIAN_POINT('',(64.307405891476,-5.95098356609022,0.5));
#5910=CARTESIAN_POINT('',(64.3074058914763,-5.95098356608969,-5.16930234072849E-16));
#5911=CARTESIAN_POINT('',(64.7404185933682,-6.20098356609031,0.));
#5912=CARTESIAN_POINT('',(35.6925941085241,-5.95098356609045,0.500000000000001));
#5913=CARTESIAN_POINT('',(35.6925941085241,-5.95098356609046,6.27820079140198));
#5914=CARTESIAN_POINT('',(35.2595814066319,-6.20098356609045,0.));
#5915=CARTESIAN_POINT('',(35.6925941085241,-5.95098356609044,9.15933995315754E-16));
#5916=CARTESIAN_POINT('',(37.2595814066319,-9.66508518122816,0.));
#5917=CARTESIAN_POINT('',(37.2756189141094,-9.6558259219689,0.));
#5918=CARTESIAN_POINT('',(37.3076939290643,-9.63730740345029,8.54990842789576E-17));
#5919=CARTESIAN_POINT('',(37.3558064514968,-9.60952962567257,1.44842414873752E-16));
#5920=CARTESIAN_POINT('',(37.4039189739293,-9.58175184789478,2.23309675926111E-16));
#5921=CARTESIAN_POINT('',(37.4520314963617,-9.55397407011702,2.94186510972047E-16));
#5922=CARTESIAN_POINT('',(37.5001440187942,-9.52619629233924,3.76301119585888E-16));
#5923=CARTESIAN_POINT('',(37.5482565412267,-9.49841851456148,4.21055059934763E-16));
#5924=CARTESIAN_POINT('',(37.5963690636592,-9.47064073678372,6.04013899775342E-16));
#5925=CARTESIAN_POINT('',(37.6444815860916,-9.44286295900587,2.71513809914252E-16));
#5926=CARTESIAN_POINT('',(37.6765566010467,-9.42434444048758,1.33226762955019E-15));
#5927=CARTESIAN_POINT('',(37.6925941085242,-9.41508518122832,1.33226762955019E-15));
#5928=CARTESIAN_POINT('',(37.6925941085242,-9.41508518122826,0.5));
#5929=CARTESIAN_POINT('',(35.6925941085241,-5.95098356609045,0.500000000000001));
#5930=CARTESIAN_POINT('',(35.6925941085241,-5.95098356609045,0.500000000000001));
#5931=CARTESIAN_POINT('',(35.6925941085243,-5.95098356609082,4.08464480840924E-15));
#5932=CARTESIAN_POINT('',(35.2595814066319,-6.20098356609045,0.));
#5933=CARTESIAN_POINT('',(37.2595814066319,-9.66508518122816,0.));
#5934=CARTESIAN_POINT('',(35.2595814066319,-6.20098356609045,0.));
#5935=CARTESIAN_POINT('',(37.6925941085242,-9.41508518122826,0.5));
#5936=CARTESIAN_POINT('',(37.6925941085243,-9.41508518122859,3.68812990993591E-15));
#5937=CARTESIAN_POINT('',(37.2595814066319,-9.66508518122816,0.));
#5938=CARTESIAN_POINT('',(41.5048094716167,-0.285898384862259,0.5));
#5939=CARTESIAN_POINT('',(41.5048094716167,-0.285898384862264,2.));
#5940=CARTESIAN_POINT('',(38.0407078564789,-2.2858983848623,0.5));
#5941=CARTESIAN_POINT('',(38.0407078564789,-2.2858983848623,6.27820079140198));
#5942=CARTESIAN_POINT('',(41.5048094716167,-0.285898384862264,0.));
#5943=CARTESIAN_POINT('',(41.4955502123575,-0.269860877384774,0.));
#5944=CARTESIAN_POINT('',(41.477031693839,-0.237785862429782,0.));
#5945=CARTESIAN_POINT('',(41.4492539160612,-0.18967333999733,0.));
#5946=CARTESIAN_POINT('',(41.4214761382834,-0.141560817564851,0.));
#5947=CARTESIAN_POINT('',(41.3936983605057,-0.0934482951323795,0.));
#5948=CARTESIAN_POINT('',(41.3659205827278,-0.0453357726999122,0.));
#5949=CARTESIAN_POINT('',(41.3381428049501,0.00277674973254974,0.));
#5950=CARTESIAN_POINT('',(41.3103650271723,0.0508892721650358,0.));
#5951=CARTESIAN_POINT('',(41.2825872493945,0.0990017945974899,0.));
#5952=CARTESIAN_POINT('',(41.264068730876,0.131076809552476,0.));
#5953=CARTESIAN_POINT('',(41.2548094716167,0.147114317029965,0.));
#5954=CARTESIAN_POINT('',(38.0407078564789,-2.2858983848623,5.60782460478196E-16));
#5955=CARTESIAN_POINT('',(37.7907078564789,-1.85288568297007,0.));
#5956=CARTESIAN_POINT('',(41.5048094716167,-0.285898384862259,0.5));
#5957=CARTESIAN_POINT('',(38.0407078564789,-2.2858983848623,0.5));
#5958=CARTESIAN_POINT('',(41.2548094716167,0.147114317029965,0.));
#5959=CARTESIAN_POINT('',(41.5048094716167,-0.285898384862243,5.54111796877145E-15));
#5960=CARTESIAN_POINT('',(41.5048094716167,-0.285898384862259,0.5));
#5961=CARTESIAN_POINT('',(37.7907078564789,-1.85288568297007,0.));
#5962=CARTESIAN_POINT('',(38.0407078564789,-2.28589838486228,4.58597838973883E-15));
#5963=CARTESIAN_POINT('',(38.0407078564789,-2.2858983848623,0.5));
#5964=CARTESIAN_POINT('',(41.2548094716167,0.147114317029965,0.));
#5965=CARTESIAN_POINT('',(37.7907078564789,-1.85288568297007,0.));
#5966=CARTESIAN_POINT('',(54.,7.5,0.5));
#5967=CARTESIAN_POINT('',(54.,7.5,2.));
#5968=CARTESIAN_POINT('',(54.,11.5000000000001,0.5));
#5969=CARTESIAN_POINT('',(54.,11.5000000000001,6.27820079140198));
#5970=CARTESIAN_POINT('',(54.,7.5,0.));
#5971=CARTESIAN_POINT('',(54.5,7.50000000000035,0.));
#5972=CARTESIAN_POINT('',(54.,11.5000000000001,5.60782460478196E-16));
#5973=CARTESIAN_POINT('',(54.5,11.5000000000001,0.));
#5974=CARTESIAN_POINT('',(54.5,11.5000000000001,0.));
#5975=CARTESIAN_POINT('',(54.5,7.50000000000035,0.));
#5976=CARTESIAN_POINT('',(54.,11.5000000000001,0.5));
#5977=CARTESIAN_POINT('',(54.,7.5,0.5));
#5978=CARTESIAN_POINT('',(54.5,7.50000000000035,0.));
#5979=CARTESIAN_POINT('',(54.,7.50000000000009,8.29224337745121E-15));
#5980=CARTESIAN_POINT('',(54.,7.5,0.5));
#5981=CARTESIAN_POINT('',(54.5,11.5000000000001,0.));
#5982=CARTESIAN_POINT('',(54.,11.5,5.94682147727854E-15));
#5983=CARTESIAN_POINT('',(54.,11.5000000000001,0.5));
#5984=CARTESIAN_POINT('',(54.4951905283833,-7.21410161513773,0.5));
#5985=CARTESIAN_POINT('',(54.4951905283833,-7.21410161513773,2.));
#5986=CARTESIAN_POINT('',(57.9592921435212,-9.21410161513778,0.5));
#5987=CARTESIAN_POINT('',(57.9592921435211,-9.21410161513777,6.27820079140198));
#5988=CARTESIAN_POINT('',(54.4951905283833,-7.21410161513773,0.));
#5989=CARTESIAN_POINT('',(54.4859312691241,-7.23013912261522,0.));
#5990=CARTESIAN_POINT('',(54.4674127506055,-7.26221413757018,0.));
#5991=CARTESIAN_POINT('',(54.4396349728278,-7.31032666000268,0.));
#5992=CARTESIAN_POINT('',(54.41185719505,-7.35843918243514,0.));
#5993=CARTESIAN_POINT('',(54.3840794172722,-7.4065517048676,0.));
#5994=CARTESIAN_POINT('',(54.3563016394944,-7.45466422730008,0.));
#5995=CARTESIAN_POINT('',(54.3285238617166,-7.50277674973254,0.));
#5996=CARTESIAN_POINT('',(54.3007460839389,-7.55088927216502,0.));
#5997=CARTESIAN_POINT('',(54.2729683061611,-7.5990017945975,0.));
#5998=CARTESIAN_POINT('',(54.2544497876425,-7.63107680955246,0.));
#5999=CARTESIAN_POINT('',(54.2451905283833,-7.64711431702995,0.));
#6000=CARTESIAN_POINT('',(57.9592921435211,-9.21410161513777,5.60782460478196E-16));
#6001=CARTESIAN_POINT('',(57.7092921435211,-9.64711431703001,0.));
#6002=CARTESIAN_POINT('',(54.4951905283833,-7.21410161513773,0.5));
#6003=CARTESIAN_POINT('',(57.9592921435212,-9.21410161513778,0.5));
#6004=CARTESIAN_POINT('',(54.2451905283833,-7.64711431702995,0.));
#6005=CARTESIAN_POINT('',(54.4951905283836,-7.21410161513794,7.90780321121557E-15));
#6006=CARTESIAN_POINT('',(54.4951905283833,-7.21410161513773,0.5));
#6007=CARTESIAN_POINT('',(57.7092921435211,-9.64711431703001,0.));
#6008=CARTESIAN_POINT('',(57.9592921435215,-9.214101615138,9.11817575767691E-15));
#6009=CARTESIAN_POINT('',(57.9592921435212,-9.21410161513778,0.5));
#6010=CARTESIAN_POINT('',(54.2451905283833,-7.64711431702995,0.));
#6011=CARTESIAN_POINT('',(57.7092921435211,-9.64711431703001,0.));
#6012=CARTESIAN_POINT('',(-54.2933997268687,15.,0.));
#6013=CARTESIAN_POINT('',(-61.7066002731336,19.2933997262327,0.));
#6014=CARTESIAN_POINT('',(-58.0000000000001,19.2933997268686,3.5));
#6015=CARTESIAN_POINT('',(-49.1267967285019,-23.580000001392,7.7));
#6016=CARTESIAN_POINT('',(-71.5566810128636,23.5799999986251,-0.700000000000002));
#6017=CARTESIAN_POINT('',(-57.9999999990514,7.25030702142249E-10,3.49999999994125));
#6018=CARTESIAN_POINT('',(-33.501010005396,18.9947226682667,3.5));
#6019=CARTESIAN_POINT('',(-39.2616703000629,18.7383297029505,3.5));
#6020=CARTESIAN_POINT('',(-39.0052773356736,24.4989899976586,3.5));
#6021=CARTESIAN_POINT('',(-86.0000000000024,-4.17514911532635E-11,3.5));
#6022=CARTESIAN_POINT('',(-79.1428571428409,-9.84782167981807,0.));
#6023=CARTESIAN_POINT('',(-79.1428571428409,-9.84782167981807,7.));
#6024=CARTESIAN_POINT('',(-80.8949906144778,-11.067850830478,1.56936641169452E-15));
#6025=CARTESIAN_POINT('',(-80.8949906144778,-11.067850830478,7.));
#6026=CARTESIAN_POINT('',(-81.2254576771801,-13.1771716575118,-2.22044604923426E-16));
#6027=CARTESIAN_POINT('',(-81.2254576771801,-13.1771716575118,7.));
#6028=CARTESIAN_POINT('',(-81.5559247398824,-15.2864924845457,1.44864591848201E-15));
#6029=CARTESIAN_POINT('',(-81.5559247398824,-15.2864924845457,7.));
#6030=CARTESIAN_POINT('',(-80.2608695651901,-16.9839243463277,-2.22044604923426E-16));
#6031=CARTESIAN_POINT('',(-80.2608695651901,-16.9839243463277,7.));
#6032=CARTESIAN_POINT('',(-80.1948303433965,-17.0704821095724,-5.55115708705924E-16));
#6033=CARTESIAN_POINT('',(-80.1948303433965,-17.0704821095724,7.));
#6034=CARTESIAN_POINT('',(-80.128119997155,-17.1565236977571,0.));
#6035=CARTESIAN_POINT('',(-80.128119997155,-17.1565236977571,7.));
#6036=CARTESIAN_POINT('',(-82.49898999685,-18.9947226653737,3.50000000000002));
#6037=CARTESIAN_POINT('',(-76.7383297029519,-18.7383296999388,3.5));
#6038=CARTESIAN_POINT('',(-76.9947226693137,-24.4989899937956,3.50000000000001));
#6039=CARTESIAN_POINT('',(-29.9999999999976,-4.17319512280301E-11,3.5));
#6040=CARTESIAN_POINT('',(-39.7142857142679,13.9510807129998,3.5));
#6041=CARTESIAN_POINT('',(-76.7383297029519,-18.7383296999388,3.5));
#6042=CARTESIAN_POINT('',(-39.2616703000631,18.7383297029503,3.5));
#6043=CARTESIAN_POINT('',(-76.7509557440064,15.2273857472557,-36.96690003866));
#6044=CARTESIAN_POINT('',(-68.2681697831321,12.9159890053663,2.96690003866004));
#6045=CARTESIAN_POINT('',(-67.0377873419139,20.7199999990766,0.));
#6046=CARTESIAN_POINT('',(-67.0377873419139,20.7199999990766,7.));
#6047=CARTESIAN_POINT('',(-68.0445123369999,22.8458332731253,-1.47756348537511E-15));
#6048=CARTESIAN_POINT('',(-68.0445123369999,22.8458332731253,7.));
#6049=CARTESIAN_POINT('',(-70.3240803680209,23.4256883556504,-1.34176406996465E-15));
#6050=CARTESIAN_POINT('',(-70.3240803680209,23.4256883556504,7.));
#6051=CARTESIAN_POINT('',(-72.603648399042,24.0055434381755,-6.17841746318436E-16));
#6052=CARTESIAN_POINT('',(-72.603648399042,24.0055434381755,7.));
#6053=CARTESIAN_POINT('',(-74.5037855793841,22.6191304330919,-1.34176406996465E-15));
#6054=CARTESIAN_POINT('',(-74.5037855793841,22.6191304330919,7.));
#6055=CARTESIAN_POINT('',(-74.8337358774392,22.3783860337088,8.91433106533336E-16));
#6056=CARTESIAN_POINT('',(-74.8337358774392,22.3783860337088,7.));
#6057=CARTESIAN_POINT('',(-75.1565236968106,22.1281199978859,0.));
#6058=CARTESIAN_POINT('',(-75.1565236968106,22.1281199978859,7.));
#6059=CARTESIAN_POINT('',(-76.9947226643258,24.4989899976595,3.49999999999998));
#6060=CARTESIAN_POINT('',(-76.7383296999368,18.7383297029501,3.5));
#6061=CARTESIAN_POINT('',(-82.4989899946047,18.9947226682661,3.50000000000001));
#6062=CARTESIAN_POINT('',(-76.7383296999369,18.7383297029503,3.5));
#6063=CARTESIAN_POINT('',(-73.2273851489488,18.7509563423134,-36.96690003866));
#6064=CARTESIAN_POINT('',(-73.2273851489488,25.2492736586449,-36.96690003866));
#6065=CARTESIAN_POINT('',(-76.7509557440064,21.7257030635872,-36.96690003866));
#6066=CARTESIAN_POINT('',(-76.4765438071145,18.4765444054215,-17.));
#6067=CARTESIAN_POINT('',(-76.7509557440064,-15.2273857472557,-36.96690003866));
#6068=CARTESIAN_POINT('',(-68.2681697831321,-12.9159890053663,2.96690003866004));
#6069=CARTESIAN_POINT('',(-73.2273851489488,-18.7509563423134,-36.96690003866));
#6070=CARTESIAN_POINT('',(-73.2273851489488,-25.2492736586449,-36.96690003866));
#6071=CARTESIAN_POINT('',(-76.7509557440064,-21.7257030635872,-36.96690003866));
#6072=CARTESIAN_POINT('',(-76.4765438071145,-18.4765444054215,-17.));
#6073=CARTESIAN_POINT('',(-39.2490442559936,-15.2273857472557,-36.96690003866));
#6074=CARTESIAN_POINT('',(-47.731830216868,-12.9159890053663,2.96690003866004));
#6075=CARTESIAN_POINT('',(-48.9622126622135,-20.720000000879,0.));
#6076=CARTESIAN_POINT('',(-48.9622126622135,-20.720000000879,7.));
#6077=CARTESIAN_POINT('',(-47.9554876675514,-22.8458332751288,-2.46260580905025E-16));
#6078=CARTESIAN_POINT('',(-47.9554876675514,-22.8458332751288,7.));
#6079=CARTESIAN_POINT('',(-45.6759196366454,-23.4256883581083,6.70882035032259E-16));
#6080=CARTESIAN_POINT('',(-45.6759196366454,-23.4256883581083,7.));
#6081=CARTESIAN_POINT('',(-43.3963516057395,-24.0055434410877,-1.23568349272889E-16));
#6082=CARTESIAN_POINT('',(-43.3963516057395,-24.0055434410877,7.));
#6083=CARTESIAN_POINT('',(-41.496214425121,-22.6191304363823,6.70882035032259E-16));
#6084=CARTESIAN_POINT('',(-41.496214425121,-22.6191304363823,7.));
#6085=CARTESIAN_POINT('',(-41.166264124764,-22.3783860354205,-1.11429138320976E-16));
#6086=CARTESIAN_POINT('',(-41.166264124764,-22.3783860354205,7.));
#6087=CARTESIAN_POINT('',(-40.8434763031878,-22.128119997888,0.));
#6088=CARTESIAN_POINT('',(-40.8434763031878,-22.128119997888,7.));
#6089=CARTESIAN_POINT('',(-39.0052773356724,-24.4989899976613,3.5));
#6090=CARTESIAN_POINT('',(-39.2616703000631,-18.7383297029537,3.5));
#6091=CARTESIAN_POINT('',(-33.5010100053968,-18.9947226682714,3.49999999999999));
#6092=CARTESIAN_POINT('',(-39.2616703000631,-18.7383297029537,3.5));
#6093=CARTESIAN_POINT('',(-42.7726148510513,-18.7509563423134,-36.96690003866));
#6094=CARTESIAN_POINT('',(-42.7726148510513,-25.2492736586449,-36.96690003866));
#6095=CARTESIAN_POINT('',(-39.2490442559936,-21.7257030635872,-36.96690003866));
#6096=CARTESIAN_POINT('',(-39.5234561928855,-18.4765444054215,-17.));
#6097=CARTESIAN_POINT('',(-39.2490442559936,15.2273857472557,-36.96690003866));
#6098=CARTESIAN_POINT('',(-47.731830216868,12.9159890053663,2.96690003866004));
#6099=CARTESIAN_POINT('',(-42.7726148510513,18.7509563423134,-36.96690003866));
#6100=CARTESIAN_POINT('',(-42.7726148510513,25.2492736586449,-36.96690003866));
#6101=CARTESIAN_POINT('',(-39.2490442559936,21.7257030635872,-36.96690003866));
#6102=CARTESIAN_POINT('',(-39.5234561928855,18.4765444054215,-17.));
#6103=CARTESIAN_POINT('',(-80.1281199951271,17.1565237003694,0.));
#6104=CARTESIAN_POINT('',(-80.1281199951271,17.1565237003694,7.));
#6105=CARTESIAN_POINT('',(-80.1948303424173,17.070482110853,-1.33227770089453E-15));
#6106=CARTESIAN_POINT('',(-80.1948303424173,17.070482110853,7.));
#6107=CARTESIAN_POINT('',(-80.2608695652387,16.9839243462606,0.));
#6108=CARTESIAN_POINT('',(-80.2608695652387,16.9839243462606,7.));
#6109=CARTESIAN_POINT('',(-81.5559247399262,15.2864924844749,1.20720493206834E-16));
#6110=CARTESIAN_POINT('',(-81.5559247399262,15.2864924844749,7.));
#6111=CARTESIAN_POINT('',(-81.2254576772177,13.177171657442,0.));
#6112=CARTESIAN_POINT('',(-81.2254576772177,13.177171657442,7.));
#6113=CARTESIAN_POINT('',(-80.8949906145094,11.0678508304091,0.));
#6114=CARTESIAN_POINT('',(-80.8949906145094,11.0678508304091,7.));
#6115=CARTESIAN_POINT('',(-79.1428571428691,9.84782167975419,0.));
#6116=CARTESIAN_POINT('',(-79.1428571428691,9.84782167975419,7.));
#6117=CARTESIAN_POINT('',(-72.2273851489487,22.5233686042925,1.48345001933004));
#6118=CARTESIAN_POINT('',(-80.2761598157506,14.2273857472557,1.48345001933017));
#6119=CARTESIAN_POINT('',(-80.2761598157145,-14.2273857472556,1.48345001932997));
#6120=CARTESIAN_POINT('',(-72.2273851489488,-22.5233686042954,1.48345001932999));
#6121=CARTESIAN_POINT('',(-35.8718800048743,-17.1565237003745,0.));
#6122=CARTESIAN_POINT('',(-35.8718800048743,-17.1565237003745,7.));
#6123=CARTESIAN_POINT('',(-35.8051696576079,-17.0704821108889,-1.11023141741612E-16));
#6124=CARTESIAN_POINT('',(-35.8051696576079,-17.0704821108889,7.));
#6125=CARTESIAN_POINT('',(-35.7391304348099,-16.9839243463277,-1.33226762955019E-15));
#6126=CARTESIAN_POINT('',(-35.7391304348099,-16.9839243463277,7.));
#6127=CARTESIAN_POINT('',(-34.4440752601176,-15.2864924845457,1.5693664117002E-15));
#6128=CARTESIAN_POINT('',(-34.4440752601176,-15.2864924845457,7.));
#6129=CARTESIAN_POINT('',(-34.7745423228199,-13.1771716575119,-1.33226762955019E-15));
#6130=CARTESIAN_POINT('',(-34.7745423228199,-13.1771716575119,7.));
#6131=CARTESIAN_POINT('',(-35.1050093855223,-11.067850830478,-6.03602466038537E-16));
#6132=CARTESIAN_POINT('',(-35.1050093855223,-11.067850830478,7.));
#6133=CARTESIAN_POINT('',(-36.857142857159,-9.84782167981808,0.));
#6134=CARTESIAN_POINT('',(-36.857142857159,-9.84782167981808,7.));
#6135=CARTESIAN_POINT('',(-43.7726148510513,-22.5233686063666,1.48345001932996));
#6136=CARTESIAN_POINT('',(-35.7238401842854,-14.2273857472557,1.48345001933008));
#6137=CARTESIAN_POINT('',(-43.7726148510513,22.5233686063639,1.48345001933006));
#6138=CARTESIAN_POINT('',(-35.7238401842493,14.2273857472558,1.48345001933027));
#6139=CARTESIAN_POINT('',(-40.8434763031888,22.1281199978854,0.));
#6140=CARTESIAN_POINT('',(-40.8434763031888,22.1281199978854,7.));
#6141=CARTESIAN_POINT('',(-41.1662641247652,22.378386035418,5.57145691574528E-16));
#6142=CARTESIAN_POINT('',(-41.1662641247652,22.378386035418,7.));
#6143=CARTESIAN_POINT('',(-41.4962144251224,22.61913043638,2.23627344986388E-16));
#6144=CARTESIAN_POINT('',(-41.4962144251224,22.61913043638,7.));
#6145=CARTESIAN_POINT('',(-43.3963516057407,24.0055434410851,-1.48282019111306E-15));
#6146=CARTESIAN_POINT('',(-43.3963516057407,24.0055434410851,7.));
#6147=CARTESIAN_POINT('',(-45.6759196366463,23.4256883581059,2.23627344986388E-16));
#6148=CARTESIAN_POINT('',(-45.6759196366463,23.4256883581059,7.));
#6149=CARTESIAN_POINT('',(-47.9554876675519,22.8458332751266,0.));
#6150=CARTESIAN_POINT('',(-47.9554876675519,22.8458332751266,7.));
#6151=CARTESIAN_POINT('',(-48.9622126622143,20.7200000008773,0.));
#6152=CARTESIAN_POINT('',(-48.9622126622143,20.7200000008773,7.));
#6153=CARTESIAN_POINT('',(-75.1565237013157,-22.1281199943964,0.));
#6154=CARTESIAN_POINT('',(-75.1565237013157,-22.1281199943964,7.));
#6155=CARTESIAN_POINT('',(-74.833735879743,-22.3783860320313,5.57145691614513E-16));
#6156=CARTESIAN_POINT('',(-74.833735879743,-22.3783860320313,7.));
#6157=CARTESIAN_POINT('',(-74.5037855793856,-22.6191304330942,-5.59068362546181E-16));
#6158=CARTESIAN_POINT('',(-74.5037855793856,-22.6191304330942,7.));
#6159=CARTESIAN_POINT('',(-72.6036483990433,-24.0055434381782,-7.41410095662925E-16));
#6160=CARTESIAN_POINT('',(-72.6036483990433,-24.0055434381782,7.));
#6161=CARTESIAN_POINT('',(-70.3240803680219,-23.4256883556529,-5.59068362546181E-16));
#6162=CARTESIAN_POINT('',(-70.3240803680219,-23.4256883556529,7.));
#6163=CARTESIAN_POINT('',(-68.0445123370004,-22.8458332731276,-6.15651452273189E-16));
#6164=CARTESIAN_POINT('',(-68.0445123370004,-22.8458332731276,7.));
#6165=CARTESIAN_POINT('',(-67.0377873419147,-20.7199999990784,0.));
#6166=CARTESIAN_POINT('',(-67.0377873419147,-20.7199999990784,7.));
#6167=CARTESIAN_POINT('',(-70.4412057311596,18.5799999986251,3.50000000000002));
#6168=CARTESIAN_POINT('',(-71.5566810128083,-23.5799999987436,-0.700000000000002));
#6169=CARTESIAN_POINT('',(-70.4412057311161,-18.5799999987408,3.50000000000026));
#6170=CARTESIAN_POINT('',(-58.0000000024318,-25.0000000001344,3.5));
#6171=CARTESIAN_POINT('',(-45.558794272384,-18.5800000013837,3.49999999999936));
#6172=CARTESIAN_POINT('',(-58.0000000024904,25.0000000000477,3.5));
#6173=CARTESIAN_POINT('',(-49.1267967285572,23.5800000013261,7.7));
#6174=CARTESIAN_POINT('',(-45.5587942724275,18.580000001326,3.50000000000015));
#6175=CARTESIAN_POINT('',(-58.,1.4210854715202E-14,2.));
#6176=CARTESIAN_POINT('',(-85.9428571430732,28.2960000017006,7.));
#6177=CARTESIAN_POINT('',(-103.267123494309,22.3726040389409,0.));
#6178=CARTESIAN_POINT('',(-62.7066002731336,18.5310036410176,3.50000000000005));
#6179=CARTESIAN_POINT('',(-53.2933997268687,18.5310036446399,3.5));
#6180=CARTESIAN_POINT('',(-41.2914254139571,-9.6467012215672,8.86987810140169));
#6181=CARTESIAN_POINT('',(-74.7085760476623,-9.64669934916768,11.2349826136899));
#6182=CARTESIAN_POINT('',(-58.,19.2933997268686,11.2349826203974));
#6183=CARTESIAN_POINT('',(-60.0000000000003,9.49999999999992,6.27820079140198));
#6184=CARTESIAN_POINT('',(-60.0000000000003,15.3660687473185,8.88178419700125E-16));
#6185=CARTESIAN_POINT('',(-54.0000000000001,7.5,0.));
#6186=CARTESIAN_POINT('',(-54.0000000000001,9.49999999999992,8.88178419700125E-16));
#6187=CARTESIAN_POINT('',(-61.0000000000003,8.49999999999992,2.));
#6188=CARTESIAN_POINT('',(-56.0000000000001,11.5000000000001,-1.));
#6189=CARTESIAN_POINT('',(-56.0000000000001,17.3660687473185,-1.));
#6190=CARTESIAN_POINT('',(-65.227241335952,-6.48205080756904,6.27820079140198));
#6191=CARTESIAN_POINT('',(-70.3074058914758,-9.41508518122832,8.88178419700125E-16));
#6192=CARTESIAN_POINT('',(-66.4951905283833,-0.285898384862264,0.));
#6193=CARTESIAN_POINT('',(-68.2272413359521,-1.28589838486222,8.88178419700125E-16));
#6194=CARTESIAN_POINT('',(-63.8612159321676,-6.84807621135349,2.));
#6195=CARTESIAN_POINT('',(-68.9592921435211,-4.01794919243126,-1.));
#6196=CARTESIAN_POINT('',(-74.0394566990448,-6.95098356609044,-1.));
#6197=CARTESIAN_POINT('',(-48.7727586640478,-3.01794919243088,6.27820079140198));
#6198=CARTESIAN_POINT('',(-43.692594108524,-5.95098356609015,8.88178419700125E-16));
#6199=CARTESIAN_POINT('',(-53.5048094716167,-7.21410161513773,0.));
#6200=CARTESIAN_POINT('',(-51.7727586640479,-8.21410161513769,8.88178419700125E-16));
#6201=CARTESIAN_POINT('',(-49.1387840678322,-1.65192378864644,2.));
#6202=CARTESIAN_POINT('',(-49.0407078564788,-7.48205080756882,-1.));
#6203=CARTESIAN_POINT('',(-43.9605433009552,-10.415085181228,-1.));
#6204=CARTESIAN_POINT('',(-70.7404185933682,-9.66508518122805,-0.00627820079140268));
#6205=CARTESIAN_POINT('',(-43.2595814066319,-6.20098356609046,0.));
#6206=CARTESIAN_POINT('',(-71.7404185933683,-7.93303437365913,0.50000000000005));
#6207=CARTESIAN_POINT('',(-44.259581406632,-7.93303437365959,0.500000000000075));
#6208=CARTESIAN_POINT('',(-59.9999999999999,15.8660687473185,0.));
#6209=CARTESIAN_POINT('',(-63.4951905283834,-5.48205080756878,0.));
#6210=CARTESIAN_POINT('',(-50.5048094716168,-2.01794919243121,-0.00200000000000023));
#6211=CARTESIAN_POINT('',(-58.0000000000002,15.8660687473185,0.500000000000011));
#6212=CARTESIAN_POINT('',(-68.4772413359519,-0.852885682969886,0.499999999999976));
#6213=CARTESIAN_POINT('',(-52.0227586640473,-8.64711431703025,0.500000000000006));
#6214=CARTESIAN_POINT('',(-59.9999999999999,7.5,0.));
#6215=CARTESIAN_POINT('',(-53.5,9.49999999999886,0.499999999999989));
#6216=CARTESIAN_POINT('',(-59.9999999999999,7.5,2.));
#6217=CARTESIAN_POINT('',(-63.4951905283834,-5.48205080756878,2.));
#6218=CARTESIAN_POINT('',(-50.5048094716168,-2.01794919243121,2.));
#6219=CARTESIAN_POINT('',(-54.2933997268687,19.2933997262327,0.));
#6220=CARTESIAN_POINT('',(-54.2933997268687,19.2933997262327,7.));
#6221=CARTESIAN_POINT('',(-61.7066002731336,19.2933997262327,0.));
#6222=CARTESIAN_POINT('',(-61.7066002731336,19.2933997262327,7.));
#6223=CARTESIAN_POINT('',(-54.4927421025891,20.4925776226899,7.));
#6224=CARTESIAN_POINT('',(-54.4927421025891,20.4925776226899,0.));
#6225=CARTESIAN_POINT('',(-71.5566810128083,-23.5800000014446,7.));
#6226=CARTESIAN_POINT('',(-71.5566810128083,-23.5800000014446,0.));
#6227=CARTESIAN_POINT('',(-44.443318992062,-23.580000001381,7.));
#6228=CARTESIAN_POINT('',(-44.443318992062,-23.580000001381,0.));
#6229=CARTESIAN_POINT('',(-71.5566810128636,23.5800000013261,7.));
#6230=CARTESIAN_POINT('',(-71.5566810128636,23.5800000013261,0.));
#6231=CARTESIAN_POINT('',(-44.4433189921173,23.5800000013261,7.));
#6232=CARTESIAN_POINT('',(-44.4433189921173,23.5800000013261,0.));
#6233=CARTESIAN_POINT('',(-35.8718800048735,17.1565237003699,7.));
#6234=CARTESIAN_POINT('',(-35.7391304347613,16.9839243462607,7.));
#6235=CARTESIAN_POINT('',(-36.4980430276072,18.8613320247623,7.));
#6236=CARTESIAN_POINT('',(-39.1386679786957,21.501956975426,7.));
#6237=CARTESIAN_POINT('',(-40.8434763031888,22.1281199978854,7.));
#6238=CARTESIAN_POINT('',(-75.1565236968106,22.1281199978859,7.));
#6239=CARTESIAN_POINT('',(-76.861332021304,21.5019569754265,7.));
#6240=CARTESIAN_POINT('',(-79.5019569723934,18.861332024762,7.));
#6241=CARTESIAN_POINT('',(-80.1281199951271,17.1565237003693,7.));
#6242=CARTESIAN_POINT('',(-79.1428571428691,9.84782167975419,0.));
#6243=CARTESIAN_POINT('',(-79.1428571428691,9.84782167975419,7.));
#6244=CARTESIAN_POINT('',(-79.1428571428409,-9.84782167981807,0.));
#6245=CARTESIAN_POINT('',(-79.1428571428409,-9.84782167981807,7.));
#6246=CARTESIAN_POINT('',(-80.128119997155,-17.1565236977571,7.));
#6247=CARTESIAN_POINT('',(-79.5019569746421,-18.86133202179,7.));
#6248=CARTESIAN_POINT('',(-76.8613320252477,-21.5019569716092,7.));
#6249=CARTESIAN_POINT('',(-75.1565237013157,-22.1281199943964,7.));
#6250=CARTESIAN_POINT('',(-40.8434763031878,-22.128119997888,7.));
#6251=CARTESIAN_POINT('',(-39.1386679786952,-21.5019569754285,7.));
#6252=CARTESIAN_POINT('',(-36.4980430276081,-18.8613320247663,7.));
#6253=CARTESIAN_POINT('',(-35.8718800048743,-17.1565237003745,7.));
#6254=CARTESIAN_POINT('',(-36.857142857159,-9.84782167981808,0.));
#6255=CARTESIAN_POINT('',(-36.857142857159,-9.84782167981808,7.));
#6256=CARTESIAN_POINT('',(-36.8571428571309,9.84782167975421,0.));
#6257=CARTESIAN_POINT('',(-36.8571428571309,9.84782167975421,7.));
#6258=CARTESIAN_POINT('',(-75.1633297029519,-18.7383296999387,7.));
#6259=CARTESIAN_POINT('',(-37.6866703000631,-18.7383297029537,7.));
#6260=CARTESIAN_POINT('',(-37.6866703000631,18.7383297029503,7.));
#6261=CARTESIAN_POINT('',(-75.1633296999369,18.7383297029503,7.));
#6262=CARTESIAN_POINT('',(-73.2273851489488,18.7509563423134,2.96690003866004));
#6263=CARTESIAN_POINT('',(-76.7509557440064,15.2273857472557,2.96690003866004));
#6264=CARTESIAN_POINT('',(-76.7509557440064,15.2389943942518,2.96690003866004));
#6265=CARTESIAN_POINT('',(-73.2389937959449,18.7509563423134,2.96690003866004));
#6266=CARTESIAN_POINT('',(-75.1565236968106,22.1281199978859,2.96690003866004));
#6267=CARTESIAN_POINT('',(-76.861332021304,21.5019569754265,2.96690003866004));
#6268=CARTESIAN_POINT('',(-79.5019569723934,18.861332024762,2.96690003866004));
#6269=CARTESIAN_POINT('',(-80.1281199951271,17.1565237003693,2.96690003866004));
#6270=CARTESIAN_POINT('',(-75.1633296999369,18.7383297029503,2.96690003866004));
#6271=CARTESIAN_POINT('',(-73.2389937959449,18.7509563423134,-3.5527136788005E-15));
#6272=CARTESIAN_POINT('',(-73.2273851489488,18.7509563423134,-3.5527136788005E-15));
#6273=CARTESIAN_POINT('',(-76.7509557440064,15.2273857472557,-3.5527136788005E-15));
#6274=CARTESIAN_POINT('',(-76.7509557440064,15.2389943942518,-3.5527136788005E-15));
#6275=CARTESIAN_POINT('',(-73.2273851489488,-18.7509563423134,2.96690003866004));
#6276=CARTESIAN_POINT('',(-76.7509557440064,-15.2273857472557,2.96690003866004));
#6277=CARTESIAN_POINT('',(-76.7509557440064,-15.2389943942518,2.96690003866004));
#6278=CARTESIAN_POINT('',(-73.2389937959449,-18.7509563423134,2.96690003866004));
#6279=CARTESIAN_POINT('',(-80.128119997155,-17.1565236977571,2.96690003866004));
#6280=CARTESIAN_POINT('',(-79.5019569746421,-18.86133202179,2.96690003866004));
#6281=CARTESIAN_POINT('',(-76.8613320252478,-21.5019569716092,2.96690003866004));
#6282=CARTESIAN_POINT('',(-75.1565237013157,-22.1281199943964,2.96690003866004));
#6283=CARTESIAN_POINT('',(-75.1633297029519,-18.7383296999387,2.96690003866004));
#6284=CARTESIAN_POINT('',(-73.2389937959449,-18.7509563423134,-3.5527136788005E-15));
#6285=CARTESIAN_POINT('',(-73.2273851489488,-18.7509563423134,-3.5527136788005E-15));
#6286=CARTESIAN_POINT('',(-76.7509557440064,-15.2273857472557,-3.5527136788005E-15));
#6287=CARTESIAN_POINT('',(-76.7509557440064,-15.2389943942518,-3.5527136788005E-15));
#6288=CARTESIAN_POINT('',(-42.7726148510513,-18.7509563423134,2.96690003866004));
#6289=CARTESIAN_POINT('',(-39.2490442559936,-15.2273857472557,2.96690003866004));
#6290=CARTESIAN_POINT('',(-39.2490442559936,-15.2389943942518,2.96690003866004));
#6291=CARTESIAN_POINT('',(-42.7610062040552,-18.7509563423134,2.96690003866004));
#6292=CARTESIAN_POINT('',(-40.8434763031878,-22.128119997888,2.96690003866004));
#6293=CARTESIAN_POINT('',(-39.1386679786952,-21.5019569754285,2.96690003866004));
#6294=CARTESIAN_POINT('',(-36.4980430276081,-18.8613320247663,2.96690003866004));
#6295=CARTESIAN_POINT('',(-35.8718800048743,-17.1565237003745,2.96690003866004));
#6296=CARTESIAN_POINT('',(-37.6866703000631,-18.7383297029537,2.96690003866004));
#6297=CARTESIAN_POINT('',(-42.7610062040552,-18.7509563423134,-3.5527136788005E-15));
#6298=CARTESIAN_POINT('',(-42.7726148510513,-18.7509563423134,-3.5527136788005E-15));
#6299=CARTESIAN_POINT('',(-39.2490442559936,-15.2273857472557,-3.5527136788005E-15));
#6300=CARTESIAN_POINT('',(-39.2490442559936,-15.2389943942518,-3.5527136788005E-15));
#6301=CARTESIAN_POINT('',(-42.7726148510513,18.7509563423134,2.96690003866004));
#6302=CARTESIAN_POINT('',(-39.2490442559936,15.2273857472557,2.96690003866004));
#6303=CARTESIAN_POINT('',(-39.2490442559936,15.2389943942518,2.96690003866004));
#6304=CARTESIAN_POINT('',(-42.7610062040552,18.7509563423134,2.96690003866004));
#6305=CARTESIAN_POINT('',(-35.7391304347613,16.9839243462607,2.96690003866004));
#6306=CARTESIAN_POINT('',(-35.8718800048735,17.1565237003699,2.96690003866004));
#6307=CARTESIAN_POINT('',(-36.4980430276072,18.8613320247623,2.96690003866004));
#6308=CARTESIAN_POINT('',(-39.1386679786957,21.501956975426,2.96690003866004));
#6309=CARTESIAN_POINT('',(-40.8434763031888,22.1281199978854,2.96690003866004));
#6310=CARTESIAN_POINT('',(-37.6866703000631,18.7383297029503,2.96690003866004));
#6311=CARTESIAN_POINT('',(-42.7610062040552,18.7509563423134,-3.5527136788005E-15));
#6312=CARTESIAN_POINT('',(-42.7726148510513,18.7509563423134,-3.5527136788005E-15));
#6313=CARTESIAN_POINT('',(-39.2490442559936,15.2273857472557,-3.5527136788005E-15));
#6314=CARTESIAN_POINT('',(-39.2490442559936,15.2389943942518,-3.5527136788005E-15));
#6315=CARTESIAN_POINT('',(-72.3950611832821,23.5092107557094,-5.32907051820075E-15));
#6316=CARTESIAN_POINT('',(-80.2761598157506,15.2273857472557,2.96690003866004));
#6317=CARTESIAN_POINT('',(-73.2273851489487,22.5233686042925,0.));
#6318=CARTESIAN_POINT('',(-80.2761598157506,15.2273857472557,-5.32907051820075E-15));
#6319=CARTESIAN_POINT('',(-81.2737711982553,14.2964620058197,0.));
#6320=CARTESIAN_POINT('',(-73.2273851489487,22.5233686042925,2.96690003866004));
#6321=CARTESIAN_POINT('',(-72.3950611832821,23.5092107557094,2.96690003866004));
#6322=CARTESIAN_POINT('',(-81.2737711982553,14.2964620058197,2.96690003866004));
#6323=CARTESIAN_POINT('',(-81.2737711982202,-14.2964620058058,-1.77635683940025E-15));
#6324=CARTESIAN_POINT('',(-80.2761598157147,-15.2273857472557,2.96690003866004));
#6325=CARTESIAN_POINT('',(-73.2273851489487,-22.5233686042953,0.));
#6326=CARTESIAN_POINT('',(-80.2761598157146,-15.2273857472557,0.));
#6327=CARTESIAN_POINT('',(-72.3950611832818,-23.5092107557122,0.));
#6328=CARTESIAN_POINT('',(-73.2273851489487,-22.5233686042953,2.96690003866004));
#6329=CARTESIAN_POINT('',(-81.2737711982202,-14.2964620058058,2.96690003866004));
#6330=CARTESIAN_POINT('',(-72.3950611832818,-23.5092107557122,2.96690003866004));
#6331=CARTESIAN_POINT('',(-43.6049388157928,-23.5092107576262,0.));
#6332=CARTESIAN_POINT('',(-35.7238401842854,-15.2273857472557,2.96690003866004));
#6333=CARTESIAN_POINT('',(-42.7726148510513,-22.5233686063667,0.));
#6334=CARTESIAN_POINT('',(-35.7238401842854,-15.2273857472557,0.));
#6335=CARTESIAN_POINT('',(-34.7262288017797,-14.2964620058058,0.));
#6336=CARTESIAN_POINT('',(-42.7726148510513,-22.5233686063666,2.96690003866004));
#6337=CARTESIAN_POINT('',(-43.6049388157927,-23.5092107576262,2.96690003866004));
#6338=CARTESIAN_POINT('',(-34.7262288017798,-14.2964620058058,2.96690003866004));
#6339=CARTESIAN_POINT('',(-42.7726148510512,22.523368606364,3.5527136788005E-15));
#6340=CARTESIAN_POINT('',(-43.6049388157924,23.5092107576234,7.105427357601E-15));
#6341=CARTESIAN_POINT('',(-42.7726148510513,22.523368606364,2.96690003866004));
#6342=CARTESIAN_POINT('',(-43.6049388157924,23.5092107576234,2.96690003866004));
#6343=CARTESIAN_POINT('',(-34.7262288017447,14.2964620058197,3.5527136788005E-15));
#6344=CARTESIAN_POINT('',(-35.7238401842493,15.2273857472557,2.96690003866004));
#6345=CARTESIAN_POINT('',(-35.7238401842493,15.2273857472557,0.));
#6346=CARTESIAN_POINT('',(-34.7262288017447,14.2964620058197,2.96690003866004));
#6347=CARTESIAN_POINT('',(-65.9979179709357,20.8728571419825,7.));
#6348=CARTESIAN_POINT('',(-65.9979179709357,20.8728571419825,-1.02110452782682E-16));
#6349=CARTESIAN_POINT('',(-70.4412057311596,23.5800000002457,7.));
#6350=CARTESIAN_POINT('',(-70.4412057311596,23.5800000002457,7.105427357601E-16));
#6351=CARTESIAN_POINT('',(-65.9979179708868,-20.872857142088,7.));
#6352=CARTESIAN_POINT('',(-65.9979179708868,-20.872857142088,-5.64434379171146E-15));
#6353=CARTESIAN_POINT('',(-70.4412057311043,-23.5800000003616,7.));
#6354=CARTESIAN_POINT('',(-70.4412057311043,-23.5800000003616,-7.105427357601E-16));
#6355=CARTESIAN_POINT('',(-45.5587942723722,-23.5800000008797,7.));
#6356=CARTESIAN_POINT('',(-45.5587942723722,-23.5800000008797,2.50407047848181E-15));
#6357=CARTESIAN_POINT('',(-50.0020820331002,-20.8728571437868,6.99999999999999));
#6358=CARTESIAN_POINT('',(-50.0020820331002,-20.8728571437868,-8.16985796021634E-15));
#6359=CARTESIAN_POINT('',(-45.5587942724275,23.5800000008222,7.));
#6360=CARTESIAN_POINT('',(-45.5587942724275,23.5800000008222,1.94195246903356E-16));
#6361=CARTESIAN_POINT('',(-50.0020820331492,20.8728571437189,7.));
#6362=CARTESIAN_POINT('',(-50.0020820331492,20.8728571437189,-8.33730525644408E-16));
#6363=CARTESIAN_POINT('',(-53.,4.81096644004234E-16,-1.11022302462516E-15));
#6364=CARTESIAN_POINT('',(-53.,-1.73934940524608E-15,7.));
#6365=CARTESIAN_POINT('',(-61.7066002731336,18.5310036410176,-3.5527136788005E-16));
#6366=CARTESIAN_POINT('',(-61.7066002731336,18.5310036410176,7.));
#6367=CARTESIAN_POINT('',(-63.2949253069678,17.7223790961337,7.));
#6368=CARTESIAN_POINT('',(-63.2949253069677,17.7223790961337,-1.07650589739311E-15));
#6369=CARTESIAN_POINT('',(-54.2933997268687,18.5310036446399,7.105427357601E-16));
#6370=CARTESIAN_POINT('',(-54.2933997268687,18.5310036446399,7.));
#6371=CARTESIAN_POINT('',(-52.7050746924167,17.722379100215,7.));
#6372=CARTESIAN_POINT('',(-52.7050746924167,17.722379100215,1.61702125027457E-15));
#6373=CARTESIAN_POINT('',(-41.2914253654923,-8.07170022287128,7.));
#6374=CARTESIAN_POINT('',(-41.2914253654923,-8.07170022287128,0.));
#6375=CARTESIAN_POINT('',(-74.7085759991975,-8.07169768444116,7.));
#6376=CARTESIAN_POINT('',(-74.7085759991975,-8.07169768444116,0.));
#6377=CARTESIAN_POINT('',(-57.9999999515353,20.868399726869,6.99999999999999));
#6378=CARTESIAN_POINT('',(-57.9999999515353,20.868399726869,0.));
#6379=CARTESIAN_POINT('',(-54.0000000000001,7.5,2.));
#6380=CARTESIAN_POINT('',(-59.9999999999999,7.5,2.));
#6381=CARTESIAN_POINT('',(-60.0000000000003,9.49999999999992,6.27820079140198));
#6382=CARTESIAN_POINT('',(-54.0000000000001,9.49999999999992,6.27820079140198));
#6383=CARTESIAN_POINT('',(-60.0000000000003,15.3660687473185,6.27820079140198));
#6384=CARTESIAN_POINT('',(-54.0000000000001,8.49999999999992,2.));
#6385=CARTESIAN_POINT('',(-60.,8.49999999999992,2.));
#6386=CARTESIAN_POINT('',(-54.0000000000001,9.49999999999992,3.));
#6387=CARTESIAN_POINT('',(-60.,9.49999999999992,3.));
#6388=CARTESIAN_POINT('',(-54.0000000000001,11.5000000000001,6.27820079140198));
#6389=CARTESIAN_POINT('',(-56.0000000000001,11.5000000000001,6.27820079140198));
#6390=CARTESIAN_POINT('',(-56.0000000000001,15.3660687473185,6.27820079140198));
#6391=CARTESIAN_POINT('',(-59.9999999999999,7.5,0.));
#6392=CARTESIAN_POINT('',(-54.0000000000001,7.5,0.));
#6393=CARTESIAN_POINT('',(-56.0000000000001,15.3660687473185,9.15933995315754E-16));
#6394=CARTESIAN_POINT('',(-60.0000000000003,15.3660687473185,1.33226762955019E-15));
#6395=CARTESIAN_POINT('',(-54.0000000000001,11.5000000000001,5.60782460478196E-16));
#6396=CARTESIAN_POINT('',(-56.0000000000001,11.5000000000001,0.));
#6397=CARTESIAN_POINT('',(-66.4951905283833,-0.285898384862264,2.));
#6398=CARTESIAN_POINT('',(-63.4951905283834,-5.48205080756878,2.));
#6399=CARTESIAN_POINT('',(-65.227241335952,-6.48205080756904,6.27820079140198));
#6400=CARTESIAN_POINT('',(-68.2272413359521,-1.28589838486222,6.27820079140198));
#6401=CARTESIAN_POINT('',(-70.3074058914758,-9.41508518122832,6.27820079140198));
#6402=CARTESIAN_POINT('',(-67.3612159321677,-0.785898384862222,2.));
#6403=CARTESIAN_POINT('',(-64.3612159321677,-5.98205080756881,2.));
#6404=CARTESIAN_POINT('',(-68.2272413359521,-1.28589838486222,3.));
#6405=CARTESIAN_POINT('',(-65.2272413359521,-6.48205080756884,3.));
#6406=CARTESIAN_POINT('',(-69.9592921435211,-2.2858983848623,6.27820079140198));
#6407=CARTESIAN_POINT('',(-68.9592921435211,-4.01794919243126,6.27820079140198));
#6408=CARTESIAN_POINT('',(-72.3074058914759,-5.95098356609046,6.27820079140198));
#6409=CARTESIAN_POINT('',(-63.4951905283834,-5.48205080756878,0.));
#6410=CARTESIAN_POINT('',(-66.4951905283833,-0.285898384862264,0.));
#6411=CARTESIAN_POINT('',(-72.3074058914759,-5.95098356609044,9.15933995315754E-16));
#6412=CARTESIAN_POINT('',(-70.3074058914758,-9.41508518122832,1.33226762955019E-15));
#6413=CARTESIAN_POINT('',(-69.9592921435211,-2.2858983848623,5.60782460478196E-16));
#6414=CARTESIAN_POINT('',(-68.9592921435211,-4.01794919243126,0.));
#6415=CARTESIAN_POINT('',(-53.5048094716167,-7.21410161513773,2.));
#6416=CARTESIAN_POINT('',(-50.5048094716168,-2.01794919243121,2.));
#6417=CARTESIAN_POINT('',(-48.7727586640478,-3.01794919243088,6.27820079140198));
#6418=CARTESIAN_POINT('',(-51.7727586640479,-8.21410161513769,6.27820079140198));
#6419=CARTESIAN_POINT('',(-43.692594108524,-5.95098356609015,6.27820079140198));
#6420=CARTESIAN_POINT('',(-52.6387840678323,-7.71410161513769,2.));
#6421=CARTESIAN_POINT('',(-49.6387840678324,-2.51794919243111,2.));
#6422=CARTESIAN_POINT('',(-51.7727586640479,-8.21410161513769,3.));
#6423=CARTESIAN_POINT('',(-48.7727586640479,-3.01794919243108,3.));
#6424=CARTESIAN_POINT('',(-50.0407078564789,-9.21410161513777,6.27820079140198));
#6425=CARTESIAN_POINT('',(-49.0407078564788,-7.48205080756882,6.27820079140198));
#6426=CARTESIAN_POINT('',(-45.692594108524,-9.41508518122802,6.27820079140198));
#6427=CARTESIAN_POINT('',(-50.5048094716168,-2.01794919243121,0.));
#6428=CARTESIAN_POINT('',(-53.5048094716167,-7.21410161513773,0.));
#6429=CARTESIAN_POINT('',(-45.692594108524,-9.41508518122802,9.15933995315754E-16));
#6430=CARTESIAN_POINT('',(-43.692594108524,-5.95098356609015,1.33226762955019E-15));
#6431=CARTESIAN_POINT('',(-50.0407078564789,-9.21410161513777,5.60782460478196E-16));
#6432=CARTESIAN_POINT('',(-49.0407078564788,-7.48205080756882,0.));
#6433=CARTESIAN_POINT('',(-70.3074058914758,-9.41508518122826,0.5));
#6434=CARTESIAN_POINT('',(-72.3074058914759,-5.95098356609044,0.500000000000001));
#6435=CARTESIAN_POINT('',(-43.692594108524,-5.95098356609021,0.5));
#6436=CARTESIAN_POINT('',(-45.6925941085241,-9.41508518122803,0.5));
#6437=CARTESIAN_POINT('',(-72.7404185933682,-6.20098356609045,0.));
#6438=CARTESIAN_POINT('',(-70.7404185933682,-9.66508518122819,0.));
#6439=CARTESIAN_POINT('',(-45.2595814066318,-9.66508518122803,0.));
#6440=CARTESIAN_POINT('',(-43.2595814066318,-6.20098356609031,0.));
#6441=CARTESIAN_POINT('',(-60.0000000000002,15.3660687473185,0.5));
#6442=CARTESIAN_POINT('',(-56.0000000000001,15.3660687473185,0.5));
#6443=CARTESIAN_POINT('',(-66.4951905283833,-0.285898384862269,0.5));
#6444=CARTESIAN_POINT('',(-69.9592921435211,-2.28589838486231,0.5));
#6445=CARTESIAN_POINT('',(-53.5048094716167,-7.21410161513773,0.5));
#6446=CARTESIAN_POINT('',(-50.0407078564789,-9.21410161513777,0.5));
#6447=CARTESIAN_POINT('',(-56.0000000000002,15.8660687473185,0.));
#6448=CARTESIAN_POINT('',(-60.0000000000001,15.8660687473185,0.));
#6449=CARTESIAN_POINT('',(-66.7451905283833,0.147114317029941,0.));
#6450=CARTESIAN_POINT('',(-70.2092921435211,-1.8528856829701,0.));
#6451=CARTESIAN_POINT('',(-53.7548094716167,-7.64711431702995,0.));
#6452=CARTESIAN_POINT('',(-50.2907078564789,-9.64711431702999,0.));
#6453=CARTESIAN_POINT('',(-54.0000000000001,7.5,0.5));
#6454=CARTESIAN_POINT('',(-54.0000000000001,11.5000000000001,0.5));
#6455=CARTESIAN_POINT('',(-53.5000000000001,7.49999999999999,0.));
#6456=CARTESIAN_POINT('',(-53.5,11.5000000000001,0.));
#6457=CARTESIAN_POINT('',(-54.2933997268687,19.2933997262327,0.));
#6458=CARTESIAN_POINT('',(-54.2933997268687,19.2933997262327,7.));
#6459=CARTESIAN_POINT('',(-61.7066002731336,19.2933997262327,0.));
#6460=CARTESIAN_POINT('',(-61.7066002731336,19.2933997262327,7.));
#6461=CARTESIAN_POINT('',(-61.7066002731336,19.2933997262327,0.));
#6462=CARTESIAN_POINT('',(-61.7066002731336,18.5310036410176,-3.5527136788005E-16));
#6463=CARTESIAN_POINT('',(-61.7066002731336,19.2933997262327,7.));
#6464=CARTESIAN_POINT('',(-61.7066002731336,18.5310036410176,7.));
#6465=CARTESIAN_POINT('',(-54.4927421025891,20.4925776226899,7.));
#6466=CARTESIAN_POINT('',(-54.293399726763,19.909557268211,7.));
#6467=CARTESIAN_POINT('',(-54.2933997268687,19.2933997262327,7.));
#6468=CARTESIAN_POINT('',(-54.4927421025891,20.4925776226899,7.));
#6469=CARTESIAN_POINT('',(-54.4927421025891,20.4925776226899,0.));
#6470=CARTESIAN_POINT('',(-54.4927421025891,20.4925776226899,0.));
#6471=CARTESIAN_POINT('',(-54.293399726763,19.909557268211,0.));
#6472=CARTESIAN_POINT('',(-54.2933997268687,19.2933997262327,0.));
#6473=CARTESIAN_POINT('',(-61.7066002731336,19.2933997262327,7.));
#6474=CARTESIAN_POINT('',(-61.7066002735881,21.943336726058,7.00000000000002));
#6475=CARTESIAN_POINT('',(-59.1991778958226,22.8006576242795,7.00000000000002));
#6476=CARTESIAN_POINT('',(-55.6919199984106,23.9998355201008,7.));
#6477=CARTESIAN_POINT('',(-54.4927421025891,20.4925776226899,7.));
#6478=CARTESIAN_POINT('',(-61.7066002731336,19.2933997262327,0.));
#6479=CARTESIAN_POINT('',(-61.7066002735881,21.943336726058,0.));
#6480=CARTESIAN_POINT('',(-59.1991778958226,22.8006576242795,0.));
#6481=CARTESIAN_POINT('',(-55.6919199984106,23.9998355201008,0.));
#6482=CARTESIAN_POINT('',(-54.4927421025891,20.4925776226899,0.));
#6483=CARTESIAN_POINT('',(-71.5566810128083,-23.5800000014446,7.));
#6484=CARTESIAN_POINT('',(-71.5566810128083,-23.5800000014446,0.));
#6485=CARTESIAN_POINT('',(-44.443318992062,-23.580000001381,7.));
#6486=CARTESIAN_POINT('',(-44.443318992062,-23.580000001381,0.));
#6487=CARTESIAN_POINT('',(-71.5566810128083,-23.5800000014446,7.));
#6488=CARTESIAN_POINT('',(-70.4412057311043,-23.5800000003616,7.));
#6489=CARTESIAN_POINT('',(-71.5566810128083,-23.5800000014446,0.));
#6490=CARTESIAN_POINT('',(-70.4412057311043,-23.5800000003616,-7.105427357601E-16));
#6491=CARTESIAN_POINT('',(-71.5566810128636,23.5800000013261,7.));
#6492=CARTESIAN_POINT('',(-71.5566810128636,23.5800000013261,0.));
#6493=CARTESIAN_POINT('',(-44.4433189921173,23.5800000013261,7.));
#6494=CARTESIAN_POINT('',(-44.4433189921173,23.5800000013261,0.));
#6495=CARTESIAN_POINT('',(-71.5566810128636,23.5800000013261,7.));
#6496=CARTESIAN_POINT('',(-70.4412057311596,23.5800000002457,7.));
#6497=CARTESIAN_POINT('',(-71.5566810128636,23.5800000013261,0.));
#6498=CARTESIAN_POINT('',(-70.4412057311596,23.5800000002457,7.105427357601E-16));
#6499=CARTESIAN_POINT('',(-35.7391304347613,16.9839243462607,7.));
#6500=CARTESIAN_POINT('',(-35.805169657583,17.0704821108533,7.));
#6501=CARTESIAN_POINT('',(-35.8718800048735,17.1565237003699,7.));
#6502=CARTESIAN_POINT('',(-35.8718800048735,17.1565237003699,7.));
#6503=CARTESIAN_POINT('',(-36.455679095449,17.9094953719576,7.));
#6504=CARTESIAN_POINT('',(-36.4980430276072,18.8613320247623,7.));
#6505=CARTESIAN_POINT('',(-36.4980430276072,18.8613320247623,7.));
#6506=CARTESIAN_POINT('',(-36.5458161982465,19.9347039361651,7.));
#6507=CARTESIAN_POINT('',(-37.3055561327658,20.6944438705623,7.));
#6508=CARTESIAN_POINT('',(-38.0652960672852,21.4541838049595,7.));
#6509=CARTESIAN_POINT('',(-39.1386679786957,21.501956975426,7.));
#6510=CARTESIAN_POINT('',(-39.1386679786957,21.501956975426,7.));
#6511=CARTESIAN_POINT('',(-40.0905046315073,21.544320907431,7.));
#6512=CARTESIAN_POINT('',(-40.8434763031888,22.1281199978854,7.));
#6513=CARTESIAN_POINT('',(-40.8434763031888,22.1281199978854,7.));
#6514=CARTESIAN_POINT('',(-41.1662641247652,22.378386035418,7.));
#6515=CARTESIAN_POINT('',(-41.4962144251223,22.61913043638,7.));
#6516=CARTESIAN_POINT('',(-42.8131264707405,23.5800000013361,7.));
#6517=CARTESIAN_POINT('',(-44.4433189921173,23.5800000013261,7.));
#6518=CARTESIAN_POINT('',(-75.1565236968106,22.1281199978859,7.));
#6519=CARTESIAN_POINT('',(-75.9094953684923,21.5443209074314,7.));
#6520=CARTESIAN_POINT('',(-76.861332021304,21.5019569754265,7.));
#6521=CARTESIAN_POINT('',(-76.861332021304,21.5019569754265,7.));
#6522=CARTESIAN_POINT('',(-77.9347039327149,21.45418380496,7.00000000000001));
#6523=CARTESIAN_POINT('',(-78.6944438672345,20.6944438705626,7.));
#6524=CARTESIAN_POINT('',(-79.4541838017542,19.9347039361652,7.));
#6525=CARTESIAN_POINT('',(-79.5019569723934,18.861332024762,7.));
#6526=CARTESIAN_POINT('',(-79.5019569723934,18.861332024762,7.));
#6527=CARTESIAN_POINT('',(-79.5443209045514,17.9094953719571,7.));
#6528=CARTESIAN_POINT('',(-80.1281199951271,17.1565237003693,7.));
#6529=CARTESIAN_POINT('',(-79.1428571428691,9.84782167975419,0.));
#6530=CARTESIAN_POINT('',(-79.1428571428691,9.84782167975419,7.));
#6531=CARTESIAN_POINT('',(-80.1281199951271,17.1565237003693,7.));
#6532=CARTESIAN_POINT('',(-80.1948303424173,17.070482110853,7.));
#6533=CARTESIAN_POINT('',(-80.2608695652387,16.9839243462606,7.));
#6534=CARTESIAN_POINT('',(-81.5559247399261,15.2864924844749,7.));
#6535=CARTESIAN_POINT('',(-81.2254576772177,13.177171657442,7.));
#6536=CARTESIAN_POINT('',(-80.8949906145094,11.0678508304091,7.));
#6537=CARTESIAN_POINT('',(-79.1428571428691,9.84782167975419,7.));
#6538=CARTESIAN_POINT('',(-79.1428571428691,9.84782167975419,0.));
#6539=CARTESIAN_POINT('',(-74.0000000000033,6.26679561438482,1.551481024899E-15));
#6540=CARTESIAN_POINT('',(-73.9999999999943,-2.45694019738897E-11,0.));
#6541=CARTESIAN_POINT('',(-73.9999999999853,-6.26679561443397,1.19344694223E-16));
#6542=CARTESIAN_POINT('',(-79.1428571428409,-9.84782167981807,0.));
#6543=CARTESIAN_POINT('',(-79.1428571428409,-9.84782167981807,0.));
#6544=CARTESIAN_POINT('',(-79.1428571428409,-9.84782167981807,7.));
#6545=CARTESIAN_POINT('',(-79.1428571428691,9.84782167975419,7.));
#6546=CARTESIAN_POINT('',(-74.0000000000033,6.26679561438482,7.));
#6547=CARTESIAN_POINT('',(-73.9999999999943,-2.45694019738897E-11,7.));
#6548=CARTESIAN_POINT('',(-73.9999999999853,-6.26679561443397,7.));
#6549=CARTESIAN_POINT('',(-79.1428571428409,-9.84782167981807,7.));
#6550=CARTESIAN_POINT('',(-79.1428571428409,-9.84782167981807,0.));
#6551=CARTESIAN_POINT('',(-80.8949906144777,-11.067850830478,1.33256852822521E-15));
#6552=CARTESIAN_POINT('',(-81.2254576771801,-13.1771716575118,-2.49595042666776E-15));
#6553=CARTESIAN_POINT('',(-81.3127105337849,-13.7340933251349,-2.38372129166313E-15));
#6554=CARTESIAN_POINT('',(-81.2737711982202,-14.2964620058058,-1.77635683940025E-15));
#6555=CARTESIAN_POINT('',(-79.1428571428409,-9.84782167981807,7.));
#6556=CARTESIAN_POINT('',(-80.8949906144778,-11.067850830478,7.));
#6557=CARTESIAN_POINT('',(-81.2254576771801,-13.1771716575118,7.));
#6558=CARTESIAN_POINT('',(-81.5559247398824,-15.2864924845457,7.));
#6559=CARTESIAN_POINT('',(-80.2608695651901,-16.9839243463277,7.));
#6560=CARTESIAN_POINT('',(-80.1948303433965,-17.0704821095724,7.));
#6561=CARTESIAN_POINT('',(-80.128119997155,-17.1565236977571,7.));
#6562=CARTESIAN_POINT('',(-80.128119997155,-17.1565236977571,7.));
#6563=CARTESIAN_POINT('',(-79.5443209068148,-17.909495369225,7.));
#6564=CARTESIAN_POINT('',(-79.5019569746421,-18.86133202179,7.));
#6565=CARTESIAN_POINT('',(-79.5019569746421,-18.86133202179,7.));
#6566=CARTESIAN_POINT('',(-79.4541838040009,-19.9347039325974,7.));
#6567=CARTESIAN_POINT('',(-78.6944438700242,-20.6944438666963,7.));
#6568=CARTESIAN_POINT('',(-77.9347039360475,-21.4541838007953,7.));
#6569=CARTESIAN_POINT('',(-76.8613320252477,-21.5019569716092,7.));
#6570=CARTESIAN_POINT('',(-76.8613320252477,-21.5019569716092,7.));
#6571=CARTESIAN_POINT('',(-75.9094953726896,-21.544320903935,7.));
#6572=CARTESIAN_POINT('',(-75.1565237013157,-22.1281199943964,7.));
#6573=CARTESIAN_POINT('',(-75.1565237013157,-22.1281199943964,7.));
#6574=CARTESIAN_POINT('',(-74.8337358797427,-22.3783860323164,7.));
#6575=CARTESIAN_POINT('',(-74.5037855793856,-22.6191304336668,6.99999999999998));
#6576=CARTESIAN_POINT('',(-73.18687353406,-23.5799999999589,7.));
#6577=CARTESIAN_POINT('',(-71.5566810128083,-23.5800000014446,7.));
#6578=CARTESIAN_POINT('',(-40.8434763031878,-22.128119997888,7.));
#6579=CARTESIAN_POINT('',(-40.0905046315065,-21.5443209074337,7.));
#6580=CARTESIAN_POINT('',(-39.1386679786952,-21.5019569754285,7.));
#6581=CARTESIAN_POINT('',(-39.1386679786952,-21.5019569754285,7.));
#6582=CARTESIAN_POINT('',(-38.0652960672854,-21.4541838049617,7.));
#6583=CARTESIAN_POINT('',(-37.3055561327665,-20.694443870565,7.));
#6584=CARTESIAN_POINT('',(-36.5458161982476,-19.9347039361684,7.));
#6585=CARTESIAN_POINT('',(-36.4980430276081,-18.8613320247663,7.));
#6586=CARTESIAN_POINT('',(-36.4980430276081,-18.8613320247663,7.));
#6587=CARTESIAN_POINT('',(-36.4556790954498,-17.9094953719619,7.));
#6588=CARTESIAN_POINT('',(-35.8718800048743,-17.1565237003745,7.));
#6589=CARTESIAN_POINT('',(-36.857142857159,-9.84782167981808,0.));
#6590=CARTESIAN_POINT('',(-36.857142857159,-9.84782167981808,7.));
#6591=CARTESIAN_POINT('',(-35.8718800048743,-17.1565237003745,7.));
#6592=CARTESIAN_POINT('',(-35.8051696576079,-17.0704821108889,7.));
#6593=CARTESIAN_POINT('',(-35.7391304348099,-16.9839243463277,7.));
#6594=CARTESIAN_POINT('',(-34.4440752601176,-15.2864924845457,7.));
#6595=CARTESIAN_POINT('',(-34.7745423228199,-13.1771716575119,7.));
#6596=CARTESIAN_POINT('',(-35.1050093855223,-11.067850830478,7.));
#6597=CARTESIAN_POINT('',(-36.857142857159,-9.84782167981808,7.));
#6598=CARTESIAN_POINT('',(-36.857142857159,-9.84782167981808,0.));
#6599=CARTESIAN_POINT('',(-42.0000000000147,-6.26679561443399,-8.35412859564022E-16));
#6600=CARTESIAN_POINT('',(-42.0000000000057,-2.45952067811821E-11,6.04800166750379E-16));
#6601=CARTESIAN_POINT('',(-41.9999999999967,6.26679561438481,-1.19344694223432E-16));
#6602=CARTESIAN_POINT('',(-36.8571428571309,9.84782167975421,0.));
#6603=CARTESIAN_POINT('',(-36.8571428571309,9.84782167975421,0.));
#6604=CARTESIAN_POINT('',(-36.8571428571309,9.84782167975421,7.));
#6605=CARTESIAN_POINT('',(-36.857142857159,-9.84782167981808,7.));
#6606=CARTESIAN_POINT('',(-42.0000000000147,-6.26679561443399,7.));
#6607=CARTESIAN_POINT('',(-42.0000000000057,-2.45952067811821E-11,7.));
#6608=CARTESIAN_POINT('',(-41.9999999999967,6.26679561438481,7.));
#6609=CARTESIAN_POINT('',(-36.8571428571309,9.84782167975421,7.));
#6610=CARTESIAN_POINT('',(-36.8571428571309,9.84782167975421,0.));
#6611=CARTESIAN_POINT('',(-35.1050093854906,11.0678508304091,9.55236457777481E-16));
#6612=CARTESIAN_POINT('',(-34.7745423227824,13.1771716574421,3.27694136837196E-15));
#6613=CARTESIAN_POINT('',(-34.6872894661694,13.7340933251069,6.61462630289813E-15));
#6614=CARTESIAN_POINT('',(-34.7262288017447,14.2964620058197,3.5527136788005E-15));
#6615=CARTESIAN_POINT('',(-36.8571428571309,9.84782167975421,7.));
#6616=CARTESIAN_POINT('',(-35.1050093854906,11.0678508304091,7.));
#6617=CARTESIAN_POINT('',(-34.7745423227823,13.177171657442,7.));
#6618=CARTESIAN_POINT('',(-34.4440752600739,15.286492484475,7.));
#6619=CARTESIAN_POINT('',(-35.7391304347613,16.9839243462607,7.));
#6620=CARTESIAN_POINT('',(-75.1633297029519,-18.7383296999387,7.));
#6621=CARTESIAN_POINT('',(-75.1633297029519,-20.3133296999387,7.));
#6622=CARTESIAN_POINT('',(-76.7383297029519,-20.3133296999387,7.));
#6623=CARTESIAN_POINT('',(-78.3133297029519,-20.3133296999387,7.));
#6624=CARTESIAN_POINT('',(-78.3133297029519,-18.7383296999387,7.));
#6625=CARTESIAN_POINT('',(-78.3133297029519,-17.1633296999387,7.));
#6626=CARTESIAN_POINT('',(-76.7383297029519,-17.1633296999387,7.));
#6627=CARTESIAN_POINT('',(-75.1633297029519,-17.1633296999387,7.));
#6628=CARTESIAN_POINT('',(-75.1633297029519,-18.7383296999387,7.));
#6629=CARTESIAN_POINT('',(-37.6866703000631,-18.7383297029537,7.));
#6630=CARTESIAN_POINT('',(-37.6866703000631,-20.3133297029537,7.));
#6631=CARTESIAN_POINT('',(-39.2616703000631,-20.3133297029537,7.));
#6632=CARTESIAN_POINT('',(-40.8366703000631,-20.3133297029537,7.));
#6633=CARTESIAN_POINT('',(-40.8366703000631,-18.7383297029537,7.));
#6634=CARTESIAN_POINT('',(-40.8366703000631,-17.1633297029537,7.));
#6635=CARTESIAN_POINT('',(-39.2616703000631,-17.1633297029537,7.));
#6636=CARTESIAN_POINT('',(-37.6866703000631,-17.1633297029537,7.));
#6637=CARTESIAN_POINT('',(-37.6866703000631,-18.7383297029537,7.));
#6638=CARTESIAN_POINT('',(-37.6866703000631,18.7383297029503,7.));
#6639=CARTESIAN_POINT('',(-37.6866703000631,17.1633297029503,7.));
#6640=CARTESIAN_POINT('',(-39.2616703000631,17.1633297029503,7.));
#6641=CARTESIAN_POINT('',(-40.8366703000631,17.1633297029503,7.));
#6642=CARTESIAN_POINT('',(-40.8366703000631,18.7383297029503,7.));
#6643=CARTESIAN_POINT('',(-40.8366703000631,20.3133297029503,7.));
#6644=CARTESIAN_POINT('',(-39.2616703000631,20.3133297029503,7.));
#6645=CARTESIAN_POINT('',(-37.6866703000631,20.3133297029503,7.));
#6646=CARTESIAN_POINT('',(-37.6866703000631,18.7383297029503,7.));
#6647=CARTESIAN_POINT('',(-75.1633296999369,18.7383297029503,7.));
#6648=CARTESIAN_POINT('',(-75.1633296999369,17.1633297029503,7.));
#6649=CARTESIAN_POINT('',(-76.7383296999369,17.1633297029503,7.));
#6650=CARTESIAN_POINT('',(-78.3133296999369,17.1633297029503,7.));
#6651=CARTESIAN_POINT('',(-78.3133296999369,18.7383297029503,7.));
#6652=CARTESIAN_POINT('',(-78.3133296999369,20.3133297029503,7.));
#6653=CARTESIAN_POINT('',(-76.7383296999369,20.3133297029503,7.));
#6654=CARTESIAN_POINT('',(-75.1633296999369,20.3133297029503,7.));
#6655=CARTESIAN_POINT('',(-75.1633296999369,18.7383297029503,7.));
#6656=CARTESIAN_POINT('',(-73.2273851489488,18.7509563423134,2.96690003866004));
#6657=CARTESIAN_POINT('',(-73.2389937959449,18.7509563423134,2.96690003866004));
#6658=CARTESIAN_POINT('',(-76.7509557440064,15.2273857472557,2.96690003866004));
#6659=CARTESIAN_POINT('',(-80.2761598157506,15.2273857472557,2.96690003866004));
#6660=CARTESIAN_POINT('',(-76.7509557440064,15.2389943942518,2.96690003866004));
#6661=CARTESIAN_POINT('',(-76.7509557440064,15.2389943942518,-3.5527136788005E-15));
#6662=CARTESIAN_POINT('',(-76.7509557440064,15.2389943942518,2.96690003866004));
#6663=CARTESIAN_POINT('',(-76.7509557440064,15.2273857472557,2.96690003866004));
#6664=CARTESIAN_POINT('',(-76.7509557440064,15.2389943942518,2.96690003866004));
#6665=CARTESIAN_POINT('',(-74.934567248378,15.0850388774215,2.96690003866004));
#6666=CARTESIAN_POINT('',(-73.8564987078749,16.5549836689667,2.96690003866002));
#6667=CARTESIAN_POINT('',(-73.1361186222094,17.5372208042447,2.96690003866004));
#6668=CARTESIAN_POINT('',(-73.2389937959449,18.7509563423134,2.96690003866004));
#6669=CARTESIAN_POINT('',(-76.861332021304,21.5019569754265,2.96690003866004));
#6670=CARTESIAN_POINT('',(-75.9094953684923,21.5443209074313,2.96690003866005));
#6671=CARTESIAN_POINT('',(-75.1565236968106,22.1281199978859,2.96690003866004));
#6672=CARTESIAN_POINT('',(-79.5019569723934,18.861332024762,2.96690003866004));
#6673=CARTESIAN_POINT('',(-79.3894371670602,21.3894371705001,2.96690003866003));
#6674=CARTESIAN_POINT('',(-76.861332021304,21.5019569754265,2.96690003866004));
#6675=CARTESIAN_POINT('',(-80.1281199951271,17.1565237003693,2.96690003866004));
#6676=CARTESIAN_POINT('',(-79.5443209045513,17.9094953719571,2.96690003866005));
#6677=CARTESIAN_POINT('',(-79.5019569723934,18.861332024762,2.96690003866004));
#6678=CARTESIAN_POINT('',(-75.1633296999369,18.7383297029503,2.96690003866004));
#6679=CARTESIAN_POINT('',(-75.1633296999369,20.3133297029503,2.96690003866004));
#6680=CARTESIAN_POINT('',(-76.7383296999369,20.3133297029503,2.96690003866004));
#6681=CARTESIAN_POINT('',(-78.3133296999369,20.3133297029503,2.96690003866004));
#6682=CARTESIAN_POINT('',(-78.3133296999369,18.7383297029503,2.96690003866004));
#6683=CARTESIAN_POINT('',(-78.3133296999369,17.1633297029503,2.96690003866004));
#6684=CARTESIAN_POINT('',(-76.7383296999369,17.1633297029503,2.96690003866004));
#6685=CARTESIAN_POINT('',(-75.1633296999369,17.1633297029503,2.96690003866004));
#6686=CARTESIAN_POINT('',(-75.1633296999369,18.7383297029503,2.96690003866004));
#6687=CARTESIAN_POINT('',(-73.2389937959449,18.7509563423134,-3.5527136788005E-15));
#6688=CARTESIAN_POINT('',(-73.2273851489488,18.7509563423134,-3.5527136788005E-15));
#6689=CARTESIAN_POINT('',(-73.2273851489488,18.7509563423134,-3.5527136788005E-15));
#6690=CARTESIAN_POINT('',(-73.2273851489487,22.5233686042925,0.));
#6691=CARTESIAN_POINT('',(-76.7509557440064,15.2273857472557,-3.5527136788005E-15));
#6692=CARTESIAN_POINT('',(-76.7509557440064,15.2389943942518,-3.5527136788005E-15));
#6693=CARTESIAN_POINT('',(-76.7509557440064,15.2389943942518,-3.5527136788005E-15));
#6694=CARTESIAN_POINT('',(-75.2465976662718,15.1114863055842,-4.77447100623539E-15));
#6695=CARTESIAN_POINT('',(-74.1790416867745,16.1790422850815,0.));
#6696=CARTESIAN_POINT('',(-73.1114857072772,17.2465982645788,-2.81571367034395E-15));
#6697=CARTESIAN_POINT('',(-73.2389937959449,18.7509563423134,-3.5527136788005E-15));
#6698=CARTESIAN_POINT('',(-75.1565236968106,22.1281199978859,2.96690003866004));
#6699=CARTESIAN_POINT('',(-75.1565236968106,22.1281199978859,7.));
#6700=CARTESIAN_POINT('',(-76.861332021304,21.5019569754265,2.96690003866004));
#6701=CARTESIAN_POINT('',(-76.861332021304,21.5019569754265,7.));
#6702=CARTESIAN_POINT('',(-79.5019569723934,18.861332024762,2.96690003866004));
#6703=CARTESIAN_POINT('',(-79.5019569723934,18.861332024762,7.));
#6704=CARTESIAN_POINT('',(-80.1281199951271,17.1565237003693,2.96690003866004));
#6705=CARTESIAN_POINT('',(-80.1281199951271,17.1565237003693,7.));
#6706=CARTESIAN_POINT('',(-75.1633296999369,18.7383297029503,2.96690003866004));
#6707=CARTESIAN_POINT('',(-75.1633296999369,18.7383297029503,7.));
#6708=CARTESIAN_POINT('',(-73.2273851489488,18.7509563423134,-3.5527136788005E-15));
#6709=CARTESIAN_POINT('',(-73.2273851489488,18.7509563423134,2.96690003866004));
#6710=CARTESIAN_POINT('',(-76.7509557440064,15.2273857472557,-3.5527136788005E-15));
#6711=CARTESIAN_POINT('',(-76.7509557440064,15.2273857472557,2.96690003866004));
#6712=CARTESIAN_POINT('',(-73.2389937959449,18.7509563423134,-3.5527136788005E-15));
#6713=CARTESIAN_POINT('',(-73.2389937959449,18.7509563423134,2.96690003866004));
#6714=CARTESIAN_POINT('',(-73.2273851489488,-18.7509563423134,2.96690003866004));
#6715=CARTESIAN_POINT('',(-73.2389937959449,-18.7509563423134,2.96690003866004));
#6716=CARTESIAN_POINT('',(-76.7509557440064,-15.2273857472557,2.96690003866004));
#6717=CARTESIAN_POINT('',(-80.2761598157147,-15.2273857472557,2.96690003866004));
#6718=CARTESIAN_POINT('',(-76.7509557440064,-15.2389943942518,2.96690003866004));
#6719=CARTESIAN_POINT('',(-76.7509557440064,-15.2389943942518,-3.5527136788005E-15));
#6720=CARTESIAN_POINT('',(-76.7509557440064,-15.2389943942518,2.96690003866004));
#6721=CARTESIAN_POINT('',(-76.7509557440064,-15.2273857472557,2.96690003866004));
#6722=CARTESIAN_POINT('',(-76.7509557440064,-15.2389943942518,2.96690003866004));
#6723=CARTESIAN_POINT('',(-74.934567248378,-15.0850388774215,2.96690003866004));
#6724=CARTESIAN_POINT('',(-73.8564987078749,-16.5549836689667,2.96690003866002));
#6725=CARTESIAN_POINT('',(-73.1361186222094,-17.5372208042447,2.96690003866004));
#6726=CARTESIAN_POINT('',(-73.2389937959449,-18.7509563423134,2.96690003866004));
#6727=CARTESIAN_POINT('',(-80.128119997155,-17.1565236977571,2.96690003866004));
#6728=CARTESIAN_POINT('',(-79.5443209068148,-17.909495369225,2.96690003866004));
#6729=CARTESIAN_POINT('',(-79.5019569746421,-18.86133202179,2.96690003866004));
#6730=CARTESIAN_POINT('',(-79.5019569746421,-18.86133202179,2.96690003866004));
#6731=CARTESIAN_POINT('',(-79.3894371693153,-21.3894371658756,2.96690003866005));
#6732=CARTESIAN_POINT('',(-76.8613320252478,-21.5019569716092,2.96690003866004));
#6733=CARTESIAN_POINT('',(-76.8613320252478,-21.5019569716092,2.96690003866004));
#6734=CARTESIAN_POINT('',(-75.9094953726897,-21.544320903935,2.96690003866004));
#6735=CARTESIAN_POINT('',(-75.1565237013157,-22.1281199943964,2.96690003866004));
#6736=CARTESIAN_POINT('',(-75.1633297029519,-18.7383296999387,2.96690003866004));
#6737=CARTESIAN_POINT('',(-75.1633297029519,-20.3133296999387,2.96690003866004));
#6738=CARTESIAN_POINT('',(-76.7383297029519,-20.3133296999387,2.96690003866004));
#6739=CARTESIAN_POINT('',(-78.3133297029519,-20.3133296999387,2.96690003866004));
#6740=CARTESIAN_POINT('',(-78.3133297029519,-18.7383296999387,2.96690003866004));
#6741=CARTESIAN_POINT('',(-78.3133297029519,-17.1633296999387,2.96690003866004));
#6742=CARTESIAN_POINT('',(-76.7383297029519,-17.1633296999387,2.96690003866004));
#6743=CARTESIAN_POINT('',(-75.1633297029519,-17.1633296999387,2.96690003866004));
#6744=CARTESIAN_POINT('',(-75.1633297029519,-18.7383296999387,2.96690003866004));
#6745=CARTESIAN_POINT('',(-73.2389937959449,-18.7509563423134,-3.5527136788005E-15));
#6746=CARTESIAN_POINT('',(-73.2273851489488,-18.7509563423134,-3.5527136788005E-15));
#6747=CARTESIAN_POINT('',(-73.2273851489488,-18.7509563423134,-3.5527136788005E-15));
#6748=CARTESIAN_POINT('',(-73.2273851489487,-22.5233686042953,0.));
#6749=CARTESIAN_POINT('',(-76.7509557440064,-15.2273857472557,-3.5527136788005E-15));
#6750=CARTESIAN_POINT('',(-76.7509557440064,-15.2389943942518,-3.5527136788005E-15));
#6751=CARTESIAN_POINT('',(-76.7509557440064,-15.2389943942518,-3.5527136788005E-15));
#6752=CARTESIAN_POINT('',(-75.2465976662718,-15.1114863055842,-4.77447100623539E-15));
#6753=CARTESIAN_POINT('',(-74.1790416867745,-16.1790422850815,0.));
#6754=CARTESIAN_POINT('',(-73.1114857072772,-17.2465982645788,-2.81571367034395E-15));
#6755=CARTESIAN_POINT('',(-73.2389937959449,-18.7509563423134,-3.5527136788005E-15));
#6756=CARTESIAN_POINT('',(-80.128119997155,-17.1565236977571,2.96690003866004));
#6757=CARTESIAN_POINT('',(-80.128119997155,-17.1565236977571,7.));
#6758=CARTESIAN_POINT('',(-79.5019569746421,-18.86133202179,2.96690003866004));
#6759=CARTESIAN_POINT('',(-79.5019569746421,-18.86133202179,7.));
#6760=CARTESIAN_POINT('',(-76.8613320252478,-21.5019569716092,2.96690003866004));
#6761=CARTESIAN_POINT('',(-76.8613320252477,-21.5019569716092,7.));
#6762=CARTESIAN_POINT('',(-75.1565237013157,-22.1281199943964,2.96690003866004));
#6763=CARTESIAN_POINT('',(-75.1565237013157,-22.1281199943964,7.));
#6764=CARTESIAN_POINT('',(-75.1633297029519,-18.7383296999387,2.96690003866004));
#6765=CARTESIAN_POINT('',(-75.1633297029519,-18.7383296999387,7.));
#6766=CARTESIAN_POINT('',(-73.2273851489488,-18.7509563423134,-3.5527136788005E-15));
#6767=CARTESIAN_POINT('',(-73.2273851489488,-18.7509563423134,2.96690003866004));
#6768=CARTESIAN_POINT('',(-76.7509557440064,-15.2273857472557,-3.5527136788005E-15));
#6769=CARTESIAN_POINT('',(-76.7509557440064,-15.2273857472557,2.96690003866004));
#6770=CARTESIAN_POINT('',(-73.2389937959449,-18.7509563423134,-3.5527136788005E-15));
#6771=CARTESIAN_POINT('',(-73.2389937959449,-18.7509563423134,2.96690003866004));
#6772=CARTESIAN_POINT('',(-42.7726148510513,-18.7509563423134,2.96690003866004));
#6773=CARTESIAN_POINT('',(-42.7610062040552,-18.7509563423134,2.96690003866004));
#6774=CARTESIAN_POINT('',(-39.2490442559936,-15.2273857472557,2.96690003866004));
#6775=CARTESIAN_POINT('',(-35.7238401842854,-15.2273857472557,2.96690003866004));
#6776=CARTESIAN_POINT('',(-39.2490442559936,-15.2389943942518,2.96690003866004));
#6777=CARTESIAN_POINT('',(-39.2490442559936,-15.2389943942518,-3.5527136788005E-15));
#6778=CARTESIAN_POINT('',(-39.2490442559936,-15.2389943942518,2.96690003866004));
#6779=CARTESIAN_POINT('',(-39.2490442559936,-15.2273857472557,2.96690003866004));
#6780=CARTESIAN_POINT('',(-39.2490442559936,-15.2389943942518,2.96690003866004));
#6781=CARTESIAN_POINT('',(-41.0654327516219,-15.0850388774215,2.96690003866004));
#6782=CARTESIAN_POINT('',(-42.1435012921252,-16.5549836689667,2.96690003866002));
#6783=CARTESIAN_POINT('',(-42.8638813777906,-17.5372208042447,2.96690003866004));
#6784=CARTESIAN_POINT('',(-42.7610062040552,-18.7509563423134,2.96690003866004));
#6785=CARTESIAN_POINT('',(-39.1386679786952,-21.5019569754285,2.96690003866004));
#6786=CARTESIAN_POINT('',(-40.0905046315065,-21.5443209074337,2.96690003866005));
#6787=CARTESIAN_POINT('',(-40.8434763031878,-22.128119997888,2.96690003866004));
#6788=CARTESIAN_POINT('',(-36.4980430276081,-18.8613320247663,2.96690003866004));
#6789=CARTESIAN_POINT('',(-36.6105628329419,-21.3894371705015,2.96690003866004));
#6790=CARTESIAN_POINT('',(-39.1386679786952,-21.5019569754285,2.96690003866004));
#6791=CARTESIAN_POINT('',(-35.8718800048743,-17.1565237003745,2.96690003866004));
#6792=CARTESIAN_POINT('',(-36.4556790954499,-17.9094953719619,2.96690003866004));
#6793=CARTESIAN_POINT('',(-36.4980430276081,-18.8613320247663,2.96690003866004));
#6794=CARTESIAN_POINT('',(-37.6866703000631,-18.7383297029537,2.96690003866004));
#6795=CARTESIAN_POINT('',(-37.6866703000631,-17.1633297029537,2.96690003866004));
#6796=CARTESIAN_POINT('',(-39.2616703000631,-17.1633297029537,2.96690003866004));
#6797=CARTESIAN_POINT('',(-40.8366703000631,-17.1633297029537,2.96690003866004));
#6798=CARTESIAN_POINT('',(-40.8366703000631,-18.7383297029537,2.96690003866004));
#6799=CARTESIAN_POINT('',(-40.8366703000631,-20.3133297029537,2.96690003866004));
#6800=CARTESIAN_POINT('',(-39.2616703000631,-20.3133297029537,2.96690003866004));
#6801=CARTESIAN_POINT('',(-37.6866703000631,-20.3133297029537,2.96690003866004));
#6802=CARTESIAN_POINT('',(-37.6866703000631,-18.7383297029537,2.96690003866004));
#6803=CARTESIAN_POINT('',(-42.7610062040552,-18.7509563423134,-3.5527136788005E-15));
#6804=CARTESIAN_POINT('',(-42.7726148510513,-18.7509563423134,-3.5527136788005E-15));
#6805=CARTESIAN_POINT('',(-42.7726148510513,-18.7509563423134,-3.5527136788005E-15));
#6806=CARTESIAN_POINT('',(-42.7726148510513,-22.5233686063667,0.));
#6807=CARTESIAN_POINT('',(-39.2490442559936,-15.2273857472557,-3.5527136788005E-15));
#6808=CARTESIAN_POINT('',(-39.2490442559936,-15.2389943942518,-3.5527136788005E-15));
#6809=CARTESIAN_POINT('',(-39.2490442559936,-15.2389943942518,-3.5527136788005E-15));
#6810=CARTESIAN_POINT('',(-40.7534023337282,-15.1114863055842,-1.71391266890502E-15));
#6811=CARTESIAN_POINT('',(-41.8209583132255,-16.1790422850815,-1.77635683940025E-15));
#6812=CARTESIAN_POINT('',(-42.8885142927228,-17.2465982645788,2.20360200287788E-15));
#6813=CARTESIAN_POINT('',(-42.7610062040552,-18.7509563423134,-3.5527136788005E-15));
#6814=CARTESIAN_POINT('',(-40.8434763031878,-22.128119997888,2.96690003866004));
#6815=CARTESIAN_POINT('',(-40.8434763031878,-22.128119997888,7.));
#6816=CARTESIAN_POINT('',(-39.1386679786952,-21.5019569754285,2.96690003866004));
#6817=CARTESIAN_POINT('',(-39.1386679786952,-21.5019569754285,7.));
#6818=CARTESIAN_POINT('',(-36.4980430276081,-18.8613320247663,2.96690003866004));
#6819=CARTESIAN_POINT('',(-36.4980430276081,-18.8613320247663,7.));
#6820=CARTESIAN_POINT('',(-35.8718800048743,-17.1565237003745,2.96690003866004));
#6821=CARTESIAN_POINT('',(-35.8718800048743,-17.1565237003745,7.));
#6822=CARTESIAN_POINT('',(-37.6866703000631,-18.7383297029537,2.96690003866004));
#6823=CARTESIAN_POINT('',(-37.6866703000631,-18.7383297029537,7.));
#6824=CARTESIAN_POINT('',(-42.7726148510513,-18.7509563423134,-3.5527136788005E-15));
#6825=CARTESIAN_POINT('',(-42.7726148510513,-18.7509563423134,2.96690003866004));
#6826=CARTESIAN_POINT('',(-39.2490442559936,-15.2273857472557,-3.5527136788005E-15));
#6827=CARTESIAN_POINT('',(-39.2490442559936,-15.2273857472557,2.96690003866004));
#6828=CARTESIAN_POINT('',(-42.7610062040552,-18.7509563423134,-3.5527136788005E-15));
#6829=CARTESIAN_POINT('',(-42.7610062040552,-18.7509563423134,2.96690003866004));
#6830=CARTESIAN_POINT('',(-42.7726148510513,18.7509563423134,2.96690003866004));
#6831=CARTESIAN_POINT('',(-42.7610062040552,18.7509563423134,2.96690003866004));
#6832=CARTESIAN_POINT('',(-39.2490442559936,15.2273857472557,2.96690003866004));
#6833=CARTESIAN_POINT('',(-35.7238401842493,15.2273857472557,2.96690003866004));
#6834=CARTESIAN_POINT('',(-39.2490442559936,15.2389943942518,2.96690003866004));
#6835=CARTESIAN_POINT('',(-39.2490442559936,15.2389943942518,-3.5527136788005E-15));
#6836=CARTESIAN_POINT('',(-39.2490442559936,15.2389943942518,2.96690003866004));
#6837=CARTESIAN_POINT('',(-39.2490442559936,15.2273857472557,2.96690003866004));
#6838=CARTESIAN_POINT('',(-39.2490442559936,15.2389943942518,2.96690003866004));
#6839=CARTESIAN_POINT('',(-41.0654327516219,15.0850388774215,2.96690003866004));
#6840=CARTESIAN_POINT('',(-42.1435012921252,16.5549836689667,2.96690003866002));
#6841=CARTESIAN_POINT('',(-42.8638813777906,17.5372208042447,2.96690003866004));
#6842=CARTESIAN_POINT('',(-42.7610062040552,18.7509563423134,2.96690003866004));
#6843=CARTESIAN_POINT('',(-35.7391304347613,16.9839243462607,2.96690003866004));
#6844=CARTESIAN_POINT('',(-35.805169657583,17.0704821108533,2.96690003866004));
#6845=CARTESIAN_POINT('',(-35.8718800048735,17.1565237003699,2.96690003866004));
#6846=CARTESIAN_POINT('',(-35.8718800048735,17.1565237003699,2.96690003866004));
#6847=CARTESIAN_POINT('',(-36.455679095449,17.9094953719576,2.96690003866004));
#6848=CARTESIAN_POINT('',(-36.4980430276072,18.8613320247623,2.96690003866004));
#6849=CARTESIAN_POINT('',(-36.4980430276072,18.8613320247623,2.96690003866004));
#6850=CARTESIAN_POINT('',(-36.6105628329404,21.3894371704995,2.96690003866005));
#6851=CARTESIAN_POINT('',(-39.1386679786957,21.501956975426,2.96690003866004));
#6852=CARTESIAN_POINT('',(-39.1386679786957,21.501956975426,2.96690003866004));
#6853=CARTESIAN_POINT('',(-40.0905046315072,21.544320907431,2.96690003866004));
#6854=CARTESIAN_POINT('',(-40.8434763031888,22.1281199978854,2.96690003866004));
#6855=CARTESIAN_POINT('',(-37.6866703000631,18.7383297029503,2.96690003866004));
#6856=CARTESIAN_POINT('',(-37.6866703000631,17.1633297029503,2.96690003866004));
#6857=CARTESIAN_POINT('',(-39.2616703000631,17.1633297029503,2.96690003866004));
#6858=CARTESIAN_POINT('',(-40.8366703000631,17.1633297029503,2.96690003866004));
#6859=CARTESIAN_POINT('',(-40.8366703000631,18.7383297029503,2.96690003866004));
#6860=CARTESIAN_POINT('',(-40.8366703000631,20.3133297029503,2.96690003866004));
#6861=CARTESIAN_POINT('',(-39.2616703000631,20.3133297029503,2.96690003866004));
#6862=CARTESIAN_POINT('',(-37.6866703000631,20.3133297029503,2.96690003866004));
#6863=CARTESIAN_POINT('',(-37.6866703000631,18.7383297029503,2.96690003866004));
#6864=CARTESIAN_POINT('',(-42.7610062040552,18.7509563423134,-3.5527136788005E-15));
#6865=CARTESIAN_POINT('',(-42.7726148510513,18.7509563423134,-3.5527136788005E-15));
#6866=CARTESIAN_POINT('',(-42.7726148510513,18.7509563423134,-3.5527136788005E-15));
#6867=CARTESIAN_POINT('',(-42.7726148510512,22.523368606364,3.5527136788005E-15));
#6868=CARTESIAN_POINT('',(-39.2490442559936,15.2273857472557,-3.5527136788005E-15));
#6869=CARTESIAN_POINT('',(-39.2490442559936,15.2389943942518,-3.5527136788005E-15));
#6870=CARTESIAN_POINT('',(-39.2490442559936,15.2389943942518,-3.5527136788005E-15));
#6871=CARTESIAN_POINT('',(-40.7534023337282,15.1114863055842,-1.71391266890502E-15));
#6872=CARTESIAN_POINT('',(-41.8209583132255,16.1790422850815,-1.77635683940025E-15));
#6873=CARTESIAN_POINT('',(-42.8885142927228,17.2465982645788,2.20360200287788E-15));
#6874=CARTESIAN_POINT('',(-42.7610062040552,18.7509563423134,-3.5527136788005E-15));
#6875=CARTESIAN_POINT('',(-35.8718800048735,17.1565237003699,2.96690003866004));
#6876=CARTESIAN_POINT('',(-35.8718800048735,17.1565237003699,7.));
#6877=CARTESIAN_POINT('',(-35.7391304347613,16.9839243462607,2.96690003866004));
#6878=CARTESIAN_POINT('',(-35.7391304347613,16.9839243462607,7.));
#6879=CARTESIAN_POINT('',(-36.4980430276072,18.8613320247623,2.96690003866004));
#6880=CARTESIAN_POINT('',(-36.4980430276072,18.8613320247623,7.));
#6881=CARTESIAN_POINT('',(-39.1386679786957,21.501956975426,2.96690003866004));
#6882=CARTESIAN_POINT('',(-39.1386679786957,21.501956975426,7.));
#6883=CARTESIAN_POINT('',(-40.8434763031888,22.1281199978854,2.96690003866004));
#6884=CARTESIAN_POINT('',(-40.8434763031888,22.1281199978854,7.));
#6885=CARTESIAN_POINT('',(-37.6866703000631,18.7383297029503,2.96690003866004));
#6886=CARTESIAN_POINT('',(-37.6866703000631,18.7383297029503,7.));
#6887=CARTESIAN_POINT('',(-42.7726148510513,18.7509563423134,-3.5527136788005E-15));
#6888=CARTESIAN_POINT('',(-42.7726148510513,18.7509563423134,2.96690003866004));
#6889=CARTESIAN_POINT('',(-39.2490442559936,15.2273857472557,-3.5527136788005E-15));
#6890=CARTESIAN_POINT('',(-39.2490442559936,15.2273857472557,2.96690003866004));
#6891=CARTESIAN_POINT('',(-42.7610062040552,18.7509563423134,-3.5527136788005E-15));
#6892=CARTESIAN_POINT('',(-42.7610062040552,18.7509563423134,2.96690003866004));
#6893=CARTESIAN_POINT('',(-80.2761598157506,15.2273857472557,-5.32907051820075E-15));
#6894=CARTESIAN_POINT('',(-76.7509557440064,15.2273857472557,-3.5527136788005E-15));
#6895=CARTESIAN_POINT('',(-81.2737711982553,14.2964620058197,0.));
#6896=CARTESIAN_POINT('',(-81.3127105338312,13.7340933251068,-1.90298195054521E-14));
#6897=CARTESIAN_POINT('',(-81.2254576772181,13.1771716574419,-1.01134823469951E-14));
#6898=CARTESIAN_POINT('',(-80.8949906145094,11.0678508304091,-1.67230914216949E-15));
#6899=CARTESIAN_POINT('',(-79.1428571428691,9.84782167975419,0.));
#6900=CARTESIAN_POINT('',(-73.2273851489487,22.5233686042925,2.96690003866004));
#6901=CARTESIAN_POINT('',(-73.2273851489488,18.7509563423134,2.96690003866004));
#6902=CARTESIAN_POINT('',(-80.2761598157506,15.2273857472557,-5.32907051820075E-15));
#6903=CARTESIAN_POINT('',(-80.2761598157506,15.2273857472557,2.96690003866004));
#6904=CARTESIAN_POINT('',(-72.3950611832821,23.5092107557094,2.96690003866004));
#6905=CARTESIAN_POINT('',(-72.3950611832821,23.5092107557094,-5.32907051820075E-15));
#6906=CARTESIAN_POINT('',(-81.2737711982553,14.2964620058197,0.));
#6907=CARTESIAN_POINT('',(-81.2737711982553,14.2964620058197,2.96690003866004));
#6908=CARTESIAN_POINT('',(-73.2273851489487,22.5233686042925,2.96690003866004));
#6909=CARTESIAN_POINT('',(-73.2273851489487,22.5233686042925,0.));
#6910=CARTESIAN_POINT('',(-72.3950611832821,23.5092107557094,2.96690003866004));
#6911=CARTESIAN_POINT('',(-73.2273851489488,23.36764571749,2.96690003866002));
#6912=CARTESIAN_POINT('',(-73.2273851489487,22.5233686042925,2.96690003866004));
#6913=CARTESIAN_POINT('',(-72.3950611832821,23.5092107557094,-5.32907051820075E-15));
#6914=CARTESIAN_POINT('',(-73.2273851489488,23.36764571749,-1.48205464219362E-14));
#6915=CARTESIAN_POINT('',(-73.2273851489487,22.5233686042925,0.));
#6916=CARTESIAN_POINT('',(-80.2761598157506,15.2273857472557,-5.32907051820075E-15));
#6917=CARTESIAN_POINT('',(-81.209312502019,15.2273857472557,-1.33174317101081E-13));
#6918=CARTESIAN_POINT('',(-81.2737711982553,14.2964620058197,0.));
#6919=CARTESIAN_POINT('',(-80.2761598157506,15.2273857472557,2.96690003866004));
#6920=CARTESIAN_POINT('',(-81.209312502019,15.2273857472557,2.96690003865992));
#6921=CARTESIAN_POINT('',(-81.2737711982553,14.2964620058197,2.96690003866004));
#6922=CARTESIAN_POINT('',(-80.2761598157146,-15.2273857472557,0.));
#6923=CARTESIAN_POINT('',(-76.7509557440064,-15.2273857472557,-3.5527136788005E-15));
#6924=CARTESIAN_POINT('',(-72.3950611832818,-23.5092107557122,0.));
#6925=CARTESIAN_POINT('',(-71.9788596687882,-23.5799999999355,3.93906666153896E-15));
#6926=CARTESIAN_POINT('',(-71.5566810128083,-23.5800000014446,0.));
#6927=CARTESIAN_POINT('',(-73.2273851489487,-22.5233686042953,2.96690003866004));
#6928=CARTESIAN_POINT('',(-73.2273851489488,-18.7509563423134,2.96690003866004));
#6929=CARTESIAN_POINT('',(-81.2737711982202,-14.2964620058058,-1.77635683940025E-15));
#6930=CARTESIAN_POINT('',(-81.2737711982202,-14.2964620058058,2.96690003866004));
#6931=CARTESIAN_POINT('',(-72.3950611832818,-23.5092107557122,2.96690003866004));
#6932=CARTESIAN_POINT('',(-72.3950611832818,-23.5092107557122,0.));
#6933=CARTESIAN_POINT('',(-80.2761598157146,-15.2273857472557,0.));
#6934=CARTESIAN_POINT('',(-80.2761598157147,-15.2273857472557,2.96690003866004));
#6935=CARTESIAN_POINT('',(-73.2273851489487,-22.5233686042953,2.96690003866004));
#6936=CARTESIAN_POINT('',(-73.2273851489487,-22.5233686042953,0.));
#6937=CARTESIAN_POINT('',(-81.2737711982202,-14.2964620058058,-1.77635683940025E-15));
#6938=CARTESIAN_POINT('',(-81.209312501996,-15.2273857472557,3.79630322411466E-14));
#6939=CARTESIAN_POINT('',(-80.2761598157146,-15.2273857472557,0.));
#6940=CARTESIAN_POINT('',(-80.2761598157147,-15.2273857472557,2.96690003866004));
#6941=CARTESIAN_POINT('',(-81.209312501996,-15.2273857472557,2.96690003866009));
#6942=CARTESIAN_POINT('',(-81.2737711982202,-14.2964620058058,2.96690003866004));
#6943=CARTESIAN_POINT('',(-72.3950611832818,-23.5092107557122,2.96690003866004));
#6944=CARTESIAN_POINT('',(-73.2273851489488,-23.3676457174931,2.96690003866006));
#6945=CARTESIAN_POINT('',(-73.2273851489487,-22.5233686042953,2.96690003866004));
#6946=CARTESIAN_POINT('',(-73.2273851489487,-22.5233686042953,0.));
#6947=CARTESIAN_POINT('',(-73.2273851489487,-23.3676457174931,1.45299474724883E-14));
#6948=CARTESIAN_POINT('',(-72.3950611832818,-23.5092107557122,0.));
#6949=CARTESIAN_POINT('',(-35.7238401842854,-15.2273857472557,0.));
#6950=CARTESIAN_POINT('',(-39.2490442559936,-15.2273857472557,-3.5527136788005E-15));
#6951=CARTESIAN_POINT('',(-34.7262288017797,-14.2964620058058,0.));
#6952=CARTESIAN_POINT('',(-34.6872894662147,-13.7340933251349,-6.14743467488319E-17));
#6953=CARTESIAN_POINT('',(-34.7745423228193,-13.1771716575119,9.88747899191071E-16));
#6954=CARTESIAN_POINT('',(-35.1050093855223,-11.067850830478,1.58714417443819E-15));
#6955=CARTESIAN_POINT('',(-36.857142857159,-9.84782167981808,0.));
#6956=CARTESIAN_POINT('',(-42.7726148510513,-22.5233686063666,2.96690003866004));
#6957=CARTESIAN_POINT('',(-42.7726148510513,-18.7509563423134,2.96690003866004));
#6958=CARTESIAN_POINT('',(-35.7238401842854,-15.2273857472557,0.));
#6959=CARTESIAN_POINT('',(-35.7238401842854,-15.2273857472557,2.96690003866004));
#6960=CARTESIAN_POINT('',(-43.6049388157927,-23.5092107576262,2.96690003866004));
#6961=CARTESIAN_POINT('',(-43.6049388157928,-23.5092107576262,0.));
#6962=CARTESIAN_POINT('',(-34.7262288017797,-14.2964620058058,0.));
#6963=CARTESIAN_POINT('',(-34.7262288017797,-14.2964620058058,2.96690003866004));
#6964=CARTESIAN_POINT('',(-42.7726148510513,-22.5233686063666,2.96690003866004));
#6965=CARTESIAN_POINT('',(-42.7726148510513,-22.5233686063667,0.));
#6966=CARTESIAN_POINT('',(-43.6049388157927,-23.5092107576262,2.96690003866004));
#6967=CARTESIAN_POINT('',(-42.7726148510512,-23.3676457187605,2.96690003866008));
#6968=CARTESIAN_POINT('',(-42.7726148510513,-22.5233686063666,2.96690003866004));
#6969=CARTESIAN_POINT('',(-43.6049388157928,-23.5092107576262,0.));
#6970=CARTESIAN_POINT('',(-42.7726148510512,-23.3676457187605,4.22821471281863E-14));
#6971=CARTESIAN_POINT('',(-42.7726148510513,-22.5233686063667,0.));
#6972=CARTESIAN_POINT('',(-35.7238401842854,-15.2273857472557,0.));
#6973=CARTESIAN_POINT('',(-34.790687498004,-15.2273857472557,-4.90482376555606E-14));
#6974=CARTESIAN_POINT('',(-34.7262288017797,-14.2964620058058,0.));
#6975=CARTESIAN_POINT('',(-35.7238401842854,-15.2273857472557,2.96690003866004));
#6976=CARTESIAN_POINT('',(-34.790687498004,-15.2273857472557,2.96690003866));
#6977=CARTESIAN_POINT('',(-34.7262288017798,-14.2964620058058,2.96690003866004));
#6978=CARTESIAN_POINT('',(-43.6049388157924,23.5092107576234,7.105427357601E-15));
#6979=CARTESIAN_POINT('',(-44.0211403331574,23.5800000013287,3.58162259271027E-15));
#6980=CARTESIAN_POINT('',(-44.4433189921173,23.5800000013261,0.));
#6981=CARTESIAN_POINT('',(-42.7726148510513,22.523368606364,2.96690003866004));
#6982=CARTESIAN_POINT('',(-42.7726148510513,18.7509563423134,2.96690003866004));
#6983=CARTESIAN_POINT('',(-43.6049388157924,23.5092107576234,2.96690003866004));
#6984=CARTESIAN_POINT('',(-43.6049388157924,23.5092107576234,7.105427357601E-15));
#6985=CARTESIAN_POINT('',(-42.7726148510513,22.523368606364,2.96690003866004));
#6986=CARTESIAN_POINT('',(-42.7726148510512,22.523368606364,3.5527136788005E-15));
#6987=CARTESIAN_POINT('',(-43.6049388157924,23.5092107576234,2.96690003866004));
#6988=CARTESIAN_POINT('',(-42.7726148510513,23.3676457187575,2.96690003866002));
#6989=CARTESIAN_POINT('',(-42.7726148510513,22.523368606364,2.96690003866004));
#6990=CARTESIAN_POINT('',(-42.7726148510512,22.523368606364,3.5527136788005E-15));
#6991=CARTESIAN_POINT('',(-42.7726148510512,23.3676457187575,-1.99060280294183E-14));
#6992=CARTESIAN_POINT('',(-43.6049388157924,23.5092107576234,7.105427357601E-15));
#6993=CARTESIAN_POINT('',(-35.7238401842493,15.2273857472557,0.));
#6994=CARTESIAN_POINT('',(-39.2490442559936,15.2273857472557,-3.5527136788005E-15));
#6995=CARTESIAN_POINT('',(-34.7262288017448,14.2964620058197,3.5527136788005E-15));
#6996=CARTESIAN_POINT('',(-34.7262288017447,14.2964620058197,2.96690003866004));
#6997=CARTESIAN_POINT('',(-35.7238401842493,15.2273857472557,0.));
#6998=CARTESIAN_POINT('',(-35.7238401842493,15.2273857472557,2.96690003866004));
#6999=CARTESIAN_POINT('',(-34.7262288017447,14.2964620058197,3.5527136788005E-15));
#7000=CARTESIAN_POINT('',(-34.790687497981,15.2273857472557,-2.07430008164288E-13));
#7001=CARTESIAN_POINT('',(-35.7238401842493,15.2273857472557,0.));
#7002=CARTESIAN_POINT('',(-35.7238401842493,15.2273857472557,2.96690003866004));
#7003=CARTESIAN_POINT('',(-34.790687497981,15.2273857472557,2.96690003865983));
#7004=CARTESIAN_POINT('',(-34.7262288017447,14.2964620058197,2.96690003866004));
#7005=CARTESIAN_POINT('',(-75.1565236968106,22.1281199978859,2.96690003866004));
#7006=CARTESIAN_POINT('',(-74.8337358774397,22.3783860337088,2.96690003866002));
#7007=CARTESIAN_POINT('',(-74.5037855793841,22.6191304330919,2.96690003866004));
#7008=CARTESIAN_POINT('',(-73.914697677773,23.0489515725237,2.96690003866));
#7009=CARTESIAN_POINT('',(-73.2273851489488,23.292615799377,2.96690003866006));
#7010=CARTESIAN_POINT('',(-72.8205718705291,23.4368381710096,2.96690003866008));
#7011=CARTESIAN_POINT('',(-72.3950611832821,23.5092107557094,2.96690003866004));
#7012=CARTESIAN_POINT('',(-81.2737711982553,14.2964620058197,2.96690003866004));
#7013=CARTESIAN_POINT('',(-81.2410375423501,14.7692071776186,2.96690003866008));
#7014=CARTESIAN_POINT('',(-81.1200752010479,15.2273857472556,2.96690003866001));
#7015=CARTESIAN_POINT('',(-80.8655914124723,16.1913139995543,2.96690003866004));
#7016=CARTESIAN_POINT('',(-80.2608695652388,16.9839243462606,2.96690003866004));
#7017=CARTESIAN_POINT('',(-80.1948303424171,17.070482110853,2.96690003865999));
#7018=CARTESIAN_POINT('',(-80.1281199951271,17.1565237003693,2.96690003866004));
#7019=CARTESIAN_POINT('',(-81.2737711982202,-14.2964620058058,2.96690003866004));
#7020=CARTESIAN_POINT('',(-81.2410375423212,-14.7692071776112,2.96690003866004));
#7021=CARTESIAN_POINT('',(-81.1200752010227,-15.2273857472557,2.96690003866004));
#7022=CARTESIAN_POINT('',(-80.8655914124489,-16.1913139995936,2.96690003866002));
#7023=CARTESIAN_POINT('',(-80.2608695651901,-16.9839243463277,2.96690003866004));
#7024=CARTESIAN_POINT('',(-80.1948303433965,-17.0704821095724,2.96690003866004));
#7025=CARTESIAN_POINT('',(-80.128119997155,-17.1565236977571,2.96690003866004));
#7026=CARTESIAN_POINT('',(-75.1565237013157,-22.1281199943964,2.96690003866004));
#7027=CARTESIAN_POINT('',(-74.833735879743,-22.3783860320312,2.96690003866004));
#7028=CARTESIAN_POINT('',(-74.5037855793856,-22.6191304330942,2.96690003866004));
#7029=CARTESIAN_POINT('',(-73.9146976777734,-23.0489515725266,2.96690003866005));
#7030=CARTESIAN_POINT('',(-73.2273851489487,-23.29261579938,2.96690003866003));
#7031=CARTESIAN_POINT('',(-72.820571870529,-23.4368381710125,2.96690003866006));
#7032=CARTESIAN_POINT('',(-72.3950611832819,-23.5092107557122,2.96690003866004));
#7033=CARTESIAN_POINT('',(-40.8434763031878,-22.128119997888,2.96690003866004));
#7034=CARTESIAN_POINT('',(-41.166264124764,-22.3783860354205,2.96690003866004));
#7035=CARTESIAN_POINT('',(-41.4962144251211,-22.6191304363823,2.96690003866004));
#7036=CARTESIAN_POINT('',(-42.0853023247873,-23.0489515742154,2.96690003866004));
#7037=CARTESIAN_POINT('',(-42.7726148510512,-23.2926158007686,2.96690003866004));
#7038=CARTESIAN_POINT('',(-43.1794281289938,-23.4368381725917,2.96690003866004));
#7039=CARTESIAN_POINT('',(-43.6049388157927,-23.5092107576262,2.96690003866004));
#7040=CARTESIAN_POINT('',(-34.7262288017797,-14.2964620058058,2.96690003866004));
#7041=CARTESIAN_POINT('',(-34.7589624576786,-14.7692071776113,2.96690003866003));
#7042=CARTESIAN_POINT('',(-34.879924798977,-15.2273857472557,2.96690003866004));
#7043=CARTESIAN_POINT('',(-35.1344085875509,-16.1913139995936,2.96690003866004));
#7044=CARTESIAN_POINT('',(-35.7391304348099,-16.9839243463277,2.96690003866004));
#7045=CARTESIAN_POINT('',(-35.8051696576079,-17.0704821108887,2.96690003866004));
#7046=CARTESIAN_POINT('',(-35.8718800048743,-17.1565237003745,2.96690003866004));
#7047=CARTESIAN_POINT('',(-40.8434763031888,22.1281199978854,2.96690003866004));
#7048=CARTESIAN_POINT('',(-41.1662641247652,22.378386035418,2.96690003866004));
#7049=CARTESIAN_POINT('',(-41.4962144251222,22.61913043638,2.96690003866008));
#7050=CARTESIAN_POINT('',(-42.0853023247883,23.0489515742126,2.96690003866008));
#7051=CARTESIAN_POINT('',(-42.7726148510511,23.2926158007655,2.96690003866002));
#7052=CARTESIAN_POINT('',(-43.1794281289935,23.4368381725889,2.96690003866004));
#7053=CARTESIAN_POINT('',(-43.6049388157924,23.5092107576234,2.96690003866004));
#7054=CARTESIAN_POINT('',(-34.7262288017447,14.2964620058197,2.96690003866004));
#7055=CARTESIAN_POINT('',(-34.7589624576499,14.7692071776186,2.96690003866003));
#7056=CARTESIAN_POINT('',(-34.8799247989519,15.2273857472557,2.96690003866003));
#7057=CARTESIAN_POINT('',(-35.1344085875277,16.1913139995545,2.96690003866003));
#7058=CARTESIAN_POINT('',(-35.7391304347613,16.9839243462607,2.96690003866004));
#7059=CARTESIAN_POINT('',(-71.5566810128636,23.5800000013261,0.));
#7060=CARTESIAN_POINT('',(-71.9788596688158,23.5799999998702,-2.96256790600872E-15));
#7061=CARTESIAN_POINT('',(-72.3950611832821,23.5092107557094,-5.32907051820075E-15));
#7062=CARTESIAN_POINT('',(-71.5566810128636,23.5800000013261,7.));
#7063=CARTESIAN_POINT('',(-73.1868735340837,23.579999999867,7.));
#7064=CARTESIAN_POINT('',(-74.503785579384,22.6191304336408,7.));
#7065=CARTESIAN_POINT('',(-74.8337358774394,22.3783860339823,7.));
#7066=CARTESIAN_POINT('',(-75.1565236968106,22.1281199978859,7.));
#7067=CARTESIAN_POINT('',(-44.443318992062,-23.580000001381,0.));
#7068=CARTESIAN_POINT('',(-44.02114033313,-23.5800000013528,-1.35209436002169E-15));
#7069=CARTESIAN_POINT('',(-43.6049388157928,-23.5092107576262,0.));
#7070=CARTESIAN_POINT('',(-44.443318992062,-23.580000001381,7.));
#7071=CARTESIAN_POINT('',(-42.8131264707149,-23.580000001353,7.));
#7072=CARTESIAN_POINT('',(-41.496214425121,-22.619130436393,7.));
#7073=CARTESIAN_POINT('',(-41.166264124764,-22.3783860354258,7.));
#7074=CARTESIAN_POINT('',(-40.8434763031878,-22.128119997888,7.));
#7075=CARTESIAN_POINT('',(-65.9979179709357,20.8728571419825,-1.02110452782682E-16));
#7076=CARTESIAN_POINT('',(-65.9979179709357,20.8728571419825,7.));
#7077=CARTESIAN_POINT('',(-70.4412057311596,23.5800000002457,7.105427357601E-16));
#7078=CARTESIAN_POINT('',(-70.4412057311596,23.5800000002457,7.));
#7079=CARTESIAN_POINT('',(-65.9979179709357,20.8728571419825,-1.02110452782682E-16));
#7080=CARTESIAN_POINT('',(-67.3948771984041,23.5799999994354,-2.36031911776114E-15));
#7081=CARTESIAN_POINT('',(-70.4412057311596,23.5800000002457,7.105427357601E-16));
#7082=CARTESIAN_POINT('',(-65.9979179709357,20.8728571419825,7.));
#7083=CARTESIAN_POINT('',(-67.3948771984041,23.5799999994354,7.));
#7084=CARTESIAN_POINT('',(-70.4412057311596,23.5800000002457,7.));
#7085=CARTESIAN_POINT('',(-65.9979179708868,-20.872857142088,7.));
#7086=CARTESIAN_POINT('',(-65.9979179708868,-20.872857142088,-5.64434379171147E-15));
#7087=CARTESIAN_POINT('',(-70.4412057311043,-23.5800000003616,7.));
#7088=CARTESIAN_POINT('',(-70.4412057311043,-23.5800000003616,-7.105427357601E-16));
#7089=CARTESIAN_POINT('',(-70.4412057311043,-23.5800000003616,-7.105427357601E-16));
#7090=CARTESIAN_POINT('',(-67.3948771983488,-23.5799999995441,-9.65006085283427E-14));
#7091=CARTESIAN_POINT('',(-65.9979179708868,-20.872857142088,-5.64434379171146E-15));
#7092=CARTESIAN_POINT('',(-70.4412057311043,-23.5800000003616,7.));
#7093=CARTESIAN_POINT('',(-67.3948771983488,-23.5799999995441,6.99999999999991));
#7094=CARTESIAN_POINT('',(-65.9979179708868,-20.872857142088,7.));
#7095=CARTESIAN_POINT('',(-65.9979179708868,-20.872857142088,7.));
#7096=CARTESIAN_POINT('',(-64.6117583223203,-18.186642600519,7.));
#7097=CARTESIAN_POINT('',(-61.8851336564223,-16.8817651863656,7.));
#7098=CARTESIAN_POINT('',(-54.007107679511,-13.1115879801091,6.99999999999999));
#7099=CARTESIAN_POINT('',(-50.0020820331002,-20.8728571437868,6.99999999999999));
#7100=CARTESIAN_POINT('',(-65.9979179708868,-20.872857142088,-5.64434379171146E-15));
#7101=CARTESIAN_POINT('',(-64.6117583223203,-18.186642600519,-7.23032171854365E-15));
#7102=CARTESIAN_POINT('',(-61.8851336564223,-16.8817651863656,-8.32492166700752E-15));
#7103=CARTESIAN_POINT('',(-54.0071076795111,-13.1115879801091,-1.1487545014539E-14));
#7104=CARTESIAN_POINT('',(-50.0020820331002,-20.8728571437869,-8.16985796021634E-15));
#7105=CARTESIAN_POINT('',(-45.5587942723722,-23.5800000008797,7.));
#7106=CARTESIAN_POINT('',(-44.443318992062,-23.580000001381,7.));
#7107=CARTESIAN_POINT('',(-45.5587942723722,-23.5800000008797,2.50407047848181E-15));
#7108=CARTESIAN_POINT('',(-44.443318992062,-23.580000001381,0.));
#7109=CARTESIAN_POINT('',(-45.5587942723722,-23.5800000008797,2.50407047848181E-15));
#7110=CARTESIAN_POINT('',(-45.5587942723722,-23.5800000008797,7.));
#7111=CARTESIAN_POINT('',(-50.0020820331002,-20.8728571437868,-8.16985796021634E-15));
#7112=CARTESIAN_POINT('',(-50.0020820331002,-20.8728571437868,6.99999999999999));
#7113=CARTESIAN_POINT('',(-50.0020820331002,-20.8728571437868,6.99999999999999));
#7114=CARTESIAN_POINT('',(-48.6051228058719,-23.5800000011388,7.00000000000023));
#7115=CARTESIAN_POINT('',(-45.5587942723722,-23.5800000008797,7.));
#7116=CARTESIAN_POINT('',(-50.0020820331002,-20.8728571437868,-8.16985796021634E-15));
#7117=CARTESIAN_POINT('',(-48.6051228058719,-23.5800000011388,2.2595359218763E-13));
#7118=CARTESIAN_POINT('',(-45.5587942723722,-23.5800000008797,2.50407047848181E-15));
#7119=CARTESIAN_POINT('',(-65.9979179709357,20.8728571419825,7.));
#7120=CARTESIAN_POINT('',(-65.0197620791248,18.9773059453909,7.));
#7121=CARTESIAN_POINT('',(-63.2949253069678,17.7223790961337,7.));
#7122=CARTESIAN_POINT('',(-65.9979179709357,20.8728571419825,-1.02110452782682E-16));
#7123=CARTESIAN_POINT('',(-65.0197620791246,18.9773059453909,-5.75124500494922E-16));
#7124=CARTESIAN_POINT('',(-63.2949253069677,17.7223790961337,-1.07650589739311E-15));
#7125=CARTESIAN_POINT('',(-45.5587942724275,23.5800000008222,7.));
#7126=CARTESIAN_POINT('',(-44.4433189921173,23.5800000013261,7.));
#7127=CARTESIAN_POINT('',(-45.5587942724275,23.5800000008222,1.94195246903356E-16));
#7128=CARTESIAN_POINT('',(-44.4433189921173,23.5800000013261,0.));
#7129=CARTESIAN_POINT('',(-45.5587942724275,23.5800000008222,7.));
#7130=CARTESIAN_POINT('',(-45.5587942724275,23.5800000008222,1.94195246903356E-16));
#7131=CARTESIAN_POINT('',(-50.0020820331492,20.8728571437189,7.));
#7132=CARTESIAN_POINT('',(-50.0020820331492,20.8728571437189,-8.33730525644408E-16));
#7133=CARTESIAN_POINT('',(-45.5587942724275,23.5800000008222,7.));
#7134=CARTESIAN_POINT('',(-48.6051228059272,23.5800000010742,6.99999999999994));
#7135=CARTESIAN_POINT('',(-50.0020820331492,20.8728571437189,7.));
#7136=CARTESIAN_POINT('',(-45.5587942724275,23.5800000008222,1.94195246903356E-16));
#7137=CARTESIAN_POINT('',(-48.6051228059272,23.5800000010742,-5.62013790243027E-14));
#7138=CARTESIAN_POINT('',(-50.0020820331492,20.8728571437189,-8.33730525644408E-16));
#7139=CARTESIAN_POINT('',(-53.,7.40148683083438E-17,-4.44089209850063E-16));
#7140=CARTESIAN_POINT('',(-53.,-5.,-6.2803698347351E-16));
#7141=CARTESIAN_POINT('',(-58.,-5.,-4.44089209850063E-16));
#7142=CARTESIAN_POINT('',(-63.,-5.,-6.2803698347351E-16));
#7143=CARTESIAN_POINT('',(-63.,6.8633826788202E-16,-4.44089209850063E-16));
#7144=CARTESIAN_POINT('',(-63.,5.,-6.2803698347351E-16));
#7145=CARTESIAN_POINT('',(-58.,5.,-4.44089209850063E-16));
#7146=CARTESIAN_POINT('',(-53.,5.,-6.2803698347351E-16));
#7147=CARTESIAN_POINT('',(-53.,7.40148683083438E-17,-4.44089209850063E-16));
#7148=CARTESIAN_POINT('',(-53.,7.40148683083438E-17,7.));
#7149=CARTESIAN_POINT('',(-53.,-5.,7.));
#7150=CARTESIAN_POINT('',(-58.,-5.,7.));
#7151=CARTESIAN_POINT('',(-63.,-5.,7.));
#7152=CARTESIAN_POINT('',(-63.,6.8633826788202E-16,7.));
#7153=CARTESIAN_POINT('',(-63.,5.,7.));
#7154=CARTESIAN_POINT('',(-58.,5.,7.));
#7155=CARTESIAN_POINT('',(-53.,5.,7.));
#7156=CARTESIAN_POINT('',(-53.,7.40148683083438E-17,7.));
#7157=CARTESIAN_POINT('',(-53.,4.81096644004234E-16,-1.11022302462516E-15));
#7158=CARTESIAN_POINT('',(-53.,7.40148683083438E-17,6.83333333333333));
#7159=CARTESIAN_POINT('',(-53.,-1.73934940524608E-15,7.));
#7160=CARTESIAN_POINT('',(-61.7066002731336,18.5310036410176,-3.5527136788005E-16));
#7161=CARTESIAN_POINT('',(-61.7066002731336,18.5310036410176,7.));
#7162=CARTESIAN_POINT('',(-63.2949253069677,17.7223790961337,-1.07650589739311E-15));
#7163=CARTESIAN_POINT('',(-63.2949253069678,17.7223790961337,7.));
#7164=CARTESIAN_POINT('',(-61.7066002731336,18.5310036410176,7.));
#7165=CARTESIAN_POINT('',(-61.7066002731373,16.5667730918713,6.99999999999984));
#7166=CARTESIAN_POINT('',(-63.2949253069678,17.7223790961337,7.));
#7167=CARTESIAN_POINT('',(-63.2949253069677,17.7223790961337,-1.07650589739311E-15));
#7168=CARTESIAN_POINT('',(-61.7066002731373,16.5667730918713,-1.61198947509116E-13));
#7169=CARTESIAN_POINT('',(-61.7066002731336,18.5310036410176,-3.5527136788005E-16));
#7170=CARTESIAN_POINT('',(-54.2933997268687,18.5310036446399,7.105427357601E-16));
#7171=CARTESIAN_POINT('',(-54.2933997268687,19.2933997262327,0.));
#7172=CARTESIAN_POINT('',(-54.2933997268687,18.5310036446399,7.));
#7173=CARTESIAN_POINT('',(-54.2933997268687,19.2933997262327,7.));
#7174=CARTESIAN_POINT('',(-52.7050746924167,17.722379100215,7.));
#7175=CARTESIAN_POINT('',(-50.9802379233473,18.9773059492524,7.));
#7176=CARTESIAN_POINT('',(-50.0020820331492,20.8728571437189,7.));
#7177=CARTESIAN_POINT('',(-52.7050746924167,17.722379100215,1.61702125027457E-15));
#7178=CARTESIAN_POINT('',(-50.9802379233473,18.9773059492524,3.68799961645675E-16));
#7179=CARTESIAN_POINT('',(-50.0020820331492,20.8728571437189,-8.33730525644408E-16));
#7180=CARTESIAN_POINT('',(-54.2933997268687,18.5310036446399,7.));
#7181=CARTESIAN_POINT('',(-54.2933997268687,18.5310036446399,7.105427357601E-16));
#7182=CARTESIAN_POINT('',(-52.7050746924167,17.722379100215,7.));
#7183=CARTESIAN_POINT('',(-52.7050746924167,17.722379100215,1.61702125027457E-15));
#7184=CARTESIAN_POINT('',(-52.7050746924167,17.722379100215,7.));
#7185=CARTESIAN_POINT('',(-54.2933997268673,16.5667730936272,7.));
#7186=CARTESIAN_POINT('',(-54.2933997268687,18.5310036446399,7.));
#7187=CARTESIAN_POINT('',(-54.2933997268687,18.5310036446399,7.105427357601E-16));
#7188=CARTESIAN_POINT('',(-54.2933997268673,16.5667730936273,2.67735602215925E-15));
#7189=CARTESIAN_POINT('',(-52.7050746924167,17.722379100215,1.61702125027457E-15));
#7190=CARTESIAN_POINT('',(-41.2914253654923,-8.07170022287128,7.));
#7191=CARTESIAN_POINT('',(-39.7164243667964,-8.07170027133608,7.));
#7192=CARTESIAN_POINT('',(-39.7164244152612,-9.64670127003199,7.));
#7193=CARTESIAN_POINT('',(-39.716424463726,-11.2217022687279,7.));
#7194=CARTESIAN_POINT('',(-41.2914254624219,-11.2217022202631,7.));
#7195=CARTESIAN_POINT('',(-42.8664264611179,-11.2217021717983,7.));
#7196=CARTESIAN_POINT('',(-42.8664264126531,-9.6467011731024,7.));
#7197=CARTESIAN_POINT('',(-42.8664263641883,-8.07170017440648,7.));
#7198=CARTESIAN_POINT('',(-41.2914253654923,-8.07170022287128,7.));
#7199=CARTESIAN_POINT('',(-41.2914253654923,-8.07170022287128,0.));
#7200=CARTESIAN_POINT('',(-42.8664263641883,-8.07170017440648,0.));
#7201=CARTESIAN_POINT('',(-42.8664264126531,-9.6467011731024,0.));
#7202=CARTESIAN_POINT('',(-42.8664264611179,-11.2217021717983,0.));
#7203=CARTESIAN_POINT('',(-41.2914254624219,-11.2217022202631,0.));
#7204=CARTESIAN_POINT('',(-39.716424463726,-11.2217022687279,0.));
#7205=CARTESIAN_POINT('',(-39.7164244152612,-9.64670127003199,0.));
#7206=CARTESIAN_POINT('',(-39.7164243667964,-8.07170027133608,0.));
#7207=CARTESIAN_POINT('',(-41.2914253654923,-8.07170022287128,0.));
#7208=CARTESIAN_POINT('',(-41.2914253654923,-8.07170022287128,0.));
#7209=CARTESIAN_POINT('',(-41.2914253654923,-8.07170022287128,7.));
#7210=CARTESIAN_POINT('',(-74.7085759991975,-8.07169768444116,7.));
#7211=CARTESIAN_POINT('',(-73.133574334471,-8.07169773290599,7.));
#7212=CARTESIAN_POINT('',(-73.1335743829358,-9.64669939763251,7.));
#7213=CARTESIAN_POINT('',(-73.1335744314006,-11.221701062359,7.));
#7214=CARTESIAN_POINT('',(-74.7085760961272,-11.2217010138942,7.));
#7215=CARTESIAN_POINT('',(-76.2835777608537,-11.2217009654294,7.));
#7216=CARTESIAN_POINT('',(-76.2835777123888,-9.64669930070286,7.));
#7217=CARTESIAN_POINT('',(-76.283577663924,-8.07169763597633,7.));
#7218=CARTESIAN_POINT('',(-74.7085759991975,-8.07169768444116,7.));
#7219=CARTESIAN_POINT('',(-74.7085759991975,-8.07169768444116,1.77635683940025E-15));
#7220=CARTESIAN_POINT('',(-76.283577663924,-8.07169763597633,2.51214793389404E-15));
#7221=CARTESIAN_POINT('',(-76.2835777123888,-9.64669930070286,1.77635683940025E-15));
#7222=CARTESIAN_POINT('',(-76.2835777608537,-11.2217009654294,2.51214793389404E-15));
#7223=CARTESIAN_POINT('',(-74.7085760961272,-11.2217010138942,1.77635683940025E-15));
#7224=CARTESIAN_POINT('',(-73.1335744314006,-11.221701062359,2.51214793389404E-15));
#7225=CARTESIAN_POINT('',(-73.1335743829358,-9.64669939763251,1.77635683940025E-15));
#7226=CARTESIAN_POINT('',(-73.133574334471,-8.07169773290599,2.51214793389404E-15));
#7227=CARTESIAN_POINT('',(-74.7085759991975,-8.07169768444116,1.77635683940025E-15));
#7228=CARTESIAN_POINT('',(-74.7085759991975,-8.07169768444116,0.));
#7229=CARTESIAN_POINT('',(-74.7085759991975,-8.07169768444116,7.));
#7230=CARTESIAN_POINT('',(-57.9999999515353,20.868399726869,0.));
#7231=CARTESIAN_POINT('',(-57.9999999515353,20.868399726869,6.99999999999999));
#7232=CARTESIAN_POINT('',(-57.9999999515353,20.868399726869,6.99999999999999));
#7233=CARTESIAN_POINT('',(-59.5750000006363,20.8683997753337,6.99999999999999));
#7234=CARTESIAN_POINT('',(-59.5750000000004,19.2933997262327,7.));
#7235=CARTESIAN_POINT('',(-59.5749999993645,17.7183997268683,7.));
#7236=CARTESIAN_POINT('',(-58.0000000000001,17.7183997268683,7.));
#7237=CARTESIAN_POINT('',(-56.4250000006356,17.7183997268683,6.99999999999999));
#7238=CARTESIAN_POINT('',(-56.4249999999997,19.2933997262327,7.));
#7239=CARTESIAN_POINT('',(-56.424999999894,19.5552159615433,7.));
#7240=CARTESIAN_POINT('',(-56.5097041004217,19.8029516199092,7.));
#7241=CARTESIAN_POINT('',(-56.8739948981997,20.8683996922204,7.));
#7242=CARTESIAN_POINT('',(-57.9999999515352,20.868399726869,6.99999999999999));
#7243=CARTESIAN_POINT('',(-57.9999999515353,20.868399726869,0.));
#7244=CARTESIAN_POINT('',(-59.5750000006363,20.8683997753337,0.));
#7245=CARTESIAN_POINT('',(-59.5750000000004,19.2933997262327,0.));
#7246=CARTESIAN_POINT('',(-59.5749999993645,17.7183997268682,-1.73799025872772E-55));
#7247=CARTESIAN_POINT('',(-58.0000000000001,17.7183997268682,-3.38687989572022E-31));
#7248=CARTESIAN_POINT('',(-56.4250000006356,17.7183997268683,-8.60960989599781E-46));
#7249=CARTESIAN_POINT('',(-56.4249999999997,19.2933997262327,0.));
#7250=CARTESIAN_POINT('',(-56.424999999894,19.5552159615433,0.));
#7251=CARTESIAN_POINT('',(-56.5097041004217,19.8029516199092,0.));
#7252=CARTESIAN_POINT('',(-56.8739948981997,20.8683996922204,0.));
#7253=CARTESIAN_POINT('',(-57.9999999515353,20.868399726869,0.));
#7254=CARTESIAN_POINT('',(-59.9999999999999,7.5,0.));
#7255=CARTESIAN_POINT('',(-54.0000000000001,7.5,0.));
#7256=CARTESIAN_POINT('',(-59.9999999999999,7.5,2.));
#7257=CARTESIAN_POINT('',(-54.0000000000001,7.5,2.));
#7258=CARTESIAN_POINT('',(-59.9999999999999,7.5,0.));
#7259=CARTESIAN_POINT('',(-59.9999999999999,7.5,2.));
#7260=CARTESIAN_POINT('',(-54.0000000000001,7.5,2.));
#7261=CARTESIAN_POINT('',(-54.0000000000001,8.49999999999992,2.));
#7262=CARTESIAN_POINT('',(-60.0000000000003,9.49999999999992,6.27820079140198));
#7263=CARTESIAN_POINT('',(-54.0000000000001,9.49999999999992,6.27820079140198));
#7264=CARTESIAN_POINT('',(-54.0000000000001,9.49999999999992,6.27820079140198));
#7265=CARTESIAN_POINT('',(-54.0000000000001,11.5000000000001,6.27820079140198));
#7266=CARTESIAN_POINT('',(-60.0000000000003,15.3660687473185,6.27820079140198));
#7267=CARTESIAN_POINT('',(-60.0000000000003,9.49999999999992,6.27820079140198));
#7268=CARTESIAN_POINT('',(-54.0000000000001,9.49999999999992,6.27820079140198));
#7269=CARTESIAN_POINT('',(-54.0000000000001,9.49999999999992,3.));
#7270=CARTESIAN_POINT('',(-60.0000000000003,15.3660687473185,6.27820079140198));
#7271=CARTESIAN_POINT('',(-60.0000000000002,15.3660687473185,0.5));
#7272=CARTESIAN_POINT('',(-60.0000000000003,15.3660687473185,1.33226762955019E-15));
#7273=CARTESIAN_POINT('',(-59.9999999999999,7.5,0.));
#7274=CARTESIAN_POINT('',(-60.,8.49999999999992,2.));
#7275=CARTESIAN_POINT('',(-59.9999999999999,7.5,2.));
#7276=CARTESIAN_POINT('',(-60.,9.49999999999992,3.));
#7277=CARTESIAN_POINT('',(-60.0000000000003,9.49999999999992,6.27820079140198));
#7278=CARTESIAN_POINT('',(-60.,8.49999999999992,2.));
#7279=CARTESIAN_POINT('',(-54.0000000000001,8.49999999999992,2.));
#7280=CARTESIAN_POINT('',(-60.,9.49999999999992,3.));
#7281=CARTESIAN_POINT('',(-54.0000000000001,9.49999999999992,3.));
#7282=CARTESIAN_POINT('',(-54.0000000000001,9.49999999999992,3.));
#7283=CARTESIAN_POINT('',(-54.0000000000001,8.49999999999992,2.));
#7284=CARTESIAN_POINT('',(-60.,8.49999999999992,2.));
#7285=CARTESIAN_POINT('',(-60.,9.49999999999992,3.));
#7286=CARTESIAN_POINT('',(-54.0000000000001,11.5000000000001,6.27820079140198));
#7287=CARTESIAN_POINT('',(-56.0000000000001,11.5000000000001,6.27820079140198));
#7288=CARTESIAN_POINT('',(-56.0000000000001,11.5000000000001,6.27820079140198));
#7289=CARTESIAN_POINT('',(-56.0000000000001,15.3660687473185,6.27820079140198));
#7290=CARTESIAN_POINT('',(-54.0000000000001,11.5000000000001,5.60782460478196E-16));
#7291=CARTESIAN_POINT('',(-56.0000000000001,11.5000000000001,0.));
#7292=CARTESIAN_POINT('',(-56.0000000000001,11.5000000000001,0.));
#7293=CARTESIAN_POINT('',(-56.0000000000001,15.3660687473185,9.15933995315754E-16));
#7294=CARTESIAN_POINT('',(-56.0000000000001,15.3660687473185,6.27820079140198));
#7295=CARTESIAN_POINT('',(-60.0000000000003,15.3660687473185,6.27820079140198));
#7296=CARTESIAN_POINT('',(-56.0000000000001,11.5000000000001,0.));
#7297=CARTESIAN_POINT('',(-56.0000000000001,11.5000000000001,6.27820079140198));
#7298=CARTESIAN_POINT('',(-63.4951905283834,-5.48205080756878,0.));
#7299=CARTESIAN_POINT('',(-66.4951905283833,-0.285898384862264,0.));
#7300=CARTESIAN_POINT('',(-63.4951905283834,-5.48205080756878,2.));
#7301=CARTESIAN_POINT('',(-66.4951905283833,-0.285898384862264,2.));
#7302=CARTESIAN_POINT('',(-63.4951905283834,-5.48205080756878,0.));
#7303=CARTESIAN_POINT('',(-63.4951905283834,-5.48205080756878,2.));
#7304=CARTESIAN_POINT('',(-66.4951905283833,-0.285898384862264,2.));
#7305=CARTESIAN_POINT('',(-67.3612159321677,-0.785898384862222,2.));
#7306=CARTESIAN_POINT('',(-65.227241335952,-6.48205080756904,6.27820079140198));
#7307=CARTESIAN_POINT('',(-68.2272413359521,-1.28589838486222,6.27820079140198));
#7308=CARTESIAN_POINT('',(-68.2272413359521,-1.28589838486222,6.27820079140198));
#7309=CARTESIAN_POINT('',(-69.9592921435211,-2.2858983848623,6.27820079140198));
#7310=CARTESIAN_POINT('',(-70.3074058914758,-9.41508518122832,6.27820079140198));
#7311=CARTESIAN_POINT('',(-65.227241335952,-6.48205080756904,6.27820079140198));
#7312=CARTESIAN_POINT('',(-68.2272413359521,-1.28589838486222,6.27820079140198));
#7313=CARTESIAN_POINT('',(-68.2272413359521,-1.28589838486222,3.));
#7314=CARTESIAN_POINT('',(-70.3074058914758,-9.41508518122832,6.27820079140198));
#7315=CARTESIAN_POINT('',(-70.3074058914758,-9.41508518122826,0.5));
#7316=CARTESIAN_POINT('',(-70.3074058914758,-9.41508518122832,1.33226762955019E-15));
#7317=CARTESIAN_POINT('',(-63.4951905283834,-5.48205080756878,0.));
#7318=CARTESIAN_POINT('',(-64.3612159321677,-5.98205080756881,2.));
#7319=CARTESIAN_POINT('',(-63.4951905283834,-5.48205080756878,2.));
#7320=CARTESIAN_POINT('',(-65.2272413359521,-6.48205080756884,3.));
#7321=CARTESIAN_POINT('',(-65.227241335952,-6.48205080756904,6.27820079140198));
#7322=CARTESIAN_POINT('',(-64.3612159321677,-5.98205080756881,2.));
#7323=CARTESIAN_POINT('',(-67.3612159321677,-0.785898384862222,2.));
#7324=CARTESIAN_POINT('',(-65.2272413359521,-6.48205080756884,3.));
#7325=CARTESIAN_POINT('',(-68.2272413359521,-1.28589838486222,3.));
#7326=CARTESIAN_POINT('',(-68.2272413359521,-1.28589838486222,3.));
#7327=CARTESIAN_POINT('',(-67.3612159321677,-0.785898384862222,2.));
#7328=CARTESIAN_POINT('',(-64.3612159321677,-5.98205080756881,2.));
#7329=CARTESIAN_POINT('',(-65.2272413359521,-6.48205080756884,3.));
#7330=CARTESIAN_POINT('',(-69.9592921435211,-2.2858983848623,6.27820079140198));
#7331=CARTESIAN_POINT('',(-68.9592921435211,-4.01794919243126,6.27820079140198));
#7332=CARTESIAN_POINT('',(-68.9592921435211,-4.01794919243126,6.27820079140198));
#7333=CARTESIAN_POINT('',(-72.3074058914759,-5.95098356609046,6.27820079140198));
#7334=CARTESIAN_POINT('',(-69.9592921435211,-2.2858983848623,5.60782460478196E-16));
#7335=CARTESIAN_POINT('',(-68.9592921435211,-4.01794919243126,0.));
#7336=CARTESIAN_POINT('',(-68.9592921435211,-4.01794919243126,0.));
#7337=CARTESIAN_POINT('',(-72.3074058914759,-5.95098356609044,9.15933995315754E-16));
#7338=CARTESIAN_POINT('',(-72.3074058914759,-5.95098356609046,6.27820079140198));
#7339=CARTESIAN_POINT('',(-70.3074058914758,-9.41508518122832,6.27820079140198));
#7340=CARTESIAN_POINT('',(-68.9592921435211,-4.01794919243126,0.));
#7341=CARTESIAN_POINT('',(-68.9592921435211,-4.01794919243126,6.27820079140198));
#7342=CARTESIAN_POINT('',(-50.5048094716168,-2.01794919243121,0.));
#7343=CARTESIAN_POINT('',(-53.5048094716167,-7.21410161513773,0.));
#7344=CARTESIAN_POINT('',(-50.5048094716168,-2.01794919243121,2.));
#7345=CARTESIAN_POINT('',(-53.5048094716167,-7.21410161513773,2.));
#7346=CARTESIAN_POINT('',(-50.5048094716168,-2.01794919243121,0.));
#7347=CARTESIAN_POINT('',(-50.5048094716168,-2.01794919243121,2.));
#7348=CARTESIAN_POINT('',(-53.5048094716167,-7.21410161513773,2.));
#7349=CARTESIAN_POINT('',(-52.6387840678323,-7.71410161513769,2.));
#7350=CARTESIAN_POINT('',(-48.7727586640478,-3.01794919243088,6.27820079140198));
#7351=CARTESIAN_POINT('',(-51.7727586640479,-8.21410161513769,6.27820079140198));
#7352=CARTESIAN_POINT('',(-51.7727586640479,-8.21410161513769,6.27820079140198));
#7353=CARTESIAN_POINT('',(-50.0407078564789,-9.21410161513777,6.27820079140198));
#7354=CARTESIAN_POINT('',(-43.692594108524,-5.95098356609015,6.27820079140198));
#7355=CARTESIAN_POINT('',(-48.7727586640478,-3.01794919243088,6.27820079140198));
#7356=CARTESIAN_POINT('',(-51.7727586640479,-8.21410161513769,6.27820079140198));
#7357=CARTESIAN_POINT('',(-51.7727586640479,-8.21410161513769,3.));
#7358=CARTESIAN_POINT('',(-43.692594108524,-5.95098356609015,6.27820079140198));
#7359=CARTESIAN_POINT('',(-43.692594108524,-5.95098356609021,0.5));
#7360=CARTESIAN_POINT('',(-43.692594108524,-5.95098356609015,1.33226762955019E-15));
#7361=CARTESIAN_POINT('',(-50.5048094716168,-2.01794919243121,0.));
#7362=CARTESIAN_POINT('',(-49.6387840678324,-2.51794919243111,2.));
#7363=CARTESIAN_POINT('',(-50.5048094716168,-2.01794919243121,2.));
#7364=CARTESIAN_POINT('',(-48.7727586640479,-3.01794919243108,3.));
#7365=CARTESIAN_POINT('',(-48.7727586640478,-3.01794919243088,6.27820079140198));
#7366=CARTESIAN_POINT('',(-49.6387840678324,-2.51794919243111,2.));
#7367=CARTESIAN_POINT('',(-52.6387840678323,-7.71410161513769,2.));
#7368=CARTESIAN_POINT('',(-48.7727586640479,-3.01794919243108,3.));
#7369=CARTESIAN_POINT('',(-51.7727586640479,-8.21410161513769,3.));
#7370=CARTESIAN_POINT('',(-51.7727586640479,-8.21410161513769,3.));
#7371=CARTESIAN_POINT('',(-52.6387840678323,-7.71410161513769,2.));
#7372=CARTESIAN_POINT('',(-49.6387840678324,-2.51794919243111,2.));
#7373=CARTESIAN_POINT('',(-48.7727586640479,-3.01794919243108,3.));
#7374=CARTESIAN_POINT('',(-50.0407078564789,-9.21410161513777,6.27820079140198));
#7375=CARTESIAN_POINT('',(-49.0407078564788,-7.48205080756882,6.27820079140198));
#7376=CARTESIAN_POINT('',(-49.0407078564788,-7.48205080756882,6.27820079140198));
#7377=CARTESIAN_POINT('',(-45.692594108524,-9.41508518122802,6.27820079140198));
#7378=CARTESIAN_POINT('',(-50.0407078564789,-9.21410161513777,5.60782460478196E-16));
#7379=CARTESIAN_POINT('',(-49.0407078564788,-7.48205080756882,0.));
#7380=CARTESIAN_POINT('',(-49.0407078564788,-7.48205080756882,0.));
#7381=CARTESIAN_POINT('',(-45.692594108524,-9.41508518122802,9.15933995315754E-16));
#7382=CARTESIAN_POINT('',(-45.692594108524,-9.41508518122802,6.27820079140198));
#7383=CARTESIAN_POINT('',(-43.692594108524,-5.95098356609015,6.27820079140198));
#7384=CARTESIAN_POINT('',(-49.0407078564788,-7.48205080756882,0.));
#7385=CARTESIAN_POINT('',(-49.0407078564788,-7.48205080756882,6.27820079140198));
#7386=CARTESIAN_POINT('',(-72.3074058914759,-5.95098356609044,0.500000000000001));
#7387=CARTESIAN_POINT('',(-72.3074058914759,-5.95098356609046,6.27820079140198));
#7388=CARTESIAN_POINT('',(-45.6925941085241,-9.41508518122803,0.5));
#7389=CARTESIAN_POINT('',(-45.692594108524,-9.41508518122802,6.27820079140198));
#7390=CARTESIAN_POINT('',(-72.7404185933682,-6.20098356609045,0.));
#7391=CARTESIAN_POINT('',(-72.3074058914759,-5.95098356609044,9.15933995315754E-16));
#7392=CARTESIAN_POINT('',(-70.7404185933682,-9.66508518122819,0.));
#7393=CARTESIAN_POINT('',(-70.7243810858907,-9.65582592196892,0.));
#7394=CARTESIAN_POINT('',(-70.6923060709358,-9.6373074034503,8.43404627046344E-17));
#7395=CARTESIAN_POINT('',(-70.6441935485032,-9.60952962567258,1.44271661114496E-16));
#7396=CARTESIAN_POINT('',(-70.5960810260707,-9.58175184789478,2.22703624426823E-16));
#7397=CARTESIAN_POINT('',(-70.5479685036383,-9.55397407011702,2.93712023776432E-16));
#7398=CARTESIAN_POINT('',(-70.4998559812058,-9.52619629233925,3.75913914074483E-16));
#7399=CARTESIAN_POINT('',(-70.4517434587733,-9.49841851456146,4.20765404541259E-16));
#7400=CARTESIAN_POINT('',(-70.4036309363409,-9.47064073678373,6.03825003384976E-16));
#7401=CARTESIAN_POINT('',(-70.3555184139084,-9.44286295900585,2.71402568552033E-16));
#7402=CARTESIAN_POINT('',(-70.3234433989533,-9.42434444048758,1.33226762955019E-15));
#7403=CARTESIAN_POINT('',(-70.3074058914758,-9.41508518122832,1.33226762955019E-15));
#7404=CARTESIAN_POINT('',(-45.2595814066318,-9.66508518122803,0.));
#7405=CARTESIAN_POINT('',(-45.692594108524,-9.41508518122802,9.15933995315754E-16));
#7406=CARTESIAN_POINT('',(-43.2595814066318,-6.20098356609031,0.));
#7407=CARTESIAN_POINT('',(-43.2756189141093,-6.19172430683104,0.));
#7408=CARTESIAN_POINT('',(-43.3076939290644,-6.1732057883126,8.60783950660888E-17));
#7409=CARTESIAN_POINT('',(-43.3558064514968,-6.1454280105348,1.45127791753393E-16));
#7410=CARTESIAN_POINT('',(-43.4039189739293,-6.11765023275701,2.23612701675706E-16));
#7411=CARTESIAN_POINT('',(-43.4520314963618,-6.08987245497922,2.94423754569936E-16));
#7412=CARTESIAN_POINT('',(-43.5001440187942,-6.06209467720144,3.7649472234152E-16));
#7413=CARTESIAN_POINT('',(-43.5482565412267,-6.03431689942366,4.21199887631563E-16));
#7414=CARTESIAN_POINT('',(-43.5963690636592,-6.00653912164584,6.04108347970618E-16));
#7415=CARTESIAN_POINT('',(-43.6444815860916,-5.97876134386817,2.71569430595091E-16));
#7416=CARTESIAN_POINT('',(-43.6765566010465,-5.96024282534941,1.33226762955019E-15));
#7417=CARTESIAN_POINT('',(-43.692594108524,-5.95098356609015,1.33226762955019E-15));
#7418=CARTESIAN_POINT('',(-72.3074058914759,-5.95098356609044,0.500000000000001));
#7419=CARTESIAN_POINT('',(-70.3074058914758,-9.41508518122826,0.5));
#7420=CARTESIAN_POINT('',(-45.6925941085241,-9.41508518122803,0.5));
#7421=CARTESIAN_POINT('',(-43.692594108524,-5.95098356609021,0.5));
#7422=CARTESIAN_POINT('',(-72.3074058914759,-5.95098356609044,0.500000000000001));
#7423=CARTESIAN_POINT('',(-72.3074058914758,-5.95098356609069,-7.1816877139065E-15));
#7424=CARTESIAN_POINT('',(-72.7404185933682,-6.20098356609045,0.));
#7425=CARTESIAN_POINT('',(-70.3074058914758,-9.41508518122826,0.5));
#7426=CARTESIAN_POINT('',(-70.3074058914758,-9.41508518122848,-1.02570182654729E-14));
#7427=CARTESIAN_POINT('',(-70.7404185933682,-9.66508518122819,0.));
#7428=CARTESIAN_POINT('',(-72.7404185933682,-6.20098356609045,0.));
#7429=CARTESIAN_POINT('',(-70.7404185933682,-9.66508518122819,0.));
#7430=CARTESIAN_POINT('',(-45.6925941085241,-9.41508518122803,0.5));
#7431=CARTESIAN_POINT('',(-45.6925941085237,-9.41508518122759,1.43501716041292E-14));
#7432=CARTESIAN_POINT('',(-45.2595814066318,-9.66508518122803,0.));
#7433=CARTESIAN_POINT('',(-43.692594108524,-5.95098356609021,0.5));
#7434=CARTESIAN_POINT('',(-43.6925941085237,-5.95098356608982,1.54423327993924E-14));
#7435=CARTESIAN_POINT('',(-43.2595814066318,-6.20098356609031,0.));
#7436=CARTESIAN_POINT('',(-45.2595814066318,-9.66508518122803,0.));
#7437=CARTESIAN_POINT('',(-43.2595814066318,-6.20098356609031,0.));
#7438=CARTESIAN_POINT('',(-56.0000000000001,15.3660687473185,0.5));
#7439=CARTESIAN_POINT('',(-56.0000000000001,15.3660687473185,6.27820079140198));
#7440=CARTESIAN_POINT('',(-66.4951905283833,-0.285898384862269,0.5));
#7441=CARTESIAN_POINT('',(-66.4951905283833,-0.285898384862264,2.));
#7442=CARTESIAN_POINT('',(-69.9592921435211,-2.28589838486231,0.5));
#7443=CARTESIAN_POINT('',(-69.9592921435211,-2.2858983848623,6.27820079140198));
#7444=CARTESIAN_POINT('',(-53.5048094716167,-7.21410161513773,0.5));
#7445=CARTESIAN_POINT('',(-53.5048094716167,-7.21410161513773,2.));
#7446=CARTESIAN_POINT('',(-50.0407078564789,-9.21410161513777,0.5));
#7447=CARTESIAN_POINT('',(-50.0407078564789,-9.21410161513777,6.27820079140198));
#7448=CARTESIAN_POINT('',(-56.0000000000002,15.8660687473185,0.));
#7449=CARTESIAN_POINT('',(-56.0000000000001,15.3660687473185,9.15933995315754E-16));
#7450=CARTESIAN_POINT('',(-60.0000000000001,15.8660687473185,0.));
#7451=CARTESIAN_POINT('',(-60.0000000000001,15.8475502288,0.));
#7452=CARTESIAN_POINT('',(-60.,15.8105131917629,8.54990842789414E-17));
#7453=CARTESIAN_POINT('',(-60.0000000000001,15.7549576362074,1.44842414873773E-16));
#7454=CARTESIAN_POINT('',(-60.0000000000001,15.6994020806518,2.23309675926088E-16));
#7455=CARTESIAN_POINT('',(-60.0000000000001,15.6438465250963,2.94186510972074E-16));
#7456=CARTESIAN_POINT('',(-60.0000000000001,15.5882909695407,3.76301119585863E-16));
#7457=CARTESIAN_POINT('',(-60.0000000000001,15.5327354139851,4.21055059934785E-16));
#7458=CARTESIAN_POINT('',(-60.0000000000001,15.4771798584296,6.04013899775363E-16));
#7459=CARTESIAN_POINT('',(-60.,15.421624302874,2.71513809914198E-16));
#7460=CARTESIAN_POINT('',(-60.0000000000003,15.384587265837,1.33226762955019E-15));
#7461=CARTESIAN_POINT('',(-60.0000000000003,15.3660687473185,1.33226762955019E-15));
#7462=CARTESIAN_POINT('',(-66.4951905283833,-0.285898384862264,0.));
#7463=CARTESIAN_POINT('',(-66.5044497876426,-0.269860877384772,0.));
#7464=CARTESIAN_POINT('',(-66.5229683061611,-0.237785862429808,0.));
#7465=CARTESIAN_POINT('',(-66.5507460839388,-0.189673339997327,0.));
#7466=CARTESIAN_POINT('',(-66.5785238617167,-0.141560817564861,0.));
#7467=CARTESIAN_POINT('',(-66.6063016394944,-0.0934482951323923,0.));
#7468=CARTESIAN_POINT('',(-66.6340794172722,-0.0453357726999231,0.));
#7469=CARTESIAN_POINT('',(-66.66185719505,0.00277674973254369,0.));
#7470=CARTESIAN_POINT('',(-66.6896349728277,0.0508892721650224,0.));
#7471=CARTESIAN_POINT('',(-66.7174127506056,0.0990017945974611,0.));
#7472=CARTESIAN_POINT('',(-66.735931269124,0.131076809552459,0.));
#7473=CARTESIAN_POINT('',(-66.7451905283833,0.147114317029941,0.));
#7474=CARTESIAN_POINT('',(-69.9592921435211,-2.2858983848623,5.60782460478196E-16));
#7475=CARTESIAN_POINT('',(-70.2092921435211,-1.8528856829701,0.));
#7476=CARTESIAN_POINT('',(-53.5048094716167,-7.21410161513773,0.));
#7477=CARTESIAN_POINT('',(-53.514068730876,-7.23013912261522,0.));
#7478=CARTESIAN_POINT('',(-53.5325872493945,-7.26221413757019,-5.56206811880633E-20));
#7479=CARTESIAN_POINT('',(-53.5603650271723,-7.31032666000266,-9.44481951712531E-20));
#7480=CARTESIAN_POINT('',(-53.58814280495,-7.35843918243513,-1.44827696785831E-19));
#7481=CARTESIAN_POINT('',(-53.6159205827278,-7.40655170486761,-1.93602755673832E-19));
#7482=CARTESIAN_POINT('',(-53.6436983605057,-7.45466422730006,-2.37243597836752E-19));
#7483=CARTESIAN_POINT('',(-53.6714761382834,-7.50277674973254,-3.03025749626477E-19));
#7484=CARTESIAN_POINT('',(-53.6992539160611,-7.55088927216502,-2.85376879634134E-19));
#7485=CARTESIAN_POINT('',(-53.727031693839,-7.59900179459747,-5.79310787143347E-19));
#7486=CARTESIAN_POINT('',(-53.7455502123575,-7.63107680955246,0.));
#7487=CARTESIAN_POINT('',(-53.7548094716167,-7.64711431702995,0.));
#7488=CARTESIAN_POINT('',(-50.0407078564789,-9.21410161513777,5.60782460478196E-16));
#7489=CARTESIAN_POINT('',(-50.2907078564789,-9.64711431702999,0.));
#7490=CARTESIAN_POINT('',(-56.0000000000001,15.3660687473185,0.5));
#7491=CARTESIAN_POINT('',(-60.0000000000002,15.3660687473185,0.5));
#7492=CARTESIAN_POINT('',(-69.9592921435211,-2.28589838486231,0.5));
#7493=CARTESIAN_POINT('',(-66.4951905283833,-0.285898384862269,0.5));
#7494=CARTESIAN_POINT('',(-50.0407078564789,-9.21410161513777,0.5));
#7495=CARTESIAN_POINT('',(-53.5048094716167,-7.21410161513773,0.5));
#7496=CARTESIAN_POINT('',(-56.0000000000001,15.3660687473185,0.5));
#7497=CARTESIAN_POINT('',(-56.0000000000002,15.3660687473185,7.66276642369266E-16));
#7498=CARTESIAN_POINT('',(-56.0000000000002,15.8660687473185,0.));
#7499=CARTESIAN_POINT('',(-60.0000000000002,15.3660687473185,0.5));
#7500=CARTESIAN_POINT('',(-60.0000000000002,15.3660687473185,1.0413022131431E-15));
#7501=CARTESIAN_POINT('',(-60.0000000000001,15.8660687473185,0.));
#7502=CARTESIAN_POINT('',(-56.0000000000002,15.8660687473185,0.));
#7503=CARTESIAN_POINT('',(-60.0000000000001,15.8660687473185,0.));
#7504=CARTESIAN_POINT('',(-66.7451905283833,0.147114317029941,0.));
#7505=CARTESIAN_POINT('',(-66.4951905283836,-0.28589838486247,-3.25920603633878E-15));
#7506=CARTESIAN_POINT('',(-66.4951905283833,-0.285898384862269,0.5));
#7507=CARTESIAN_POINT('',(-70.2092921435211,-1.8528856829701,0.));
#7508=CARTESIAN_POINT('',(-66.7451905283833,0.147114317029941,0.));
#7509=CARTESIAN_POINT('',(-70.2092921435211,-1.8528856829701,0.));
#7510=CARTESIAN_POINT('',(-69.9592921435214,-2.2858983848625,-1.90580144082999E-15));
#7511=CARTESIAN_POINT('',(-69.9592921435211,-2.28589838486231,0.5));
#7512=CARTESIAN_POINT('',(-53.7548094716167,-7.64711431702995,0.));
#7513=CARTESIAN_POINT('',(-53.5048094716172,-7.21410161513746,3.37660761976328E-16));
#7514=CARTESIAN_POINT('',(-53.5048094716167,-7.21410161513773,0.5));
#7515=CARTESIAN_POINT('',(-50.2907078564789,-9.64711431702999,0.));
#7516=CARTESIAN_POINT('',(-53.7548094716167,-7.64711431702995,0.));
#7517=CARTESIAN_POINT('',(-50.2907078564789,-9.64711431702999,0.));
#7518=CARTESIAN_POINT('',(-50.0407078564794,-9.21410161513749,-2.64681250659618E-15));
#7519=CARTESIAN_POINT('',(-50.0407078564789,-9.21410161513777,0.5));
#7520=CARTESIAN_POINT('',(-54.0000000000001,7.5,0.5));
#7521=CARTESIAN_POINT('',(-54.0000000000001,7.5,2.));
#7522=CARTESIAN_POINT('',(-54.0000000000001,11.5000000000001,0.5));
#7523=CARTESIAN_POINT('',(-54.0000000000001,11.5000000000001,6.27820079140198));
#7524=CARTESIAN_POINT('',(-54.0000000000001,7.5,0.));
#7525=CARTESIAN_POINT('',(-53.9814814814815,7.5,0.));
#7526=CARTESIAN_POINT('',(-53.9444444444445,7.50000000000001,0.));
#7527=CARTESIAN_POINT('',(-53.888888888889,7.5,0.));
#7528=CARTESIAN_POINT('',(-53.8333333333334,7.5,0.));
#7529=CARTESIAN_POINT('',(-53.7777777777779,7.5,0.));
#7530=CARTESIAN_POINT('',(-53.7222222222223,7.5,0.));
#7531=CARTESIAN_POINT('',(-53.6666666666667,7.5,0.));
#7532=CARTESIAN_POINT('',(-53.6111111111112,7.5,0.));
#7533=CARTESIAN_POINT('',(-53.5555555555556,7.5,0.));
#7534=CARTESIAN_POINT('',(-53.5185185185186,7.49999999999999,0.));
#7535=CARTESIAN_POINT('',(-53.5000000000001,7.49999999999999,0.));
#7536=CARTESIAN_POINT('',(-54.0000000000001,11.5000000000001,5.60782460478196E-16));
#7537=CARTESIAN_POINT('',(-53.5,11.5000000000001,0.));
#7538=CARTESIAN_POINT('',(-54.0000000000001,11.5000000000001,0.5));
#7539=CARTESIAN_POINT('',(-54.0000000000001,7.5,0.5));
#7540=CARTESIAN_POINT('',(-53.5000000000001,7.49999999999999,0.));
#7541=CARTESIAN_POINT('',(-54.,7.50000000000114,5.95658048860061E-15));
#7542=CARTESIAN_POINT('',(-54.0000000000001,7.5,0.5));
#7543=CARTESIAN_POINT('',(-53.5,11.5000000000001,0.));
#7544=CARTESIAN_POINT('',(-53.5000000000001,7.49999999999999,0.));
#7545=CARTESIAN_POINT('',(-53.5,11.5000000000001,0.));
#7546=CARTESIAN_POINT('',(-54.,11.5000000000012,9.1393005864663E-15));
#7547=CARTESIAN_POINT('',(-54.0000000000001,11.5000000000001,0.5));
#7548=CARTESIAN_POINT('',(0.,0.,0.));
ENDSEC;
END-ISO-10303-21;
